version 1
nodes
0 "1efc_stn06_trall" -1
1 "1efc_stn06_00" 0
2 "1efc_stn06_01" 0
3 "1efc_stn06_02" 0
4 "1efc_stn06_03" 0
end
skeleton
time 0
0 0.000000 0.000000 0.000000 0.000000 -0.000000 0.000000
1 8.354891 -5.163270 -5.399675 0.000000 -0.000000 0.000000
2 -6.463760 -4.809257 2.217370 0.000000 -0.000000 0.000000
3 -2.447804 17.498934 0.656080 0.000000 -0.000000 0.000000
4 3.393286 -19.636728 -1.716327 0.000000 -0.000000 0.000000
end
triangles
1efc_stn06_body_mesh1
1 6.037525 21.844807 -8.596476 0.927267 0.298694 -0.225737 0.686035 0.088867 1 1 1.000000
1 6.575170 20.153503 -1.982800 0.973055 0.172801 -0.152655 0.674805 0.112793 1 1 1.000000
1 6.837367 18.791008 -8.775640 0.970284 0.138285 -0.198558 0.659668 0.079590 1 1 1.000000
1efc_stn06_body_mesh1
1 6.575170 20.153503 -1.982800 0.973055 0.172801 -0.152655 0.674805 0.112793 1 1 1.000000
1 7.173271 19.411121 1.515253 0.977542 0.180431 -0.108883 0.664062 0.124512 1 1 1.000000
1 6.837367 18.791008 -8.775640 0.970284 0.138285 -0.198558 0.659668 0.079590 1 1 1.000000
1efc_stn06_body_mesh1
1 6.837367 18.791008 -8.775640 0.970284 0.138285 -0.198558 0.659668 0.079590 1 1 1.000000
1 7.173271 19.411121 1.515253 0.977542 0.180431 -0.108883 0.664062 0.124512 1 1 1.000000
1 6.717668 14.971697 -9.212730 0.983676 0.066567 -0.167181 0.619629 0.061035 1 1 1.000000
1efc_stn06_body_mesh1
1 7.173271 19.411121 1.515253 0.977542 0.180431 -0.108883 0.664062 0.124512 1 1 1.000000
1 7.230835 18.702656 4.010138 0.981478 0.174523 -0.079012 0.656250 0.131836 1 1 1.000000
1 6.717668 14.971697 -9.212730 0.983676 0.066567 -0.167181 0.619629 0.061035 1 1 1.000000
1efc_stn06_body_mesh1
1 6.717668 14.971697 -9.212730 0.983676 0.066567 -0.167181 0.619629 0.061035 1 1 1.000000
1 7.230835 18.702656 4.010138 0.981478 0.174523 -0.079012 0.656250 0.131836 1 1 1.000000
1 7.331141 15.063920 11.200108 0.992403 0.000000 0.123025 0.608887 0.157227 1 1 1.000000
1efc_stn06_body_mesh1
1 7.230835 18.702656 4.010138 0.981478 0.174523 -0.079012 0.656250 0.131836 1 1 1.000000
1 7.352432 17.046253 9.821878 0.994937 0.087739 0.049020 0.633301 0.155273 1 1 1.000000
1 7.331141 15.063920 11.200108 0.992403 0.000000 0.123025 0.608887 0.157227 1 1 1.000000
1efc_stn06_body_mesh1
1 -5.226446 16.954214 -10.536810 -0.006056 0.038147 -0.999254 0.587891 0.847900 1 1 1.000000
1 -4.992253 17.066967 -10.533974 -0.006485 0.037194 -0.999287 0.589355 0.850220 1 1 1.000000
1 -6.722117 13.576902 -10.558331 -0.004673 0.060751 -0.998142 0.551758 0.832031 1 1 1.000000
1efc_stn06_body_mesh1
1 -4.992253 17.066967 -10.533974 -0.006485 0.037194 -0.999287 0.589355 0.850220 1 1 1.000000
1 -2.118381 12.511158 -10.506787 -0.014925 0.060940 -0.998030 0.552734 0.875183 1 1 1.000000
1 -6.722117 13.576902 -10.558331 -0.004673 0.060751 -0.998142 0.551758 0.832031 1 1 1.000000
1efc_stn06_body_mesh1
1 -6.722117 13.576902 -10.558331 -0.004673 0.060751 -0.998142 0.551758 0.832031 1 1 1.000000
1 -2.118381 12.511158 -10.506787 -0.014925 0.060940 -0.998030 0.552734 0.875183 1 1 1.000000
1 -9.096950 9.299061 -11.365539 -0.008106 0.052927 -0.998565 0.491943 0.807739 1 1 1.000000
1efc_stn06_body_mesh1
1 -2.118381 12.511158 -10.506787 -0.014925 0.060940 -0.998030 0.552734 0.875183 1 1 1.000000
1 7.054816 0.785974 -11.321015 0.594233 -0.099396 -0.798128 0.450684 0.949951 1 1 1.000000
1 -9.096950 9.299061 -11.365539 -0.008106 0.052927 -0.998565 0.491943 0.807739 1 1 1.000000
1efc_stn06_body_mesh1
1 -9.096950 9.299061 -11.365539 -0.008106 0.052927 -0.998565 0.491943 0.807739 1 1 1.000000
1 7.054816 0.785974 -11.321015 0.594233 -0.099396 -0.798128 0.450684 0.949951 1 1 1.000000
1 -10.465468 6.746260 -11.768230 0.069334 0.031472 -0.997097 0.458008 0.792725 1 1 1.000000
1efc_stn06_body_mesh1
1 7.054816 0.785974 -11.321015 0.594233 -0.099396 -0.798128 0.450684 0.949951 1 1 1.000000
1 -10.812728 5.851873 -11.694648 0.061133 0.026656 -0.997774 0.450684 0.786499 1 1 1.000000
1 -10.465468 6.746260 -11.768230 0.069334 0.031472 -0.997097 0.458008 0.792725 1 1 1.000000
1efc_stn06_body_mesh1
1 -4.992253 17.066967 -10.533974 -0.006485 0.037194 -0.999287 0.589355 0.850220 1 1 1.000000
1 1.075500 20.002724 -10.509409 -0.045836 0.023079 -0.998682 0.627930 0.894348 1 1 1.000000
1 -2.118381 12.511158 -10.506787 -0.014925 0.060940 -0.998030 0.552734 0.875183 1 1 1.000000
1efc_stn06_body_mesh1
1 1.075500 20.002724 -10.509409 -0.045836 0.023079 -0.998682 0.627930 0.894348 1 1 1.000000
1 5.836850 19.028740 -10.943398 0.532419 0.142283 -0.834437 0.623535 0.930298 1 1 1.000000
1 -2.118381 12.511158 -10.506787 -0.014925 0.060940 -0.998030 0.552734 0.875183 1 1 1.000000
1efc_stn06_body_mesh1
1 -2.118381 12.511158 -10.506787 -0.014925 0.060940 -0.998030 0.552734 0.875183 1 1 1.000000
1 5.836850 19.028740 -10.943398 0.532419 0.142283 -0.834437 0.623535 0.930298 1 1 1.000000
1 6.208253 14.629879 -11.413220 0.540544 0.098610 -0.835517 0.570801 0.947113 1 1 1.000000
1efc_stn06_body_mesh1
1 5.836850 19.028740 -10.943398 0.532419 0.142283 -0.834437 0.623535 0.930298 1 1 1.000000
1 6.837367 18.791008 -8.775640 0.970284 0.138285 -0.198558 0.621582 0.941223 1 1 1.000000
1 6.208253 14.629879 -11.413220 0.540544 0.098610 -0.835517 0.570801 0.947113 1 1 1.000000
1efc_stn06_body_mesh1
1 6.208253 14.629879 -11.413220 0.540544 0.098610 -0.835517 0.570801 0.947113 1 1 1.000000
1 6.837367 18.791008 -8.775640 0.970284 0.138285 -0.198558 0.621582 0.941223 1 1 1.000000
1 6.717668 14.971697 -9.212730 0.983676 0.066567 -0.167181 0.572754 0.954407 1 1 1.000000
1efc_stn06_body_mesh1
1 5.091188 -13.354606 -8.221487 0.776301 -0.576980 -0.253871 0.325195 0.887573 1 1 1.000000
1 3.892876 -13.480765 -10.377415 0.486377 -0.467971 -0.737862 0.320801 0.877380 1 1 1.000000
1 6.209212 -7.638067 -8.335253 0.955749 -0.195175 -0.220114 0.386475 0.913635 1 1 1.000000
1efc_stn06_body_mesh1
1 3.892876 -13.480765 -10.377415 0.486377 -0.467971 -0.737862 0.320801 0.877380 1 1 1.000000
1 3.818090 -13.492499 -10.552029 0.447015 -0.456719 -0.769146 0.320557 0.876709 1 1 1.000000
1 6.209212 -7.638067 -8.335253 0.955749 -0.195175 -0.220114 0.386475 0.913635 1 1 1.000000
1efc_stn06_body_mesh1
1 6.209212 -7.638067 -8.335253 0.955749 -0.195175 -0.220114 0.386475 0.913635 1 1 1.000000
1 3.818090 -13.492499 -10.552029 0.447015 -0.456719 -0.769146 0.320557 0.876709 1 1 1.000000
1 5.283126 -7.554680 -10.638005 0.563368 -0.149818 -0.812509 0.385986 0.906006 1 1 1.000000
1efc_stn06_body_mesh1
1 3.818090 -13.492499 -10.552029 0.447015 -0.456719 -0.769146 0.320557 0.876709 1 1 1.000000
1 -10.408256 -4.978821 -11.668027 0.000000 -0.035715 -0.999362 0.335205 0.789551 1 1 1.000000
1 5.283126 -7.554680 -10.638005 0.563368 -0.149818 -0.812509 0.385986 0.906006 1 1 1.000000
1efc_stn06_body_mesh1
1 5.283126 -7.554680 -10.638005 0.563368 -0.149818 -0.812509 0.385986 0.906006 1 1 1.000000
1 -10.408256 -4.978821 -11.668027 0.000000 -0.035715 -0.999362 0.335205 0.789551 1 1 1.000000
1 -12.016152 3.220988 -11.773625 -0.002766 0.019407 -0.999808 0.416260 0.777588 1 1 1.000000
1efc_stn06_body_mesh1
1 -10.408256 -4.978821 -11.668027 0.000000 -0.035715 -0.999362 0.335205 0.789551 1 1 1.000000
1 -14.556942 -3.081609 -11.407266 -0.152011 -0.049971 -0.987115 0.338135 0.760010 1 1 1.000000
1 -12.016152 3.220988 -11.773625 -0.002766 0.019407 -0.999808 0.416260 0.777588 1 1 1.000000
1efc_stn06_body_mesh1
1 6.209212 -7.638067 -8.335253 0.955749 -0.195175 -0.220114 0.386475 0.913635 1 1 1.000000
1 5.283126 -7.554680 -10.638005 0.563368 -0.149818 -0.812509 0.385986 0.906006 1 1 1.000000
1 7.821054 0.742277 -9.088408 0.979912 -0.098551 -0.173380 0.449463 0.958923 1 1 1.000000
1efc_stn06_body_mesh1
1 5.283126 -7.554680 -10.638005 0.563368 -0.149818 -0.812509 0.385986 0.906006 1 1 1.000000
1 7.054816 0.785974 -11.321015 0.594233 -0.099396 -0.798128 0.450684 0.949951 1 1 1.000000
1 7.821054 0.742277 -9.088408 0.979912 -0.098551 -0.173380 0.449463 0.958923 1 1 1.000000
1efc_stn06_body_mesh1
1 7.821054 0.742277 -9.088408 0.979912 -0.098551 -0.173380 0.449463 0.958923 1 1 1.000000
1 7.054816 0.785974 -11.321015 0.594233 -0.099396 -0.798128 0.450684 0.949951 1 1 1.000000
1 7.289758 7.732793 -11.822444 0.569832 0.029660 -0.821226 0.511230 0.961639 1 1 1.000000
1efc_stn06_body_mesh1
1 7.054816 0.785974 -11.321015 0.594233 -0.099396 -0.798128 0.450684 0.949951 1 1 1.000000
1 -2.118381 12.511158 -10.506787 -0.014925 0.060940 -0.998030 0.552734 0.875183 1 1 1.000000
1 7.289758 7.732793 -11.822444 0.569832 0.029660 -0.821226 0.511230 0.961639 1 1 1.000000
1efc_stn06_body_mesh1
1 7.289758 7.732793 -11.822444 0.569832 0.029660 -0.821226 0.511230 0.961639 1 1 1.000000
1 -2.118381 12.511158 -10.506787 -0.014925 0.060940 -0.998030 0.552734 0.875183 1 1 1.000000
1 6.435145 12.317633 -11.548282 0.548513 0.123693 -0.826942 0.552246 0.960175 1 1 1.000000
1efc_stn06_body_mesh1
1 -2.118381 12.511158 -10.506787 -0.014925 0.060940 -0.998030 0.552734 0.875183 1 1 1.000000
1 6.208253 14.629879 -11.413220 0.540544 0.098610 -0.835517 0.570801 0.947113 1 1 1.000000
1 6.435145 12.317633 -11.548282 0.548513 0.123693 -0.826942 0.552246 0.960175 1 1 1.000000
1efc_stn06_body_mesh1
1 6.435145 12.317633 -11.548282 0.548513 0.123693 -0.826942 0.552246 0.960175 1 1 1.000000
1 6.208253 14.629879 -11.413220 0.540544 0.098610 -0.835517 0.570801 0.947113 1 1 1.000000
1 6.717668 14.971697 -9.212730 0.983676 0.066567 -0.167181 0.572754 0.954407 1 1 1.000000
1efc_stn06_body_mesh1
1 6.717668 14.971697 -9.212730 0.983676 0.066567 -0.167181 0.572754 0.954407 1 1 1.000000
1 7.012830 12.467701 -9.372315 0.978790 0.152109 -0.137232 0.552246 0.969421 1 1 1.000000
1 6.435145 12.317633 -11.548282 0.548513 0.123693 -0.826942 0.552246 0.960175 1 1 1.000000
1efc_stn06_body_mesh1
1 7.012830 12.467701 -9.372315 0.978790 0.152109 -0.137232 0.552246 0.969421 1 1 1.000000
1 7.289758 7.732793 -11.822444 0.569832 0.029660 -0.821226 0.511230 0.961639 1 1 1.000000
1 6.435145 12.317633 -11.548282 0.548513 0.123693 -0.826942 0.552246 0.960175 1 1 1.000000
1efc_stn06_body_mesh1
1 7.012830 12.467701 -9.372315 0.978790 0.152109 -0.137232 0.552246 0.969421 1 1 1.000000
1 7.693350 7.699303 -9.617122 0.985741 0.088598 -0.143055 0.509766 0.968750 1 1 1.000000
1 7.289758 7.732793 -11.822444 0.569832 0.029660 -0.821226 0.511230 0.961639 1 1 1.000000
1efc_stn06_body_mesh1
1 7.693350 7.699303 -9.617122 0.985741 0.088598 -0.143055 0.509766 0.968750 1 1 1.000000
1 7.821054 0.742277 -9.088408 0.979912 -0.098551 -0.173380 0.449463 0.958923 1 1 1.000000
1 7.289758 7.732793 -11.822444 0.569832 0.029660 -0.821226 0.511230 0.961639 1 1 1.000000
1efc_stn06_body_mesh1
1 2.929238 -10.285044 22.118843 0.152091 -0.094512 0.983837 0.382080 0.275391 1 1 1.000000
1 6.756579 -10.500246 22.587360 0.330749 -0.040628 0.942844 0.392334 0.238770 1 1 1.000000
1 4.104734 -7.623700 22.130764 0.226201 -0.009012 0.974039 0.410889 0.258789 1 1 1.000000
1efc_stn06_body_mesh1
1 6.756579 -10.500246 22.587360 0.330749 -0.040628 0.942844 0.392334 0.238770 1 1 1.000000
1 7.044923 -9.577927 22.577244 0.349295 -0.013161 0.936920 0.401855 0.233887 1 1 1.000000
1 4.104734 -7.623700 22.130764 0.226201 -0.009012 0.974039 0.410889 0.258789 1 1 1.000000
1efc_stn06_body_mesh1
1 4.104734 -7.623700 22.130764 0.226201 -0.009012 0.974039 0.410889 0.258789 1 1 1.000000
1 7.044923 -9.577927 22.577244 0.349295 -0.013161 0.936920 0.401855 0.233887 1 1 1.000000
1 7.048434 -5.987984 22.556488 0.320557 0.013827 0.947128 0.421631 0.223633 1 1 1.000000
1efc_stn06_body_mesh1
1 7.044923 -9.577927 22.577244 0.349295 -0.013161 0.936920 0.401855 0.233887 1 1 1.000000
1 7.716577 -10.631927 21.898197 0.888187 -0.188452 0.419059 0.392578 0.229004 1 1 1.000000
1 7.048434 -5.987984 22.556488 0.320557 0.013827 0.947128 0.421631 0.223633 1 1 1.000000
1efc_stn06_body_mesh1
1 7.048434 -5.987984 22.556488 0.320557 0.013827 0.947128 0.421631 0.223633 1 1 1.000000
1 7.716577 -10.631927 21.898197 0.888187 -0.188452 0.419059 0.392578 0.229004 1 1 1.000000
1 7.758015 -10.638807 21.856026 0.904399 -0.195309 0.379364 0.392334 0.228516 1 1 1.000000
1efc_stn06_body_mesh1
1 7.716577 -10.631927 21.898197 0.888187 -0.188452 0.419059 0.392578 0.229004 1 1 1.000000
1 7.044923 -9.577927 22.577244 0.349295 -0.013161 0.936920 0.401855 0.233887 1 1 1.000000
1 6.871613 -10.518328 22.480870 0.409567 -0.112333 0.905338 0.392334 0.237305 1 1 1.000000
1efc_stn06_body_mesh1
1 7.044923 -9.577927 22.577244 0.349295 -0.013161 0.936920 0.401855 0.233887 1 1 1.000000
1 6.756579 -10.500246 22.587360 0.330749 -0.040628 0.942844 0.392334 0.238770 1 1 1.000000
1 6.871613 -10.518328 22.480870 0.409567 -0.112333 0.905338 0.392334 0.237305 1 1 1.000000
1efc_stn06_body_mesh1
1 -18.182777 -12.031106 -10.916249 -0.171282 -0.457196 -0.872717 0.204834 0.717041 1 1 1.000000
1 -18.094513 -11.796359 -10.940242 -0.170512 -0.444399 -0.879452 0.208496 0.718262 1 1 1.000000
1 -11.369754 -12.494039 -10.911225 0.013733 -0.466257 -0.884543 0.226562 0.767944 1 1 1.000000
1efc_stn06_body_mesh1
1 -18.094513 -11.796359 -10.940242 -0.170512 -0.444399 -0.879452 0.208496 0.718262 1 1 1.000000
1 -10.408256 -4.978821 -11.668027 0.000000 -0.035715 -0.999362 0.335205 0.789551 1 1 1.000000
1 -11.369754 -12.494039 -10.911225 0.013733 -0.466257 -0.884543 0.226562 0.767944 1 1 1.000000
1efc_stn06_body_mesh1
1 -11.369754 -12.494039 -10.911225 0.013733 -0.466257 -0.884543 0.226562 0.767944 1 1 1.000000
1 -10.408256 -4.978821 -11.668027 0.000000 -0.035715 -0.999362 0.335205 0.789551 1 1 1.000000
1 -9.215280 -12.638927 -10.894017 -0.017071 -0.438890 -0.898379 0.234985 0.797729 1 1 1.000000
1efc_stn06_body_mesh1
1 -10.408256 -4.978821 -11.668027 0.000000 -0.035715 -0.999362 0.335205 0.789551 1 1 1.000000
1 -6.423415 -12.833995 -10.947709 -0.003767 -0.503440 -0.864022 0.261475 0.823853 1 1 1.000000
1 -9.215280 -12.638927 -10.894017 -0.017071 -0.438890 -0.898379 0.234985 0.797729 1 1 1.000000
1efc_stn06_body_mesh1
1 7.054816 0.785974 -11.321015 0.594233 -0.099396 -0.798128 0.450684 0.949951 1 1 1.000000
1 5.283126 -7.554680 -10.638005 0.563368 -0.149818 -0.812509 0.385986 0.906006 1 1 1.000000
1 -10.812728 5.851873 -11.694648 0.061133 0.026656 -0.997774 0.450684 0.786499 1 1 1.000000
1efc_stn06_body_mesh1
1 5.283126 -7.554680 -10.638005 0.563368 -0.149818 -0.812509 0.385986 0.906006 1 1 1.000000
1 -12.016152 3.220988 -11.773625 -0.002766 0.019407 -0.999808 0.416260 0.777588 1 1 1.000000
1 -10.812728 5.851873 -11.694648 0.061133 0.026656 -0.997774 0.450684 0.786499 1 1 1.000000
1efc_stn06_body_mesh1
1 1.075500 20.002724 -10.509409 -0.045836 0.023079 -0.998682 0.627930 0.894348 1 1 1.000000
1 1.395489 20.164160 -10.530537 -0.018799 0.028037 -0.999430 0.629395 0.896606 1 1 1.000000
1 5.836850 19.028740 -10.943398 0.532419 0.142283 -0.834437 0.623535 0.930298 1 1 1.000000
1efc_stn06_body_mesh1
1 1.395489 20.164160 -10.530537 -0.018799 0.028037 -0.999430 0.629395 0.896606 1 1 1.000000
1 4.955534 21.968323 -10.792962 0.509588 0.229641 -0.829207 0.652344 0.919128 1 1 1.000000
1 5.836850 19.028740 -10.943398 0.532419 0.142283 -0.834437 0.623535 0.930298 1 1 1.000000
1efc_stn06_body_mesh1
1 5.836850 19.028740 -10.943398 0.532419 0.142283 -0.834437 0.623535 0.930298 1 1 1.000000
1 4.955534 21.968323 -10.792962 0.509588 0.229641 -0.829207 0.652344 0.919128 1 1 1.000000
1 5.387165 21.954174 -10.035727 0.656797 0.311662 -0.686647 0.652832 0.921814 1 1 1.000000
1efc_stn06_body_mesh1
1 7.331141 15.063920 11.200108 0.992403 0.000000 0.123025 0.608887 0.157227 1 1 1.000000
1 7.507102 13.550939 12.564106 0.956520 0.094889 0.275798 0.592285 0.160156 1 1 1.000000
1 6.717668 14.971697 -9.212730 0.983676 0.066567 -0.167181 0.619629 0.061035 1 1 1.000000
1efc_stn06_body_mesh1
1 7.507102 13.550939 12.564106 0.956520 0.094889 0.275798 0.592285 0.160156 1 1 1.000000
1 7.600374 12.915297 13.168573 0.948489 0.116064 0.294785 0.586914 0.162598 1 1 1.000000
1 6.717668 14.971697 -9.212730 0.983676 0.066567 -0.167181 0.619629 0.061035 1 1 1.000000
1efc_stn06_body_mesh1
1 6.717668 14.971697 -9.212730 0.983676 0.066567 -0.167181 0.619629 0.061035 1 1 1.000000
1 7.600374 12.915297 13.168573 0.948489 0.116064 0.294785 0.586914 0.162598 1 1 1.000000
1 7.012830 12.467701 -9.372315 0.978790 0.152109 -0.137232 0.599609 0.058594 1 1 1.000000
1efc_stn06_body_mesh1
1 7.600374 12.915297 13.168573 0.948489 0.116064 0.294785 0.586914 0.162598 1 1 1.000000
1 8.620972 10.016182 16.891900 0.945960 0.137808 0.293544 0.556152 0.175293 1 1 1.000000
1 7.012830 12.467701 -9.372315 0.978790 0.152109 -0.137232 0.599609 0.058594 1 1 1.000000
1efc_stn06_body_mesh1
1 7.012830 12.467701 -9.372315 0.978790 0.152109 -0.137232 0.599609 0.058594 1 1 1.000000
1 8.620972 10.016182 16.891900 0.945960 0.137808 0.293544 0.556152 0.175293 1 1 1.000000
1 8.724699 9.481987 17.441036 0.944309 0.130842 0.301927 0.548340 0.177734 1 1 1.000000
1efc_stn06_body_mesh1
1 7.012830 12.467701 -9.372315 0.978790 0.152109 -0.137232 0.599609 0.058594 1 1 1.000000
1 8.724699 9.481987 17.441036 0.944309 0.130842 0.301927 0.548340 0.177734 1 1 1.000000
1 7.693350 7.699303 -9.617122 0.985741 0.088598 -0.143055 0.531250 0.054199 1 1 1.000000
1efc_stn06_body_mesh1
1 8.724699 9.481987 17.441036 0.944309 0.130842 0.301927 0.548340 0.177734 1 1 1.000000
1 8.355547 1.205381 6.327688 0.996899 -0.068726 -0.038339 0.468994 0.113281 1 1 1.000000
1 7.693350 7.699303 -9.617122 0.985741 0.088598 -0.143055 0.531250 0.054199 1 1 1.000000
1efc_stn06_body_mesh1
1 7.693350 7.699303 -9.617122 0.985741 0.088598 -0.143055 0.531250 0.054199 1 1 1.000000
1 8.355547 1.205381 6.327688 0.996899 -0.068726 -0.038339 0.468994 0.113281 1 1 1.000000
1 7.821054 0.742277 -9.088408 0.979912 -0.098551 -0.173380 0.489502 0.054199 1 1 1.000000
1efc_stn06_body_mesh1
1 8.355547 1.205381 6.327688 0.996899 -0.068726 -0.038339 0.468994 0.113281 1 1 1.000000
1 6.209212 -7.638067 -8.335253 0.955749 -0.195175 -0.220114 0.350342 0.088379 1 1 1.000000
1 7.821054 0.742277 -9.088408 0.979912 -0.098551 -0.173380 0.489502 0.054199 1 1 1.000000
1efc_stn06_body_mesh1
1 8.724699 9.481987 17.441036 0.944309 0.130842 0.301927 0.548340 0.177734 1 1 1.000000
1 8.765652 8.376402 18.295479 0.950683 0.104042 0.292195 0.537598 0.179199 1 1 1.000000
1 8.355547 1.205381 6.327688 0.996899 -0.068726 -0.038339 0.468994 0.113281 1 1 1.000000
1efc_stn06_body_mesh1
1 8.765652 8.376402 18.295479 0.950683 0.104042 0.292195 0.537598 0.179199 1 1 1.000000
1 8.815172 5.261858 20.595604 0.935205 0.045635 0.351155 0.511719 0.185547 1 1 1.000000
1 8.355547 1.205381 6.327688 0.996899 -0.068726 -0.038339 0.468994 0.113281 1 1 1.000000
1efc_stn06_body_mesh1
1 8.355547 1.205381 6.327688 0.996899 -0.068726 -0.038339 0.468994 0.113281 1 1 1.000000
1 8.815172 5.261858 20.595604 0.935205 0.045635 0.351155 0.511719 0.185547 1 1 1.000000
1 8.792978 1.359134 20.702896 0.935543 -0.032556 0.351711 0.477539 0.180664 1 1 1.000000
1efc_stn06_body_mesh1
1 8.815172 5.261858 20.595604 0.935205 0.045635 0.351155 0.511719 0.185547 1 1 1.000000
1 8.543301 4.202129 20.909435 0.819084 0.028848 0.572948 0.502441 0.186523 1 1 1.000000
1 8.792978 1.359134 20.702896 0.935543 -0.032556 0.351711 0.477539 0.180664 1 1 1.000000
1efc_stn06_body_mesh1
1 8.792978 1.359134 20.702896 0.935543 -0.032556 0.351711 0.477539 0.180664 1 1 1.000000
1 8.543301 4.202129 20.909435 0.819084 0.028848 0.572948 0.502441 0.186523 1 1 1.000000
1 7.730894 1.204211 21.726933 0.460708 0.048534 0.886224 0.477539 0.189941 1 1 1.000000
1efc_stn06_body_mesh1
1 4.104734 -7.623700 22.130764 0.226201 -0.009012 0.974039 0.410889 0.258789 1 1 1.000000
1 7.048434 -5.987984 22.556488 0.320557 0.013827 0.947128 0.421631 0.223633 1 1 1.000000
1 5.156517 -5.427510 22.273323 0.247229 0.011539 0.968888 0.423584 0.241699 1 1 1.000000
1efc_stn06_body_mesh1
1 7.048434 -5.987984 22.556488 0.320557 0.013827 0.947128 0.421631 0.223633 1 1 1.000000
1 6.215047 -3.220162 22.418888 0.246128 0.018429 0.969062 0.444092 0.229980 1 1 1.000000
1 5.156517 -5.427510 22.273323 0.247229 0.011539 0.968888 0.423584 0.241699 1 1 1.000000
1efc_stn06_body_mesh1
1 6.215047 -3.220162 22.418888 0.246128 0.018429 0.969062 0.444092 0.229980 1 1 1.000000
1 7.048434 -5.987984 22.556488 0.320557 0.013827 0.947128 0.421631 0.223633 1 1 1.000000
1 7.712192 1.155403 21.731354 0.459171 0.047777 0.887062 0.477051 0.190430 1 1 1.000000
1efc_stn06_body_mesh1
1 7.048434 -5.987984 22.556488 0.320557 0.013827 0.947128 0.421631 0.223633 1 1 1.000000
1 7.728376 1.140831 21.730106 0.460837 0.047829 0.886195 0.477051 0.189941 1 1 1.000000
1 7.712192 1.155403 21.731354 0.459171 0.047777 0.887062 0.477051 0.190430 1 1 1.000000
1efc_stn06_body_mesh1
1 7.712192 1.155403 21.731354 0.459171 0.047777 0.887062 0.477051 0.190430 1 1 1.000000
1 7.728376 1.140831 21.730106 0.460837 0.047829 0.886195 0.477051 0.189941 1 1 1.000000
1 7.730894 1.204211 21.726933 0.460708 0.048534 0.886224 0.477539 0.189941 1 1 1.000000
1efc_stn06_body_mesh1
1 7.728376 1.140831 21.730106 0.460837 0.047829 0.886195 0.477051 0.189941 1 1 1.000000
1 8.792978 1.359134 20.702896 0.935543 -0.032556 0.351711 0.477539 0.180664 1 1 1.000000
1 7.730894 1.204211 21.726933 0.460708 0.048534 0.886224 0.477539 0.189941 1 1 1.000000
1efc_stn06_body_mesh1
1 -18.094513 -11.796359 -10.940242 -0.170512 -0.444399 -0.879452 0.208496 0.718262 1 1 1.000000
1 -15.305886 -4.901586 -11.326234 -0.181105 -0.041628 -0.982582 0.310059 0.746582 1 1 1.000000
1 -10.408256 -4.978821 -11.668027 0.000000 -0.035715 -0.999362 0.335205 0.789551 1 1 1.000000
1efc_stn06_body_mesh1
1 -15.305886 -4.901586 -11.326234 -0.181105 -0.041628 -0.982582 0.310059 0.746582 1 1 1.000000
1 -14.556942 -3.081609 -11.407266 -0.152011 -0.049971 -0.987115 0.338135 0.760010 1 1 1.000000
1 -10.408256 -4.978821 -11.668027 0.000000 -0.035715 -0.999362 0.335205 0.789551 1 1 1.000000
1efc_stn06_body_mesh1
1 8.815172 5.261858 20.595604 -0.797604 0.350114 0.491171 0.485352 0.519531 1 1 1.000000
1 8.765652 8.376402 18.295479 -0.797604 0.350114 0.491171 0.465820 0.501465 1 1 1.000000
1 8.543301 4.202129 20.909435 -0.797604 0.350114 0.491171 0.492676 0.521973 1 1 1.000000
1efc_stn06_body_mesh1
1 8.765652 8.376402 18.295479 -0.797604 0.350114 0.491171 0.465820 0.501465 1 1 1.000000
1 7.712192 1.155403 21.731354 -0.797624 0.350090 0.491154 0.514160 0.528564 1 1 1.000000
1 8.543301 4.202129 20.909435 -0.797604 0.350114 0.491171 0.492676 0.521973 1 1 1.000000
1efc_stn06_body_mesh1
1 8.543301 4.202129 20.909435 -0.797604 0.350114 0.491171 0.492676 0.521973 1 1 1.000000
1 7.712192 1.155403 21.731354 -0.797624 0.350090 0.491154 0.514160 0.528564 1 1 1.000000
1 7.730894 1.204211 21.726933 -0.797624 0.350090 0.491154 0.513672 0.528564 1 1 1.000000
1efc_stn06_body_mesh1
1 8.724699 9.481987 17.441036 -0.797604 0.350114 0.491171 0.458984 0.494629 1 1 1.000000
1 8.620972 10.016182 16.891900 -0.797604 0.350114 0.491171 0.455811 0.490234 1 1 1.000000
1 8.765652 8.376402 18.295479 -0.797604 0.350114 0.491171 0.465820 0.501465 1 1 1.000000
1efc_stn06_body_mesh1
1 8.620972 10.016182 16.891900 -0.797604 0.350114 0.491171 0.455811 0.490234 1 1 1.000000
1 7.600374 12.915297 13.168573 -0.797584 0.350084 0.491224 0.440430 0.460938 1 1 1.000000
1 8.765652 8.376402 18.295479 -0.797604 0.350114 0.491171 0.465820 0.501465 1 1 1.000000
1efc_stn06_body_mesh1
1 8.765652 8.376402 18.295479 -0.797604 0.350114 0.491171 0.465820 0.501465 1 1 1.000000
1 7.600374 12.915297 13.168573 -0.797584 0.350084 0.491224 0.440430 0.460938 1 1 1.000000
1 7.712192 1.155403 21.731354 -0.797624 0.350090 0.491154 0.514160 0.528564 1 1 1.000000
1efc_stn06_body_mesh1
1 7.600374 12.915297 13.168573 -0.797584 0.350084 0.491224 0.440430 0.460938 1 1 1.000000
1 -6.722117 13.576902 -10.558331 -0.004673 0.060751 -0.998142 0.475830 0.273438 1 1 1.000000
1 7.712192 1.155403 21.731354 -0.797624 0.350090 0.491154 0.514160 0.528564 1 1 1.000000
1efc_stn06_body_mesh1
1 7.712192 1.155403 21.731354 -0.797624 0.350090 0.491154 0.514160 0.528564 1 1 1.000000
1 -6.722117 13.576902 -10.558331 -0.004673 0.060751 -0.998142 0.475830 0.273438 1 1 1.000000
1 -18.094513 -11.796359 -10.940242 -0.797601 0.350071 0.491206 0.666992 0.270508 1 1 1.000000
1efc_stn06_body_mesh1
1 -6.722117 13.576902 -10.558331 -0.004673 0.060751 -0.998142 0.475830 0.273438 1 1 1.000000
1 -10.812728 5.851873 -11.694648 0.061133 0.026656 -0.997774 0.535645 0.264648 1 1 1.000000
1 -18.094513 -11.796359 -10.940242 -0.797601 0.350071 0.491206 0.666992 0.270508 1 1 1.000000
1efc_stn06_body_mesh1
1 -18.094513 -11.796359 -10.940242 -0.797601 0.350071 0.491206 0.666992 0.270508 1 1 1.000000
1 -10.812728 5.851873 -11.694648 0.061133 0.026656 -0.997774 0.535645 0.264648 1 1 1.000000
1 -14.556942 -3.081609 -11.407266 -0.152011 -0.049971 -0.987115 0.602539 0.266602 1 1 1.000000
1efc_stn06_body_mesh1
1 -10.812728 5.851873 -11.694648 0.061133 0.026656 -0.997774 0.535645 0.264648 1 1 1.000000
1 -12.016152 3.220988 -11.773625 -0.002766 0.019407 -0.999808 0.555664 0.263672 1 1 1.000000
1 -14.556942 -3.081609 -11.407266 -0.152011 -0.049971 -0.987115 0.602539 0.266602 1 1 1.000000
1efc_stn06_body_mesh1
1 7.352432 17.046253 9.821878 -0.797610 0.350001 0.491241 0.415039 0.434570 1 1 1.000000
1 -5.226446 16.954214 -10.536810 -0.797610 0.350001 0.491241 0.450439 0.273438 1 1 1.000000
1 7.331141 15.063920 11.200108 -0.797584 0.350084 0.491224 0.427734 0.445312 1 1 1.000000
1efc_stn06_body_mesh1
1 -5.226446 16.954214 -10.536810 -0.797610 0.350001 0.491241 0.450439 0.273438 1 1 1.000000
1 7.507102 13.550939 12.564106 -0.797584 0.350084 0.491224 0.436768 0.456055 1 1 1.000000
1 7.331141 15.063920 11.200108 -0.797584 0.350084 0.491224 0.427734 0.445312 1 1 1.000000
1efc_stn06_body_mesh1
1 7.507102 13.550939 12.564106 -0.797584 0.350084 0.491224 0.436768 0.456055 1 1 1.000000
1 -5.226446 16.954214 -10.536810 -0.797610 0.350001 0.491241 0.450439 0.273438 1 1 1.000000
1 7.600374 12.915297 13.168573 -0.797584 0.350084 0.491224 0.440430 0.460938 1 1 1.000000
1efc_stn06_body_mesh1
1 -5.226446 16.954214 -10.536810 -0.797610 0.350001 0.491241 0.450439 0.273438 1 1 1.000000
1 -6.722117 13.576902 -10.558331 -0.004673 0.060751 -0.998142 0.475830 0.273438 1 1 1.000000
1 7.600374 12.915297 13.168573 -0.797584 0.350084 0.491224 0.440430 0.460938 1 1 1.000000
1efc_stn06_body_mesh1
1 -9.096950 9.299061 -11.365539 -0.008106 0.052927 -0.998565 0.509277 0.267090 1 1 1.000000
1 -10.465468 6.746260 -11.768230 0.069334 0.031472 -0.997097 0.529297 0.264160 1 1 1.000000
1 -6.722117 13.576902 -10.558331 -0.004673 0.060751 -0.998142 0.475830 0.273438 1 1 1.000000
1efc_stn06_body_mesh1
1 -10.465468 6.746260 -11.768230 0.069334 0.031472 -0.997097 0.529297 0.264160 1 1 1.000000
1 -10.812728 5.851873 -11.694648 0.061133 0.026656 -0.997774 0.535645 0.264648 1 1 1.000000
1 -6.722117 13.576902 -10.558331 -0.004673 0.060751 -0.998142 0.475830 0.273438 1 1 1.000000
1efc_stn06_body_mesh1
1 -18.182777 -12.031106 -10.916249 -0.797601 0.350071 0.491206 0.668945 0.270508 1 1 1.000000
1 2.929238 -10.285044 22.118843 -0.797612 0.350107 0.491161 0.599609 0.531494 1 1 1.000000
1 -18.094513 -11.796359 -10.940242 -0.797601 0.350071 0.491206 0.666992 0.270508 1 1 1.000000
1efc_stn06_body_mesh1
1 2.929238 -10.285044 22.118843 -0.797612 0.350107 0.491161 0.599609 0.531494 1 1 1.000000
1 4.104734 -7.623700 22.130764 0.226201 -0.009012 0.974039 0.579590 0.531738 1 1 1.000000
1 -18.094513 -11.796359 -10.940242 -0.797601 0.350071 0.491206 0.666992 0.270508 1 1 1.000000
1efc_stn06_body_mesh1
1 -18.094513 -11.796359 -10.940242 -0.797601 0.350071 0.491206 0.666992 0.270508 1 1 1.000000
1 4.104734 -7.623700 22.130764 0.226201 -0.009012 0.974039 0.579590 0.531738 1 1 1.000000
1 7.712192 1.155403 21.731354 -0.797624 0.350090 0.491154 0.514160 0.528564 1 1 1.000000
1efc_stn06_body_mesh1
1 4.104734 -7.623700 22.130764 0.226201 -0.009012 0.974039 0.579590 0.531738 1 1 1.000000
1 5.156517 -5.427510 22.273323 -0.797621 0.350101 0.491152 0.562500 0.532715 1 1 1.000000
1 7.712192 1.155403 21.731354 -0.797624 0.350090 0.491154 0.514160 0.528564 1 1 1.000000
1efc_stn06_body_mesh1
1 7.712192 1.155403 21.731354 -0.797624 0.350090 0.491154 0.514160 0.528564 1 1 1.000000
1 5.156517 -5.427510 22.273323 -0.797621 0.350101 0.491152 0.562500 0.532715 1 1 1.000000
1 6.215047 -3.220162 22.418888 -0.797621 0.350101 0.491152 0.545898 0.533936 1 1 1.000000
1efc_stn06_body_mesh1
1 6.837367 18.791008 -8.775640 0.970284 0.138285 -0.198558 0.621582 0.941223 1 1 1.000000
1 5.836850 19.028740 -10.943398 0.532419 0.142283 -0.834437 0.623535 0.930298 1 1 1.000000
1 6.037525 21.844807 -8.596476 0.927267 0.298694 -0.225737 0.651855 0.928894 1 1 1.000000
1efc_stn06_body_mesh1
1 5.836850 19.028740 -10.943398 0.532419 0.142283 -0.834437 0.623535 0.930298 1 1 1.000000
1 5.387165 21.954174 -10.035727 0.656797 0.311662 -0.686647 0.652832 0.921814 1 1 1.000000
1 6.037525 21.844807 -8.596476 0.927267 0.298694 -0.225737 0.651855 0.928894 1 1 1.000000
1efc_stn06_body_mesh1
1 7.230835 18.702656 4.010138 -0.421783 0.869602 0.256694 0.455811 0.358398 1 1 1.000000
1 7.173271 19.411121 1.515253 -0.421784 0.869605 0.256683 0.437988 0.357910 1 1 1.000000
1 7.352432 17.046253 9.821878 -0.421788 0.869613 0.256649 0.497314 0.359375 1 1 1.000000
1efc_stn06_body_mesh1
1 7.173271 19.411121 1.515253 -0.421784 0.869605 0.256683 0.437988 0.357910 1 1 1.000000
1 6.575170 20.153503 -1.982800 0.973055 0.172801 -0.152655 0.413330 0.353516 1 1 1.000000
1 7.352432 17.046253 9.821878 -0.421788 0.869613 0.256649 0.497314 0.359375 1 1 1.000000
1efc_stn06_body_mesh1
1 7.352432 17.046253 9.821878 -0.421788 0.869613 0.256649 0.497314 0.359375 1 1 1.000000
1 6.575170 20.153503 -1.982800 0.973055 0.172801 -0.152655 0.413330 0.353516 1 1 1.000000
1 1.075500 20.002724 -10.509409 -0.421807 0.869604 0.256647 0.357422 0.311523 1 1 1.000000
1efc_stn06_body_mesh1
1 6.575170 20.153503 -1.982800 0.973055 0.172801 -0.152655 0.413330 0.353516 1 1 1.000000
1 1.395489 20.164160 -10.530537 -0.421798 0.869608 0.256648 0.356934 0.313965 1 1 1.000000
1 1.075500 20.002724 -10.509409 -0.421807 0.869604 0.256647 0.357422 0.311523 1 1 1.000000
1efc_stn06_body_mesh1
1 6.037525 21.844807 -8.596476 0.927267 0.298694 -0.225737 0.366455 0.349609 1 1 1.000000
1 5.387165 21.954174 -10.035727 -0.421788 0.869613 0.256649 0.356689 0.344238 1 1 1.000000
1 6.575170 20.153503 -1.982800 0.973055 0.172801 -0.152655 0.413330 0.353516 1 1 1.000000
1efc_stn06_body_mesh1
1 5.387165 21.954174 -10.035727 -0.421788 0.869613 0.256649 0.356689 0.344238 1 1 1.000000
1 1.395489 20.164160 -10.530537 -0.421798 0.869608 0.256648 0.356934 0.313965 1 1 1.000000
1 6.575170 20.153503 -1.982800 0.973055 0.172801 -0.152655 0.413330 0.353516 1 1 1.000000
1efc_stn06_body_mesh1
1 1.075500 20.002724 -10.509409 -0.421807 0.869604 0.256647 0.357422 0.311523 1 1 1.000000
1 -4.992253 17.066967 -10.533974 -0.421788 0.869613 0.256649 0.363037 0.265625 1 1 1.000000
1 7.352432 17.046253 9.821878 -0.421788 0.869613 0.256649 0.497314 0.359375 1 1 1.000000
1efc_stn06_body_mesh1
1 -4.992253 17.066967 -10.533974 -0.421788 0.869613 0.256649 0.363037 0.265625 1 1 1.000000
1 -5.226446 16.954214 -10.536810 -0.421788 0.869613 0.256649 0.363281 0.263672 1 1 1.000000
1 7.352432 17.046253 9.821878 -0.421788 0.869613 0.256649 0.497314 0.359375 1 1 1.000000
1efc_stn06_body_mesh1
1 7.758015 -10.638807 21.856026 0.904399 -0.195309 0.379364 0.392334 0.228516 1 1 1.000000
1 7.770756 -10.641003 21.842243 0.909309 -0.194365 0.367939 0.392334 0.228516 1 1 1.000000
1 7.048434 -5.987984 22.556488 0.320557 0.013827 0.947128 0.421631 0.223633 1 1 1.000000
1efc_stn06_body_mesh1
1 7.770756 -10.641003 21.842243 0.909309 -0.194365 0.367939 0.392334 0.228516 1 1 1.000000
1 7.824034 -6.968563 21.730080 0.927366 -0.030709 0.372892 0.412842 0.218262 1 1 1.000000
1 7.048434 -5.987984 22.556488 0.320557 0.013827 0.947128 0.421631 0.223633 1 1 1.000000
1efc_stn06_body_mesh1
1 7.048434 -5.987984 22.556488 0.320557 0.013827 0.947128 0.421631 0.223633 1 1 1.000000
1 7.824034 -6.968563 21.730080 0.927366 -0.030709 0.372892 0.412842 0.218262 1 1 1.000000
1 7.728376 1.140831 21.730106 0.460837 0.047829 0.886195 0.477051 0.189941 1 1 1.000000
1efc_stn06_body_mesh1
1 7.824034 -6.968563 21.730080 0.927366 -0.030709 0.372892 0.412842 0.218262 1 1 1.000000
1 8.792978 1.359134 20.702896 0.935543 -0.032556 0.351711 0.477539 0.180664 1 1 1.000000
1 7.728376 1.140831 21.730106 0.460837 0.047829 0.886195 0.477051 0.189941 1 1 1.000000
1efc_stn06_body_mesh1
1 8.792978 1.359134 20.702896 0.935543 -0.032556 0.351711 0.477539 0.180664 1 1 1.000000
1 7.824034 -6.968563 21.730080 0.927366 -0.030709 0.372892 0.412842 0.218262 1 1 1.000000
1 8.355547 1.205381 6.327688 0.996899 -0.068726 -0.038339 0.468994 0.113281 1 1 1.000000
1efc_stn06_body_mesh1
1 7.824034 -6.968563 21.730080 0.927366 -0.030709 0.372892 0.412842 0.218262 1 1 1.000000
1 7.358556 -6.995289 7.820043 0.982732 -0.179390 -0.045348 0.378662 0.153809 1 1 1.000000
1 8.355547 1.205381 6.327688 0.996899 -0.068726 -0.038339 0.468994 0.113281 1 1 1.000000
1efc_stn06_body_mesh1
1 8.355547 1.205381 6.327688 0.996899 -0.068726 -0.038339 0.468994 0.113281 1 1 1.000000
1 7.358556 -6.995289 7.820043 0.982732 -0.179390 -0.045348 0.378662 0.153809 1 1 1.000000
1 6.209212 -7.638067 -8.335253 0.955749 -0.195175 -0.220114 0.350342 0.088379 1 1 1.000000
1efc_stn06_body_mesh1
1 7.358556 -6.995289 7.820043 0.982732 -0.179390 -0.045348 0.378662 0.153809 1 1 1.000000
1 5.377758 -13.034091 -4.691658 0.795400 -0.566378 -0.215765 0.283691 0.137695 1 1 1.000000
1 6.209212 -7.638067 -8.335253 0.955749 -0.195175 -0.220114 0.350342 0.088379 1 1 1.000000
1efc_stn06_body_mesh1
1 6.209212 -7.638067 -8.335253 0.955749 -0.195175 -0.220114 0.350342 0.088379 1 1 1.000000
1 5.377758 -13.034091 -4.691658 0.795400 -0.566378 -0.215765 0.283691 0.137695 1 1 1.000000
1 5.091188 -13.354606 -8.221487 0.776301 -0.576980 -0.253871 0.275146 0.124512 1 1 1.000000
1efc_stn06_body_mesh1
1 7.824034 -6.968563 21.730080 0.927366 -0.030709 0.372892 0.412842 0.218262 1 1 1.000000
1 7.770756 -10.641003 21.842243 0.909309 -0.194365 0.367939 0.392334 0.228516 1 1 1.000000
1 7.358556 -6.995289 7.820043 0.982732 -0.179390 -0.045348 0.378662 0.153809 1 1 1.000000
1efc_stn06_body_mesh1
1 7.770756 -10.641003 21.842243 0.909309 -0.194365 0.367939 0.392334 0.228516 1 1 1.000000
1 7.763601 -10.660267 21.637200 0.910919 -0.197595 0.362193 0.391602 0.227539 1 1 1.000000
1 7.358556 -6.995289 7.820043 0.982732 -0.179390 -0.045348 0.378662 0.153809 1 1 1.000000
1efc_stn06_body_mesh1
1 7.358556 -6.995289 7.820043 0.982732 -0.179390 -0.045348 0.378662 0.153809 1 1 1.000000
1 7.763601 -10.660267 21.637200 0.910919 -0.197595 0.362193 0.391602 0.227539 1 1 1.000000
1 6.650604 -11.260861 14.616133 0.876795 -0.434011 0.207040 0.359131 0.203613 1 1 1.000000
1efc_stn06_body_mesh1
1 -6.423415 -12.833995 -10.947709 -0.003767 -0.503440 -0.864022 0.261475 0.823853 1 1 1.000000
1 -10.408256 -4.978821 -11.668027 0.000000 -0.035715 -0.999362 0.335205 0.789551 1 1 1.000000
1 -3.997493 -12.993003 -10.885400 0.123831 -0.444305 -0.887276 0.287354 0.828491 1 1 1.000000
1efc_stn06_body_mesh1
1 -10.408256 -4.978821 -11.668027 0.000000 -0.035715 -0.999362 0.335205 0.789551 1 1 1.000000
1 2.874737 -13.434026 -10.611112 0.415319 -0.458424 -0.785721 0.316650 0.869507 1 1 1.000000
1 -3.997493 -12.993003 -10.885400 0.123831 -0.444305 -0.887276 0.287354 0.828491 1 1 1.000000
1efc_stn06_body_mesh1
1 2.874737 -13.434026 -10.611112 -0.067542 -0.993121 0.095650 0.581055 0.409180 1 1 1.000000
1 3.818090 -13.492499 -10.552029 -0.067542 -0.993121 0.095650 0.580566 0.415527 1 1 1.000000
1 -3.997493 -12.993003 -10.885400 -0.067542 -0.993121 0.095650 0.582520 0.361816 1 1 1.000000
1efc_stn06_body_mesh1
1 3.818090 -13.492499 -10.552029 -0.067542 -0.993121 0.095650 0.580566 0.415527 1 1 1.000000
1 -9.215280 -12.638927 -10.894017 -0.017071 -0.438890 -0.898379 0.582520 0.325684 1 1 1.000000
1 -3.997493 -12.993003 -10.885400 -0.067542 -0.993121 0.095650 0.582520 0.361816 1 1 1.000000
1efc_stn06_body_mesh1
1 -3.997493 -12.993003 -10.885400 -0.067542 -0.993121 0.095650 0.582520 0.361816 1 1 1.000000
1 -9.215280 -12.638927 -10.894017 -0.017071 -0.438890 -0.898379 0.582520 0.325684 1 1 1.000000
1 -6.423415 -12.833995 -10.947709 -0.003767 -0.503440 -0.864022 0.583008 0.345215 1 1 1.000000
1efc_stn06_body_mesh1
1 5.377758 -13.034091 -4.691658 -0.067565 -0.993119 0.095650 0.540039 0.426270 1 1 1.000000
1 6.650604 -11.260861 14.616133 0.876795 -0.434011 0.207040 0.406738 0.435059 1 1 1.000000
1 5.091188 -13.354606 -8.221487 -0.067565 -0.993119 0.095650 0.564453 0.424316 1 1 1.000000
1efc_stn06_body_mesh1
1 6.650604 -11.260861 14.616133 0.876795 -0.434011 0.207040 0.406738 0.435059 1 1 1.000000
1 3.892876 -13.480765 -10.377415 -0.067518 -0.993123 0.095650 0.579590 0.416016 1 1 1.000000
1 5.091188 -13.354606 -8.221487 -0.067565 -0.993119 0.095650 0.564453 0.424316 1 1 1.000000
1efc_stn06_body_mesh1
1 3.892876 -13.480765 -10.377415 -0.067518 -0.993123 0.095650 0.579590 0.416016 1 1 1.000000
1 6.650604 -11.260861 14.616133 0.876795 -0.434011 0.207040 0.406738 0.435059 1 1 1.000000
1 3.818090 -13.492499 -10.552029 -0.067542 -0.993121 0.095650 0.580566 0.415527 1 1 1.000000
1efc_stn06_body_mesh1
1 6.650604 -11.260861 14.616133 0.876795 -0.434011 0.207040 0.406738 0.435059 1 1 1.000000
1 2.929238 -10.285044 22.118843 -0.067541 -0.993112 0.095745 0.354736 0.409668 1 1 1.000000
1 3.818090 -13.492499 -10.552029 -0.067542 -0.993121 0.095650 0.580566 0.415527 1 1 1.000000
1efc_stn06_body_mesh1
1 3.818090 -13.492499 -10.552029 -0.067542 -0.993121 0.095650 0.580566 0.415527 1 1 1.000000
1 2.929238 -10.285044 22.118843 -0.067541 -0.993112 0.095745 0.354736 0.409668 1 1 1.000000
1 -9.215280 -12.638927 -10.894017 -0.017071 -0.438890 -0.898379 0.582520 0.325684 1 1 1.000000
1efc_stn06_body_mesh1
1 2.929238 -10.285044 22.118843 -0.067541 -0.993112 0.095745 0.354736 0.409668 1 1 1.000000
1 -11.369754 -12.494039 -10.911225 -0.067518 -0.993123 0.095650 0.582520 0.311035 1 1 1.000000
1 -9.215280 -12.638927 -10.894017 -0.017071 -0.438890 -0.898379 0.582520 0.325684 1 1 1.000000
1efc_stn06_body_mesh1
1 7.763601 -10.660267 21.637200 0.910919 -0.197595 0.362193 0.358398 0.442871 1 1 1.000000
1 7.770756 -10.641003 21.842243 0.910907 -0.190831 0.365831 0.356934 0.442871 1 1 1.000000
1 6.650604 -11.260861 14.616133 0.876795 -0.434011 0.207040 0.406738 0.435059 1 1 1.000000
1efc_stn06_body_mesh1
1 7.770756 -10.641003 21.842243 0.910907 -0.190831 0.365831 0.356934 0.442871 1 1 1.000000
1 7.758015 -10.638807 21.856026 -0.067613 -0.993125 0.095555 0.356689 0.442871 1 1 1.000000
1 6.650604 -11.260861 14.616133 0.876795 -0.434011 0.207040 0.406738 0.435059 1 1 1.000000
1efc_stn06_body_mesh1
1 6.650604 -11.260861 14.616133 0.876795 -0.434011 0.207040 0.406738 0.435059 1 1 1.000000
1 7.758015 -10.638807 21.856026 -0.067613 -0.993125 0.095555 0.356689 0.442871 1 1 1.000000
1 2.929238 -10.285044 22.118843 -0.067541 -0.993112 0.095745 0.354736 0.409668 1 1 1.000000
1efc_stn06_body_mesh1
1 7.758015 -10.638807 21.856026 -0.067613 -0.993125 0.095555 0.356689 0.442871 1 1 1.000000
1 6.871613 -10.518328 22.480870 -0.067565 -0.993110 0.095744 0.352539 0.436523 1 1 1.000000
1 2.929238 -10.285044 22.118843 -0.067541 -0.993112 0.095745 0.354736 0.409668 1 1 1.000000
1efc_stn06_body_mesh1
1 2.929238 -10.285044 22.118843 -0.067541 -0.993112 0.095745 0.354736 0.409668 1 1 1.000000
1 6.871613 -10.518328 22.480870 -0.067565 -0.993110 0.095744 0.352539 0.436523 1 1 1.000000
1 6.756579 -10.500246 22.587360 -0.067565 -0.993110 0.095744 0.351807 0.436035 1 1 1.000000
1efc_stn06_body_mesh1
4 -18.182777 -12.031108 -10.916251 -0.171282 -0.457196 -0.872717 0.204834 0.717041 1 4 1.000000
4 -11.369754 -12.494039 -10.911227 0.013734 -0.466182 -0.884582 0.226562 0.767944 1 4 1.000000
4 -19.986164 -13.474214 -10.761128 -0.207918 -0.532766 -0.820323 0.177246 0.700684 1 4 1.000000
1efc_stn06_body_mesh1
4 -11.369754 -12.494039 -10.911227 0.013734 -0.466182 -0.884582 0.226562 0.767944 1 4 1.000000
4 -11.715995 -15.200316 -10.638698 0.017929 -0.598911 -0.800615 0.187378 0.760132 1 4 1.000000
4 -19.986164 -13.474214 -10.761128 -0.207918 -0.532766 -0.820323 0.177246 0.700684 1 4 1.000000
1efc_stn06_body_mesh1
4 -19.986164 -13.474214 -10.761128 -0.207918 -0.532766 -0.820323 0.177246 0.700684 1 4 1.000000
4 -11.715995 -15.200316 -10.638698 0.017929 -0.598911 -0.800615 0.187378 0.760132 1 4 1.000000
4 -21.402102 -14.730119 -10.627059 -0.233077 -0.591848 -0.771616 0.153931 0.687500 1 4 1.000000
1efc_stn06_body_mesh1
4 -11.715995 -15.200316 -10.638698 0.017929 -0.598911 -0.800615 0.187378 0.760132 1 4 1.000000
4 -11.089588 -16.372189 -8.315426 0.041488 -0.968823 -0.244256 0.180176 0.765015 1 4 1.000000
4 -21.402102 -14.730119 -10.627059 -0.233077 -0.591848 -0.771616 0.153931 0.687500 1 4 1.000000
1efc_stn06_body_mesh1
4 -21.402102 -14.730119 -10.627059 -0.233077 -0.591848 -0.771616 0.153931 0.687500 1 4 1.000000
4 -11.089588 -16.372189 -8.315426 0.041488 -0.968823 -0.244256 0.180176 0.765015 1 4 1.000000
4 -21.387133 -15.616294 -8.291626 -0.330373 -0.927983 -0.172340 0.144775 0.686768 1 4 1.000000
1efc_stn06_body_mesh1
4 -21.387133 -15.616294 -8.291626 -0.330373 -0.927983 -0.172340 0.144775 0.686768 1 4 1.000000
4 -21.501846 -14.954190 -10.016241 -0.275243 -0.712808 -0.645094 0.151245 0.686523 1 4 1.000000
4 -21.402102 -14.730119 -10.627059 -0.233077 -0.591848 -0.771616 0.153931 0.687500 1 4 1.000000
1efc_stn06_body_mesh1
4 -21.501846 -14.954190 -10.016241 -0.275243 -0.712808 -0.645094 0.151245 0.686523 1 4 1.000000
4 -21.481417 -14.673343 -10.626533 -0.232511 -0.587668 -0.774974 0.154419 0.686768 1 4 1.000000
4 -21.402102 -14.730119 -10.627059 -0.233077 -0.591848 -0.771616 0.153931 0.687500 1 4 1.000000
1efc_stn06_body_mesh1
4 -21.402102 -14.730119 -10.627059 -0.233077 -0.591848 -0.771616 0.153931 0.687500 1 4 1.000000
4 -21.481417 -14.673343 -10.626533 -0.232511 -0.587668 -0.774974 0.154419 0.686768 1 4 1.000000
4 -21.441704 -14.642983 -10.626681 -0.236134 -0.588238 -0.773445 0.154785 0.687012 1 4 1.000000
1efc_stn06_body_mesh1
4 -11.089588 -16.372189 -8.315426 0.041488 -0.968823 -0.244256 0.180176 0.765015 1 4 1.000000
4 -11.715995 -15.200316 -10.638698 0.017929 -0.598911 -0.800615 0.187378 0.760132 1 4 1.000000
4 -8.518333 -15.823707 -8.362238 -0.031853 -0.962656 -0.268846 0.197144 0.801270 1 4 1.000000
1efc_stn06_body_mesh1
4 -11.715995 -15.200316 -10.638698 0.017929 -0.598911 -0.800615 0.187378 0.760132 1 4 1.000000
4 -8.882531 -14.775500 -10.678130 -0.021364 -0.537913 -0.842730 0.206909 0.800049 1 4 1.000000
4 -8.518333 -15.823707 -8.362238 -0.031853 -0.962656 -0.268846 0.197144 0.801270 1 4 1.000000
1efc_stn06_body_mesh1
4 -8.518333 -15.823707 -8.362238 -0.031853 -0.962656 -0.268846 0.197144 0.801270 1 4 1.000000
4 -8.882531 -14.775500 -10.678130 -0.021364 -0.537913 -0.842730 0.206909 0.800049 1 4 1.000000
4 -4.838492 -15.958297 -10.661214 -0.005150 -0.656732 -0.754107 0.232178 0.837524 1 4 1.000000
1efc_stn06_body_mesh1
4 -8.882531 -14.775500 -10.678130 -0.021364 -0.537913 -0.842730 0.206909 0.800049 1 4 1.000000
4 -6.423415 -12.833997 -10.947711 -0.003767 -0.503369 -0.864063 0.261475 0.823853 1 4 1.000000
4 -4.838492 -15.958297 -10.661214 -0.005150 -0.656732 -0.754107 0.232178 0.837524 1 4 1.000000
1efc_stn06_body_mesh1
4 -4.838492 -15.958297 -10.661214 -0.005150 -0.656732 -0.754107 0.232178 0.837524 1 4 1.000000
4 -6.423415 -12.833997 -10.947711 -0.003767 -0.503369 -0.864063 0.261475 0.823853 1 4 1.000000
4 -3.997493 -12.993005 -10.885402 0.123837 -0.444229 -0.887313 0.287354 0.828491 1 4 1.000000
1efc_stn06_body_mesh1
4 -11.715995 -15.200316 -10.638698 0.017929 -0.598911 -0.800615 0.187378 0.760132 1 4 1.000000
4 -11.369754 -12.494039 -10.911227 0.013734 -0.466182 -0.884582 0.226562 0.767944 1 4 1.000000
4 -8.882531 -14.775500 -10.678130 -0.021364 -0.537913 -0.842730 0.206909 0.800049 1 4 1.000000
1efc_stn06_body_mesh1
4 -11.369754 -12.494039 -10.911227 0.013734 -0.466182 -0.884582 0.226562 0.767944 1 4 1.000000
4 -9.215280 -12.638925 -10.894019 -0.017071 -0.438890 -0.898379 0.234985 0.797729 1 4 1.000000
4 -8.882531 -14.775500 -10.678130 -0.021364 -0.537913 -0.842730 0.206909 0.800049 1 4 1.000000
1efc_stn06_body_mesh1
4 -8.882531 -14.775500 -10.678130 -0.021364 -0.537913 -0.842730 0.206909 0.800049 1 4 1.000000
4 -9.215280 -12.638925 -10.894019 -0.017071 -0.438890 -0.898379 0.234985 0.797729 1 4 1.000000
4 -6.423415 -12.833997 -10.947711 -0.003767 -0.503369 -0.864063 0.261475 0.823853 1 4 1.000000
1efc_stn06_body_mesh1
4 -8.518333 -15.823707 -8.362238 -0.031853 -0.962656 -0.268846 0.197144 0.801270 1 4 1.000000
4 -4.838492 -15.958297 -10.661214 -0.005150 -0.656732 -0.754107 0.232178 0.837524 1 4 1.000000
4 -4.190453 -16.783173 -8.348015 0.079493 -0.964214 -0.252927 0.225708 0.841064 1 4 1.000000
1efc_stn06_body_mesh1
4 -4.838492 -15.958297 -10.661214 -0.005150 -0.656732 -0.754107 0.232178 0.837524 1 4 1.000000
4 -1.464690 -15.949756 -8.363935 0.292083 -0.921239 -0.256917 0.269043 0.844604 1 4 1.000000
4 -4.190453 -16.783173 -8.348015 0.079493 -0.964214 -0.252927 0.225708 0.841064 1 4 1.000000
1efc_stn06_body_mesh1
4 5.091189 -13.354606 -8.221489 0.776301 -0.576980 -0.253871 0.275146 0.124512 1 4 1.000000
4 5.377759 -13.034091 -4.691658 0.795443 -0.566314 -0.215777 0.283691 0.137695 1 4 1.000000
4 4.823247 -14.724612 -8.194223 0.712805 -0.653250 -0.255292 0.257080 0.133301 1 4 1.000000
1efc_stn06_body_mesh1
4 5.377759 -13.034091 -4.691658 0.795443 -0.566314 -0.215777 0.283691 0.137695 1 4 1.000000
4 5.888293 -15.853959 21.934052 0.625252 -0.640081 0.446493 0.337891 0.256836 1 4 1.000000
4 4.823247 -14.724612 -8.194223 0.712805 -0.653250 -0.255292 0.257080 0.133301 1 4 1.000000
1efc_stn06_body_mesh1
4 4.823247 -14.724612 -8.194223 0.712805 -0.653250 -0.255292 0.257080 0.133301 1 4 1.000000
4 5.888293 -15.853959 21.934052 0.625252 -0.640081 0.446493 0.337891 0.256836 1 4 1.000000
4 -1.464690 -15.949756 -8.363935 0.292083 -0.921239 -0.256917 0.190796 0.192383 1 4 1.000000
1efc_stn06_body_mesh1
4 5.888293 -15.853959 21.934052 0.625252 -0.640081 0.446493 0.337891 0.256836 1 4 1.000000
4 2.792394 -17.709682 21.653011 0.315969 -0.832921 0.454320 0.321777 0.264648 1 4 1.000000
4 -1.464690 -15.949756 -8.363935 0.292083 -0.921239 -0.256917 0.190796 0.192383 1 4 1.000000
1efc_stn06_body_mesh1
4 -1.464690 -15.949756 -8.363935 0.292083 -0.921239 -0.256917 0.190796 0.192383 1 4 1.000000
4 2.792394 -17.709682 21.653011 0.315969 -0.832921 0.454320 0.321777 0.264648 1 4 1.000000
4 -0.626268 -19.434914 21.278587 0.156010 -0.900080 0.406838 0.266357 0.291504 1 4 1.000000
1efc_stn06_body_mesh1
4 2.792394 -17.709682 21.653011 0.315969 -0.832921 0.454320 0.321777 0.264648 1 4 1.000000
4 1.605675 -16.979324 22.269424 0.045738 -0.234016 0.971156 0.325928 0.274414 1 4 1.000000
4 -0.626268 -19.434914 21.278587 0.156010 -0.900080 0.406838 0.266357 0.291504 1 4 1.000000
1efc_stn06_body_mesh1
4 -0.626268 -19.434914 21.278587 0.156010 -0.900080 0.406838 0.266357 0.291504 1 4 1.000000
4 1.605675 -16.979324 22.269424 0.045738 -0.234016 0.971156 0.325928 0.274414 1 4 1.000000
4 -1.017932 -18.442074 22.041245 -0.021253 -0.311060 0.950153 0.276611 0.294434 1 4 1.000000
1efc_stn06_body_mesh1
4 1.605675 -16.979324 22.269424 0.045738 -0.234016 0.971156 0.325928 0.274414 1 4 1.000000
4 -2.539856 -14.305875 21.771060 0.000000 -0.086597 0.996243 0.321045 0.309570 1 4 1.000000
4 -1.017932 -18.442074 22.041245 -0.021253 -0.311060 0.950153 0.276611 0.294434 1 4 1.000000
1efc_stn06_body_mesh1
4 -1.017932 -18.442074 22.041245 -0.021253 -0.311060 0.950153 0.276611 0.294434 1 4 1.000000
4 -2.539856 -14.305875 21.771060 0.000000 -0.086597 0.996243 0.321045 0.309570 1 4 1.000000
4 -3.637443 -15.103894 21.680748 -0.031018 -0.129888 0.991043 0.297607 0.317871 1 4 1.000000
1efc_stn06_body_mesh1
4 5.377759 -13.034091 -4.691658 0.795443 -0.566314 -0.215777 0.283691 0.137695 1 4 1.000000
4 6.650605 -11.260861 14.616131 0.876831 -0.433933 0.207048 0.359131 0.203613 1 4 1.000000
4 5.888293 -15.853959 21.934052 0.625252 -0.640081 0.446493 0.337891 0.256836 1 4 1.000000
1efc_stn06_body_mesh1
4 6.650605 -11.260861 14.616131 0.876831 -0.433933 0.207048 0.359131 0.203613 1 4 1.000000
4 7.769678 -10.715256 21.844513 0.908688 -0.197607 0.367748 0.391846 0.229004 1 4 1.000000
4 5.888293 -15.853959 21.934052 0.625252 -0.640081 0.446493 0.337891 0.256836 1 4 1.000000
1efc_stn06_body_mesh1
4 5.888293 -15.853959 21.934052 0.625252 -0.640081 0.446493 0.337891 0.256836 1 4 1.000000
4 7.769678 -10.715256 21.844513 0.908688 -0.197607 0.367748 0.391846 0.229004 1 4 1.000000
4 6.871613 -10.518328 22.480870 0.409567 -0.112333 0.905338 0.392334 0.237305 1 4 1.000000
1efc_stn06_body_mesh1
4 7.769678 -10.715256 21.844513 0.908688 -0.197607 0.367748 0.391846 0.229004 1 4 1.000000
4 7.716577 -10.631927 21.898197 0.888187 -0.188452 0.419059 0.392578 0.229004 1 4 1.000000
4 6.871613 -10.518328 22.480870 0.409567 -0.112333 0.905338 0.392334 0.237305 1 4 1.000000
1efc_stn06_body_mesh1
4 6.871613 -10.518328 22.480870 0.409567 -0.112333 0.905338 0.392334 0.237305 1 4 1.000000
4 6.756579 -10.500246 22.587360 0.330749 -0.040628 0.942844 0.392334 0.238770 1 4 1.000000
4 5.888293 -15.853959 21.934052 0.625252 -0.640081 0.446493 0.337891 0.256836 1 4 1.000000
1efc_stn06_body_mesh1
4 6.756579 -10.500246 22.587360 0.330749 -0.040628 0.942844 0.392334 0.238770 1 4 1.000000
4 5.445123 -14.695188 22.633373 0.241769 -0.164994 0.956203 0.348633 0.260254 1 4 1.000000
4 5.888293 -15.853959 21.934052 0.625252 -0.640081 0.446493 0.337891 0.256836 1 4 1.000000
1efc_stn06_body_mesh1
4 5.888293 -15.853959 21.934052 0.625252 -0.640081 0.446493 0.337891 0.256836 1 4 1.000000
4 5.445123 -14.695188 22.633373 0.241769 -0.164994 0.956203 0.348633 0.260254 1 4 1.000000
4 2.792394 -17.709682 21.653011 0.315969 -0.832921 0.454320 0.321777 0.264648 1 4 1.000000
1efc_stn06_body_mesh1
4 5.445123 -14.695188 22.633373 0.241769 -0.164994 0.956203 0.348633 0.260254 1 4 1.000000
4 1.605675 -16.979324 22.269424 0.045738 -0.234016 0.971156 0.325928 0.274414 1 4 1.000000
4 2.792394 -17.709682 21.653011 0.315969 -0.832921 0.454320 0.321777 0.264648 1 4 1.000000
1efc_stn06_body_mesh1
4 7.716577 -10.631927 21.898197 0.888187 -0.188452 0.419059 0.392578 0.229004 1 4 1.000000
4 7.769678 -10.715256 21.844513 0.908688 -0.197607 0.367748 0.391846 0.229004 1 4 1.000000
4 7.758017 -10.638809 21.856026 0.904399 -0.195309 0.379364 0.392334 0.228516 1 4 1.000000
1efc_stn06_body_mesh1
4 7.769678 -10.715256 21.844513 0.908688 -0.197607 0.367748 0.391846 0.229004 1 4 1.000000
4 7.770758 -10.641003 21.842243 0.909309 -0.194365 0.367939 0.392334 0.228516 1 4 1.000000
4 7.758017 -10.638809 21.856026 0.904399 -0.195309 0.379364 0.392334 0.228516 1 4 1.000000
1efc_stn06_body_mesh1
4 -1.464690 -15.949756 -8.363935 0.292083 -0.921239 -0.256917 0.190796 0.192383 1 4 1.000000
4 -0.626268 -19.434914 21.278587 0.156010 -0.900080 0.406838 0.266357 0.291504 1 4 1.000000
4 -4.190453 -16.783173 -8.348015 0.079493 -0.964214 -0.252927 0.146362 0.226562 1 4 1.000000
1efc_stn06_body_mesh1
4 -0.626268 -19.434914 21.278587 0.156010 -0.900080 0.406838 0.266357 0.291504 1 4 1.000000
4 -7.080331 -18.116615 7.109438 -0.157696 -0.983658 -0.086883 0.165771 0.315430 1 4 1.000000
4 -4.190453 -16.783173 -8.348015 0.079493 -0.964214 -0.252927 0.146362 0.226562 1 4 1.000000
1efc_stn06_body_mesh1
4 -4.190453 -16.783173 -8.348015 0.079493 -0.964214 -0.252927 0.146362 0.226562 1 4 1.000000
4 -7.080331 -18.116615 7.109438 -0.157696 -0.983658 -0.086883 0.165771 0.315430 1 4 1.000000
4 -8.518333 -15.823707 -8.362238 -0.031853 -0.962656 -0.268846 0.106384 0.294922 1 4 1.000000
1efc_stn06_body_mesh1
4 -7.080331 -18.116615 7.109438 -0.157696 -0.983658 -0.086883 0.165771 0.315430 1 4 1.000000
4 -8.466586 -17.979488 7.289242 -0.383569 -0.922396 -0.045395 0.160645 0.330566 1 4 1.000000
4 -8.518333 -15.823707 -8.362238 -0.031853 -0.962656 -0.268846 0.106384 0.294922 1 4 1.000000
1efc_stn06_body_mesh1
4 -8.518333 -15.823707 -8.362238 -0.031853 -0.962656 -0.268846 0.106384 0.294922 1 4 1.000000
4 -8.466586 -17.979488 7.289242 -0.383569 -0.922396 -0.045395 0.160645 0.330566 1 4 1.000000
4 -11.089588 -16.372189 -8.315426 0.041488 -0.968823 -0.244256 0.081238 0.352539 1 4 1.000000
1efc_stn06_body_mesh1
4 -8.466586 -17.979488 7.289242 -0.383569 -0.922396 -0.045395 0.160645 0.330566 1 4 1.000000
4 -10.119543 -17.102306 14.902168 -0.337131 -0.941298 -0.017357 0.177856 0.367188 1 4 1.000000
4 -11.089588 -16.372189 -8.315426 0.041488 -0.968823 -0.244256 0.081238 0.352539 1 4 1.000000
1efc_stn06_body_mesh1
4 -11.089588 -16.372189 -8.315426 0.041488 -0.968823 -0.244256 0.081238 0.352539 1 4 1.000000
4 -10.119543 -17.102306 14.902168 -0.337131 -0.941298 -0.017357 0.177856 0.367188 1 4 1.000000
4 -11.319715 -16.393341 11.164730 -0.189027 -0.978706 -0.080017 0.154663 0.381348 1 4 1.000000
1efc_stn06_body_mesh1
4 1.605675 -16.979324 22.269424 0.045738 -0.234016 0.971156 0.325928 0.274414 1 4 1.000000
4 5.445123 -14.695188 22.633373 0.241769 -0.164994 0.956203 0.348633 0.260254 1 4 1.000000
4 -2.539856 -14.305875 21.771060 0.000000 -0.086597 0.996243 0.321045 0.309570 1 4 1.000000
1efc_stn06_body_mesh1
4 5.445123 -14.695188 22.633373 0.241769 -0.164994 0.956203 0.348633 0.260254 1 4 1.000000
4 -1.020450 -13.207696 21.911106 0.084844 -0.050737 0.995102 0.330811 0.304688 1 4 1.000000
4 -2.539856 -14.305875 21.771060 0.000000 -0.086597 0.996243 0.321045 0.309570 1 4 1.000000
1efc_stn06_body_mesh1
4 -1.020450 -13.207696 21.911106 0.084844 -0.050737 0.995102 0.330811 0.304688 1 4 1.000000
4 5.445123 -14.695188 22.633373 0.241769 -0.164994 0.956203 0.348633 0.260254 1 4 1.000000
4 2.543360 -10.565220 22.086212 0.131482 -0.107379 0.985486 0.378174 0.279785 1 4 1.000000
1efc_stn06_body_mesh1
4 5.445123 -14.695188 22.633373 0.241769 -0.164994 0.956203 0.348633 0.260254 1 4 1.000000
4 6.756579 -10.500246 22.587360 0.330749 -0.040628 0.942844 0.392334 0.238770 1 4 1.000000
4 2.543360 -10.565220 22.086212 0.131482 -0.107379 0.985486 0.378174 0.279785 1 4 1.000000
1efc_stn06_body_mesh1
4 2.543360 -10.565220 22.086212 0.131482 -0.107379 0.985486 0.378174 0.279785 1 4 1.000000
4 6.756579 -10.500246 22.587360 0.330749 -0.040628 0.942844 0.392334 0.238770 1 4 1.000000
4 2.929236 -10.285044 22.118840 0.152093 -0.094417 0.983846 0.382080 0.275391 1 4 1.000000
1efc_stn06_body_mesh1
4 -3.637443 -15.103894 21.680748 -0.031018 -0.129888 0.991043 0.297607 0.317871 1 4 1.000000
4 -6.977952 -17.622444 21.612427 -0.123635 -0.320602 0.939111 0.233887 0.347168 1 4 1.000000
4 -1.017932 -18.442074 22.041245 -0.021253 -0.311060 0.950153 0.276611 0.294434 1 4 1.000000
1efc_stn06_body_mesh1
4 -6.977952 -17.622444 21.612427 -0.123635 -0.320602 0.939111 0.233887 0.347168 1 4 1.000000
4 -6.763496 -19.208282 20.788177 -0.266931 -0.892440 0.363728 0.219849 0.345703 1 4 1.000000
4 -1.017932 -18.442074 22.041245 -0.021253 -0.311060 0.950153 0.276611 0.294434 1 4 1.000000
1efc_stn06_body_mesh1
4 -1.017932 -18.442074 22.041245 -0.021253 -0.311060 0.950153 0.276611 0.294434 1 4 1.000000
4 -6.763496 -19.208282 20.788177 -0.266931 -0.892440 0.363728 0.219849 0.345703 1 4 1.000000
4 -0.626268 -19.434914 21.278587 0.156010 -0.900080 0.406838 0.266357 0.291504 1 4 1.000000
1efc_stn06_body_mesh1
4 -6.763496 -19.208282 20.788177 -0.266931 -0.892440 0.363728 0.219849 0.345703 1 4 1.000000
4 -7.080331 -18.116615 7.109438 -0.157696 -0.983658 -0.086883 0.165771 0.315430 1 4 1.000000
4 -0.626268 -19.434914 21.278587 0.156010 -0.900080 0.406838 0.266357 0.291504 1 4 1.000000
1efc_stn06_body_mesh1
4 -6.977952 -17.622444 21.612427 -0.123635 -0.320602 0.939111 0.233887 0.347168 1 4 1.000000
4 -7.349156 -17.832722 21.444733 -0.162500 -0.438292 0.884022 0.228516 0.350586 1 4 1.000000
4 -6.763496 -19.208282 20.788177 -0.266931 -0.892440 0.363728 0.219849 0.345703 1 4 1.000000
1efc_stn06_body_mesh1
4 -7.349156 -17.832722 21.444733 -0.162500 -0.438292 0.884022 0.228516 0.350586 1 4 1.000000
4 -7.733769 -18.100487 20.773745 -0.269040 -0.880268 0.390828 0.216431 0.352051 1 4 1.000000
4 -6.763496 -19.208282 20.788177 -0.266931 -0.892440 0.363728 0.219849 0.345703 1 4 1.000000
1efc_stn06_body_mesh1
4 -6.763496 -19.208282 20.788177 -0.266931 -0.892440 0.363728 0.219849 0.345703 1 4 1.000000
4 -7.733769 -18.100487 20.773745 -0.269040 -0.880268 0.390828 0.216431 0.352051 1 4 1.000000
4 -7.080331 -18.116615 7.109438 -0.157696 -0.983658 -0.086883 0.165771 0.315430 1 4 1.000000
1efc_stn06_body_mesh1
4 -7.733769 -18.100487 20.773745 -0.269040 -0.880268 0.390828 0.216431 0.352051 1 4 1.000000
4 -8.466586 -17.979488 7.289242 -0.383569 -0.922396 -0.045395 0.160645 0.330566 1 4 1.000000
4 -7.080331 -18.116615 7.109438 -0.157696 -0.983658 -0.086883 0.165771 0.315430 1 4 1.000000
1efc_stn06_body_mesh1
4 -7.349156 -17.832722 21.444733 -0.162500 -0.438292 0.884022 0.228516 0.350586 1 4 1.000000
4 -7.631248 -17.890644 21.082914 -0.234498 -0.721135 0.651901 0.221802 0.351562 1 4 1.000000
4 -7.733769 -18.100487 20.773745 -0.269040 -0.880268 0.390828 0.216431 0.352051 1 4 1.000000
1efc_stn06_body_mesh1
4 -7.631248 -17.890644 21.082914 -0.234498 -0.721135 0.651901 0.221802 0.351562 1 4 1.000000
4 -8.227277 -18.217750 20.789434 -0.196940 -0.928528 0.314723 0.213135 0.357422 1 4 1.000000
4 -7.733769 -18.100487 20.773745 -0.269040 -0.880268 0.390828 0.216431 0.352051 1 4 1.000000
1efc_stn06_body_mesh1
4 -7.733769 -18.100487 20.773745 -0.269040 -0.880268 0.390828 0.216431 0.352051 1 4 1.000000
4 -8.227277 -18.217750 20.789434 -0.196940 -0.928528 0.314723 0.213135 0.357422 1 4 1.000000
4 -8.489472 -18.272572 20.455397 -0.163471 -0.950305 0.264949 0.210205 0.359375 1 4 1.000000
1efc_stn06_body_mesh1
4 -7.733769 -18.100487 20.773745 -0.269040 -0.880268 0.390828 0.216431 0.352051 1 4 1.000000
4 -8.489472 -18.272572 20.455397 -0.163471 -0.950305 0.264949 0.210205 0.359375 1 4 1.000000
4 -8.466586 -17.979488 7.289242 -0.383569 -0.922396 -0.045395 0.160645 0.330566 1 4 1.000000
1efc_stn06_body_mesh1
4 -8.489472 -18.272572 20.455397 -0.163471 -0.950305 0.264949 0.210205 0.359375 1 4 1.000000
4 -10.119543 -17.102306 14.902168 -0.337131 -0.941298 -0.017357 0.177856 0.367188 1 4 1.000000
4 -8.466586 -17.979488 7.289242 -0.383569 -0.922396 -0.045395 0.160645 0.330566 1 4 1.000000
1efc_stn06_body_mesh1
4 -11.319715 -16.393341 11.164730 -0.189027 -0.978706 -0.080017 0.154663 0.381348 1 4 1.000000
4 -15.885632 -15.893935 2.002433 -0.161754 -0.979296 -0.121720 0.096924 0.406250 1 4 1.000000
4 -11.089588 -16.372189 -8.315426 0.041488 -0.968823 -0.244256 0.081238 0.352539 1 4 1.000000
1efc_stn06_body_mesh1
4 -15.885632 -15.893935 2.002433 -0.161754 -0.979296 -0.121720 0.096924 0.406250 1 4 1.000000
4 -21.387133 -15.616294 -8.291626 -0.330373 -0.927983 -0.172340 0.070129 0.430664 1 4 1.000000
4 -11.089588 -16.372189 -8.315426 0.041488 -0.968823 -0.244256 0.081238 0.352539 1 4 1.000000
1efc_stn06_body_mesh1
4 -21.481417 -14.673343 -10.626533 -0.232511 -0.587668 -0.774974 0.390381 0.274414 1 4 1.000000
4 -21.501846 -14.954190 -10.016241 -0.275243 -0.712808 -0.645094 0.396240 0.274414 1 4 1.000000
4 -21.441704 -14.642983 -10.626681 -0.236134 -0.588238 -0.773445 0.390137 0.274902 1 4 1.000000
1efc_stn06_body_mesh1
4 -21.501846 -14.954190 -10.016241 -0.275243 -0.712808 -0.645094 0.396240 0.274414 1 4 1.000000
4 -11.319715 -16.393341 11.164730 -0.189027 -0.978706 -0.080017 0.570312 0.382812 1 4 1.000000
4 -21.441704 -14.642983 -10.626681 -0.236134 -0.588238 -0.773445 0.390137 0.274902 1 4 1.000000
1efc_stn06_body_mesh1
4 -21.441704 -14.642983 -10.626681 -0.236134 -0.588238 -0.773445 0.390137 0.274902 1 4 1.000000
4 -11.319715 -16.393341 11.164730 -0.189027 -0.978706 -0.080017 0.570312 0.382812 1 4 1.000000
4 2.543360 -10.565220 22.086212 -0.573256 0.751498 0.326539 0.637695 0.530029 1 4 1.000000
1efc_stn06_body_mesh1
4 -11.319715 -16.393341 11.164730 -0.189027 -0.978706 -0.080017 0.570312 0.382812 1 4 1.000000
4 -7.631248 -17.890644 21.082914 -0.573256 0.751498 0.326539 0.654785 0.421875 1 4 1.000000
4 2.543360 -10.565220 22.086212 -0.573256 0.751498 0.326539 0.637695 0.530029 1 4 1.000000
1efc_stn06_body_mesh1
4 2.543360 -10.565220 22.086212 -0.573256 0.751498 0.326539 0.637695 0.530029 1 4 1.000000
4 -7.631248 -17.890644 21.082914 -0.573256 0.751498 0.326539 0.654785 0.421875 1 4 1.000000
4 -3.637443 -15.103894 21.680748 -0.573256 0.751498 0.326539 0.649902 0.464355 1 4 1.000000
1efc_stn06_body_mesh1
4 -7.631248 -17.890644 21.082914 -0.573256 0.751498 0.326539 0.654785 0.421875 1 4 1.000000
4 -6.977952 -17.622444 21.612427 -0.123635 -0.320602 0.939111 0.658203 0.428711 1 4 1.000000
4 -3.637443 -15.103894 21.680748 -0.573256 0.751498 0.326539 0.649902 0.464355 1 4 1.000000
1efc_stn06_body_mesh1
4 -21.387133 -15.616294 -8.291626 -0.330373 -0.927983 -0.172340 0.412354 0.275391 1 4 1.000000
4 -15.885632 -15.893935 2.002433 -0.161754 -0.979296 -0.121720 0.495605 0.333984 1 4 1.000000
4 -21.501846 -14.954190 -10.016241 -0.275243 -0.712808 -0.645094 0.396240 0.274414 1 4 1.000000
1efc_stn06_body_mesh1
4 -15.885632 -15.893935 2.002433 -0.161754 -0.979296 -0.121720 0.495605 0.333984 1 4 1.000000
4 -11.319715 -16.393341 11.164730 -0.189027 -0.978706 -0.080017 0.570312 0.382812 1 4 1.000000
4 -21.501846 -14.954190 -10.016241 -0.275243 -0.712808 -0.645094 0.396240 0.274414 1 4 1.000000
1efc_stn06_body_mesh1
4 -8.489472 -18.272572 20.455397 -0.573256 0.751498 0.326539 0.651367 0.413086 1 4 1.000000
4 -8.227277 -18.217750 20.789434 -0.573256 0.751498 0.326539 0.653809 0.415527 1 4 1.000000
4 -10.119543 -17.102306 14.902168 -0.573238 0.751475 0.326625 0.602539 0.395508 1 4 1.000000
1efc_stn06_body_mesh1
4 -8.227277 -18.217750 20.789434 -0.573256 0.751498 0.326539 0.653809 0.415527 1 4 1.000000
4 -11.319715 -16.393341 11.164730 -0.189027 -0.978706 -0.080017 0.570312 0.382812 1 4 1.000000
4 -10.119543 -17.102306 14.902168 -0.573238 0.751475 0.326625 0.602539 0.395508 1 4 1.000000
1efc_stn06_body_mesh1
4 -1.020450 -13.207696 21.911106 0.084844 -0.050737 0.995102 0.645508 0.492188 1 4 1.000000
4 2.543360 -10.565220 22.086212 -0.573256 0.751498 0.326539 0.637695 0.530029 1 4 1.000000
4 -2.539856 -14.305875 21.771060 -0.573220 0.751451 0.326710 0.647949 0.476074 1 4 1.000000
1efc_stn06_body_mesh1
4 2.543360 -10.565220 22.086212 -0.573256 0.751498 0.326539 0.637695 0.530029 1 4 1.000000
4 -3.637443 -15.103894 21.680748 -0.573256 0.751498 0.326539 0.649902 0.464355 1 4 1.000000
4 -2.539856 -14.305875 21.771060 -0.573220 0.751451 0.326710 0.647949 0.476074 1 4 1.000000
1efc_stn06_body_mesh1
4 2.929236 -10.285044 22.118840 -0.573256 0.751498 0.326539 0.636719 0.534180 1 4 1.000000
4 -18.182777 -12.031108 -10.916251 -0.171282 -0.457196 -0.872717 0.378906 0.309570 1 4 1.000000
4 2.543360 -10.565220 22.086212 -0.573256 0.751498 0.326539 0.637695 0.530029 1 4 1.000000
1efc_stn06_body_mesh1
4 -18.182777 -12.031108 -10.916251 -0.171282 -0.457196 -0.872717 0.378906 0.309570 1 4 1.000000
4 -21.441704 -14.642983 -10.626681 -0.236134 -0.588238 -0.773445 0.390137 0.274902 1 4 1.000000
4 2.543360 -10.565220 22.086212 -0.573256 0.751498 0.326539 0.637695 0.530029 1 4 1.000000
1efc_stn06_body_mesh1
4 7.770758 -10.641003 21.842243 0.909309 -0.194365 0.367939 0.392334 0.228516 1 4 1.000000
4 7.769678 -10.715256 21.844513 0.908688 -0.197607 0.367748 0.391846 0.229004 1 4 1.000000
4 7.763601 -10.660267 21.637200 0.910919 -0.197595 0.362193 0.391602 0.227539 1 4 1.000000
1efc_stn06_body_mesh1
4 7.769678 -10.715256 21.844513 0.908688 -0.197607 0.367748 0.391846 0.229004 1 4 1.000000
4 6.650605 -11.260861 14.616131 0.876831 -0.433933 0.207048 0.359131 0.203613 1 4 1.000000
4 7.763601 -10.660267 21.637200 0.910919 -0.197595 0.362193 0.391602 0.227539 1 4 1.000000
1efc_stn06_body_mesh1
4 5.091189 -13.354606 -8.221489 0.776301 -0.576980 -0.253871 0.325195 0.887573 1 4 1.000000
4 4.823247 -14.724612 -8.194223 0.712805 -0.653250 -0.255292 0.310547 0.881287 1 4 1.000000
4 3.892876 -13.480765 -10.377417 0.486399 -0.467896 -0.737895 0.320801 0.877380 1 4 1.000000
1efc_stn06_body_mesh1
4 4.823247 -14.724612 -8.194223 0.712805 -0.653250 -0.255292 0.310547 0.881287 1 4 1.000000
4 3.702512 -13.960938 -10.545248 0.435759 -0.478746 -0.762179 0.315430 0.874390 1 4 1.000000
4 3.892876 -13.480765 -10.377417 0.486399 -0.467896 -0.737895 0.320801 0.877380 1 4 1.000000
1efc_stn06_body_mesh1
4 3.892876 -13.480765 -10.377417 0.486399 -0.467896 -0.737895 0.320801 0.877380 1 4 1.000000
4 3.702512 -13.960938 -10.545248 0.435759 -0.478746 -0.762179 0.315430 0.874390 1 4 1.000000
4 3.818090 -13.492499 -10.552031 0.447035 -0.456644 -0.769179 0.320557 0.876709 1 4 1.000000
1efc_stn06_body_mesh1
4 3.702512 -13.960938 -10.545248 0.435759 -0.478746 -0.762179 0.315430 0.874390 1 4 1.000000
4 2.874737 -13.434026 -10.611114 0.415337 -0.458349 -0.785755 0.316650 0.869507 1 4 1.000000
4 3.818090 -13.492499 -10.552031 0.447035 -0.456644 -0.769179 0.320557 0.876709 1 4 1.000000
1efc_stn06_body_mesh1
4 7.770758 -10.641003 21.842243 0.909309 -0.194365 0.367939 0.588867 0.500977 1 4 1.000000
4 7.763601 -10.660267 21.637200 0.910919 -0.197595 0.362193 0.587402 0.500977 1 4 1.000000
4 7.758017 -10.638809 21.856026 0.909232 -0.193987 0.368328 0.589355 0.500977 1 4 1.000000
1efc_stn06_body_mesh1
4 7.763601 -10.660267 21.637200 0.910919 -0.197595 0.362193 0.587402 0.500977 1 4 1.000000
4 6.871613 -10.518328 22.480870 0.067565 0.993110 -0.095744 0.594727 0.493164 1 4 1.000000
4 7.758017 -10.638809 21.856026 0.909232 -0.193987 0.368328 0.589355 0.500977 1 4 1.000000
1efc_stn06_body_mesh1
4 7.758017 -10.638809 21.856026 0.909232 -0.193987 0.368328 0.589355 0.500977 1 4 1.000000
4 6.871613 -10.518328 22.480870 0.067565 0.993110 -0.095744 0.594727 0.493164 1 4 1.000000
4 7.716577 -10.631927 21.898197 0.067565 0.993110 -0.095744 0.589355 0.500732 1 4 1.000000
1efc_stn06_body_mesh1
4 5.377759 -13.034091 -4.691658 0.795443 -0.566314 -0.215777 0.356934 0.480469 1 4 1.000000
4 5.091189 -13.354606 -8.221489 0.776301 -0.576980 -0.253871 0.325928 0.478027 1 4 1.000000
4 6.650605 -11.260861 14.616131 0.067565 0.993119 -0.095650 0.525879 0.491211 1 4 1.000000
1efc_stn06_body_mesh1
4 5.091189 -13.354606 -8.221489 0.776301 -0.576980 -0.253871 0.325928 0.478027 1 4 1.000000
4 3.892876 -13.480765 -10.377417 0.067542 0.993121 -0.095650 0.307129 0.467285 1 4 1.000000
4 6.650605 -11.260861 14.616131 0.067565 0.993119 -0.095650 0.525879 0.491211 1 4 1.000000
1efc_stn06_body_mesh1
4 6.650605 -11.260861 14.616131 0.067565 0.993119 -0.095650 0.525879 0.491211 1 4 1.000000
4 3.892876 -13.480765 -10.377417 0.067542 0.993121 -0.095650 0.307129 0.467285 1 4 1.000000
4 -6.423415 -12.833997 -10.947711 0.067565 0.993119 -0.095650 0.302734 0.376953 1 4 1.000000
1efc_stn06_body_mesh1
4 3.892876 -13.480765 -10.377417 0.067542 0.993121 -0.095650 0.307129 0.467285 1 4 1.000000
4 2.874737 -13.434026 -10.611114 0.415337 -0.458349 -0.785755 0.305176 0.458496 1 4 1.000000
4 -6.423415 -12.833997 -10.947711 0.067565 0.993119 -0.095650 0.302734 0.376953 1 4 1.000000
1efc_stn06_body_mesh1
4 -6.423415 -12.833997 -10.947711 0.067565 0.993119 -0.095650 0.302734 0.376953 1 4 1.000000
4 2.874737 -13.434026 -10.611114 0.415337 -0.458349 -0.785755 0.305176 0.458496 1 4 1.000000
4 -3.997493 -12.993005 -10.885402 0.123837 -0.444229 -0.887313 0.303223 0.398438 1 4 1.000000
1efc_stn06_body_mesh1
4 6.650605 -11.260861 14.616131 0.067565 0.993119 -0.095650 0.525879 0.491211 1 4 1.000000
4 -6.423415 -12.833997 -10.947711 0.067565 0.993119 -0.095650 0.302734 0.376953 1 4 1.000000
4 7.763601 -10.660267 21.637200 0.910919 -0.197595 0.362193 0.587402 0.500977 1 4 1.000000
1efc_stn06_body_mesh1
4 -6.423415 -12.833997 -10.947711 0.067565 0.993119 -0.095650 0.302734 0.376953 1 4 1.000000
4 6.756579 -10.500246 22.587360 0.067183 0.993099 -0.096125 0.595703 0.492188 1 4 1.000000
4 7.763601 -10.660267 21.637200 0.910919 -0.197595 0.362193 0.587402 0.500977 1 4 1.000000
1efc_stn06_body_mesh1
4 7.763601 -10.660267 21.637200 0.910919 -0.197595 0.362193 0.587402 0.500977 1 4 1.000000
4 6.756579 -10.500246 22.587360 0.067183 0.993099 -0.096125 0.595703 0.492188 1 4 1.000000
4 6.871613 -10.518328 22.480870 0.067565 0.993110 -0.095744 0.594727 0.493164 1 4 1.000000
1efc_stn06_body_mesh1
4 -11.369754 -12.494039 -10.911227 0.067517 0.993113 -0.095745 0.303223 0.333984 1 4 1.000000
4 -18.182777 -12.031108 -10.916251 0.067518 0.993123 -0.095650 0.303711 0.274414 1 4 1.000000
4 -9.215280 -12.638925 -10.894019 0.067517 0.993113 -0.095745 0.303467 0.352539 1 4 1.000000
1efc_stn06_body_mesh1
4 -18.182777 -12.031108 -10.916251 0.067518 0.993123 -0.095650 0.303711 0.274414 1 4 1.000000
4 6.756579 -10.500246 22.587360 0.067183 0.993099 -0.096125 0.595703 0.492188 1 4 1.000000
4 -9.215280 -12.638925 -10.894019 0.067517 0.993113 -0.095745 0.303467 0.352539 1 4 1.000000
1efc_stn06_body_mesh1
4 -9.215280 -12.638925 -10.894019 0.067517 0.993113 -0.095745 0.303467 0.352539 1 4 1.000000
4 6.756579 -10.500246 22.587360 0.067183 0.993099 -0.096125 0.595703 0.492188 1 4 1.000000
4 -6.423415 -12.833997 -10.947711 0.067565 0.993119 -0.095650 0.302734 0.376953 1 4 1.000000
1efc_stn06_body_mesh1
3 7.217883 16.384192 21.620514 0.487450 -0.086598 0.868846 0.621094 0.213379 1 3 1.000000
3 7.599965 16.458363 20.941540 0.900738 -0.005913 0.434323 0.621582 0.208984 1 3 1.000000
3 7.550994 20.405598 21.638672 0.503297 0.070387 0.861242 0.674316 0.229492 1 3 1.000000
1efc_stn06_body_mesh1
3 7.599965 16.458363 20.941540 0.900738 -0.005913 0.434323 0.621582 0.208984 1 3 1.000000
3 7.730204 16.483902 20.705410 0.968504 0.018120 0.248337 0.622070 0.207520 1 3 1.000000
3 7.550994 20.405598 21.638672 0.503297 0.070387 0.861242 0.674316 0.229492 1 3 1.000000
1efc_stn06_body_mesh1
3 7.550994 20.405598 21.638672 0.503297 0.070387 0.861242 0.674316 0.229492 1 3 1.000000
3 7.730204 16.483902 20.705410 0.968504 0.018120 0.248337 0.622070 0.207520 1 3 1.000000
3 8.085901 20.800423 20.713438 0.958603 0.173945 0.225441 0.680176 0.225586 1 3 1.000000
1efc_stn06_body_mesh1
3 7.730204 16.483902 20.705410 0.968504 0.018120 0.248337 0.622070 0.207520 1 3 1.000000
3 7.381034 19.794670 7.880333 0.977202 0.205606 -0.052927 0.666992 0.152344 1 3 1.000000
3 8.085901 20.800423 20.713438 0.958603 0.173945 0.225441 0.680176 0.225586 1 3 1.000000
1efc_stn06_body_mesh1
3 8.085901 20.800423 20.713438 0.958603 0.173945 0.225441 0.680176 0.225586 1 3 1.000000
3 7.381034 19.794670 7.880333 0.977202 0.205606 -0.052927 0.666992 0.152344 1 3 1.000000
3 6.152619 22.349266 8.964375 0.970749 0.227166 -0.077725 0.699707 0.166992 1 3 1.000000
1efc_stn06_body_mesh1
3 7.381034 19.794670 7.880333 0.977202 0.205606 -0.052927 0.666992 0.152344 1 3 1.000000
3 6.575171 20.153503 -1.982802 0.973055 0.172801 -0.152655 0.674805 0.112793 1 3 1.000000
3 6.152619 22.349266 8.964375 0.970749 0.227166 -0.077725 0.699707 0.166992 1 3 1.000000
1efc_stn06_body_mesh1
3 6.152619 22.349266 8.964375 0.970749 0.227166 -0.077725 0.699707 0.166992 1 3 1.000000
3 6.575171 20.153503 -1.982802 0.973055 0.172801 -0.152655 0.674805 0.112793 1 3 1.000000
3 6.037526 21.844810 -8.596476 0.927267 0.298694 -0.225737 0.686035 0.088867 1 3 1.000000
1efc_stn06_body_mesh1
3 6.575171 20.153503 -1.982802 0.973055 0.172801 -0.152655 0.674805 0.112793 1 3 1.000000
3 7.381034 19.794670 7.880333 0.977202 0.205606 -0.052927 0.666992 0.152344 1 3 1.000000
3 7.173272 19.411121 1.515252 0.977542 0.180431 -0.108883 0.664062 0.124512 1 3 1.000000
1efc_stn06_body_mesh1
3 7.381034 19.794670 7.880333 0.977202 0.205606 -0.052927 0.666992 0.152344 1 3 1.000000
3 7.230836 18.702656 4.010138 0.981478 0.174523 -0.079012 0.656250 0.131836 1 3 1.000000
3 7.173272 19.411121 1.515252 0.977542 0.180431 -0.108883 0.664062 0.124512 1 3 1.000000
1efc_stn06_body_mesh1
3 7.730204 16.483902 20.705410 0.968504 0.018120 0.248337 0.622070 0.207520 1 3 1.000000
3 7.536328 16.706005 16.328718 0.987076 0.050162 0.152203 0.625000 0.185059 1 3 1.000000
3 7.381034 19.794670 7.880333 0.977202 0.205606 -0.052927 0.666992 0.152344 1 3 1.000000
1efc_stn06_body_mesh1
3 7.536328 16.706005 16.328718 0.987076 0.050162 0.152203 0.625000 0.185059 1 3 1.000000
3 7.230836 18.702656 4.010138 0.981478 0.174523 -0.079012 0.656250 0.131836 1 3 1.000000
3 7.381034 19.794670 7.880333 0.977202 0.205606 -0.052927 0.666992 0.152344 1 3 1.000000
1efc_stn06_body_mesh1
3 6.037526 21.844810 -8.596476 0.927267 0.298694 -0.225737 0.651855 0.928894 1 3 1.000000
3 5.387166 21.954174 -10.035727 0.656797 0.311662 -0.686647 0.652832 0.921814 1 3 1.000000
3 4.503928 27.700077 -8.252949 0.770317 0.582340 -0.259792 0.709961 0.905151 1 3 1.000000
1efc_stn06_body_mesh1
3 5.387166 21.954174 -10.035727 0.656797 0.311662 -0.686647 0.652832 0.921814 1 3 1.000000
3 4.955535 21.968327 -10.792962 0.509588 0.229641 -0.829207 0.652344 0.919128 1 3 1.000000
3 4.503928 27.700077 -8.252949 0.770317 0.582340 -0.259792 0.709961 0.905151 1 3 1.000000
1efc_stn06_body_mesh1
3 4.503928 27.700077 -8.252949 0.770317 0.582340 -0.259792 0.709961 0.905151 1 3 1.000000
3 4.955535 21.968327 -10.792962 0.509588 0.229641 -0.829207 0.652344 0.919128 1 3 1.000000
3 3.463738 26.944134 -10.538313 0.461425 0.373279 -0.804829 0.700684 0.900146 1 3 1.000000
1efc_stn06_body_mesh1
3 4.955535 21.968327 -10.792962 0.509588 0.229641 -0.829207 0.652344 0.919128 1 3 1.000000
3 1.169009 20.222061 -10.509485 -0.046729 0.022125 -0.998663 0.629883 0.894897 1 3 1.000000
3 3.463738 26.944134 -10.538313 0.461425 0.373279 -0.804829 0.700684 0.900146 1 3 1.000000
1efc_stn06_body_mesh1
3 3.463738 26.944134 -10.538313 0.461425 0.373279 -0.804829 0.700684 0.900146 1 3 1.000000
3 1.169009 20.222061 -10.509485 -0.046729 0.022125 -0.998663 0.629883 0.894897 1 3 1.000000
3 -9.474239 24.172047 -10.576372 0.006675 0.000000 -0.999978 0.646973 0.811035 1 3 1.000000
1efc_stn06_body_mesh1
3 1.169009 20.222061 -10.509485 -0.046729 0.022125 -0.998663 0.629883 0.894897 1 3 1.000000
3 -4.992254 17.066970 -10.533974 -0.006485 0.037194 -0.999287 0.589355 0.850220 1 3 1.000000
3 -9.474239 24.172047 -10.576372 0.006675 0.000000 -0.999978 0.646973 0.811035 1 3 1.000000
1efc_stn06_body_mesh1
3 -9.474239 24.172047 -10.576372 0.006675 0.000000 -0.999978 0.646973 0.811035 1 3 1.000000
3 -4.992254 17.066970 -10.533974 -0.006485 0.037194 -0.999287 0.589355 0.850220 1 3 1.000000
3 -13.023874 16.207863 -10.627379 0.010014 0.053407 -0.998523 0.561035 0.773560 1 3 1.000000
1efc_stn06_body_mesh1
3 -4.992254 17.066970 -10.533974 -0.006485 0.037194 -0.999287 0.589355 0.850220 1 3 1.000000
3 -5.226446 16.954220 -10.536810 -0.006056 0.038147 -0.999254 0.587891 0.847900 1 3 1.000000
3 -13.023874 16.207863 -10.627379 0.010014 0.053407 -0.998523 0.561035 0.773560 1 3 1.000000
1efc_stn06_body_mesh1
3 -4.992254 17.066970 -10.533974 -0.006485 0.037194 -0.999287 0.589355 0.850220 1 3 1.000000
3 1.169009 20.222061 -10.509485 -0.046729 0.022125 -0.998663 0.629883 0.894897 1 3 1.000000
3 1.075500 20.002724 -10.509407 -0.045836 0.023079 -0.998682 0.627930 0.894348 1 3 1.000000
1efc_stn06_body_mesh1
3 1.169009 20.222061 -10.509485 -0.046729 0.022125 -0.998663 0.629883 0.894897 1 3 1.000000
3 1.395488 20.164162 -10.530537 -0.018799 0.028037 -0.999430 0.629395 0.896606 1 3 1.000000
3 1.075500 20.002724 -10.509407 -0.045836 0.023079 -0.998682 0.627930 0.894348 1 3 1.000000
1efc_stn06_body_mesh1
3 4.503928 27.700077 -8.252949 0.770317 0.582340 -0.259792 0.709961 0.905151 1 3 1.000000
3 3.463738 26.944134 -10.538313 0.461425 0.373279 -0.804829 0.700684 0.900146 1 3 1.000000
3 0.184346 30.288982 -8.182677 0.296875 0.923332 -0.243564 0.715820 0.871460 1 3 1.000000
1efc_stn06_body_mesh1
3 3.463738 26.944134 -10.538313 0.461425 0.373279 -0.804829 0.700684 0.900146 1 3 1.000000
3 -1.257607 29.717380 -10.489255 0.130524 0.604255 -0.786028 0.708496 0.865112 1 3 1.000000
3 0.184346 30.288982 -8.182677 0.296875 0.923332 -0.243564 0.715820 0.871460 1 3 1.000000
1efc_stn06_body_mesh1
3 0.184346 30.288982 -8.182677 0.296875 0.923332 -0.243564 0.715820 0.871460 1 3 1.000000
3 -1.257607 29.717380 -10.489255 0.130524 0.604255 -0.786028 0.708496 0.865112 1 3 1.000000
3 -6.199644 30.712887 -8.215879 0.294861 0.928450 -0.225914 0.722168 0.837769 1 3 1.000000
1efc_stn06_body_mesh1
3 -1.257607 29.717380 -10.489255 0.130524 0.604255 -0.786028 0.708496 0.865112 1 3 1.000000
3 -6.792181 29.792877 -10.544723 0.169173 0.442674 -0.880579 0.710938 0.833740 1 3 1.000000
3 -6.199644 30.712887 -8.215879 0.294861 0.928450 -0.225914 0.722168 0.837769 1 3 1.000000
1efc_stn06_body_mesh1
3 -6.199644 30.712887 -8.215879 0.294861 0.928450 -0.225914 0.722168 0.837769 1 3 1.000000
3 -6.792181 29.792877 -10.544723 0.169173 0.442674 -0.880579 0.710938 0.833740 1 3 1.000000
3 -8.175982 30.658280 -10.576993 0.025560 0.607149 -0.794177 0.710938 0.824097 1 3 1.000000
1efc_stn06_body_mesh1
3 -6.792181 29.792877 -10.544723 0.169173 0.442674 -0.880579 0.710938 0.833740 1 3 1.000000
3 -9.474239 24.172047 -10.576372 0.006675 0.000000 -0.999978 0.646973 0.811035 1 3 1.000000
3 -8.175982 30.658280 -10.576993 0.025560 0.607149 -0.794177 0.710938 0.824097 1 3 1.000000
1efc_stn06_body_mesh1
3 -8.175982 30.658280 -10.576993 0.025560 0.607149 -0.794177 0.710938 0.824097 1 3 1.000000
3 -9.474239 24.172047 -10.576372 0.006675 0.000000 -0.999978 0.646973 0.811035 1 3 1.000000
3 -13.462553 27.828472 -10.635240 -0.119589 0.457949 -0.880898 0.670898 0.778076 1 3 1.000000
1efc_stn06_body_mesh1
3 -9.474239 24.172047 -10.576372 0.006675 0.000000 -0.999978 0.646973 0.811035 1 3 1.000000
3 -13.023874 16.207863 -10.627379 0.010014 0.053407 -0.998523 0.561035 0.773560 1 3 1.000000
3 -13.462553 27.828472 -10.635240 -0.119589 0.457949 -0.880898 0.670898 0.778076 1 3 1.000000
1efc_stn06_body_mesh1
3 -13.462553 27.828472 -10.635240 -0.119589 0.457949 -0.880898 0.670898 0.778076 1 3 1.000000
3 -13.023874 16.207863 -10.627379 0.010014 0.053407 -0.998523 0.561035 0.773560 1 3 1.000000
3 -13.494634 16.162882 -10.634269 0.000000 0.093081 -0.995659 0.559570 0.769287 1 3 1.000000
1efc_stn06_body_mesh1
3 -6.199644 30.712887 -8.215879 0.294861 0.928450 -0.225914 0.722168 0.837769 1 3 1.000000
3 -8.175982 30.658280 -10.576993 0.025560 0.607149 -0.794177 0.710938 0.824097 1 3 1.000000
3 -7.854123 31.927150 -8.248818 0.105053 0.958682 -0.264372 0.724121 0.826904 1 3 1.000000
1efc_stn06_body_mesh1
3 -8.175982 30.658280 -10.576993 0.025560 0.607149 -0.794177 0.710938 0.824097 1 3 1.000000
3 -14.363716 28.677845 -8.306046 -0.176712 0.948125 -0.264258 0.676270 0.770508 1 3 1.000000
3 -7.854123 31.927150 -8.248818 0.105053 0.958682 -0.264372 0.724121 0.826904 1 3 1.000000
1efc_stn06_body_mesh1
3 -8.175982 30.658280 -10.576993 0.025560 0.607149 -0.794177 0.710938 0.824097 1 3 1.000000
3 -13.462553 27.828472 -10.635240 -0.119589 0.457949 -0.880898 0.670898 0.778076 1 3 1.000000
3 -14.363716 28.677845 -8.306046 -0.176712 0.948125 -0.264258 0.676270 0.770508 1 3 1.000000
1efc_stn06_body_mesh1
3 -13.462553 27.828472 -10.635240 -0.119589 0.457949 -0.880898 0.670898 0.778076 1 3 1.000000
3 -21.689442 27.991665 -10.591337 -0.004196 0.553154 -0.833069 0.633789 0.719971 1 3 1.000000
3 -14.363716 28.677845 -8.306046 -0.176712 0.948125 -0.264258 0.676270 0.770508 1 3 1.000000
1efc_stn06_body_mesh1
3 -14.363716 28.677845 -8.306046 -0.176712 0.948125 -0.264258 0.676270 0.770508 1 3 1.000000
3 -21.689442 27.991665 -10.591337 -0.004196 0.553154 -0.833069 0.633789 0.719971 1 3 1.000000
3 -22.159939 29.036644 -8.269712 -0.025939 0.969467 -0.243845 0.640625 0.716064 1 3 1.000000
1efc_stn06_body_mesh1
3 -21.689442 27.991665 -10.591337 -0.004196 0.553154 -0.833069 0.633789 0.719971 1 3 1.000000
3 -27.366802 28.942177 -8.224764 -0.678628 0.707429 -0.197504 0.604980 0.661865 1 3 1.000000
3 -22.159939 29.036644 -8.269712 -0.025939 0.969467 -0.243845 0.640625 0.716064 1 3 1.000000
1efc_stn06_body_mesh1
3 -13.494634 16.162882 -10.634269 0.000000 0.093081 -0.995659 0.559570 0.769287 1 3 1.000000
3 -14.108466 16.103554 -10.630990 0.009441 0.098036 -0.995138 0.556152 0.764893 1 3 1.000000
3 -13.462553 27.828472 -10.635240 -0.119589 0.457949 -0.880898 0.670898 0.778076 1 3 1.000000
1efc_stn06_body_mesh1
3 -14.108466 16.103554 -10.630990 0.009441 0.098036 -0.995138 0.556152 0.764893 1 3 1.000000
3 -21.689442 27.991665 -10.591337 -0.004196 0.553154 -0.833069 0.633789 0.719971 1 3 1.000000
3 -13.462553 27.828472 -10.635240 -0.119589 0.457949 -0.880898 0.670898 0.778076 1 3 1.000000
1efc_stn06_body_mesh1
3 3.463738 26.944134 -10.538313 0.461425 0.373279 -0.804829 0.700684 0.900146 1 3 1.000000
3 -9.474239 24.172047 -10.576372 0.006675 0.000000 -0.999978 0.646973 0.811035 1 3 1.000000
3 -1.257607 29.717380 -10.489255 0.130524 0.604255 -0.786028 0.708496 0.865112 1 3 1.000000
1efc_stn06_body_mesh1
3 -9.474239 24.172047 -10.576372 0.006675 0.000000 -0.999978 0.646973 0.811035 1 3 1.000000
3 -6.792181 29.792877 -10.544723 0.169173 0.442674 -0.880579 0.710938 0.833740 1 3 1.000000
3 -1.257607 29.717380 -10.489255 0.130524 0.604255 -0.786028 0.708496 0.865112 1 3 1.000000
1efc_stn06_body_mesh1
3 -27.366802 28.942177 -8.224764 -0.678628 0.707429 -0.197504 0.787598 0.586670 1 3 1.000000
3 -25.298923 29.088795 10.998215 -0.631296 0.766519 -0.117963 0.702637 0.567871 1 3 1.000000
3 -22.159939 29.036644 -8.269712 -0.025939 0.969467 -0.243845 0.802246 0.521240 1 3 1.000000
1efc_stn06_body_mesh1
3 -25.298923 29.088795 10.998215 -0.631296 0.766519 -0.117963 0.702637 0.567871 1 3 1.000000
3 -22.421337 31.789898 19.228210 -0.110631 0.908893 0.402087 0.647461 0.506104 1 3 1.000000
3 -22.159939 29.036644 -8.269712 -0.025939 0.969467 -0.243845 0.802246 0.521240 1 3 1.000000
1efc_stn06_body_mesh1
3 -22.159939 29.036644 -8.269712 -0.025939 0.969467 -0.243845 0.802246 0.521240 1 3 1.000000
3 -22.421337 31.789898 19.228210 -0.110631 0.908893 0.402087 0.647461 0.506104 1 3 1.000000
3 -14.363716 28.677845 -8.306046 -0.176712 0.948125 -0.264258 0.816406 0.455566 1 3 1.000000
1efc_stn06_body_mesh1
3 -22.421337 31.789898 19.228210 -0.110631 0.908893 0.402087 0.647461 0.506104 1 3 1.000000
3 -17.552656 32.247646 19.439434 0.160784 0.886122 0.434669 0.686523 0.455078 1 3 1.000000
3 -14.363716 28.677845 -8.306046 -0.176712 0.948125 -0.264258 0.816406 0.455566 1 3 1.000000
1efc_stn06_body_mesh1
3 -14.363716 28.677845 -8.306046 -0.176712 0.948125 -0.264258 0.816406 0.455566 1 3 1.000000
3 -17.552656 32.247646 19.439434 0.160784 0.886122 0.434669 0.686523 0.455078 1 3 1.000000
3 -15.051769 31.087875 18.731895 -0.312990 0.909407 0.273890 0.697754 0.434570 1 3 1.000000
1efc_stn06_body_mesh1
3 -17.552656 32.247646 19.439434 0.160784 0.886122 0.434669 0.686523 0.455078 1 3 1.000000
3 -14.737903 29.236279 20.664722 -0.121402 0.206755 0.970832 0.676758 0.429199 1 3 1.000000
3 -15.051769 31.087875 18.731895 -0.312990 0.909407 0.273890 0.697754 0.434570 1 3 1.000000
1efc_stn06_body_mesh1
3 -15.051769 31.087875 18.731895 -0.312990 0.909407 0.273890 0.697754 0.434570 1 3 1.000000
3 -14.737903 29.236279 20.664722 -0.121402 0.206755 0.970832 0.676758 0.429199 1 3 1.000000
3 -14.095606 32.559513 19.763390 -0.599104 0.685507 0.413708 0.707520 0.424316 1 3 1.000000
1efc_stn06_body_mesh1
3 -14.737903 29.236279 20.664722 -0.121402 0.206755 0.970832 0.676758 0.429199 1 3 1.000000
3 -10.044928 32.223022 21.239044 -0.054927 0.387539 0.920215 0.715820 0.391602 1 3 1.000000
3 -14.095606 32.559513 19.763390 -0.599104 0.685507 0.413708 0.707520 0.424316 1 3 1.000000
1efc_stn06_body_mesh1
3 -14.095606 32.559513 19.763390 -0.599104 0.685507 0.413708 0.707520 0.424316 1 3 1.000000
3 -10.044928 32.223022 21.239044 -0.054927 0.387539 0.920215 0.715820 0.391602 1 3 1.000000
3 -9.744134 33.669388 20.047493 0.067706 0.931489 0.357414 0.731445 0.390625 1 3 1.000000
1efc_stn06_body_mesh1
3 -10.044928 32.223022 21.239044 -0.054927 0.387539 0.920215 0.715820 0.391602 1 3 1.000000
3 -7.596390 32.431747 20.264256 0.264956 0.866017 0.424043 0.736816 0.374023 1 3 1.000000
3 -9.744134 33.669388 20.047493 0.067706 0.931489 0.357414 0.731445 0.390625 1 3 1.000000
1efc_stn06_body_mesh1
3 -9.744134 33.669388 20.047493 0.067706 0.931489 0.357414 0.731445 0.390625 1 3 1.000000
3 -7.596390 32.431747 20.264256 0.264956 0.866017 0.424043 0.736816 0.374023 1 3 1.000000
3 -7.854123 31.927150 -8.248818 0.105053 0.958682 -0.264372 0.832520 0.403809 1 3 1.000000
1efc_stn06_body_mesh1
3 -7.596390 32.431747 20.264256 0.264956 0.866017 0.424043 0.736816 0.374023 1 3 1.000000
3 -6.199644 30.712887 -8.215879 0.294861 0.928450 -0.225914 0.839844 0.393555 1 3 1.000000
3 -7.854123 31.927150 -8.248818 0.105053 0.958682 -0.264372 0.832520 0.403809 1 3 1.000000
1efc_stn06_body_mesh1
3 -7.854123 31.927150 -8.248818 0.105053 0.958682 -0.264372 0.832520 0.403809 1 3 1.000000
3 -14.363716 28.677845 -8.306046 -0.176712 0.948125 -0.264258 0.816406 0.455566 1 3 1.000000
3 -9.744134 33.669388 20.047493 0.067706 0.931489 0.357414 0.731445 0.390625 1 3 1.000000
1efc_stn06_body_mesh1
3 -14.363716 28.677845 -8.306046 -0.176712 0.948125 -0.264258 0.816406 0.455566 1 3 1.000000
3 -14.095606 32.559513 19.763390 -0.599104 0.685507 0.413708 0.707520 0.424316 1 3 1.000000
3 -9.744134 33.669388 20.047493 0.067706 0.931489 0.357414 0.731445 0.390625 1 3 1.000000
1efc_stn06_body_mesh1
3 -25.298923 29.088795 10.998215 -0.631296 0.766519 -0.117963 0.702637 0.567871 1 3 1.000000
3 -26.410328 31.304089 19.220856 -0.526983 0.788853 0.316228 0.609863 0.557617 1 3 1.000000
3 -22.421337 31.789898 19.228210 -0.110631 0.908893 0.402087 0.647461 0.506104 1 3 1.000000
1efc_stn06_body_mesh1
3 -26.410328 31.304089 19.220856 -0.526983 0.788853 0.316228 0.609863 0.557617 1 3 1.000000
3 -25.391052 29.619076 20.285755 -0.208477 0.264172 0.941674 0.605469 0.545410 1 3 1.000000
3 -22.421337 31.789898 19.228210 -0.110631 0.908893 0.402087 0.647461 0.506104 1 3 1.000000
1efc_stn06_body_mesh1
3 -22.421337 31.789898 19.228210 -0.110631 0.908893 0.402087 0.647461 0.506104 1 3 1.000000
3 -25.391052 29.619076 20.285755 -0.208477 0.264172 0.941674 0.605469 0.545410 1 3 1.000000
3 -20.940609 30.441540 20.398022 -0.034145 0.294330 0.955094 0.646973 0.491699 1 3 1.000000
1efc_stn06_body_mesh1
3 -25.391052 29.619076 20.285755 -0.208477 0.264172 0.941674 0.605469 0.545410 1 3 1.000000
3 -9.393101 18.421620 21.095194 -0.009824 -0.021936 0.999711 0.600586 0.381836 1 3 1.000000
3 -20.940609 30.441540 20.398022 -0.034145 0.294330 0.955094 0.646973 0.491699 1 3 1.000000
1efc_stn06_body_mesh1
3 -20.940609 30.441540 20.398022 -0.034145 0.294330 0.955094 0.646973 0.491699 1 3 1.000000
3 -9.393101 18.421620 21.095194 -0.009824 -0.021936 0.999711 0.600586 0.381836 1 3 1.000000
3 -14.737903 29.236279 20.664722 -0.121402 0.206755 0.970832 0.676758 0.429199 1 3 1.000000
1efc_stn06_body_mesh1
3 -9.393101 18.421620 21.095194 -0.009824 -0.021936 0.999711 0.600586 0.381836 1 3 1.000000
3 -10.044928 32.223022 21.239044 -0.054927 0.387539 0.920215 0.715820 0.391602 1 3 1.000000
3 -14.737903 29.236279 20.664722 -0.121402 0.206755 0.970832 0.676758 0.429199 1 3 1.000000
1efc_stn06_body_mesh1
3 -14.737903 29.236279 20.664722 -0.121402 0.206755 0.970832 0.676758 0.429199 1 3 1.000000
3 -17.552656 32.247646 19.439434 0.160784 0.886122 0.434669 0.686523 0.455078 1 3 1.000000
3 -20.940609 30.441540 20.398022 -0.034145 0.294330 0.955094 0.646973 0.491699 1 3 1.000000
1efc_stn06_body_mesh1
3 -17.552656 32.247646 19.439434 0.160784 0.886122 0.434669 0.686523 0.455078 1 3 1.000000
3 -22.421337 31.789898 19.228210 -0.110631 0.908893 0.402087 0.647461 0.506104 1 3 1.000000
3 -20.940609 30.441540 20.398022 -0.034145 0.294330 0.955094 0.646973 0.491699 1 3 1.000000
1efc_stn06_body_mesh1
3 7.217883 16.384192 21.620514 0.487487 -0.086596 0.868826 0.621094 0.213379 1 3 1.000000
3 7.550994 20.405598 21.638672 0.503297 0.070387 0.861242 0.674316 0.229492 1 3 1.000000
3 4.139770 16.090628 21.565380 0.253027 0.078970 0.964231 0.623047 0.260742 1 3 1.000000
1efc_stn06_body_mesh1
3 7.550994 20.405598 21.638672 0.503297 0.070387 0.861242 0.674316 0.229492 1 3 1.000000
3 2.889819 15.971991 21.532593 0.141431 0.089265 0.985915 0.623047 0.275391 1 3 1.000000
3 4.139770 16.090628 21.565380 0.253027 0.078970 0.964231 0.623047 0.260742 1 3 1.000000
1efc_stn06_body_mesh1
3 -29.403900 12.991453 19.147903 0.095747 -0.993899 -0.054740 0.427490 0.251953 1 3 1.000000
3 -29.416245 13.082582 17.469833 0.095747 -0.993899 -0.054740 0.439941 0.251953 1 3 1.000000
3 -29.121696 13.003515 19.422924 0.095747 -0.993899 -0.054740 0.425293 0.253906 1 3 1.000000
1efc_stn06_body_mesh1
3 -29.416245 13.082582 17.469833 0.095747 -0.993899 -0.054740 0.439941 0.251953 1 3 1.000000
3 -29.017975 14.493588 -7.480382 0.095747 -0.993902 -0.054692 0.624512 0.254883 1 3 1.000000
3 -29.121696 13.003515 19.422924 0.095747 -0.993899 -0.054740 0.425293 0.253906 1 3 1.000000
1efc_stn06_body_mesh1
3 -29.121696 13.003515 19.422924 0.095747 -0.993899 -0.054740 0.425293 0.253906 1 3 1.000000
3 -29.017975 14.493588 -7.480382 0.095747 -0.993902 -0.054692 0.624512 0.254883 1 3 1.000000
3 -22.190151 13.624474 20.276281 0.095747 -0.993899 -0.054740 0.419434 0.305664 1 3 1.000000
1efc_stn06_body_mesh1
3 -29.017975 14.493588 -7.480382 0.095747 -0.993902 -0.054692 0.624512 0.254883 1 3 1.000000
3 -4.263644 15.332033 20.635883 -0.021888 0.035479 0.999131 0.417236 0.438477 1 3 1.000000
3 -22.190151 13.624474 20.276281 0.095747 -0.993899 -0.054740 0.419434 0.305664 1 3 1.000000
1efc_stn06_body_mesh1
3 -22.190151 13.624474 20.276281 0.095747 -0.993899 -0.054740 0.419434 0.305664 1 3 1.000000
3 -4.263644 15.332033 20.635883 -0.021888 0.035479 0.999131 0.417236 0.438477 1 3 1.000000
3 -16.048666 14.191443 20.727165 -0.209053 0.026322 0.977550 0.416260 0.351074 1 3 1.000000
1efc_stn06_body_mesh1
3 -4.263644 15.332033 20.635883 -0.021888 0.035479 0.999131 0.417236 0.438477 1 3 1.000000
3 -4.952456 15.264479 20.657413 0.095747 -0.993899 -0.054740 0.417236 0.433594 1 3 1.000000
3 -16.048666 14.191443 20.727165 -0.209053 0.026322 0.977550 0.416260 0.351074 1 3 1.000000
1efc_stn06_body_mesh1
3 -16.048666 14.191443 20.727165 -0.209053 0.026322 0.977550 0.416260 0.351074 1 3 1.000000
3 -4.952456 15.264479 20.657413 0.095747 -0.993899 -0.054740 0.417236 0.433594 1 3 1.000000
3 -9.158529 14.835722 21.084053 0.095747 -0.993899 -0.054740 0.413818 0.402344 1 3 1.000000
1efc_stn06_body_mesh1
3 -29.382350 13.370553 12.294775 -0.998313 0.034714 0.046540 0.478271 0.251953 1 3 1.000000
3 -29.359478 13.430551 11.244268 -0.999525 0.029375 -0.009347 0.486084 0.251953 1 3 1.000000
3 -29.416245 13.082582 17.469833 0.095747 -0.993899 -0.054740 0.439941 0.251953 1 3 1.000000
1efc_stn06_body_mesh1
3 -29.359478 13.430551 11.244268 -0.999525 0.029375 -0.009347 0.486084 0.251953 1 3 1.000000
3 -29.017975 14.493588 -7.480382 0.095747 -0.993902 -0.054692 0.624512 0.254883 1 3 1.000000
3 -29.416245 13.082582 17.469833 0.095747 -0.993899 -0.054740 0.439941 0.251953 1 3 1.000000
1efc_stn06_body_mesh1
3 -29.030819 14.533892 -8.235477 0.095747 -0.993905 -0.054645 0.630371 0.254395 1 3 1.000000
3 -28.943520 14.555445 -8.474373 0.095747 -0.993905 -0.054645 0.631836 0.255371 1 3 1.000000
3 -29.017975 14.493588 -7.480382 0.095747 -0.993902 -0.054692 0.624512 0.254883 1 3 1.000000
1efc_stn06_body_mesh1
3 -28.943520 14.555445 -8.474373 0.095747 -0.993905 -0.054645 0.631836 0.255371 1 3 1.000000
3 -26.764591 14.886978 -10.684287 0.095747 -0.993905 -0.054645 0.648438 0.271484 1 3 1.000000
3 -29.017975 14.493588 -7.480382 0.095747 -0.993902 -0.054692 0.624512 0.254883 1 3 1.000000
1efc_stn06_body_mesh1
3 -29.017975 14.493588 -7.480382 0.095747 -0.993902 -0.054692 0.624512 0.254883 1 3 1.000000
3 -26.764591 14.886978 -10.684287 0.095747 -0.993905 -0.054645 0.648438 0.271484 1 3 1.000000
3 -21.135006 15.424547 -10.595537 0.095747 -0.993905 -0.054645 0.647949 0.313477 1 3 1.000000
1efc_stn06_body_mesh1
3 -21.135006 15.424547 -10.595537 0.095747 -0.993905 -0.054645 0.647949 0.313477 1 3 1.000000
3 -15.052760 16.012167 -10.623761 0.095748 -0.993915 -0.054455 0.648438 0.358398 1 3 1.000000
3 -29.017975 14.493588 -7.480382 0.095747 -0.993902 -0.054692 0.624512 0.254883 1 3 1.000000
1efc_stn06_body_mesh1
3 -15.052760 16.012167 -10.623761 0.095748 -0.993915 -0.054455 0.648438 0.358398 1 3 1.000000
3 4.139770 16.090628 21.565380 0.095747 -0.993899 -0.054740 0.410889 0.500977 1 3 1.000000
3 -29.017975 14.493588 -7.480382 0.095747 -0.993902 -0.054692 0.624512 0.254883 1 3 1.000000
1efc_stn06_body_mesh1
3 -29.017975 14.493588 -7.480382 0.095747 -0.993902 -0.054692 0.624512 0.254883 1 3 1.000000
3 4.139770 16.090628 21.565380 0.095747 -0.993899 -0.054740 0.410889 0.500977 1 3 1.000000
3 -3.455559 15.408274 20.665438 0.095772 -0.993908 -0.054550 0.417236 0.444824 1 3 1.000000
1efc_stn06_body_mesh1
3 4.139770 16.090628 21.565380 0.095747 -0.993899 -0.054740 0.410889 0.500977 1 3 1.000000
3 2.889819 15.971991 21.532593 0.095771 -0.993897 -0.054740 0.410889 0.491699 1 3 1.000000
3 -3.455559 15.408274 20.665438 0.095772 -0.993908 -0.054550 0.417236 0.444824 1 3 1.000000
1efc_stn06_body_mesh1
3 -14.108466 16.103554 -10.630990 0.009441 0.098036 -0.995138 0.648438 0.365723 1 3 1.000000
3 -13.494634 16.162882 -10.634269 0.095747 -0.993899 -0.054740 0.648438 0.370117 1 3 1.000000
3 -14.462255 16.069273 -10.627532 -0.025558 0.088881 -0.995714 0.648438 0.362793 1 3 1.000000
1efc_stn06_body_mesh1
3 -13.494634 16.162882 -10.634269 0.095747 -0.993899 -0.054740 0.648438 0.370117 1 3 1.000000
3 -13.023874 16.207863 -10.627379 0.095747 -0.993905 -0.054645 0.648438 0.373535 1 3 1.000000
3 -14.462255 16.069273 -10.627532 -0.025558 0.088881 -0.995714 0.648438 0.362793 1 3 1.000000
1efc_stn06_body_mesh1
3 -14.462255 16.069273 -10.627532 -0.025558 0.088881 -0.995714 0.648438 0.362793 1 3 1.000000
3 -13.023874 16.207863 -10.627379 0.095747 -0.993905 -0.054645 0.648438 0.373535 1 3 1.000000
3 -15.052760 16.012167 -10.623761 0.095748 -0.993915 -0.054455 0.648438 0.358398 1 3 1.000000
1efc_stn06_body_mesh1
3 -13.023874 16.207863 -10.627379 0.095747 -0.993905 -0.054645 0.648438 0.373535 1 3 1.000000
3 4.139770 16.090628 21.565380 0.095747 -0.993899 -0.054740 0.410889 0.500977 1 3 1.000000
3 -15.052760 16.012167 -10.623761 0.095748 -0.993915 -0.054455 0.648438 0.358398 1 3 1.000000
1efc_stn06_body_mesh1
3 -5.226446 16.954220 -10.536810 0.095747 -0.993905 -0.054645 0.648438 0.431641 1 3 1.000000
3 7.352435 17.046257 9.821873 0.095747 -0.993905 -0.054645 0.498047 0.524902 1 3 1.000000
3 -13.023874 16.207863 -10.627379 0.095747 -0.993905 -0.054645 0.648438 0.373535 1 3 1.000000
1efc_stn06_body_mesh1
3 7.352435 17.046257 9.821873 0.095747 -0.993905 -0.054645 0.498047 0.524902 1 3 1.000000
3 7.536328 16.706005 16.328718 0.095747 -0.993899 -0.054740 0.449707 0.526367 1 3 1.000000
3 -13.023874 16.207863 -10.627379 0.095747 -0.993905 -0.054645 0.648438 0.373535 1 3 1.000000
1efc_stn06_body_mesh1
3 -13.023874 16.207863 -10.627379 0.095747 -0.993905 -0.054645 0.648438 0.373535 1 3 1.000000
3 7.536328 16.706005 16.328718 0.095747 -0.993899 -0.054740 0.449707 0.526367 1 3 1.000000
3 4.139770 16.090628 21.565380 0.095747 -0.993899 -0.054740 0.410889 0.500977 1 3 1.000000
1efc_stn06_body_mesh1
3 7.536328 16.706005 16.328718 0.095747 -0.993899 -0.054740 0.449707 0.526367 1 3 1.000000
3 7.599965 16.458363 20.941540 0.095747 -0.993899 -0.054740 0.415527 0.526855 1 3 1.000000
3 4.139770 16.090628 21.565380 0.095747 -0.993899 -0.054740 0.410889 0.500977 1 3 1.000000
1efc_stn06_body_mesh1
3 4.139770 16.090628 21.565380 0.095747 -0.993899 -0.054740 0.410889 0.500977 1 3 1.000000
3 7.599965 16.458363 20.941540 0.095747 -0.993899 -0.054740 0.415527 0.526855 1 3 1.000000
3 7.217883 16.384192 21.620514 0.095747 -0.993899 -0.054740 0.410400 0.523926 1 3 1.000000
1efc_stn06_body_mesh1
3 -4.016589 15.355305 20.645596 0.095748 -0.993910 -0.054550 0.417236 0.440430 1 3 1.000000
3 -4.263644 15.332033 20.635883 -0.021888 0.035479 0.999131 0.417236 0.438477 1 3 1.000000
3 -3.455559 15.408274 20.665438 0.095772 -0.993908 -0.054550 0.417236 0.444824 1 3 1.000000
1efc_stn06_body_mesh1
3 -4.263644 15.332033 20.635883 -0.021888 0.035479 0.999131 0.417236 0.438477 1 3 1.000000
3 -29.017975 14.493588 -7.480382 0.095747 -0.993902 -0.054692 0.624512 0.254883 1 3 1.000000
3 -3.455559 15.408274 20.665438 0.095772 -0.993908 -0.054550 0.417236 0.444824 1 3 1.000000
1efc_stn06_body_mesh1
3 -22.190151 13.624474 20.276281 0.095747 -0.993899 -0.054740 0.419434 0.305664 1 3 1.000000
3 -25.876842 13.275967 20.153906 0.095747 -0.993899 -0.054740 0.420166 0.277832 1 3 1.000000
3 -29.121696 13.003515 19.422924 0.095747 -0.993899 -0.054740 0.425293 0.253906 1 3 1.000000
1efc_stn06_body_mesh1
3 -25.876842 13.275967 20.153906 0.095747 -0.993899 -0.054740 0.420166 0.277832 1 3 1.000000
3 -28.310284 13.044054 20.107243 0.095747 -0.993899 -0.054740 0.420410 0.259766 1 3 1.000000
3 -29.121696 13.003515 19.422924 0.095747 -0.993899 -0.054740 0.425293 0.253906 1 3 1.000000
1efc_stn06_body_mesh1
3 6.037526 21.844810 -8.596476 0.927267 0.298694 -0.225737 0.686035 0.088867 1 3 1.000000
3 4.503928 27.700077 -8.252949 0.770317 0.582340 -0.259792 0.736328 0.106445 1 3 1.000000
3 6.152619 22.349266 8.964375 0.970749 0.227166 -0.077725 0.699707 0.166992 1 3 1.000000
1efc_stn06_body_mesh1
3 4.503928 27.700077 -8.252949 0.770317 0.582340 -0.259792 0.736328 0.106445 1 3 1.000000
3 6.564366 28.724480 11.590528 0.857747 0.508478 -0.075623 0.758301 0.183594 1 3 1.000000
3 6.152619 22.349266 8.964375 0.970749 0.227166 -0.077725 0.699707 0.166992 1 3 1.000000
1efc_stn06_body_mesh1
3 6.152619 22.349266 8.964375 0.970749 0.227166 -0.077725 0.699707 0.166992 1 3 1.000000
3 6.564366 28.724480 11.590528 0.857747 0.508478 -0.075623 0.758301 0.183594 1 3 1.000000
3 6.628636 28.936310 20.688120 0.775515 0.518028 0.360865 0.774902 0.256348 1 3 1.000000
1efc_stn06_body_mesh1
3 4.955535 21.968327 -10.792962 0.421788 -0.869613 -0.256649 0.566895 0.334961 1 3 1.000000
3 5.387166 21.954174 -10.035727 0.421788 -0.869613 -0.256649 0.561523 0.338379 1 3 1.000000
3 1.395488 20.164162 -10.530537 0.421807 -0.869604 -0.256647 0.561523 0.305664 1 3 1.000000
1efc_stn06_body_mesh1
3 5.387166 21.954174 -10.035727 0.421788 -0.869613 -0.256649 0.561523 0.338379 1 3 1.000000
3 1.075500 20.002724 -10.509407 0.421807 -0.869604 -0.256647 0.561035 0.303223 1 3 1.000000
3 1.395488 20.164162 -10.530537 0.421807 -0.869604 -0.256647 0.561523 0.305664 1 3 1.000000
1efc_stn06_body_mesh1
3 6.037526 21.844810 -8.596476 0.421788 -0.869613 -0.256649 0.551270 0.343750 1 3 1.000000
3 6.575171 20.153503 -1.982802 0.421784 -0.869605 -0.256683 0.500488 0.348145 1 3 1.000000
3 5.387166 21.954174 -10.035727 0.421788 -0.869613 -0.256649 0.561523 0.338379 1 3 1.000000
1efc_stn06_body_mesh1
3 6.575171 20.153503 -1.982802 0.421784 -0.869605 -0.256683 0.500488 0.348145 1 3 1.000000
3 7.230836 18.702656 4.010138 0.421783 -0.869602 -0.256694 0.455322 0.353516 1 3 1.000000
3 5.387166 21.954174 -10.035727 0.421788 -0.869613 -0.256649 0.561523 0.338379 1 3 1.000000
1efc_stn06_body_mesh1
3 5.387166 21.954174 -10.035727 0.421788 -0.869613 -0.256649 0.561523 0.338379 1 3 1.000000
3 7.230836 18.702656 4.010138 0.421783 -0.869602 -0.256694 0.455322 0.353516 1 3 1.000000
3 -4.992254 17.066970 -10.533974 -0.006485 0.037194 -0.999287 0.554688 0.253418 1 3 1.000000
1efc_stn06_body_mesh1
3 7.230836 18.702656 4.010138 0.421783 -0.869602 -0.256694 0.455322 0.353516 1 3 1.000000
3 -5.226446 16.954220 -10.536810 0.421788 -0.869613 -0.256649 0.554688 0.251953 1 3 1.000000
3 -4.992254 17.066970 -10.533974 -0.006485 0.037194 -0.999287 0.554688 0.253418 1 3 1.000000
1efc_stn06_body_mesh1
2 -21.387130 -15.616292 -8.291624 -0.330344 -0.927996 -0.172324 0.070129 0.430664 1 2 1.000000
2 -15.885634 -15.893933 2.002435 -0.161738 -0.979300 -0.121709 0.096924 0.406250 1 2 1.000000
2 -21.783620 -15.587190 -8.290709 -0.343705 -0.923730 -0.169087 0.069702 0.433594 1 2 1.000000
1efc_stn06_body_mesh1
2 -15.885634 -15.893933 2.002435 -0.161738 -0.979300 -0.121709 0.096924 0.406250 1 2 1.000000
2 -19.522816 -15.531243 9.827195 -0.309748 -0.950510 -0.024223 0.108826 0.447266 1 2 1.000000
2 -21.783620 -15.587190 -8.290709 -0.343705 -0.923730 -0.169087 0.069702 0.433594 1 2 1.000000
1efc_stn06_body_mesh1
2 -21.783620 -15.587190 -8.290709 -0.343705 -0.923730 -0.169087 0.069702 0.433594 1 2 1.000000
2 -19.522816 -15.531243 9.827195 -0.309748 -0.950510 -0.024223 0.108826 0.447266 1 2 1.000000
2 -23.975452 -13.857692 -8.274197 -0.305935 -0.938975 -0.157259 0.064453 0.455078 1 2 1.000000
1efc_stn06_body_mesh1
2 -19.522816 -15.531243 9.827195 -0.309748 -0.950510 -0.024223 0.108826 0.447266 1 2 1.000000
2 -21.815252 -14.226747 10.059221 -0.303457 -0.951379 -0.052833 0.104004 0.470215 1 2 1.000000
2 -23.975452 -13.857692 -8.274197 -0.305935 -0.938975 -0.157259 0.064453 0.455078 1 2 1.000000
1efc_stn06_body_mesh1
2 -23.975452 -13.857692 -8.274197 -0.305935 -0.938975 -0.157259 0.064453 0.455078 1 2 1.000000
2 -21.815252 -14.226747 10.059221 -0.303457 -0.951379 -0.052833 0.104004 0.470215 1 2 1.000000
2 -27.246069 -13.703380 -8.247780 -0.734672 -0.649704 -0.195302 0.058533 0.480957 1 2 1.000000
1efc_stn06_body_mesh1
2 -21.815252 -14.226747 10.059221 -0.303457 -0.951379 -0.052833 0.104004 0.470215 1 2 1.000000
2 -26.407137 -14.076589 10.514814 -0.630227 -0.765370 -0.130471 0.096558 0.512939 1 2 1.000000
2 -27.246069 -13.703380 -8.247780 -0.734672 -0.649704 -0.195302 0.058533 0.480957 1 2 1.000000
1efc_stn06_body_mesh1
2 7.352434 17.046257 9.821877 0.994937 0.087739 0.049020 0.633301 0.155273 1 2 1.000000
2 7.536329 16.706003 16.328716 0.987076 0.050162 0.152203 0.625000 0.185059 1 2 1.000000
2 7.331141 15.063918 11.200107 0.992403 0.000000 0.123025 0.608887 0.157227 1 2 1.000000
1efc_stn06_body_mesh1
2 7.536329 16.706003 16.328716 0.987076 0.050162 0.152203 0.625000 0.185059 1 2 1.000000
2 7.616732 15.106852 20.702847 0.966572 -0.031661 0.254434 0.603516 0.201660 1 2 1.000000
2 7.331141 15.063918 11.200107 0.992403 0.000000 0.123025 0.608887 0.157227 1 2 1.000000
1efc_stn06_body_mesh1
2 7.331141 15.063918 11.200107 0.992403 0.000000 0.123025 0.608887 0.157227 1 2 1.000000
2 7.616732 15.106852 20.702847 0.966572 -0.031661 0.254434 0.603516 0.201660 1 2 1.000000
2 7.782991 13.054415 20.174630 0.902928 0.100421 0.417895 0.583008 0.194824 1 2 1.000000
1efc_stn06_body_mesh1
2 7.616732 15.106852 20.702847 0.966572 -0.031661 0.254434 0.603516 0.201660 1 2 1.000000
2 7.103811 15.007107 21.614296 0.479200 -0.139993 0.866470 0.603027 0.207520 1 2 1.000000
2 7.782991 13.054415 20.174630 0.902928 0.100421 0.417895 0.583008 0.194824 1 2 1.000000
1efc_stn06_body_mesh1
2 7.782991 13.054415 20.174630 0.902928 0.100421 0.417895 0.583008 0.194824 1 2 1.000000
2 7.103811 15.007107 21.614296 0.479200 -0.139993 0.866470 0.603027 0.207520 1 2 1.000000
2 6.399954 12.890530 20.907192 0.268123 -0.095653 0.958624 0.586914 0.213379 1 2 1.000000
1efc_stn06_body_mesh1
2 7.103811 15.007107 21.614296 0.479200 -0.139993 0.866470 0.603027 0.207520 1 2 1.000000
2 0.775532 11.835091 21.493095 -0.011969 0.081635 0.996590 0.573242 0.291992 1 2 1.000000
2 6.399954 12.890530 20.907192 0.268123 -0.095653 0.958624 0.586914 0.213379 1 2 1.000000
1efc_stn06_body_mesh1
2 6.399954 12.890530 20.907192 0.268123 -0.095653 0.958624 0.586914 0.213379 1 2 1.000000
2 0.775532 11.835091 21.493095 -0.011969 0.081635 0.996590 0.573242 0.291992 1 2 1.000000
2 8.065832 9.638922 21.304405 0.440084 0.140846 0.886842 0.550781 0.197266 1 2 1.000000
1efc_stn06_body_mesh1
2 0.775532 11.835091 21.493095 -0.011969 0.081635 0.996590 0.573242 0.291992 1 2 1.000000
2 3.850740 4.632100 22.028515 0.026677 0.030849 0.999168 0.507324 0.246582 1 2 1.000000
2 8.065832 9.638922 21.304405 0.440084 0.140846 0.886842 0.550781 0.197266 1 2 1.000000
1efc_stn06_body_mesh1
2 8.065832 9.638922 21.304405 0.440084 0.140846 0.886842 0.550781 0.197266 1 2 1.000000
2 3.850740 4.632100 22.028515 0.026677 0.030849 0.999168 0.507324 0.246582 1 2 1.000000
2 7.730894 1.204211 21.726933 0.460708 0.048534 0.886224 0.477539 0.189941 1 2 1.000000
1efc_stn06_body_mesh1
2 3.850740 4.632100 22.028515 0.026677 0.030849 0.999168 0.507324 0.246582 1 2 1.000000
2 7.712194 1.155403 21.731354 0.459171 0.047777 0.887062 0.477051 0.190430 1 2 1.000000
2 7.730894 1.204211 21.726933 0.460708 0.048534 0.886224 0.477539 0.189941 1 2 1.000000
1efc_stn06_body_mesh1
2 7.331141 15.063918 11.200107 0.992403 0.000000 0.123025 0.608887 0.157227 1 2 1.000000
2 7.782991 13.054415 20.174630 0.902928 0.100421 0.417895 0.583008 0.194824 1 2 1.000000
2 7.507101 13.550939 12.564106 0.956520 0.094889 0.275798 0.592285 0.160156 1 2 1.000000
1efc_stn06_body_mesh1
2 7.782991 13.054415 20.174630 0.902928 0.100421 0.417895 0.583008 0.194824 1 2 1.000000
2 7.600374 12.915297 13.168572 0.948489 0.116064 0.294785 0.586914 0.162598 1 2 1.000000
2 7.507101 13.550939 12.564106 0.956520 0.094889 0.275798 0.592285 0.160156 1 2 1.000000
1efc_stn06_body_mesh1
2 6.399954 12.890530 20.907192 0.268123 -0.095653 0.958624 0.586914 0.213379 1 2 1.000000
2 8.065832 9.638922 21.304405 0.440084 0.140846 0.886842 0.550781 0.197266 1 2 1.000000
2 7.782991 13.054415 20.174630 0.902928 0.100421 0.417895 0.583008 0.194824 1 2 1.000000
1efc_stn06_body_mesh1
2 8.065832 9.638922 21.304405 0.440084 0.140846 0.886842 0.550781 0.197266 1 2 1.000000
2 8.840307 9.681816 20.474094 0.927921 0.133895 0.347899 0.550293 0.191406 1 2 1.000000
2 7.782991 13.054415 20.174630 0.902928 0.100421 0.417895 0.583008 0.194824 1 2 1.000000
1efc_stn06_body_mesh1
2 7.782991 13.054415 20.174630 0.902928 0.100421 0.417895 0.583008 0.194824 1 2 1.000000
2 8.840307 9.681816 20.474094 0.927921 0.133895 0.347899 0.550293 0.191406 1 2 1.000000
2 8.620974 10.016180 16.891900 0.945960 0.137808 0.293544 0.556152 0.175293 1 2 1.000000
1efc_stn06_body_mesh1
2 8.840307 9.681816 20.474094 0.927921 0.133895 0.347899 0.550293 0.191406 1 2 1.000000
2 8.724699 9.481987 17.441036 0.944309 0.130842 0.301927 0.548340 0.177734 1 2 1.000000
2 8.620974 10.016180 16.891900 0.945960 0.137808 0.293544 0.556152 0.175293 1 2 1.000000
1efc_stn06_body_mesh1
2 8.724699 9.481987 17.441036 0.944309 0.130842 0.301927 0.548340 0.177734 1 2 1.000000
2 8.840307 9.681816 20.474094 0.927921 0.133895 0.347899 0.550293 0.191406 1 2 1.000000
2 8.765654 8.376402 18.295479 0.950683 0.104042 0.292195 0.537598 0.179199 1 2 1.000000
1efc_stn06_body_mesh1
2 8.840307 9.681816 20.474094 0.927921 0.133895 0.347899 0.550293 0.191406 1 2 1.000000
2 8.815172 5.261858 20.595604 0.935205 0.045635 0.351155 0.511719 0.185547 1 2 1.000000
2 8.765654 8.376402 18.295479 0.950683 0.104042 0.292195 0.537598 0.179199 1 2 1.000000
1efc_stn06_body_mesh1
2 7.103811 15.007107 21.614296 0.479200 -0.139993 0.866470 0.603027 0.207520 1 2 1.000000
2 7.217882 16.384190 21.620514 0.487487 -0.086596 0.868826 0.621094 0.213379 1 2 1.000000
2 0.775532 11.835091 21.493095 -0.011969 0.081635 0.996590 0.573242 0.291992 1 2 1.000000
1efc_stn06_body_mesh1
2 7.217882 16.384190 21.620514 0.487487 -0.086596 0.868826 0.621094 0.213379 1 2 1.000000
2 4.139769 16.090626 21.565380 0.253027 0.078970 0.964231 0.623047 0.260742 1 2 1.000000
2 0.775532 11.835091 21.493095 -0.011969 0.081635 0.996590 0.573242 0.291992 1 2 1.000000
1efc_stn06_body_mesh1
2 0.775532 11.835091 21.493095 -0.011969 0.081635 0.996590 0.573242 0.291992 1 2 1.000000
2 4.139769 16.090626 21.565380 0.253027 0.078970 0.964231 0.623047 0.260742 1 2 1.000000
2 2.889822 15.971987 21.532593 0.141430 0.089359 0.985907 0.623047 0.275391 1 2 1.000000
1efc_stn06_body_mesh1
2 7.217882 16.384190 21.620514 0.487450 -0.086598 0.868846 0.621094 0.213379 1 2 1.000000
2 7.103811 15.007107 21.614296 0.479200 -0.139993 0.866470 0.603027 0.207520 1 2 1.000000
2 7.599966 16.458360 20.941540 0.900738 -0.005913 0.434323 0.621582 0.208984 1 2 1.000000
1efc_stn06_body_mesh1
2 7.103811 15.007107 21.614296 0.479200 -0.139993 0.866470 0.603027 0.207520 1 2 1.000000
2 7.616732 15.106852 20.702847 0.966572 -0.031661 0.254434 0.603516 0.201660 1 2 1.000000
2 7.599966 16.458360 20.941540 0.900738 -0.005913 0.434323 0.621582 0.208984 1 2 1.000000
1efc_stn06_body_mesh1
2 7.599966 16.458360 20.941540 0.900738 -0.005913 0.434323 0.621582 0.208984 1 2 1.000000
2 7.616732 15.106852 20.702847 0.966572 -0.031661 0.254434 0.603516 0.201660 1 2 1.000000
2 7.730204 16.483900 20.705410 0.968504 0.018120 0.248337 0.622070 0.207520 1 2 1.000000
1efc_stn06_body_mesh1
2 7.616732 15.106852 20.702847 0.966572 -0.031661 0.254434 0.603516 0.201660 1 2 1.000000
2 7.536329 16.706003 16.328716 0.987076 0.050162 0.152203 0.625000 0.185059 1 2 1.000000
2 7.730204 16.483900 20.705410 0.968504 0.018120 0.248337 0.622070 0.207520 1 2 1.000000
1efc_stn06_body_mesh1
2 2.889822 15.971987 21.532593 0.141430 0.089359 0.985907 0.623047 0.275391 1 2 1.000000
2 -3.455560 15.408270 20.665438 0.009537 0.041391 0.999098 0.599609 0.336426 1 2 1.000000
2 0.775532 11.835091 21.493095 -0.011969 0.081635 0.996590 0.573242 0.291992 1 2 1.000000
1efc_stn06_body_mesh1
2 -3.455560 15.408270 20.665438 0.009537 0.041391 0.999098 0.599609 0.336426 1 2 1.000000
2 -4.267065 14.777187 20.589846 -0.022221 0.036622 0.999082 0.590332 0.343750 1 2 1.000000
2 0.775532 11.835091 21.493095 -0.011969 0.081635 0.996590 0.573242 0.291992 1 2 1.000000
1efc_stn06_body_mesh1
2 0.775532 11.835091 21.493095 -0.011969 0.081635 0.996590 0.573242 0.291992 1 2 1.000000
2 -4.267065 14.777187 20.589846 -0.022221 0.036622 0.999082 0.590332 0.343750 1 2 1.000000
2 -3.217725 8.243588 22.025185 -0.091219 0.058555 0.994108 0.531738 0.326172 1 2 1.000000
1efc_stn06_body_mesh1
2 -4.267065 14.777187 20.589846 -0.022221 0.036622 0.999082 0.590332 0.343750 1 2 1.000000
2 -8.701208 7.844674 21.062340 -0.065515 0.017595 0.997696 0.506836 0.375488 1 2 1.000000
2 -3.217725 8.243588 22.025185 -0.091219 0.058555 0.994108 0.531738 0.326172 1 2 1.000000
1efc_stn06_body_mesh1
2 -3.217725 8.243588 22.025185 -0.091219 0.058555 0.994108 0.531738 0.326172 1 2 1.000000
2 -8.701208 7.844674 21.062340 -0.065515 0.017595 0.997696 0.506836 0.375488 1 2 1.000000
2 -2.702218 -3.099390 21.097097 -0.073310 0.001192 0.997308 0.431641 0.315430 1 2 1.000000
1efc_stn06_body_mesh1
2 -8.701208 7.844674 21.062340 -0.065515 0.017595 0.997696 0.506836 0.375488 1 2 1.000000
2 -17.090090 1.825016 21.034512 -0.065807 0.009251 0.997789 0.356445 0.448730 1 2 1.000000
2 -2.702218 -3.099390 21.097097 -0.073310 0.001192 0.997308 0.431641 0.315430 1 2 1.000000
1efc_stn06_body_mesh1
2 -2.702218 -3.099390 21.097097 -0.073310 0.001192 0.997308 0.431641 0.315430 1 2 1.000000
2 -17.090090 1.825016 21.034512 -0.065807 0.009251 0.997789 0.356445 0.448730 1 2 1.000000
2 -6.029761 -12.055240 21.351515 -0.039004 0.039195 0.998470 0.316895 0.339355 1 2 1.000000
1efc_stn06_body_mesh1
2 -17.090090 1.825016 21.034512 -0.065807 0.009251 0.997789 0.356445 0.448730 1 2 1.000000
2 -9.477778 -17.187237 21.559498 -0.208010 -0.578726 0.788548 0.212646 0.370117 1 2 1.000000
2 -6.029761 -12.055240 21.351515 -0.039004 0.039195 0.998470 0.316895 0.339355 1 2 1.000000
1efc_stn06_body_mesh1
2 -6.029761 -12.055240 21.351515 -0.039004 0.039195 0.998470 0.316895 0.339355 1 2 1.000000
2 -9.477778 -17.187237 21.559498 -0.208010 -0.578726 0.788548 0.212646 0.370117 1 2 1.000000
2 -7.467338 -17.555145 21.577217 -0.131979 -0.321175 0.937778 0.230347 0.351562 1 2 1.000000
1efc_stn06_body_mesh1
2 -9.477778 -17.187237 21.559498 -0.208010 -0.578726 0.788548 0.212646 0.370117 1 2 1.000000
2 -8.490068 -18.280197 20.797789 -0.157442 -0.949229 0.272353 0.211426 0.360352 1 2 1.000000
2 -7.467338 -17.555145 21.577217 -0.131979 -0.321175 0.937778 0.230347 0.351562 1 2 1.000000
1efc_stn06_body_mesh1
2 -7.467338 -17.555145 21.577217 -0.131979 -0.321175 0.937778 0.230347 0.351562 1 2 1.000000
2 -8.490068 -18.280197 20.797789 -0.157442 -0.949229 0.272353 0.211426 0.360352 1 2 1.000000
2 -8.227277 -18.217754 20.789434 -0.196940 -0.928528 0.314723 0.213135 0.357422 1 2 1.000000
1efc_stn06_body_mesh1
2 -8.490068 -18.280197 20.797789 -0.157442 -0.949229 0.272353 0.211426 0.360352 1 2 1.000000
2 -8.489473 -18.272575 20.455395 -0.163471 -0.950305 0.264949 0.210205 0.359375 1 2 1.000000
2 -8.227277 -18.217754 20.789434 -0.196940 -0.928528 0.314723 0.213135 0.357422 1 2 1.000000
1efc_stn06_body_mesh1
2 -8.227277 -18.217754 20.789434 -0.196940 -0.928528 0.314723 0.213135 0.357422 1 2 1.000000
2 -7.631249 -17.890648 21.082914 -0.234498 -0.721135 0.651901 0.221802 0.351562 1 2 1.000000
2 -7.467338 -17.555145 21.577217 -0.131979 -0.321175 0.937778 0.230347 0.351562 1 2 1.000000
1efc_stn06_body_mesh1
2 -7.631249 -17.890648 21.082914 -0.234498 -0.721135 0.651901 0.221802 0.351562 1 2 1.000000
2 -7.349156 -17.832722 21.444733 -0.162500 -0.438292 0.884022 0.228516 0.350586 1 2 1.000000
2 -7.467338 -17.555145 21.577217 -0.131979 -0.321175 0.937778 0.230347 0.351562 1 2 1.000000
1efc_stn06_body_mesh1
2 -7.467338 -17.555145 21.577217 -0.131979 -0.321175 0.937778 0.230347 0.351562 1 2 1.000000
2 -7.349156 -17.832722 21.444733 -0.162500 -0.438292 0.884022 0.228516 0.350586 1 2 1.000000
2 -6.977952 -17.622444 21.612427 -0.123635 -0.320602 0.939111 0.233887 0.347168 1 2 1.000000
1efc_stn06_body_mesh1
2 0.775532 11.835091 21.493095 -0.011969 0.081635 0.996590 0.573242 0.291992 1 2 1.000000
2 -3.217725 8.243588 22.025185 -0.091219 0.058555 0.994108 0.531738 0.326172 1 2 1.000000
2 3.850740 4.632100 22.028515 0.026677 0.030849 0.999168 0.507324 0.246582 1 2 1.000000
1efc_stn06_body_mesh1
2 -3.217725 8.243588 22.025185 -0.091219 0.058555 0.994108 0.531738 0.326172 1 2 1.000000
2 -2.702218 -3.099390 21.097097 -0.073310 0.001192 0.997308 0.431641 0.315430 1 2 1.000000
2 3.850740 4.632100 22.028515 0.026677 0.030849 0.999168 0.507324 0.246582 1 2 1.000000
1efc_stn06_body_mesh1
2 3.850740 4.632100 22.028515 0.026677 0.030849 0.999168 0.507324 0.246582 1 2 1.000000
2 -2.702218 -3.099390 21.097097 -0.073310 0.001192 0.997308 0.431641 0.315430 1 2 1.000000
2 6.215048 -3.220162 22.418888 0.246128 0.018429 0.969062 0.444092 0.229980 1 2 1.000000
1efc_stn06_body_mesh1
2 -2.702218 -3.099390 21.097097 -0.073310 0.001192 0.997308 0.431641 0.315430 1 2 1.000000
2 5.156519 -5.427511 22.273323 0.247229 0.011539 0.968888 0.423584 0.241699 1 2 1.000000
2 6.215048 -3.220162 22.418888 0.246128 0.018429 0.969062 0.444092 0.229980 1 2 1.000000
1efc_stn06_body_mesh1
2 -3.455560 15.408270 20.665438 0.009537 0.041391 0.999098 0.599609 0.336426 1 2 1.000000
2 -4.016588 15.355303 20.645596 -0.021790 0.033472 0.999202 0.596680 0.341797 1 2 1.000000
2 -4.267065 14.777187 20.589846 -0.022221 0.036622 0.999082 0.590332 0.343750 1 2 1.000000
1efc_stn06_body_mesh1
2 -4.016588 15.355303 20.645596 -0.021790 0.033472 0.999202 0.596680 0.341797 1 2 1.000000
2 -4.263643 15.332031 20.635883 -0.021888 0.035384 0.999134 0.594727 0.344238 1 2 1.000000
2 -4.267065 14.777187 20.589846 -0.022221 0.036622 0.999082 0.590332 0.343750 1 2 1.000000
1efc_stn06_body_mesh1
2 -4.267065 14.777187 20.589846 -0.022221 0.036622 0.999082 0.590332 0.343750 1 2 1.000000
2 -4.263643 15.332031 20.635883 -0.021888 0.035384 0.999134 0.594727 0.344238 1 2 1.000000
2 -4.952456 15.264475 20.657413 -0.020550 0.028799 0.999374 0.591797 0.348633 1 2 1.000000
1efc_stn06_body_mesh1
2 -4.267065 14.777187 20.589846 -0.022221 0.036622 0.999082 0.590332 0.343750 1 2 1.000000
2 -4.952456 15.264475 20.657413 -0.020550 0.028799 0.999374 0.591797 0.348633 1 2 1.000000
2 -8.701208 7.844674 21.062340 -0.065515 0.017595 0.997696 0.506836 0.375488 1 2 1.000000
1efc_stn06_body_mesh1
2 -4.952456 15.264475 20.657413 -0.020550 0.028799 0.999374 0.591797 0.348633 1 2 1.000000
2 -9.158528 14.835718 21.084053 -0.028703 -0.008487 0.999552 0.568848 0.379883 1 2 1.000000
2 -8.701208 7.844674 21.062340 -0.065515 0.017595 0.997696 0.506836 0.375488 1 2 1.000000
1efc_stn06_body_mesh1
2 -8.701208 7.844674 21.062340 -0.065515 0.017595 0.997696 0.506836 0.375488 1 2 1.000000
2 -9.158528 14.835718 21.084053 -0.028703 -0.008487 0.999552 0.568848 0.379883 1 2 1.000000
2 -16.048666 14.191439 20.727165 -0.209052 0.026418 0.977548 0.520020 0.440430 1 2 1.000000
1efc_stn06_body_mesh1
2 -16.048666 14.191439 20.727165 -0.209052 0.026418 0.977548 0.520020 0.440430 1 2 1.000000
2 -22.190151 13.624470 20.276281 -0.302886 0.030899 0.952526 0.481445 0.495117 1 2 1.000000
2 -8.701208 7.844674 21.062340 -0.065515 0.017595 0.997696 0.506836 0.375488 1 2 1.000000
1efc_stn06_body_mesh1
2 -22.190151 13.624470 20.276281 -0.302886 0.030899 0.952526 0.481445 0.495117 1 2 1.000000
2 -25.876840 13.275963 20.153906 -0.337056 0.031092 0.940971 0.447510 0.527588 1 2 1.000000
2 -8.701208 7.844674 21.062340 -0.065515 0.017595 0.997696 0.506836 0.375488 1 2 1.000000
1efc_stn06_body_mesh1
2 -8.701208 7.844674 21.062340 -0.065515 0.017595 0.997696 0.506836 0.375488 1 2 1.000000
2 -25.876840 13.275963 20.153906 -0.337056 0.031092 0.940971 0.447510 0.527588 1 2 1.000000
2 -17.090090 1.825016 21.034512 -0.065807 0.009251 0.997789 0.356445 0.448730 1 2 1.000000
1efc_stn06_body_mesh1
2 -25.876840 13.275963 20.153906 -0.337056 0.031092 0.940971 0.447510 0.527588 1 2 1.000000
2 -28.310286 13.044052 20.107243 -0.397685 0.012207 0.917441 0.440186 0.547363 1 2 1.000000
2 -17.090090 1.825016 21.034512 -0.065807 0.009251 0.997789 0.356445 0.448730 1 2 1.000000
1efc_stn06_body_mesh1
2 -17.090090 1.825016 21.034512 -0.065807 0.009251 0.997789 0.356445 0.448730 1 2 1.000000
2 -28.310286 13.044052 20.107243 -0.397685 0.012207 0.917441 0.440186 0.547363 1 2 1.000000
2 -28.344660 12.578243 20.133389 -0.397309 0.008583 0.917645 0.435791 0.547363 1 2 1.000000
1efc_stn06_body_mesh1
2 -28.310286 13.044052 20.107243 -0.397685 0.012207 0.917441 0.440186 0.547363 1 2 1.000000
2 -29.121698 13.003513 19.422924 -0.815922 0.040338 0.576753 0.436768 0.554688 1 2 1.000000
2 -28.344660 12.578243 20.133389 -0.397309 0.008583 0.917645 0.435791 0.547363 1 2 1.000000
1efc_stn06_body_mesh1
2 -28.344660 12.578243 20.133389 -0.397309 0.008583 0.917645 0.435791 0.547363 1 2 1.000000
2 -29.121698 13.003513 19.422924 -0.815922 0.040338 0.576753 0.436768 0.554688 1 2 1.000000
2 -29.161688 3.327317 18.396397 -0.927625 -0.033978 0.371965 0.338867 0.554199 1 2 1.000000
1efc_stn06_body_mesh1
2 -29.121698 13.003513 19.422924 -0.815922 0.040338 0.576753 0.436768 0.554688 1 2 1.000000
2 -29.403902 12.991451 19.147903 -0.911390 0.047687 0.408771 0.435303 0.557373 1 2 1.000000
2 -29.161688 3.327317 18.396397 -0.927625 -0.033978 0.371965 0.338867 0.554199 1 2 1.000000
1efc_stn06_body_mesh1
2 -29.161688 3.327317 18.396397 -0.927625 -0.033978 0.371965 0.338867 0.554199 1 2 1.000000
2 -29.403902 12.991451 19.147903 -0.911390 0.047687 0.408771 0.435303 0.557373 1 2 1.000000
2 -29.416246 13.082581 17.469833 -0.944144 0.048352 0.325968 0.438477 0.568115 1 2 1.000000
1efc_stn06_body_mesh1
2 -29.030820 14.533888 -8.235477 -0.095747 0.993905 0.054645 0.404297 0.263184 1 2 1.000000
2 -29.017977 14.493584 -7.480381 -0.095747 0.993902 0.054692 0.409180 0.263184 1 2 1.000000
2 -28.943521 14.555443 -8.474373 -0.095747 0.993905 0.054645 0.402588 0.263672 1 2 1.000000
1efc_stn06_body_mesh1
2 -29.017977 14.493584 -7.480381 -0.095747 0.993902 0.054692 0.409180 0.263184 1 2 1.000000
2 -28.246614 14.737371 -10.560636 -0.095747 0.993905 0.054645 0.389404 0.268066 1 2 1.000000
2 -28.943521 14.555443 -8.474373 -0.095747 0.993905 0.054645 0.402588 0.263672 1 2 1.000000
1efc_stn06_body_mesh1
2 -29.382353 13.370549 12.294775 -0.998310 0.034809 0.046539 0.535645 0.260742 1 2 1.000000
2 -29.416246 13.082581 17.469833 -0.095747 0.993899 0.054740 0.568848 0.260742 1 2 1.000000
2 -29.359480 13.430547 11.244269 -0.999522 0.029471 -0.009347 0.528809 0.261230 1 2 1.000000
1efc_stn06_body_mesh1
2 -29.416246 13.082581 17.469833 -0.095747 0.993899 0.054740 0.568848 0.260742 1 2 1.000000
2 -29.017977 14.493584 -7.480381 -0.095747 0.993902 0.054692 0.409180 0.263184 1 2 1.000000
2 -29.359480 13.430547 11.244269 -0.999522 0.029471 -0.009347 0.528809 0.261230 1 2 1.000000
1efc_stn06_body_mesh1
2 -29.403902 12.991451 19.147903 -0.095747 0.993899 0.054740 0.579590 0.260742 1 2 1.000000
2 -29.121698 13.003513 19.422924 -0.095747 0.993899 0.054740 0.581543 0.262695 1 2 1.000000
2 -29.416246 13.082581 17.469833 -0.095747 0.993899 0.054740 0.568848 0.260742 1 2 1.000000
1efc_stn06_body_mesh1
2 -29.121698 13.003513 19.422924 -0.095747 0.993899 0.054740 0.581543 0.262695 1 2 1.000000
2 -25.876840 13.275963 20.153906 -0.095747 0.993899 0.054740 0.585938 0.283691 1 2 1.000000
2 -29.416246 13.082581 17.469833 -0.095747 0.993899 0.054740 0.568848 0.260742 1 2 1.000000
1efc_stn06_body_mesh1
2 -29.416246 13.082581 17.469833 -0.095747 0.993899 0.054740 0.568848 0.260742 1 2 1.000000
2 -25.876840 13.275963 20.153906 -0.095747 0.993899 0.054740 0.585938 0.283691 1 2 1.000000
2 -29.017977 14.493584 -7.480381 -0.095747 0.993902 0.054692 0.409180 0.263184 1 2 1.000000
1efc_stn06_body_mesh1
2 -25.876840 13.275963 20.153906 -0.095747 0.993899 0.054740 0.585938 0.283691 1 2 1.000000
2 -4.952456 15.264475 20.657413 -0.095747 0.993899 0.054740 0.588379 0.417969 1 2 1.000000
2 -29.017977 14.493584 -7.480381 -0.095747 0.993902 0.054692 0.409180 0.263184 1 2 1.000000
1efc_stn06_body_mesh1
2 -29.017977 14.493584 -7.480381 -0.095747 0.993902 0.054692 0.409180 0.263184 1 2 1.000000
2 -4.952456 15.264475 20.657413 -0.095747 0.993899 0.054740 0.588379 0.417969 1 2 1.000000
2 -4.263643 15.332031 20.635883 -0.095748 0.993910 0.054550 0.588379 0.422363 1 2 1.000000
1efc_stn06_body_mesh1
2 -16.048666 14.191439 20.727165 -0.095747 0.993899 0.054740 0.589355 0.346680 1 2 1.000000
2 -9.158528 14.835718 21.084053 -0.095747 0.993899 0.054740 0.591309 0.391113 1 2 1.000000
2 -22.190151 13.624470 20.276281 -0.095747 0.993899 0.054740 0.586426 0.307129 1 2 1.000000
1efc_stn06_body_mesh1
2 -9.158528 14.835718 21.084053 -0.095747 0.993899 0.054740 0.591309 0.391113 1 2 1.000000
2 -4.952456 15.264475 20.657413 -0.095747 0.993899 0.054740 0.588379 0.417969 1 2 1.000000
2 -22.190151 13.624470 20.276281 -0.095747 0.993899 0.054740 0.586426 0.307129 1 2 1.000000
1efc_stn06_body_mesh1
2 -22.190151 13.624470 20.276281 -0.095747 0.993899 0.054740 0.586426 0.307129 1 2 1.000000
2 -4.952456 15.264475 20.657413 -0.095747 0.993899 0.054740 0.588379 0.417969 1 2 1.000000
2 -25.876840 13.275963 20.153906 -0.095747 0.993899 0.054740 0.585938 0.283691 1 2 1.000000
1efc_stn06_body_mesh1
2 -4.016588 15.355303 20.645596 -0.095748 0.993910 0.054550 0.588379 0.423828 1 2 1.000000
2 -3.455560 15.408270 20.665438 -0.095771 0.993897 0.054740 0.588379 0.427734 1 2 1.000000
2 -4.263643 15.332031 20.635883 -0.095748 0.993910 0.054550 0.588379 0.422363 1 2 1.000000
1efc_stn06_body_mesh1
2 -3.455560 15.408270 20.665438 -0.095771 0.993897 0.054740 0.588379 0.427734 1 2 1.000000
2 7.599966 16.458360 20.941540 -0.095747 0.993899 0.054740 0.589844 0.498535 1 2 1.000000
2 -4.263643 15.332031 20.635883 -0.095748 0.993910 0.054550 0.588379 0.422363 1 2 1.000000
1efc_stn06_body_mesh1
2 -4.263643 15.332031 20.635883 -0.095748 0.993910 0.054550 0.588379 0.422363 1 2 1.000000
2 7.599966 16.458360 20.941540 -0.095747 0.993899 0.054740 0.589844 0.498535 1 2 1.000000
2 -14.108466 16.103552 -10.630990 -0.095746 0.993894 0.054835 0.388428 0.359375 1 2 1.000000
1efc_stn06_body_mesh1
2 7.599966 16.458360 20.941540 -0.095747 0.993899 0.054740 0.589844 0.498535 1 2 1.000000
2 -5.226445 16.954218 -10.536810 -0.095747 0.993905 0.054645 0.388672 0.416504 1 2 1.000000
2 -14.108466 16.103552 -10.630990 -0.095746 0.993894 0.054835 0.388428 0.359375 1 2 1.000000
1efc_stn06_body_mesh1
2 -14.108466 16.103552 -10.630990 -0.095746 0.993894 0.054835 0.388428 0.359375 1 2 1.000000
2 -5.226445 16.954218 -10.536810 -0.095747 0.993905 0.054645 0.388672 0.416504 1 2 1.000000
2 -13.023874 16.207860 -10.627381 -0.095746 0.993894 0.054835 0.388428 0.366211 1 2 1.000000
1efc_stn06_body_mesh1
2 2.889822 15.971987 21.532593 0.141430 0.089359 0.985907 0.593750 0.468262 1 2 1.000000
2 4.139769 16.090626 21.565380 -0.095747 0.993899 0.054740 0.594238 0.476562 1 2 1.000000
2 -3.455560 15.408270 20.665438 -0.095771 0.993897 0.054740 0.588379 0.427734 1 2 1.000000
1efc_stn06_body_mesh1
2 4.139769 16.090626 21.565380 -0.095747 0.993899 0.054740 0.594238 0.476562 1 2 1.000000
2 7.599966 16.458360 20.941540 -0.095747 0.993899 0.054740 0.589844 0.498535 1 2 1.000000
2 -3.455560 15.408270 20.665438 -0.095771 0.993897 0.054740 0.588379 0.427734 1 2 1.000000
1efc_stn06_body_mesh1
2 7.730204 16.483900 20.705410 -0.095747 0.993899 0.054740 0.588379 0.499512 1 2 1.000000
2 7.536329 16.706003 16.328716 -0.095747 0.993899 0.054740 0.560547 0.498535 1 2 1.000000
2 7.599966 16.458360 20.941540 -0.095747 0.993899 0.054740 0.589844 0.498535 1 2 1.000000
1efc_stn06_body_mesh1
2 7.536329 16.706003 16.328716 -0.095747 0.993899 0.054740 0.560547 0.498535 1 2 1.000000
2 -5.226445 16.954218 -10.536810 -0.095747 0.993905 0.054645 0.388672 0.416504 1 2 1.000000
2 7.599966 16.458360 20.941540 -0.095747 0.993899 0.054740 0.589844 0.498535 1 2 1.000000
1efc_stn06_body_mesh1
2 -14.108466 16.103552 -10.630990 -0.095746 0.993894 0.054835 0.388428 0.359375 1 2 1.000000
2 -14.462255 16.069271 -10.627534 -0.095747 0.993905 0.054645 0.388428 0.356934 1 2 1.000000
2 -4.263643 15.332031 20.635883 -0.095748 0.993910 0.054550 0.588379 0.422363 1 2 1.000000
1efc_stn06_body_mesh1
2 -14.462255 16.069271 -10.627534 -0.095747 0.993905 0.054645 0.388428 0.356934 1 2 1.000000
2 -29.017977 14.493584 -7.480381 -0.095747 0.993902 0.054692 0.409180 0.263184 1 2 1.000000
2 -4.263643 15.332031 20.635883 -0.095748 0.993910 0.054550 0.588379 0.422363 1 2 1.000000
1efc_stn06_body_mesh1
2 -14.462255 16.069271 -10.627534 -0.095747 0.993905 0.054645 0.388428 0.356934 1 2 1.000000
2 -15.052760 16.012165 -10.623761 -0.095747 0.993905 0.054645 0.388428 0.353027 1 2 1.000000
2 -29.017977 14.493584 -7.480381 -0.095747 0.993902 0.054692 0.409180 0.263184 1 2 1.000000
1efc_stn06_body_mesh1
2 -15.052760 16.012165 -10.623761 -0.095747 0.993905 0.054645 0.388428 0.353027 1 2 1.000000
2 -28.246614 14.737371 -10.560636 -0.095747 0.993905 0.054645 0.389404 0.268066 1 2 1.000000
2 -29.017977 14.493584 -7.480381 -0.095747 0.993902 0.054692 0.409180 0.263184 1 2 1.000000
1efc_stn06_body_mesh1
2 -26.764590 14.886976 -10.684289 -0.554055 0.051400 -0.830892 0.388428 0.277832 1 2 1.000000
2 -28.246614 14.737371 -10.560636 -0.095747 0.993905 0.054645 0.389404 0.268066 1 2 1.000000
2 -21.135004 15.424545 -10.595537 -0.323856 0.058553 -0.944293 0.388916 0.313965 1 2 1.000000
1efc_stn06_body_mesh1
2 -28.246614 14.737371 -10.560636 -0.095747 0.993905 0.054645 0.389404 0.268066 1 2 1.000000
2 -15.052760 16.012165 -10.623761 -0.095747 0.993905 0.054645 0.388428 0.353027 1 2 1.000000
2 -21.135004 15.424545 -10.595537 -0.323856 0.058553 -0.944293 0.388916 0.313965 1 2 1.000000
1efc_stn06_body_mesh1
2 8.815172 5.261858 20.595604 0.935205 0.045635 0.351155 0.511719 0.185547 1 2 1.000000
2 8.840307 9.681816 20.474094 0.927921 0.133895 0.347899 0.550293 0.191406 1 2 1.000000
2 8.543303 4.202129 20.909435 0.819084 0.028848 0.572948 0.502441 0.186523 1 2 1.000000
1efc_stn06_body_mesh1
2 8.840307 9.681816 20.474094 0.927921 0.133895 0.347899 0.550293 0.191406 1 2 1.000000
2 8.065832 9.638922 21.304405 0.440084 0.140846 0.886842 0.550781 0.197266 1 2 1.000000
2 8.543303 4.202129 20.909435 0.819084 0.028848 0.572948 0.502441 0.186523 1 2 1.000000
1efc_stn06_body_mesh1
2 8.543303 4.202129 20.909435 0.819084 0.028848 0.572948 0.502441 0.186523 1 2 1.000000
2 8.065832 9.638922 21.304405 0.440084 0.140846 0.886842 0.550781 0.197266 1 2 1.000000
2 7.730894 1.204211 21.726933 0.460708 0.048534 0.886224 0.477539 0.189941 1 2 1.000000
1efc_stn06_body_mesh1
2 -5.226445 16.954218 -10.536810 -0.006056 0.038147 -0.999254 0.587891 0.847900 1 2 1.000000
2 -6.722117 13.576902 -10.558332 -0.004673 0.060751 -0.998142 0.551758 0.832031 1 2 1.000000
2 -13.023874 16.207860 -10.627381 0.010014 0.053407 -0.998523 0.561035 0.773560 1 2 1.000000
1efc_stn06_body_mesh1
2 -6.722117 13.576902 -10.558332 -0.004673 0.060751 -0.998142 0.551758 0.832031 1 2 1.000000
2 -13.497432 15.145357 -10.634187 0.010490 0.060463 -0.998115 0.549805 0.768555 1 2 1.000000
2 -13.023874 16.207860 -10.627381 0.010014 0.053407 -0.998523 0.561035 0.773560 1 2 1.000000
1efc_stn06_body_mesh1
2 -13.023874 16.207860 -10.627381 0.010014 0.053407 -0.998523 0.561035 0.773560 1 2 1.000000
2 -13.497432 15.145357 -10.634187 0.010490 0.060463 -0.998115 0.549805 0.768555 1 2 1.000000
2 -13.494634 16.162880 -10.634271 0.000000 0.093081 -0.995659 0.559570 0.769287 1 2 1.000000
1efc_stn06_body_mesh1
2 -13.497432 15.145357 -10.634187 0.010490 0.060463 -0.998115 0.549805 0.768555 1 2 1.000000
2 -14.108466 16.103552 -10.630990 0.009441 0.098036 -0.995138 0.556152 0.764893 1 2 1.000000
2 -13.494634 16.162880 -10.634271 0.000000 0.093081 -0.995659 0.559570 0.769287 1 2 1.000000
1efc_stn06_body_mesh1
2 -14.108466 16.103552 -10.630990 0.009441 0.098036 -0.995138 0.556152 0.764893 1 2 1.000000
2 -13.497432 15.145357 -10.634187 0.010490 0.060463 -0.998115 0.549805 0.768555 1 2 1.000000
2 -14.462255 16.069271 -10.627534 -0.025558 0.088881 -0.995714 0.553711 0.761230 1 2 1.000000
1efc_stn06_body_mesh1
2 -13.497432 15.145357 -10.634187 0.010490 0.060463 -0.998115 0.549805 0.768555 1 2 1.000000
2 -15.052760 16.012165 -10.623761 -0.055217 0.065993 -0.996291 0.549805 0.756958 1 2 1.000000
2 -14.462255 16.069271 -10.627534 -0.025558 0.088881 -0.995714 0.553711 0.761230 1 2 1.000000
1efc_stn06_body_mesh1
2 -15.052760 16.012165 -10.623761 -0.055217 0.065993 -0.996291 0.549805 0.756958 1 2 1.000000
2 -13.497432 15.145357 -10.634187 0.010490 0.060463 -0.998115 0.549805 0.768555 1 2 1.000000
2 -21.135004 15.424545 -10.595537 -0.323856 0.058553 -0.944293 0.517578 0.716797 1 2 1.000000
1efc_stn06_body_mesh1
2 -13.497432 15.145357 -10.634187 0.010490 0.060463 -0.998115 0.549805 0.768555 1 2 1.000000
2 -12.867667 7.563472 -11.829547 -0.004387 0.048591 -0.998809 0.458984 0.771240 1 2 1.000000
2 -21.135004 15.424545 -10.595537 -0.323856 0.058553 -0.944293 0.517578 0.716797 1 2 1.000000
1efc_stn06_body_mesh1
2 -21.135004 15.424545 -10.595537 -0.323856 0.058553 -0.944293 0.517578 0.716797 1 2 1.000000
2 -12.867667 7.563472 -11.829547 -0.004387 0.048591 -0.998809 0.458984 0.771240 1 2 1.000000
2 -26.764590 14.886976 -10.684289 -0.554055 0.051400 -0.830892 0.484619 0.678467 1 2 1.000000
1efc_stn06_body_mesh1
2 -12.867667 7.563472 -11.829547 -0.004387 0.048591 -0.998809 0.458984 0.771240 1 2 1.000000
2 -28.246614 14.737371 -10.560636 -0.605221 0.000000 -0.796057 0.477539 0.666260 1 2 1.000000
2 -26.764590 14.886976 -10.684289 -0.554055 0.051400 -0.830892 0.484619 0.678467 1 2 1.000000
1efc_stn06_body_mesh1
2 -13.497432 15.145357 -10.634187 0.010490 0.060463 -0.998115 0.549805 0.768555 1 2 1.000000
2 -6.722117 13.576902 -10.558332 -0.004673 0.060751 -0.998142 0.551758 0.832031 1 2 1.000000
2 -12.867667 7.563472 -11.829547 -0.004387 0.048591 -0.998809 0.458984 0.771240 1 2 1.000000
1efc_stn06_body_mesh1
2 -6.722117 13.576902 -10.558332 -0.004673 0.060751 -0.998142 0.551758 0.832031 1 2 1.000000
2 -9.096951 9.299059 -11.365540 -0.008106 0.052927 -0.998565 0.491943 0.807739 1 2 1.000000
2 -12.867667 7.563472 -11.829547 -0.004387 0.048591 -0.998809 0.458984 0.771240 1 2 1.000000
1efc_stn06_body_mesh1
2 -12.867667 7.563472 -11.829547 -0.004387 0.048591 -0.998809 0.458984 0.771240 1 2 1.000000
2 -9.096951 9.299059 -11.365540 -0.008106 0.052927 -0.998565 0.491943 0.807739 1 2 1.000000
2 -10.465467 6.746260 -11.768230 0.069334 0.031472 -0.997097 0.458008 0.792725 1 2 1.000000
1efc_stn06_body_mesh1
2 2.929239 -10.285046 22.118843 0.152091 -0.094512 0.983837 0.382080 0.275391 1 2 1.000000
2 4.104734 -7.623701 22.130764 0.226201 -0.009012 0.974039 0.410889 0.258789 1 2 1.000000
2 2.543360 -10.565222 22.086212 0.131482 -0.107379 0.985486 0.378174 0.279785 1 2 1.000000
1efc_stn06_body_mesh1
2 4.104734 -7.623701 22.130764 0.226201 -0.009012 0.974039 0.410889 0.258789 1 2 1.000000
2 -2.702218 -3.099390 21.097097 -0.073310 0.001192 0.997308 0.431641 0.315430 1 2 1.000000
2 2.543360 -10.565222 22.086212 0.131482 -0.107379 0.985486 0.378174 0.279785 1 2 1.000000
1efc_stn06_body_mesh1
2 2.543360 -10.565222 22.086212 0.131482 -0.107379 0.985486 0.378174 0.279785 1 2 1.000000
2 -2.702218 -3.099390 21.097097 -0.073310 0.001192 0.997308 0.431641 0.315430 1 2 1.000000
2 -6.029761 -12.055240 21.351515 -0.039004 0.039195 0.998470 0.316895 0.339355 1 2 1.000000
1efc_stn06_body_mesh1
2 -10.465467 6.746260 -11.768230 0.069334 0.031472 -0.997097 0.458008 0.792725 1 2 1.000000
2 -10.812728 5.851873 -11.694648 0.061133 0.026656 -0.997774 0.450684 0.786499 1 2 1.000000
2 -12.867667 7.563472 -11.829547 -0.004387 0.048591 -0.998809 0.458984 0.771240 1 2 1.000000
1efc_stn06_body_mesh1
2 -10.812728 5.851873 -11.694648 0.061133 0.026656 -0.997774 0.450684 0.786499 1 2 1.000000
2 -12.016151 3.220988 -11.773627 -0.002766 0.019407 -0.999808 0.416260 0.777588 1 2 1.000000
2 -12.867667 7.563472 -11.829547 -0.004387 0.048591 -0.998809 0.458984 0.771240 1 2 1.000000
1efc_stn06_body_mesh1
2 -12.867667 7.563472 -11.829547 -0.004387 0.048591 -0.998809 0.458984 0.771240 1 2 1.000000
2 -12.016151 3.220988 -11.773627 -0.002766 0.019407 -0.999808 0.416260 0.777588 1 2 1.000000
2 -27.489508 2.832510 -10.594401 -0.602710 -0.086568 -0.793251 0.347412 0.667969 1 2 1.000000
1efc_stn06_body_mesh1
2 -12.016151 3.220988 -11.773627 -0.002766 0.019407 -0.999808 0.416260 0.777588 1 2 1.000000
2 -14.556942 -3.081609 -11.407268 -0.152011 -0.049971 -0.987115 0.338135 0.760010 1 2 1.000000
2 -27.489508 2.832510 -10.594401 -0.602710 -0.086568 -0.793251 0.347412 0.667969 1 2 1.000000
1efc_stn06_body_mesh1
2 -27.489508 2.832510 -10.594401 -0.602710 -0.086568 -0.793251 0.347412 0.667969 1 2 1.000000
2 -14.556942 -3.081609 -11.407268 -0.152011 -0.049971 -0.987115 0.338135 0.760010 1 2 1.000000
2 -25.945263 -4.733803 -10.583738 -0.553887 -0.049543 -0.831117 0.255371 0.653564 1 2 1.000000
1efc_stn06_body_mesh1
2 -14.556942 -3.081609 -11.407268 -0.152011 -0.049971 -0.987115 0.338135 0.760010 1 2 1.000000
2 -15.305887 -4.901586 -11.326236 -0.181105 -0.041628 -0.982582 0.310059 0.746582 1 2 1.000000
2 -25.945263 -4.733803 -10.583738 -0.553887 -0.049543 -0.831117 0.255371 0.653564 1 2 1.000000
1efc_stn06_body_mesh1
2 -25.945263 -4.733803 -10.583738 -0.553887 -0.049543 -0.831117 0.255371 0.653564 1 2 1.000000
2 -15.305887 -4.901586 -11.326236 -0.181105 -0.041628 -0.982582 0.310059 0.746582 1 2 1.000000
2 -18.094513 -11.796359 -10.940244 -0.170512 -0.444399 -0.879452 0.208496 0.718262 1 2 1.000000
1efc_stn06_body_mesh1
2 -5.226445 16.954218 -10.536810 0.797610 -0.350001 -0.491241 0.610840 0.270020 1 2 1.000000
2 7.352434 17.046257 9.821877 0.797610 -0.350001 -0.491241 0.643555 0.419434 1 2 1.000000
2 -6.722117 13.576902 -10.558332 0.797584 -0.350084 -0.491224 0.586914 0.269531 1 2 1.000000
1efc_stn06_body_mesh1
2 7.352434 17.046257 9.821877 0.797610 -0.350001 -0.491241 0.643555 0.419434 1 2 1.000000
2 7.331141 15.063918 11.200107 0.797584 -0.350084 -0.491224 0.631836 0.429688 1 2 1.000000
2 -6.722117 13.576902 -10.558332 0.797584 -0.350084 -0.491224 0.586914 0.269531 1 2 1.000000
1efc_stn06_body_mesh1
2 -6.722117 13.576902 -10.558332 0.797584 -0.350084 -0.491224 0.586914 0.269531 1 2 1.000000
2 7.331141 15.063918 11.200107 0.797584 -0.350084 -0.491224 0.631836 0.429688 1 2 1.000000
2 7.507101 13.550939 12.564106 0.797584 -0.350084 -0.491224 0.623535 0.439453 1 2 1.000000
1efc_stn06_body_mesh1
2 8.620974 10.016180 16.891900 0.797604 -0.350114 -0.491171 0.605469 0.471191 1 2 1.000000
2 8.724699 9.481987 17.441036 0.797604 -0.350114 -0.491171 0.602539 0.475586 1 2 1.000000
2 7.600374 12.915297 13.168572 0.797584 -0.350084 -0.491224 0.620117 0.443848 1 2 1.000000
1efc_stn06_body_mesh1
2 8.724699 9.481987 17.441036 0.797604 -0.350114 -0.491171 0.602539 0.475586 1 2 1.000000
2 8.815172 5.261858 20.595604 0.797638 -0.350087 -0.491133 0.578125 0.498535 1 2 1.000000
2 7.600374 12.915297 13.168572 0.797584 -0.350084 -0.491224 0.620117 0.443848 1 2 1.000000
1efc_stn06_body_mesh1
2 7.600374 12.915297 13.168572 0.797584 -0.350084 -0.491224 0.620117 0.443848 1 2 1.000000
2 8.815172 5.261858 20.595604 0.797638 -0.350087 -0.491133 0.578125 0.498535 1 2 1.000000
2 7.712194 1.155403 21.731354 0.797624 -0.350090 -0.491154 0.551270 0.506836 1 2 1.000000
1efc_stn06_body_mesh1
2 8.815172 5.261858 20.595604 0.797638 -0.350087 -0.491133 0.578125 0.498535 1 2 1.000000
2 7.730894 1.204211 21.726933 0.797624 -0.350090 -0.491154 0.551758 0.506836 1 2 1.000000
2 7.712194 1.155403 21.731354 0.797624 -0.350090 -0.491154 0.551270 0.506836 1 2 1.000000
1efc_stn06_body_mesh1
2 7.600374 12.915297 13.168572 0.797584 -0.350084 -0.491224 0.620117 0.443848 1 2 1.000000
2 7.712194 1.155403 21.731354 0.797624 -0.350090 -0.491154 0.551270 0.506836 1 2 1.000000
2 7.507101 13.550939 12.564106 0.797584 -0.350084 -0.491224 0.623535 0.439453 1 2 1.000000
1efc_stn06_body_mesh1
2 7.712194 1.155403 21.731354 0.797624 -0.350090 -0.491154 0.551270 0.506836 1 2 1.000000
2 -6.722117 13.576902 -10.558332 0.797584 -0.350084 -0.491224 0.586914 0.269531 1 2 1.000000
2 7.507101 13.550939 12.564106 0.797584 -0.350084 -0.491224 0.623535 0.439453 1 2 1.000000
1efc_stn06_body_mesh1
2 6.215048 -3.220162 22.418888 0.797621 -0.350101 -0.491152 0.521973 0.511963 1 2 1.000000
2 5.156519 -5.427511 22.273323 0.797621 -0.350101 -0.491152 0.506348 0.510742 1 2 1.000000
2 7.712194 1.155403 21.731354 0.797624 -0.350090 -0.491154 0.551270 0.506836 1 2 1.000000
1efc_stn06_body_mesh1
2 5.156519 -5.427511 22.273323 0.797621 -0.350101 -0.491152 0.506348 0.510742 1 2 1.000000
2 4.104734 -7.623701 22.130764 0.797621 -0.350101 -0.491152 0.490723 0.509766 1 2 1.000000
2 7.712194 1.155403 21.731354 0.797624 -0.350090 -0.491154 0.551270 0.506836 1 2 1.000000
1efc_stn06_body_mesh1
2 7.712194 1.155403 21.731354 0.797624 -0.350090 -0.491154 0.551270 0.506836 1 2 1.000000
2 4.104734 -7.623701 22.130764 0.797621 -0.350101 -0.491152 0.490723 0.509766 1 2 1.000000
2 -15.305887 -4.901586 -11.326236 0.797566 -0.350098 -0.491243 0.456787 0.264160 1 2 1.000000
1efc_stn06_body_mesh1
2 4.104734 -7.623701 22.130764 0.797621 -0.350101 -0.491152 0.490723 0.509766 1 2 1.000000
2 -18.182774 -12.031106 -10.916249 -0.171282 -0.457196 -0.872717 0.407471 0.267090 1 2 1.000000
2 -15.305887 -4.901586 -11.326236 0.797566 -0.350098 -0.491243 0.456787 0.264160 1 2 1.000000
1efc_stn06_body_mesh1
2 -15.305887 -4.901586 -11.326236 0.797566 -0.350098 -0.491243 0.456787 0.264160 1 2 1.000000
2 -18.182774 -12.031106 -10.916249 -0.171282 -0.457196 -0.872717 0.407471 0.267090 1 2 1.000000
2 -18.094513 -11.796359 -10.940244 0.797601 -0.350071 -0.491206 0.409180 0.267090 1 2 1.000000
1efc_stn06_body_mesh1
2 7.712194 1.155403 21.731354 0.797624 -0.350090 -0.491154 0.551270 0.506836 1 2 1.000000
2 -15.305887 -4.901586 -11.326236 0.797566 -0.350098 -0.491243 0.456787 0.264160 1 2 1.000000
2 -6.722117 13.576902 -10.558332 0.797584 -0.350084 -0.491224 0.586914 0.269531 1 2 1.000000
1efc_stn06_body_mesh1
2 -15.305887 -4.901586 -11.326236 0.797566 -0.350098 -0.491243 0.456787 0.264160 1 2 1.000000
2 -10.812728 5.851873 -11.694648 0.797566 -0.350098 -0.491243 0.531250 0.261230 1 2 1.000000
2 -6.722117 13.576902 -10.558332 0.797584 -0.350084 -0.491224 0.586914 0.269531 1 2 1.000000
1efc_stn06_body_mesh1
2 -6.722117 13.576902 -10.558332 0.797584 -0.350084 -0.491224 0.586914 0.269531 1 2 1.000000
2 -10.812728 5.851873 -11.694648 0.797566 -0.350098 -0.491243 0.531250 0.261230 1 2 1.000000
2 -9.096951 9.299059 -11.365540 0.797566 -0.350098 -0.491243 0.555664 0.263672 1 2 1.000000
1efc_stn06_body_mesh1
2 -10.812728 5.851873 -11.694648 0.797566 -0.350098 -0.491243 0.531250 0.261230 1 2 1.000000
2 -10.465467 6.746260 -11.768230 0.797566 -0.350098 -0.491243 0.537109 0.260742 1 2 1.000000
2 -9.096951 9.299059 -11.365540 0.797566 -0.350098 -0.491243 0.555664 0.263672 1 2 1.000000
1efc_stn06_body_mesh1
2 -12.016151 3.220988 -11.773627 0.797566 -0.350098 -0.491243 0.512695 0.260742 1 2 1.000000
2 -10.812728 5.851873 -11.694648 0.797566 -0.350098 -0.491243 0.531250 0.261230 1 2 1.000000
2 -14.556942 -3.081609 -11.407268 0.797566 -0.350098 -0.491243 0.469238 0.263672 1 2 1.000000
1efc_stn06_body_mesh1
2 -10.812728 5.851873 -11.694648 0.797566 -0.350098 -0.491243 0.531250 0.261230 1 2 1.000000
2 -15.305887 -4.901586 -11.326236 0.797566 -0.350098 -0.491243 0.456787 0.264160 1 2 1.000000
2 -14.556942 -3.081609 -11.407268 0.797566 -0.350098 -0.491243 0.469238 0.263672 1 2 1.000000
1efc_stn06_body_mesh1
2 -7.467338 -17.555145 21.577217 -0.131979 -0.321175 0.937778 0.230347 0.351562 1 2 1.000000
2 -6.977952 -17.622444 21.612427 -0.123635 -0.320602 0.939111 0.233887 0.347168 1 2 1.000000
2 -6.029761 -12.055240 21.351515 -0.039004 0.039195 0.998470 0.316895 0.339355 1 2 1.000000
1efc_stn06_body_mesh1
2 -6.977952 -17.622444 21.612427 -0.123635 -0.320602 0.939111 0.233887 0.347168 1 2 1.000000
2 -3.637443 -15.103894 21.680748 -0.031017 -0.129982 0.991031 0.297607 0.317871 1 2 1.000000
2 -6.029761 -12.055240 21.351515 -0.039004 0.039195 0.998470 0.316895 0.339355 1 2 1.000000
1efc_stn06_body_mesh1
2 -6.029761 -12.055240 21.351515 -0.039004 0.039195 0.998470 0.316895 0.339355 1 2 1.000000
2 -3.637443 -15.103894 21.680748 -0.031017 -0.129982 0.991031 0.297607 0.317871 1 2 1.000000
2 -2.539855 -14.305875 21.771060 0.000000 -0.086597 0.996243 0.321045 0.309570 1 2 1.000000
1efc_stn06_body_mesh1
2 -21.387130 -15.616292 -8.291624 -0.330344 -0.927996 -0.172324 0.144775 0.686768 1 2 1.000000
2 -21.783620 -15.587190 -8.290709 -0.343705 -0.923730 -0.169087 0.143433 0.683594 1 2 1.000000
2 -21.501846 -14.954190 -10.016241 -0.275224 -0.712855 -0.645050 0.151245 0.686523 1 2 1.000000
1efc_stn06_body_mesh1
2 -21.783620 -15.587190 -8.290709 -0.343705 -0.923730 -0.169087 0.143433 0.683594 1 2 1.000000
2 -23.420040 -13.285596 -10.613687 -0.218965 -0.477222 -0.851066 0.166260 0.672119 1 2 1.000000
2 -21.501846 -14.954190 -10.016241 -0.275224 -0.712855 -0.645050 0.151245 0.686523 1 2 1.000000
1efc_stn06_body_mesh1
2 -21.501846 -14.954190 -10.016241 -0.275224 -0.712855 -0.645050 0.151245 0.686523 1 2 1.000000
2 -23.420040 -13.285596 -10.613687 -0.218965 -0.477222 -0.851066 0.166260 0.672119 1 2 1.000000
2 -21.481417 -14.673343 -10.626531 -0.232511 -0.587668 -0.774974 0.154419 0.686768 1 2 1.000000
1efc_stn06_body_mesh1
2 -23.420040 -13.285596 -10.613687 -0.218965 -0.477222 -0.851066 0.166260 0.672119 1 2 1.000000
2 -25.945263 -4.733803 -10.583738 -0.553887 -0.049543 -0.831117 0.255371 0.653564 1 2 1.000000
2 -21.481417 -14.673343 -10.626531 -0.232511 -0.587668 -0.774974 0.154419 0.686768 1 2 1.000000
1efc_stn06_body_mesh1
2 -21.481417 -14.673343 -10.626531 -0.232511 -0.587668 -0.774974 0.154419 0.686768 1 2 1.000000
2 -25.945263 -4.733803 -10.583738 -0.553887 -0.049543 -0.831117 0.255371 0.653564 1 2 1.000000
2 -21.441704 -14.642983 -10.626679 -0.236134 -0.588238 -0.773445 0.154785 0.687012 1 2 1.000000
1efc_stn06_body_mesh1
2 -25.945263 -4.733803 -10.583738 -0.553887 -0.049543 -0.831117 0.255371 0.653564 1 2 1.000000
2 -19.986164 -13.474214 -10.761128 -0.207908 -0.532835 -0.820281 0.177246 0.700684 1 2 1.000000
2 -21.441704 -14.642983 -10.626679 -0.236134 -0.588238 -0.773445 0.154785 0.687012 1 2 1.000000
1efc_stn06_body_mesh1
2 -21.783620 -15.587190 -8.290709 -0.343705 -0.923730 -0.169087 0.143433 0.683594 1 2 1.000000
2 -23.975452 -13.857692 -8.274197 -0.305935 -0.938975 -0.157259 0.159424 0.666992 1 2 1.000000
2 -23.420040 -13.285596 -10.613687 -0.218965 -0.477222 -0.851066 0.166260 0.672119 1 2 1.000000
1efc_stn06_body_mesh1
2 -23.975452 -13.857692 -8.274197 -0.305935 -0.938975 -0.157259 0.159424 0.666992 1 2 1.000000
2 -26.304678 -13.014628 -10.592092 -0.484267 -0.460617 -0.743853 0.167480 0.649414 1 2 1.000000
2 -23.420040 -13.285596 -10.613687 -0.218965 -0.477222 -0.851066 0.166260 0.672119 1 2 1.000000
1efc_stn06_body_mesh1
2 -23.420040 -13.285596 -10.613687 -0.218965 -0.477222 -0.851066 0.166260 0.672119 1 2 1.000000
2 -26.304678 -13.014628 -10.592092 -0.484267 -0.460617 -0.743853 0.167480 0.649414 1 2 1.000000
2 -25.945263 -4.733803 -10.583738 -0.553887 -0.049543 -0.831117 0.255371 0.653564 1 2 1.000000
1efc_stn06_body_mesh1
2 -26.304678 -13.014628 -10.592092 -0.484267 -0.460617 -0.743853 0.167480 0.649414 1 2 1.000000
2 -27.246069 -13.703380 -8.247780 -0.734672 -0.649704 -0.195302 0.160522 0.641357 1 2 1.000000
2 -25.945263 -4.733803 -10.583738 -0.553887 -0.049543 -0.831117 0.255371 0.653564 1 2 1.000000
1efc_stn06_body_mesh1
2 -25.945263 -4.733803 -10.583738 -0.553887 -0.049543 -0.831117 0.255371 0.653564 1 2 1.000000
2 -27.246069 -13.703380 -8.247780 -0.734672 -0.649704 -0.195302 0.160522 0.641357 1 2 1.000000
2 -26.929000 -4.602095 -8.242115 -0.975351 -0.072903 -0.208268 0.256348 0.644775 1 2 1.000000
1efc_stn06_body_mesh1
2 -27.246069 -13.703380 -8.247780 -0.734672 -0.649704 -0.195302 0.160522 0.641357 1 2 1.000000
2 -26.407137 -14.076589 10.514814 -0.630227 -0.765370 -0.130471 0.151978 0.592773 1 2 1.000000
2 -26.929000 -4.602095 -8.242115 -0.975351 -0.072903 -0.208268 0.256348 0.644775 1 2 1.000000
1efc_stn06_body_mesh1
2 -26.929000 -4.602095 -8.242115 -0.975351 -0.072903 -0.208268 0.256348 0.644775 1 2 1.000000
2 -26.407137 -14.076589 10.514814 -0.630227 -0.765370 -0.130471 0.151978 0.592773 1 2 1.000000
2 -29.486094 -5.912165 18.664286 -0.939427 -0.079398 0.333425 0.237305 0.560547 1 2 1.000000
1efc_stn06_body_mesh1
2 -26.407137 -14.076589 10.514814 -0.630227 -0.765370 -0.130471 0.151978 0.592773 1 2 1.000000
2 -28.029757 -15.564006 19.598444 -0.639151 -0.698183 0.322532 0.133057 0.543213 1 2 1.000000
2 -29.486094 -5.912165 18.664286 -0.939427 -0.079398 0.333425 0.237305 0.560547 1 2 1.000000
1efc_stn06_body_mesh1
2 -29.486094 -5.912165 18.664286 -0.939427 -0.079398 0.333425 0.237305 0.560547 1 2 1.000000
2 -28.029757 -15.564006 19.598444 -0.639151 -0.698183 0.322532 0.133057 0.543213 1 2 1.000000
2 -28.385576 -6.234554 19.720049 -0.453366 0.027465 0.890901 0.233398 0.551270 1 2 1.000000
1efc_stn06_body_mesh1
2 -28.029757 -15.564006 19.598444 -0.639151 -0.698183 0.322532 0.133057 0.543213 1 2 1.000000
2 -27.142412 -13.941197 20.382765 -0.391232 -0.163284 0.905691 0.150635 0.536621 1 2 1.000000
2 -28.385576 -6.234554 19.720049 -0.453366 0.027465 0.890901 0.233398 0.551270 1 2 1.000000
1efc_stn06_body_mesh1
2 -28.385576 -6.234554 19.720049 -0.453366 0.027465 0.890901 0.233398 0.551270 1 2 1.000000
2 -27.142412 -13.941197 20.382765 -0.391232 -0.163284 0.905691 0.150635 0.536621 1 2 1.000000
2 -21.857769 -12.125855 21.481106 0.260344 -0.158018 0.952497 0.183105 0.486328 1 2 1.000000
1efc_stn06_body_mesh1
2 -27.142412 -13.941197 20.382765 -0.391232 -0.163284 0.905691 0.150635 0.536621 1 2 1.000000
2 -23.518566 -14.514579 21.031942 0.141332 -0.465766 0.873549 0.153076 0.500977 1 2 1.000000
2 -21.857769 -12.125855 21.481106 0.260344 -0.158018 0.952497 0.183105 0.486328 1 2 1.000000
1efc_stn06_body_mesh1
2 -21.857769 -12.125855 21.481106 0.260344 -0.158018 0.952497 0.183105 0.486328 1 2 1.000000
2 -23.518566 -14.514579 21.031942 0.141332 -0.465766 0.873549 0.153076 0.500977 1 2 1.000000
2 -21.501880 -14.340068 19.472580 -0.059505 -0.628333 0.775665 0.155518 0.481934 1 2 1.000000
1efc_stn06_body_mesh1
2 -23.518566 -14.514579 21.031942 0.141332 -0.465766 0.873549 0.153076 0.500977 1 2 1.000000
2 -21.896862 -15.070096 18.312687 -0.170519 -0.973617 0.151636 0.145020 0.484863 1 2 1.000000
2 -21.501880 -14.340068 19.472580 -0.059505 -0.628333 0.775665 0.155518 0.481934 1 2 1.000000
1efc_stn06_body_mesh1
2 -21.501880 -14.340068 19.472580 -0.059505 -0.628333 0.775665 0.155518 0.481934 1 2 1.000000
2 -21.896862 -15.070096 18.312687 -0.170519 -0.973617 0.151636 0.145020 0.484863 1 2 1.000000
2 -19.826900 -15.758897 20.327961 -0.420919 -0.467455 0.777375 0.155762 0.464844 1 2 1.000000
1efc_stn06_body_mesh1
2 -21.896862 -15.070096 18.312687 -0.170519 -0.973617 0.151636 0.145020 0.484863 1 2 1.000000
2 -19.572820 -16.827332 19.490465 -0.287231 -0.941224 0.177755 0.146729 0.461914 1 2 1.000000
2 -19.826900 -15.758897 20.327961 -0.420919 -0.467455 0.777375 0.155762 0.464844 1 2 1.000000
1efc_stn06_body_mesh1
2 -19.826900 -15.758897 20.327961 -0.420919 -0.467455 0.777375 0.155762 0.464844 1 2 1.000000
2 -19.572820 -16.827332 19.490465 -0.287231 -0.941224 0.177755 0.146729 0.461914 1 2 1.000000
2 -12.695884 -16.691284 21.612343 -0.167752 -0.560191 0.811200 0.190430 0.407227 1 2 1.000000
1efc_stn06_body_mesh1
2 -19.572820 -16.827332 19.490465 -0.287231 -0.941224 0.177755 0.146729 0.461914 1 2 1.000000
2 -11.435465 -16.403984 20.962828 -0.299238 -0.954166 0.004959 0.191650 0.395996 1 2 1.000000
2 -12.695884 -16.691284 21.612343 -0.167752 -0.560191 0.811200 0.190430 0.407227 1 2 1.000000
1efc_stn06_body_mesh1
2 -12.695884 -16.691284 21.612343 -0.167752 -0.560191 0.811200 0.190430 0.407227 1 2 1.000000
2 -11.435465 -16.403984 20.962828 -0.299238 -0.954166 0.004959 0.191650 0.395996 1 2 1.000000
2 -9.477778 -17.187237 21.559498 -0.208010 -0.578726 0.788548 0.212646 0.370117 1 2 1.000000
1efc_stn06_body_mesh1
2 -11.435465 -16.403984 20.962828 -0.299238 -0.954166 0.004959 0.191650 0.395996 1 2 1.000000
2 -8.490068 -18.280197 20.797789 -0.157442 -0.949229 0.272353 0.211426 0.360352 1 2 1.000000
2 -9.477778 -17.187237 21.559498 -0.208010 -0.578726 0.788548 0.212646 0.370117 1 2 1.000000
1efc_stn06_body_mesh1
2 -8.490068 -18.280197 20.797789 -0.157442 -0.949229 0.272353 0.211426 0.360352 1 2 1.000000
2 -11.435465 -16.403984 20.962828 -0.299238 -0.954166 0.004959 0.191650 0.395996 1 2 1.000000
2 -8.489473 -18.272575 20.455395 -0.163471 -0.950305 0.264949 0.210205 0.359375 1 2 1.000000
1efc_stn06_body_mesh1
2 -11.435465 -16.403984 20.962828 -0.299238 -0.954166 0.004959 0.191650 0.395996 1 2 1.000000
2 -10.119543 -17.102306 14.902168 -0.337131 -0.941298 -0.017357 0.177856 0.367188 1 2 1.000000
2 -8.489473 -18.272575 20.455395 -0.163471 -0.950305 0.264949 0.210205 0.359375 1 2 1.000000
1efc_stn06_body_mesh1
2 -25.945263 -4.733803 -10.583738 -0.553887 -0.049543 -0.831117 0.255371 0.653564 1 2 1.000000
2 -26.929000 -4.602095 -8.242115 -0.975351 -0.072903 -0.208268 0.256348 0.644775 1 2 1.000000
2 -27.489508 2.832510 -10.594401 -0.602710 -0.086568 -0.793251 0.347412 0.667969 1 2 1.000000
1efc_stn06_body_mesh1
2 -26.929000 -4.602095 -8.242115 -0.975351 -0.072903 -0.208268 0.256348 0.644775 1 2 1.000000
2 -28.527082 3.261605 -8.255836 -0.975031 -0.085520 -0.204943 0.350586 0.657471 1 2 1.000000
2 -27.489508 2.832510 -10.594401 -0.602710 -0.086568 -0.793251 0.347412 0.667969 1 2 1.000000
1efc_stn06_body_mesh1
2 -27.489508 2.832510 -10.594401 -0.602710 -0.086568 -0.793251 0.347412 0.667969 1 2 1.000000
2 -28.527082 3.261605 -8.255836 -0.975031 -0.085520 -0.204943 0.350586 0.657471 1 2 1.000000
2 -29.019526 14.425915 -8.235437 -0.981746 -0.062372 -0.179678 0.470703 0.656494 1 2 1.000000
1efc_stn06_body_mesh1
2 -28.527082 3.261605 -8.255836 -0.975031 -0.085520 -0.204943 0.350586 0.657471 1 2 1.000000
2 -29.446783 12.790180 11.105277 -0.999053 0.041770 -0.012207 0.443848 0.608887 1 2 1.000000
2 -29.019526 14.425915 -8.235437 -0.981746 -0.062372 -0.179678 0.470703 0.656494 1 2 1.000000
1efc_stn06_body_mesh1
2 -29.019526 14.425915 -8.235437 -0.981746 -0.062372 -0.179678 0.470703 0.656494 1 2 1.000000
2 -29.446783 12.790180 11.105277 -0.999053 0.041770 -0.012207 0.443848 0.608887 1 2 1.000000
2 -29.359480 13.430547 11.244269 -0.999522 0.029471 -0.009347 0.450439 0.608643 1 2 1.000000
1efc_stn06_body_mesh1
2 -29.446783 12.790180 11.105277 -0.999053 0.041770 -0.012207 0.443848 0.608887 1 2 1.000000
2 -29.382353 13.370549 12.294775 -0.998310 0.034809 0.046539 0.447754 0.601074 1 2 1.000000
2 -29.359480 13.430547 11.244269 -0.999522 0.029471 -0.009347 0.450439 0.608643 1 2 1.000000
1efc_stn06_body_mesh1
2 -29.382353 13.370549 12.294775 -0.998310 0.034809 0.046539 0.447754 0.601074 1 2 1.000000
2 -29.446783 12.790180 11.105277 -0.999053 0.041770 -0.012207 0.443848 0.608887 1 2 1.000000
2 -29.416246 13.082581 17.469833 -0.944144 0.048352 0.325968 0.438477 0.568115 1 2 1.000000
1efc_stn06_body_mesh1
2 -29.446783 12.790180 11.105277 -0.999053 0.041770 -0.012207 0.443848 0.608887 1 2 1.000000
2 -29.161688 3.327317 18.396397 -0.927625 -0.033978 0.371965 0.338867 0.554199 1 2 1.000000
2 -29.416246 13.082581 17.469833 -0.944144 0.048352 0.325968 0.438477 0.568115 1 2 1.000000
1efc_stn06_body_mesh1
2 -29.446783 12.790180 11.105277 -0.999053 0.041770 -0.012207 0.443848 0.608887 1 2 1.000000
2 -28.527082 3.261605 -8.255836 -0.975031 -0.085520 -0.204943 0.350586 0.657471 1 2 1.000000
2 -29.161688 3.327317 18.396397 -0.927625 -0.033978 0.371965 0.338867 0.554199 1 2 1.000000
1efc_stn06_body_mesh1
2 -28.527082 3.261605 -8.255836 -0.975031 -0.085520 -0.204943 0.350586 0.657471 1 2 1.000000
2 -26.929000 -4.602095 -8.242115 -0.975351 -0.072903 -0.208268 0.256348 0.644775 1 2 1.000000
2 -29.161688 3.327317 18.396397 -0.927625 -0.033978 0.371965 0.338867 0.554199 1 2 1.000000
1efc_stn06_body_mesh1
2 -29.161688 3.327317 18.396397 -0.927625 -0.033978 0.371965 0.338867 0.554199 1 2 1.000000
2 -26.929000 -4.602095 -8.242115 -0.975351 -0.072903 -0.208268 0.256348 0.644775 1 2 1.000000
2 -29.486094 -5.912165 18.664286 -0.939427 -0.079398 0.333425 0.237305 0.560547 1 2 1.000000
1efc_stn06_body_mesh1
2 -10.119543 -17.102306 14.902168 -0.337131 -0.941298 -0.017357 0.177856 0.367188 1 2 1.000000
2 -11.435465 -16.403984 20.962828 -0.299238 -0.954166 0.004959 0.191650 0.395996 1 2 1.000000
2 -11.319715 -16.393341 11.164731 -0.189027 -0.978706 -0.080017 0.154663 0.381348 1 2 1.000000
1efc_stn06_body_mesh1
2 -11.435465 -16.403984 20.962828 -0.299238 -0.954166 0.004959 0.191650 0.395996 1 2 1.000000
2 -19.522816 -15.531243 9.827195 -0.309748 -0.950510 -0.024223 0.108826 0.447266 1 2 1.000000
2 -11.319715 -16.393341 11.164731 -0.189027 -0.978706 -0.080017 0.154663 0.381348 1 2 1.000000
1efc_stn06_body_mesh1
2 -11.319715 -16.393341 11.164731 -0.189027 -0.978706 -0.080017 0.154663 0.381348 1 2 1.000000
2 -19.522816 -15.531243 9.827195 -0.309748 -0.950510 -0.024223 0.108826 0.447266 1 2 1.000000
2 -15.885634 -15.893933 2.002435 -0.161738 -0.979300 -0.121709 0.096924 0.406250 1 2 1.000000
1efc_stn06_body_mesh1
2 -11.435465 -16.403984 20.962828 -0.299238 -0.954166 0.004959 0.191650 0.395996 1 2 1.000000
2 -19.572820 -16.827332 19.490465 -0.287231 -0.941224 0.177755 0.146729 0.461914 1 2 1.000000
2 -19.522816 -15.531243 9.827195 -0.309748 -0.950510 -0.024223 0.108826 0.447266 1 2 1.000000
1efc_stn06_body_mesh1
2 -19.572820 -16.827332 19.490465 -0.287231 -0.941224 0.177755 0.146729 0.461914 1 2 1.000000
2 -21.815252 -14.226747 10.059221 -0.303457 -0.951379 -0.052833 0.104004 0.470215 1 2 1.000000
2 -19.522816 -15.531243 9.827195 -0.309748 -0.950510 -0.024223 0.108826 0.447266 1 2 1.000000
1efc_stn06_body_mesh1
2 -19.572820 -16.827332 19.490465 -0.287231 -0.941224 0.177755 0.146729 0.461914 1 2 1.000000
2 -21.896862 -15.070096 18.312687 -0.170519 -0.973617 0.151636 0.145020 0.484863 1 2 1.000000
2 -21.815252 -14.226747 10.059221 -0.303457 -0.951379 -0.052833 0.104004 0.470215 1 2 1.000000
1efc_stn06_body_mesh1
2 -21.896862 -15.070096 18.312687 -0.170519 -0.973617 0.151636 0.145020 0.484863 1 2 1.000000
2 -24.345596 -15.645629 19.981080 0.066946 -0.905587 0.418844 0.139648 0.507324 1 2 1.000000
2 -21.815252 -14.226747 10.059221 -0.303457 -0.951379 -0.052833 0.104004 0.470215 1 2 1.000000
1efc_stn06_body_mesh1
2 -21.815252 -14.226747 10.059221 -0.303457 -0.951379 -0.052833 0.104004 0.470215 1 2 1.000000
2 -24.345596 -15.645629 19.981080 0.066946 -0.905587 0.418844 0.139648 0.507324 1 2 1.000000
2 -26.407137 -14.076589 10.514814 -0.630227 -0.765370 -0.130471 0.096558 0.512939 1 2 1.000000
1efc_stn06_body_mesh1
2 -24.345596 -15.645629 19.981080 0.066946 -0.905587 0.418844 0.139648 0.507324 1 2 1.000000
2 -28.029757 -15.564006 19.598444 -0.639151 -0.698183 0.322532 0.133057 0.543213 1 2 1.000000
2 -26.407137 -14.076589 10.514814 -0.630227 -0.765370 -0.130471 0.096558 0.512939 1 2 1.000000
1efc_stn06_body_mesh1
2 -21.896862 -15.070096 18.312687 -0.170519 -0.973617 0.151636 0.145020 0.484863 1 2 1.000000
2 -23.518566 -14.514579 21.031942 0.141332 -0.465766 0.873549 0.153076 0.500977 1 2 1.000000
2 -24.345596 -15.645629 19.981080 0.066946 -0.905587 0.418844 0.139648 0.507324 1 2 1.000000
1efc_stn06_body_mesh1
2 -23.518566 -14.514579 21.031942 0.141332 -0.465766 0.873549 0.153076 0.500977 1 2 1.000000
2 -27.142412 -13.941197 20.382765 -0.391232 -0.163284 0.905691 0.150635 0.536621 1 2 1.000000
2 -24.345596 -15.645629 19.981080 0.066946 -0.905587 0.418844 0.139648 0.507324 1 2 1.000000
1efc_stn06_body_mesh1
2 -24.345596 -15.645629 19.981080 0.066946 -0.905587 0.418844 0.139648 0.507324 1 2 1.000000
2 -27.142412 -13.941197 20.382765 -0.391232 -0.163284 0.905691 0.150635 0.536621 1 2 1.000000
2 -28.029757 -15.564006 19.598444 -0.639151 -0.698183 0.322532 0.133057 0.543213 1 2 1.000000
1efc_stn06_body_mesh1
2 -29.359480 13.430547 11.244269 -0.999522 0.029471 -0.009347 0.450439 0.608643 1 2 1.000000
2 -29.017977 14.493584 -7.480381 -0.983046 -0.061035 -0.172901 0.470947 0.654785 1 2 1.000000
2 -29.019526 14.425915 -8.235437 -0.981746 -0.062372 -0.179678 0.470703 0.656494 1 2 1.000000
1efc_stn06_body_mesh1
2 -29.017977 14.493584 -7.480381 -0.983046 -0.061035 -0.172901 0.470947 0.654785 1 2 1.000000
2 -29.030820 14.533888 -8.235477 -0.982058 -0.056074 -0.180047 0.471680 0.656738 1 2 1.000000
2 -29.019526 14.425915 -8.235437 -0.981746 -0.062372 -0.179678 0.470703 0.656494 1 2 1.000000
1efc_stn06_body_mesh1
2 -29.019526 14.425915 -8.235437 -0.981746 -0.062372 -0.179678 0.470703 0.656494 1 2 1.000000
2 -29.030820 14.533888 -8.235477 -0.982058 -0.056074 -0.180047 0.471680 0.656738 1 2 1.000000
2 -28.943521 14.555443 -8.474373 -0.967028 -0.052071 -0.249291 0.472412 0.657715 1 2 1.000000
1efc_stn06_body_mesh1
2 -25.945263 -4.733803 -10.583738 -0.553887 -0.049543 -0.831117 0.255371 0.653564 1 2 1.000000
2 -18.094513 -11.796359 -10.940244 -0.170512 -0.444399 -0.879452 0.208496 0.718262 1 2 1.000000
2 -19.986164 -13.474214 -10.761128 -0.207908 -0.532835 -0.820281 0.177246 0.700684 1 2 1.000000
1efc_stn06_body_mesh1
2 -18.094513 -11.796359 -10.940244 -0.170512 -0.444399 -0.879452 0.208496 0.718262 1 2 1.000000
2 -18.182774 -12.031106 -10.916249 -0.171282 -0.457196 -0.872717 0.204834 0.717041 1 2 1.000000
2 -19.986164 -13.474214 -10.761128 -0.207908 -0.532835 -0.820281 0.177246 0.700684 1 2 1.000000
1efc_stn06_body_mesh1
2 -2.539855 -14.305875 21.771060 0.000000 -0.086597 0.996243 0.321045 0.309570 1 2 1.000000
2 -1.020452 -13.207696 21.911106 0.084844 -0.050737 0.995102 0.330811 0.304688 1 2 1.000000
2 -6.029761 -12.055240 21.351515 -0.039004 0.039195 0.998470 0.316895 0.339355 1 2 1.000000
1efc_stn06_body_mesh1
2 -1.020452 -13.207696 21.911106 0.084844 -0.050737 0.995102 0.330811 0.304688 1 2 1.000000
2 2.543360 -10.565222 22.086212 0.131482 -0.107379 0.985486 0.378174 0.279785 1 2 1.000000
2 -6.029761 -12.055240 21.351515 -0.039004 0.039195 0.998470 0.316895 0.339355 1 2 1.000000
1efc_stn06_body_mesh1
2 -8.227277 -18.217754 20.789434 -0.196940 -0.928528 0.314723 0.388428 0.364258 1 2 1.000000
2 -8.489473 -18.272575 20.455395 -0.163471 -0.950305 0.264949 0.390137 0.362305 1 2 1.000000
2 -7.631249 -17.890648 21.082914 0.573256 -0.751498 -0.326539 0.387451 0.369141 1 2 1.000000
1efc_stn06_body_mesh1
2 -8.489473 -18.272575 20.455395 -0.163471 -0.950305 0.264949 0.390137 0.362305 1 2 1.000000
2 -10.119543 -17.102306 14.902168 0.573238 -0.751475 -0.326625 0.425781 0.349609 1 2 1.000000
2 -7.631249 -17.890648 21.082914 0.573256 -0.751498 -0.326539 0.387451 0.369141 1 2 1.000000
1efc_stn06_body_mesh1
2 -7.631249 -17.890648 21.082914 0.573256 -0.751498 -0.326539 0.387451 0.369141 1 2 1.000000
2 -10.119543 -17.102306 14.902168 0.573238 -0.751475 -0.326625 0.425781 0.349609 1 2 1.000000
2 -3.637443 -15.103894 21.680748 0.573256 -0.751498 -0.326539 0.391113 0.400391 1 2 1.000000
1efc_stn06_body_mesh1
2 -10.119543 -17.102306 14.902168 0.573238 -0.751475 -0.326625 0.425781 0.349609 1 2 1.000000
2 -18.182774 -12.031106 -10.916249 0.573174 -0.751516 -0.326642 0.590332 0.286621 1 2 1.000000
2 -3.637443 -15.103894 21.680748 0.573256 -0.751498 -0.326539 0.391113 0.400391 1 2 1.000000
1efc_stn06_body_mesh1
2 -3.637443 -15.103894 21.680748 0.573256 -0.751498 -0.326539 0.391113 0.400391 1 2 1.000000
2 -18.182774 -12.031106 -10.916249 0.573174 -0.751516 -0.326642 0.590332 0.286621 1 2 1.000000
2 -2.539855 -14.305875 21.771060 0.573256 -0.751498 -0.326539 0.392578 0.408691 1 2 1.000000
1efc_stn06_body_mesh1
2 -18.182774 -12.031106 -10.916249 0.573174 -0.751516 -0.326642 0.590332 0.286621 1 2 1.000000
2 2.543360 -10.565222 22.086212 0.131482 -0.107379 0.985486 0.400146 0.448730 1 2 1.000000
2 -2.539855 -14.305875 21.771060 0.573256 -0.751498 -0.326539 0.392578 0.408691 1 2 1.000000
1efc_stn06_body_mesh1
2 -2.539855 -14.305875 21.771060 0.573256 -0.751498 -0.326539 0.392578 0.408691 1 2 1.000000
2 2.543360 -10.565222 22.086212 0.131482 -0.107379 0.985486 0.400146 0.448730 1 2 1.000000
2 -1.020452 -13.207696 21.911106 0.084844 -0.050737 0.995102 0.394531 0.420898 1 2 1.000000
1efc_stn06_body_mesh1
2 -21.387130 -15.616292 -8.291624 0.573174 -0.751516 -0.326642 0.565430 0.261719 1 2 1.000000
2 -21.501846 -14.954190 -10.016241 0.573174 -0.751516 -0.326642 0.577148 0.260742 1 2 1.000000
2 -15.885634 -15.893933 2.002435 -0.161738 -0.979300 -0.121709 0.504395 0.304688 1 2 1.000000
1efc_stn06_body_mesh1
2 -21.501846 -14.954190 -10.016241 0.573174 -0.751516 -0.326642 0.577148 0.260742 1 2 1.000000
2 -11.319715 -16.393341 11.164731 0.573238 -0.751475 -0.326625 0.449463 0.340332 1 2 1.000000
2 -15.885634 -15.893933 2.002435 -0.161738 -0.979300 -0.121709 0.504395 0.304688 1 2 1.000000
1efc_stn06_body_mesh1
2 -21.481417 -14.673343 -10.626531 -0.234997 -0.591783 -0.771083 0.581543 0.260742 1 2 1.000000
2 -21.441704 -14.642983 -10.626679 0.573174 -0.751516 -0.326642 0.581543 0.261230 1 2 1.000000
2 -21.501846 -14.954190 -10.016241 0.573174 -0.751516 -0.326642 0.577148 0.260742 1 2 1.000000
1efc_stn06_body_mesh1
2 -21.441704 -14.642983 -10.626679 0.573174 -0.751516 -0.326642 0.581543 0.261230 1 2 1.000000
2 -18.182774 -12.031106 -10.916249 0.573174 -0.751516 -0.326642 0.590332 0.286621 1 2 1.000000
2 -21.501846 -14.954190 -10.016241 0.573174 -0.751516 -0.326642 0.577148 0.260742 1 2 1.000000
1efc_stn06_body_mesh1
2 -21.501846 -14.954190 -10.016241 0.573174 -0.751516 -0.326642 0.577148 0.260742 1 2 1.000000
2 -18.182774 -12.031106 -10.916249 0.573174 -0.751516 -0.326642 0.590332 0.286621 1 2 1.000000
2 -11.319715 -16.393341 11.164731 0.573238 -0.751475 -0.326625 0.449463 0.340332 1 2 1.000000
1efc_stn06_body_mesh1
2 -18.182774 -12.031106 -10.916249 0.573174 -0.751516 -0.326642 0.590332 0.286621 1 2 1.000000
2 -10.119543 -17.102306 14.902168 0.573238 -0.751475 -0.326625 0.425781 0.349609 1 2 1.000000
2 -11.319715 -16.393341 11.164731 0.573238 -0.751475 -0.326625 0.449463 0.340332 1 2 1.000000
1efc_stn06_body_mesh1
2 -6.977952 -17.622444 21.612427 0.573256 -0.751498 -0.326539 0.385010 0.374023 1 2 1.000000
2 -7.349156 -17.832722 21.444733 0.573256 -0.751498 -0.326539 0.385498 0.371094 1 2 1.000000
2 -3.637443 -15.103894 21.680748 0.573256 -0.751498 -0.326539 0.391113 0.400391 1 2 1.000000
1efc_stn06_body_mesh1
2 -7.349156 -17.832722 21.444733 0.573256 -0.751498 -0.326539 0.385498 0.371094 1 2 1.000000
2 -7.631249 -17.890648 21.082914 0.573256 -0.751498 -0.326539 0.387451 0.369141 1 2 1.000000
2 -3.637443 -15.103894 21.680748 0.573256 -0.751498 -0.326539 0.391113 0.400391 1 2 1.000000
1efc_stn06_body_mesh1
4 -4.838492 -15.958297 -10.661214 -0.005150 -0.656732 -0.754107 0.232178 0.837524 1 4 1.000000
4 -2.340889 -15.063947 -10.683164 0.151874 -0.535968 -0.830465 0.274902 0.838501 1 4 1.000000
4 -1.464690 -15.949756 -8.363935 0.292083 -0.921239 -0.256917 0.269043 0.844604 1 4 1.000000
1efc_stn06_body_mesh1
4 -2.340889 -15.063947 -10.683164 0.151874 -0.535968 -0.830465 0.274902 0.838501 1 4 1.000000
4 4.823247 -14.724612 -8.194223 0.712805 -0.653250 -0.255292 0.310547 0.881287 1 4 1.000000
4 -1.464690 -15.949756 -8.363935 0.292083 -0.921239 -0.256917 0.269043 0.844604 1 4 1.000000
1efc_stn06_body_mesh1
4 4.823247 -14.724612 -8.194223 0.712805 -0.653250 -0.255292 0.310547 0.881287 1 4 1.000000
4 -2.340889 -15.063947 -10.683164 0.151874 -0.535968 -0.830465 0.274902 0.838501 1 4 1.000000
4 3.702512 -13.960938 -10.545248 0.435759 -0.478746 -0.762179 0.315430 0.874390 1 4 1.000000
1efc_stn06_body_mesh1
4 -2.340889 -15.063947 -10.683164 0.151874 -0.535968 -0.830465 0.274902 0.838501 1 4 1.000000
4 2.874737 -13.434026 -10.611114 0.415337 -0.458349 -0.785755 0.316650 0.869507 1 4 1.000000
4 3.702512 -13.960938 -10.545248 0.435759 -0.478746 -0.762179 0.315430 0.874390 1 4 1.000000
1efc_stn06_body_mesh1
4 -4.838492 -15.958297 -10.661214 -0.005150 -0.656732 -0.754107 0.232178 0.837524 1 4 1.000000
4 -3.997493 -12.993005 -10.885402 0.123837 -0.444229 -0.887313 0.287354 0.828491 1 4 1.000000
4 -2.340889 -15.063947 -10.683164 0.151874 -0.535968 -0.830465 0.274902 0.838501 1 4 1.000000
1efc_stn06_body_mesh1
4 -3.997493 -12.993005 -10.885402 0.123837 -0.444229 -0.887313 0.287354 0.828491 1 4 1.000000
4 2.874737 -13.434026 -10.611114 0.415337 -0.458349 -0.785755 0.316650 0.869507 1 4 1.000000
4 -2.340889 -15.063947 -10.683164 0.151874 -0.535968 -0.830465 0.274902 0.838501 1 4 1.000000
1efc_stn06_body_mesh1
3 7.550994 20.405598 21.638672 0.503297 0.070387 0.861242 0.674316 0.229492 1 3 1.000000
3 8.085901 20.800423 20.713438 0.958603 0.173945 0.225441 0.680176 0.225586 1 3 1.000000
3 6.597209 23.226006 21.601849 0.402272 0.097648 0.910298 0.710449 0.247070 1 3 1.000000
1efc_stn06_body_mesh1
3 8.085901 20.800423 20.713438 0.958603 0.173945 0.225441 0.680176 0.225586 1 3 1.000000
3 7.123490 23.259190 20.704641 0.936692 0.219344 0.272940 0.714355 0.239746 1 3 1.000000
3 6.597209 23.226006 21.601849 0.402272 0.097648 0.910298 0.710449 0.247070 1 3 1.000000
1efc_stn06_body_mesh1
3 6.597209 23.226006 21.601849 0.402272 0.097648 0.910298 0.710449 0.247070 1 3 1.000000
3 7.123490 23.259190 20.704641 0.936692 0.219344 0.272940 0.714355 0.239746 1 3 1.000000
3 5.907495 28.094704 21.541546 0.387472 0.230404 0.892625 0.761719 0.260254 1 3 1.000000
1efc_stn06_body_mesh1
3 7.123490 23.259190 20.704641 0.936692 0.219344 0.272940 0.714355 0.239746 1 3 1.000000
3 6.628636 28.936310 20.688120 0.775515 0.518028 0.360865 0.774902 0.256348 1 3 1.000000
3 5.907495 28.094704 21.541546 0.387472 0.230404 0.892625 0.761719 0.260254 1 3 1.000000
1efc_stn06_body_mesh1
3 5.907495 28.094704 21.541546 0.387472 0.230404 0.892625 0.761719 0.260254 1 3 1.000000
3 6.628636 28.936310 20.688120 0.775515 0.518028 0.360865 0.774902 0.256348 1 3 1.000000
3 1.740773 30.406914 21.272701 0.099251 0.396527 0.912642 0.745605 0.313965 1 3 1.000000
1efc_stn06_body_mesh1
3 6.628636 28.936310 20.688120 0.775515 0.518028 0.360865 0.774902 0.256348 1 3 1.000000
3 2.091578 31.468098 20.355370 0.262129 0.888400 0.376874 0.755371 0.314453 1 3 1.000000
3 1.740773 30.406914 21.272701 0.099251 0.396527 0.912642 0.745605 0.313965 1 3 1.000000
1efc_stn06_body_mesh1
3 1.740773 30.406914 21.272701 0.099251 0.396527 0.912642 0.745605 0.313965 1 3 1.000000
3 2.091578 31.468098 20.355370 0.262129 0.888400 0.376874 0.755371 0.314453 1 3 1.000000
3 -7.686685 31.408459 21.279865 0.046110 0.333972 0.941454 0.722656 0.374512 1 3 1.000000
1efc_stn06_body_mesh1
3 2.091578 31.468098 20.355370 0.262129 0.888400 0.376874 0.755371 0.314453 1 3 1.000000
3 -7.596390 32.431747 20.264256 0.264956 0.866017 0.424043 0.736816 0.374023 1 3 1.000000
3 -7.686685 31.408459 21.279865 0.046110 0.333972 0.941454 0.722656 0.374512 1 3 1.000000
1efc_stn06_body_mesh1
3 -7.686685 31.408459 21.279865 0.046110 0.333972 0.941454 0.722656 0.374512 1 3 1.000000
3 -7.596390 32.431747 20.264256 0.264956 0.866017 0.424043 0.736816 0.374023 1 3 1.000000
3 -10.044928 32.223022 21.239044 -0.054927 0.387539 0.920215 0.715820 0.391602 1 3 1.000000
1efc_stn06_body_mesh1
3 8.085901 20.800423 20.713438 0.958603 0.173945 0.225441 0.680176 0.225586 1 3 1.000000
3 6.152619 22.349266 8.964375 0.970749 0.227166 -0.077725 0.699707 0.166992 1 3 1.000000
3 7.123490 23.259190 20.704641 0.936692 0.219344 0.272940 0.714355 0.239746 1 3 1.000000
1efc_stn06_body_mesh1
3 6.152619 22.349266 8.964375 0.970749 0.227166 -0.077725 0.699707 0.166992 1 3 1.000000
3 6.628636 28.936310 20.688120 0.775515 0.518028 0.360865 0.774902 0.256348 1 3 1.000000
3 7.123490 23.259190 20.704641 0.936692 0.219344 0.272940 0.714355 0.239746 1 3 1.000000
1efc_stn06_body_mesh1
3 6.628636 28.936310 20.688120 0.775515 0.518028 0.360865 0.774902 0.256348 1 3 1.000000
3 6.564366 28.724480 11.590528 0.857747 0.508478 -0.075623 0.829590 0.291992 1 3 1.000000
3 2.091578 31.468098 20.355370 0.262129 0.888400 0.376874 0.755371 0.314453 1 3 1.000000
1efc_stn06_body_mesh1
3 6.564366 28.724480 11.590528 0.857747 0.508478 -0.075623 0.829590 0.291992 1 3 1.000000
3 1.735597 31.191067 11.802042 0.288183 0.955904 -0.056549 0.809570 0.335938 1 3 1.000000
3 2.091578 31.468098 20.355370 0.262129 0.888400 0.376874 0.755371 0.314453 1 3 1.000000
1efc_stn06_body_mesh1
3 2.091578 31.468098 20.355370 0.262129 0.888400 0.376874 0.755371 0.314453 1 3 1.000000
3 1.735597 31.191067 11.802042 0.288183 0.955904 -0.056549 0.809570 0.335938 1 3 1.000000
3 -7.596390 32.431747 20.264256 0.264956 0.866017 0.424043 0.736816 0.374023 1 3 1.000000
1efc_stn06_body_mesh1
3 1.735597 31.191067 11.802042 0.288183 0.955904 -0.056549 0.809570 0.335938 1 3 1.000000
3 -6.199644 30.712887 -8.215879 0.294861 0.928450 -0.225914 0.839844 0.393555 1 3 1.000000
3 -7.596390 32.431747 20.264256 0.264956 0.866017 0.424043 0.736816 0.374023 1 3 1.000000
1efc_stn06_body_mesh1
3 6.564366 28.724480 11.590528 0.857747 0.508478 -0.075623 0.829590 0.291992 1 3 1.000000
3 4.503928 27.700077 -8.252949 0.770317 0.582340 -0.259792 0.885742 0.328613 1 3 1.000000
3 1.735597 31.191067 11.802042 0.288183 0.955904 -0.056549 0.809570 0.335938 1 3 1.000000
1efc_stn06_body_mesh1
3 4.503928 27.700077 -8.252949 0.770317 0.582340 -0.259792 0.885742 0.328613 1 3 1.000000
3 0.184346 30.288982 -8.182677 0.296875 0.923332 -0.243564 0.862793 0.360840 1 3 1.000000
3 1.735597 31.191067 11.802042 0.288183 0.955904 -0.056549 0.809570 0.335938 1 3 1.000000
1efc_stn06_body_mesh1
3 1.735597 31.191067 11.802042 0.288183 0.955904 -0.056549 0.809570 0.335938 1 3 1.000000
3 0.184346 30.288982 -8.182677 0.296875 0.923332 -0.243564 0.862793 0.360840 1 3 1.000000
3 -6.199644 30.712887 -8.215879 0.294861 0.928450 -0.225914 0.839844 0.393555 1 3 1.000000
1efc_stn06_body_mesh1
3 7.550994 20.405598 21.638672 0.503297 0.070387 0.861242 0.674316 0.229492 1 3 1.000000
3 6.597209 23.226006 21.601849 0.402272 0.097648 0.910298 0.710449 0.247070 1 3 1.000000
3 2.889819 15.971991 21.532593 0.141431 0.089265 0.985915 0.623047 0.275391 1 3 1.000000
1efc_stn06_body_mesh1
3 6.597209 23.226006 21.601849 0.402272 0.097648 0.910298 0.710449 0.247070 1 3 1.000000
3 -3.455559 15.408274 20.665438 0.009537 0.041391 0.999098 0.599609 0.336426 1 3 1.000000
3 2.889819 15.971991 21.532593 0.141431 0.089265 0.985915 0.623047 0.275391 1 3 1.000000
1efc_stn06_body_mesh1
3 -3.455559 15.408274 20.665438 0.009537 0.041391 0.999098 0.599609 0.336426 1 3 1.000000
3 6.597209 23.226006 21.601849 0.402272 0.097648 0.910298 0.710449 0.247070 1 3 1.000000
3 -4.016589 15.355305 20.645596 -0.021790 0.033567 0.999199 0.596680 0.341797 1 3 1.000000
1efc_stn06_body_mesh1
3 6.597209 23.226006 21.601849 0.402272 0.097648 0.910298 0.710449 0.247070 1 3 1.000000
3 0.213088 25.117650 21.587032 -0.014524 -0.018884 0.999716 0.698242 0.311035 1 3 1.000000
3 -4.016589 15.355305 20.645596 -0.021790 0.033567 0.999199 0.596680 0.341797 1 3 1.000000
1efc_stn06_body_mesh1
3 -4.016589 15.355305 20.645596 -0.021790 0.033567 0.999199 0.596680 0.341797 1 3 1.000000
3 0.213088 25.117650 21.587032 -0.014524 -0.018884 0.999716 0.698242 0.311035 1 3 1.000000
3 -4.263644 15.332033 20.635883 -0.021888 0.035479 0.999131 0.594727 0.344238 1 3 1.000000
1efc_stn06_body_mesh1
3 0.213088 25.117650 21.587032 -0.014524 -0.018884 0.999716 0.698242 0.311035 1 3 1.000000
3 -4.189980 27.277008 21.627003 -0.014878 0.009155 0.999847 0.687500 0.351562 1 3 1.000000
3 -4.263644 15.332033 20.635883 -0.021888 0.035479 0.999131 0.594727 0.344238 1 3 1.000000
1efc_stn06_body_mesh1
3 -4.263644 15.332033 20.635883 -0.021888 0.035479 0.999131 0.594727 0.344238 1 3 1.000000
3 -4.189980 27.277008 21.627003 -0.014878 0.009155 0.999847 0.687500 0.351562 1 3 1.000000
3 -4.952456 15.264479 20.657413 -0.020550 0.028799 0.999374 0.591797 0.348633 1 3 1.000000
1efc_stn06_body_mesh1
3 -4.189980 27.277008 21.627003 -0.014878 0.009155 0.999847 0.687500 0.351562 1 3 1.000000
3 -9.393101 18.421620 21.095194 -0.009824 -0.021936 0.999711 0.600586 0.381836 1 3 1.000000
3 -4.952456 15.264479 20.657413 -0.020550 0.028799 0.999374 0.591797 0.348633 1 3 1.000000
1efc_stn06_body_mesh1
3 -4.952456 15.264479 20.657413 -0.020550 0.028799 0.999374 0.591797 0.348633 1 3 1.000000
3 -9.393101 18.421620 21.095194 -0.009824 -0.021936 0.999711 0.600586 0.381836 1 3 1.000000
3 -9.158529 14.835722 21.084053 -0.028703 -0.008582 0.999551 0.568848 0.379883 1 3 1.000000
1efc_stn06_body_mesh1
3 -9.393101 18.421620 21.095194 -0.009824 -0.021936 0.999711 0.600586 0.381836 1 3 1.000000
3 -28.321106 24.792430 20.167326 -0.438676 0.039862 0.897761 0.542480 0.548828 1 3 1.000000
3 -9.158529 14.835722 21.084053 -0.028703 -0.008582 0.999551 0.568848 0.379883 1 3 1.000000
1efc_stn06_body_mesh1
3 -9.158529 14.835722 21.084053 -0.028703 -0.008582 0.999551 0.568848 0.379883 1 3 1.000000
3 -28.321106 24.792430 20.167326 -0.438676 0.039862 0.897761 0.542480 0.548828 1 3 1.000000
3 -16.048666 14.191443 20.727165 -0.209053 0.026322 0.977550 0.520020 0.440430 1 3 1.000000
1efc_stn06_body_mesh1
3 -28.321106 24.792430 20.167326 -0.438676 0.039862 0.897761 0.542480 0.548828 1 3 1.000000
3 -28.081188 16.148690 19.932987 -0.400946 0.036242 0.915385 0.470215 0.547363 1 3 1.000000
3 -16.048666 14.191443 20.727165 -0.209053 0.026322 0.977550 0.520020 0.440430 1 3 1.000000
1efc_stn06_body_mesh1
3 -16.048666 14.191443 20.727165 -0.209053 0.026322 0.977550 0.520020 0.440430 1 3 1.000000
3 -28.081188 16.148690 19.932987 -0.400946 0.036242 0.915385 0.470215 0.547363 1 3 1.000000
3 -22.190151 13.624474 20.276281 -0.302886 0.030899 0.952526 0.481445 0.495117 1 3 1.000000
1efc_stn06_body_mesh1
3 -28.081188 16.148690 19.932987 -0.400946 0.036242 0.915385 0.470215 0.547363 1 3 1.000000
3 -25.876842 13.275967 20.153906 -0.337056 0.031092 0.940971 0.447510 0.527588 1 3 1.000000
3 -22.190151 13.624474 20.276281 -0.302886 0.030899 0.952526 0.481445 0.495117 1 3 1.000000
1efc_stn06_body_mesh1
3 -9.393101 18.421620 21.095194 -0.009824 -0.021936 0.999711 0.600586 0.381836 1 3 1.000000
3 -25.391052 29.619076 20.285755 -0.208477 0.264172 0.941674 0.605469 0.545410 1 3 1.000000
3 -28.321106 24.792430 20.167326 -0.438676 0.039862 0.897761 0.542480 0.548828 1 3 1.000000
1efc_stn06_body_mesh1
3 -25.391052 29.619076 20.285755 -0.208477 0.264172 0.941674 0.605469 0.545410 1 3 1.000000
3 -29.148197 26.331474 19.175339 -0.874577 0.302907 0.378633 0.546387 0.557861 1 3 1.000000
3 -28.321106 24.792430 20.167326 -0.438676 0.039862 0.897761 0.542480 0.548828 1 3 1.000000
1efc_stn06_body_mesh1
3 -28.321106 24.792430 20.167326 -0.438676 0.039862 0.897761 0.542480 0.548828 1 3 1.000000
3 -29.148197 26.331474 19.175339 -0.874577 0.302907 0.378633 0.546387 0.557861 1 3 1.000000
3 -29.159030 18.377619 18.922224 -0.929815 -0.059699 0.363152 0.482178 0.558594 1 3 1.000000
1efc_stn06_body_mesh1
3 -29.148197 26.331474 19.175339 -0.874577 0.302907 0.378633 0.546387 0.557861 1 3 1.000000
3 -29.465527 18.673748 12.363075 -0.999249 -0.037956 -0.007820 0.494385 0.603271 1 3 1.000000
3 -29.159030 18.377619 18.922224 -0.929815 -0.059699 0.363152 0.482178 0.558594 1 3 1.000000
1efc_stn06_body_mesh1
3 -29.159030 18.377619 18.922224 -0.929815 -0.059699 0.363152 0.482178 0.558594 1 3 1.000000
3 -29.465527 18.673748 12.363075 -0.999249 -0.037956 -0.007820 0.494385 0.603271 1 3 1.000000
3 -29.025707 16.583113 18.879068 -0.929613 -0.005913 0.368489 0.468506 0.557373 1 3 1.000000
1efc_stn06_body_mesh1
3 -29.465527 18.673748 12.363075 -0.999249 -0.037956 -0.007820 0.494385 0.603271 1 3 1.000000
3 -28.978360 16.226116 11.851047 -0.999702 -0.024225 0.003147 0.478516 0.606689 1 3 1.000000
3 -29.025707 16.583113 18.879068 -0.929613 -0.005913 0.368489 0.468506 0.557373 1 3 1.000000
1efc_stn06_body_mesh1
3 -29.025707 16.583113 18.879068 -0.929613 -0.005913 0.368489 0.468506 0.557373 1 3 1.000000
3 -28.978360 16.226116 11.851047 -0.999702 -0.024225 0.003147 0.478516 0.606689 1 3 1.000000
3 -29.359478 13.430551 11.244268 -0.999525 0.029375 -0.009347 0.450439 0.608643 1 3 1.000000
1efc_stn06_body_mesh1
3 -28.978360 16.226116 11.851047 -0.999702 -0.024225 0.003147 0.478516 0.606689 1 3 1.000000
3 -29.017975 14.493588 -7.480382 -0.983046 -0.061035 -0.172901 0.470947 0.654785 1 3 1.000000
3 -29.359478 13.430551 11.244268 -0.999525 0.029375 -0.009347 0.450439 0.608643 1 3 1.000000
1efc_stn06_body_mesh1
3 -25.391052 29.619076 20.285755 -0.208477 0.264172 0.941674 0.605469 0.545410 1 3 1.000000
3 -26.410328 31.304089 19.220856 -0.526983 0.788853 0.316228 0.609863 0.557617 1 3 1.000000
3 -29.148197 26.331474 19.175339 -0.874577 0.302907 0.378633 0.546387 0.557861 1 3 1.000000
1efc_stn06_body_mesh1
3 -26.410328 31.304089 19.220856 -0.526983 0.788853 0.316228 0.609863 0.557617 1 3 1.000000
3 -25.298923 29.088795 10.998215 -0.631296 0.766519 -0.117963 0.606445 0.612061 1 3 1.000000
3 -29.148197 26.331474 19.175339 -0.874577 0.302907 0.378633 0.546387 0.557861 1 3 1.000000
1efc_stn06_body_mesh1
3 -29.148197 26.331474 19.175339 -0.874577 0.302907 0.378633 0.546387 0.557861 1 3 1.000000
3 -25.298923 29.088795 10.998215 -0.631296 0.766519 -0.117963 0.606445 0.612061 1 3 1.000000
3 -27.764198 23.383099 -8.224859 -0.973175 0.153167 -0.171669 0.547363 0.660400 1 3 1.000000
1efc_stn06_body_mesh1
3 -25.298923 29.088795 10.998215 -0.631296 0.766519 -0.117963 0.606445 0.612061 1 3 1.000000
3 -27.366802 28.942177 -8.224764 -0.678628 0.707429 -0.197504 0.604980 0.661865 1 3 1.000000
3 -27.764198 23.383099 -8.224859 -0.973175 0.153167 -0.171669 0.547363 0.660400 1 3 1.000000
1efc_stn06_body_mesh1
3 -27.764198 23.383099 -8.224859 -0.973175 0.153167 -0.171669 0.547363 0.660400 1 3 1.000000
3 -27.366802 28.942177 -8.224764 -0.678628 0.707429 -0.197504 0.604980 0.661865 1 3 1.000000
3 -26.605377 27.697502 -10.543804 -0.474359 0.428773 -0.768854 0.600586 0.669922 1 3 1.000000
1efc_stn06_body_mesh1
3 -27.366802 28.942177 -8.224764 -0.678628 0.707429 -0.197504 0.604980 0.661865 1 3 1.000000
3 -21.689442 27.991665 -10.591337 -0.004196 0.553154 -0.833069 0.633789 0.719971 1 3 1.000000
3 -26.605377 27.697502 -10.543804 -0.474359 0.428773 -0.768854 0.600586 0.669922 1 3 1.000000
1efc_stn06_body_mesh1
3 -26.605377 27.697502 -10.543804 -0.474359 0.428773 -0.768854 0.600586 0.669922 1 3 1.000000
3 -21.689442 27.991665 -10.591337 -0.004196 0.553154 -0.833069 0.633789 0.719971 1 3 1.000000
3 -14.108466 16.103554 -10.630990 0.009441 0.098036 -0.995138 0.556152 0.764893 1 3 1.000000
1efc_stn06_body_mesh1
3 -28.321106 24.792430 20.167326 -0.438676 0.039862 0.897761 0.542480 0.548828 1 3 1.000000
3 -29.159030 18.377619 18.922224 -0.929815 -0.059699 0.363152 0.482178 0.558594 1 3 1.000000
3 -28.081188 16.148690 19.932987 -0.400946 0.036242 0.915385 0.470215 0.547363 1 3 1.000000
1efc_stn06_body_mesh1
3 -29.159030 18.377619 18.922224 -0.929815 -0.059699 0.363152 0.482178 0.558594 1 3 1.000000
3 -29.025707 16.583113 18.879068 -0.929613 -0.005913 0.368489 0.468506 0.557373 1 3 1.000000
3 -28.081188 16.148690 19.932987 -0.400946 0.036242 0.915385 0.470215 0.547363 1 3 1.000000
1efc_stn06_body_mesh1
3 -28.081188 16.148690 19.932987 -0.400946 0.036242 0.915385 0.470215 0.547363 1 3 1.000000
3 -29.025707 16.583113 18.879068 -0.929613 -0.005913 0.368489 0.468506 0.557373 1 3 1.000000
3 -29.408130 13.160280 19.161030 -0.911086 0.049016 0.409292 0.437012 0.557373 1 3 1.000000
1efc_stn06_body_mesh1
3 -29.025707 16.583113 18.879068 -0.929613 -0.005913 0.368489 0.468506 0.557373 1 3 1.000000
3 -29.382350 13.370553 12.294775 -0.998313 0.034714 0.046540 0.447754 0.601074 1 3 1.000000
3 -29.408130 13.160280 19.161030 -0.911086 0.049016 0.409292 0.437012 0.557373 1 3 1.000000
1efc_stn06_body_mesh1
3 -29.408130 13.160280 19.161030 -0.911086 0.049016 0.409292 0.437012 0.557373 1 3 1.000000
3 -29.382350 13.370553 12.294775 -0.998313 0.034714 0.046540 0.447754 0.601074 1 3 1.000000
3 -29.416245 13.082582 17.469833 -0.944139 0.048447 0.325966 0.438477 0.568115 1 3 1.000000
1efc_stn06_body_mesh1
3 -14.108466 16.103554 -10.630990 0.009441 0.098036 -0.995138 0.556152 0.764893 1 3 1.000000
3 -14.462255 16.069273 -10.627532 -0.025558 0.088881 -0.995714 0.553711 0.761230 1 3 1.000000
3 -26.605377 27.697502 -10.543804 -0.474359 0.428773 -0.768854 0.600586 0.669922 1 3 1.000000
1efc_stn06_body_mesh1
3 -14.462255 16.069273 -10.627532 -0.025558 0.088881 -0.995714 0.553711 0.761230 1 3 1.000000
3 -27.074284 22.711937 -10.543194 -0.553890 0.099372 -0.826639 0.547363 0.667725 1 3 1.000000
3 -26.605377 27.697502 -10.543804 -0.474359 0.428773 -0.768854 0.600586 0.669922 1 3 1.000000
1efc_stn06_body_mesh1
3 -26.605377 27.697502 -10.543804 -0.474359 0.428773 -0.768854 0.600586 0.669922 1 3 1.000000
3 -27.074284 22.711937 -10.543194 -0.553890 0.099372 -0.826639 0.547363 0.667725 1 3 1.000000
3 -27.764198 23.383099 -8.224859 -0.973175 0.153167 -0.171669 0.547363 0.660400 1 3 1.000000
1efc_stn06_body_mesh1
3 -27.074284 22.711937 -10.543194 -0.553890 0.099372 -0.826639 0.547363 0.667725 1 3 1.000000
3 -29.232746 16.464329 -8.236206 -0.980799 0.057795 -0.186260 0.489990 0.659180 1 3 1.000000
3 -27.764198 23.383099 -8.224859 -0.973175 0.153167 -0.171669 0.547363 0.660400 1 3 1.000000
1efc_stn06_body_mesh1
3 -27.764198 23.383099 -8.224859 -0.973175 0.153167 -0.171669 0.547363 0.660400 1 3 1.000000
3 -29.232746 16.464329 -8.236206 -0.980799 0.057795 -0.186260 0.489990 0.659180 1 3 1.000000
3 -29.465527 18.673748 12.363075 -0.999249 -0.037956 -0.007820 0.494385 0.603271 1 3 1.000000
1efc_stn06_body_mesh1
3 -29.232746 16.464329 -8.236206 -0.980799 0.057795 -0.186260 0.489990 0.659180 1 3 1.000000
3 -28.978360 16.226116 11.851047 -0.999702 -0.024225 0.003147 0.478516 0.606689 1 3 1.000000
3 -29.465527 18.673748 12.363075 -0.999249 -0.037956 -0.007820 0.494385 0.603271 1 3 1.000000
1efc_stn06_body_mesh1
3 -28.978360 16.226116 11.851047 -0.999702 -0.024225 0.003147 0.478516 0.606689 1 3 1.000000
3 -29.232746 16.464329 -8.236206 -0.980799 0.057795 -0.186260 0.489990 0.659180 1 3 1.000000
3 -29.017975 14.493588 -7.480382 -0.983046 -0.061035 -0.172901 0.470947 0.654785 1 3 1.000000
1efc_stn06_body_mesh1
3 -29.232746 16.464329 -8.236206 -0.980799 0.057795 -0.186260 0.489990 0.659180 1 3 1.000000
3 -29.030819 14.533892 -8.235477 -0.982058 -0.056074 -0.180047 0.471680 0.656738 1 3 1.000000
3 -29.017975 14.493588 -7.480382 -0.983046 -0.061035 -0.172901 0.470947 0.654785 1 3 1.000000
1efc_stn06_body_mesh1
3 -14.462255 16.069273 -10.627532 -0.025558 0.088881 -0.995714 0.553711 0.761230 1 3 1.000000
3 -15.052760 16.012167 -10.623761 -0.055217 0.065993 -0.996291 0.549805 0.756958 1 3 1.000000
3 -27.074284 22.711937 -10.543194 -0.553890 0.099372 -0.826639 0.547363 0.667725 1 3 1.000000
1efc_stn06_body_mesh1
3 -15.052760 16.012167 -10.623761 -0.055217 0.065993 -0.996291 0.549805 0.756958 1 3 1.000000
3 -28.280296 15.685740 -10.559378 -0.603065 0.050732 -0.796077 0.487549 0.668457 1 3 1.000000
3 -27.074284 22.711937 -10.543194 -0.553890 0.099372 -0.826639 0.547363 0.667725 1 3 1.000000
1efc_stn06_body_mesh1
3 -27.074284 22.711937 -10.543194 -0.553890 0.099372 -0.826639 0.547363 0.667725 1 3 1.000000
3 -28.280296 15.685740 -10.559378 -0.603065 0.050732 -0.796077 0.487549 0.668457 1 3 1.000000
3 -29.232746 16.464329 -8.236206 -0.980799 0.057795 -0.186260 0.489990 0.659180 1 3 1.000000
1efc_stn06_body_mesh1
3 -28.280296 15.685740 -10.559378 -0.603065 0.050732 -0.796077 0.487549 0.668457 1 3 1.000000
3 -29.030819 14.533892 -8.235477 -0.982058 -0.056074 -0.180047 0.471680 0.656738 1 3 1.000000
3 -29.232746 16.464329 -8.236206 -0.980799 0.057795 -0.186260 0.489990 0.659180 1 3 1.000000
1efc_stn06_body_mesh1
3 -29.030819 14.533892 -8.235477 -0.982058 -0.056074 -0.180047 0.471680 0.656738 1 3 1.000000
3 -28.280296 15.685740 -10.559378 -0.603065 0.050732 -0.796077 0.487549 0.668457 1 3 1.000000
3 -28.943520 14.555445 -8.474373 -0.967028 -0.052071 -0.249291 0.472412 0.657715 1 3 1.000000
1efc_stn06_body_mesh1
3 -28.280296 15.685740 -10.559378 -0.603065 0.050732 -0.796077 0.487549 0.668457 1 3 1.000000
3 -28.246613 14.737373 -10.560635 -0.605221 0.000000 -0.796057 0.477539 0.666260 1 3 1.000000
3 -28.943520 14.555445 -8.474373 -0.967028 -0.052071 -0.249291 0.472412 0.657715 1 3 1.000000
1efc_stn06_body_mesh1
3 -15.052760 16.012167 -10.623761 -0.055217 0.065993 -0.996291 0.549805 0.756958 1 3 1.000000
3 -21.135006 15.424547 -10.595537 -0.323856 0.058553 -0.944293 0.517578 0.716797 1 3 1.000000
3 -28.280296 15.685740 -10.559378 -0.603065 0.050732 -0.796077 0.487549 0.668457 1 3 1.000000
1efc_stn06_body_mesh1
3 -21.135006 15.424547 -10.595537 -0.323856 0.058553 -0.944293 0.517578 0.716797 1 3 1.000000
3 -26.764591 14.886978 -10.684287 -0.554052 0.051495 -0.830888 0.484619 0.678467 1 3 1.000000
3 -28.280296 15.685740 -10.559378 -0.603065 0.050732 -0.796077 0.487549 0.668457 1 3 1.000000
1efc_stn06_body_mesh1
3 -28.280296 15.685740 -10.559378 -0.603065 0.050732 -0.796077 0.487549 0.668457 1 3 1.000000
3 -26.764591 14.886978 -10.684287 -0.554052 0.051495 -0.830888 0.484619 0.678467 1 3 1.000000
3 -28.246613 14.737373 -10.560635 -0.605221 0.000000 -0.796057 0.477539 0.666260 1 3 1.000000
1efc_stn06_body_mesh1
3 -9.393101 18.421620 21.095194 -0.009824 -0.021936 0.999711 0.600586 0.381836 1 3 1.000000
3 -4.189980 27.277008 21.627003 -0.014878 0.009155 0.999847 0.687500 0.351562 1 3 1.000000
3 -10.044928 32.223022 21.239044 -0.054927 0.387539 0.920215 0.715820 0.391602 1 3 1.000000
1efc_stn06_body_mesh1
3 -4.189980 27.277008 21.627003 -0.014878 0.009155 0.999847 0.687500 0.351562 1 3 1.000000
3 -7.686685 31.408459 21.279865 0.046110 0.333972 0.941454 0.722656 0.374512 1 3 1.000000
3 -10.044928 32.223022 21.239044 -0.054927 0.387539 0.920215 0.715820 0.391602 1 3 1.000000
1efc_stn06_body_mesh1
3 -7.686685 31.408459 21.279865 0.046110 0.333972 0.941454 0.722656 0.374512 1 3 1.000000
3 -4.189980 27.277008 21.627003 -0.014878 0.009155 0.999847 0.687500 0.351562 1 3 1.000000
3 1.740773 30.406914 21.272701 0.099251 0.396527 0.912642 0.745605 0.313965 1 3 1.000000
1efc_stn06_body_mesh1
3 -4.189980 27.277008 21.627003 -0.014878 0.009155 0.999847 0.687500 0.351562 1 3 1.000000
3 0.213088 25.117650 21.587032 -0.014524 -0.018884 0.999716 0.698242 0.311035 1 3 1.000000
3 1.740773 30.406914 21.272701 0.099251 0.396527 0.912642 0.745605 0.313965 1 3 1.000000
1efc_stn06_body_mesh1
3 1.740773 30.406914 21.272701 0.099251 0.396527 0.912642 0.745605 0.313965 1 3 1.000000
3 0.213088 25.117650 21.587032 -0.014524 -0.018884 0.999716 0.698242 0.311035 1 3 1.000000
3 3.992585 25.356170 21.548626 -0.018024 -0.007820 0.999807 0.720215 0.272949 1 3 1.000000
1efc_stn06_body_mesh1
3 0.213088 25.117650 21.587032 -0.014524 -0.018884 0.999716 0.698242 0.311035 1 3 1.000000
3 6.597209 23.226006 21.601849 0.402272 0.097648 0.910298 0.710449 0.247070 1 3 1.000000
3 3.992585 25.356170 21.548626 -0.018024 -0.007820 0.999807 0.720215 0.272949 1 3 1.000000
1efc_stn06_body_mesh1
3 3.992585 25.356170 21.548626 -0.018024 -0.007820 0.999807 0.720215 0.272949 1 3 1.000000
3 6.597209 23.226006 21.601849 0.402272 0.097648 0.910298 0.710449 0.247070 1 3 1.000000
3 5.907495 28.094704 21.541546 0.387472 0.230404 0.892625 0.761719 0.260254 1 3 1.000000
1efc_stn06_body_mesh1
3 -25.876842 13.275967 20.153906 -0.337056 0.031092 0.940971 0.447510 0.527588 1 3 1.000000
3 -28.081188 16.148690 19.932987 -0.400946 0.036242 0.915385 0.470215 0.547363 1 3 1.000000
3 -28.310284 13.044054 20.107243 -0.397685 0.012207 0.917441 0.440186 0.547363 1 3 1.000000
1efc_stn06_body_mesh1
3 -28.081188 16.148690 19.932987 -0.400946 0.036242 0.915385 0.470215 0.547363 1 3 1.000000
3 -29.121696 13.003515 19.422924 -0.815919 0.040434 0.576751 0.436768 0.554688 1 3 1.000000
3 -28.310284 13.044054 20.107243 -0.397685 0.012207 0.917441 0.440186 0.547363 1 3 1.000000
1efc_stn06_body_mesh1
3 -28.081188 16.148690 19.932987 -0.400946 0.036242 0.915385 0.470215 0.547363 1 3 1.000000
3 -29.408130 13.160280 19.161030 -0.911086 0.049016 0.409292 0.437012 0.557373 1 3 1.000000
3 -29.121696 13.003515 19.422924 -0.815919 0.040434 0.576751 0.436768 0.554688 1 3 1.000000
1efc_stn06_body_mesh1
3 -29.408130 13.160280 19.161030 -0.911086 0.049016 0.409292 0.437012 0.557373 1 3 1.000000
3 -29.403900 12.991453 19.147903 -0.911390 0.047687 0.408771 0.435303 0.557373 1 3 1.000000
3 -29.121696 13.003515 19.422924 -0.815919 0.040434 0.576751 0.436768 0.554688 1 3 1.000000
1efc_stn06_body_mesh1
2 -29.161688 3.327317 18.396397 -0.927625 -0.033978 0.371965 0.338867 0.554199 1 2 1.000000
2 -29.486094 -5.912165 18.664286 -0.939427 -0.079398 0.333425 0.237305 0.560547 1 2 1.000000
2 -28.073000 3.764018 19.402988 -0.437929 -0.028563 0.898556 0.344727 0.544189 1 2 1.000000
1efc_stn06_body_mesh1
2 -29.486094 -5.912165 18.664286 -0.939427 -0.079398 0.333425 0.237305 0.560547 1 2 1.000000
2 -28.385576 -6.234554 19.720049 -0.453366 0.027465 0.890901 0.233398 0.551270 1 2 1.000000
2 -28.073000 3.764018 19.402988 -0.437929 -0.028563 0.898556 0.344727 0.544189 1 2 1.000000
1efc_stn06_body_mesh1
2 -28.073000 3.764018 19.402988 -0.437929 -0.028563 0.898556 0.344727 0.544189 1 2 1.000000
2 -28.385576 -6.234554 19.720049 -0.453366 0.027465 0.890901 0.233398 0.551270 1 2 1.000000
2 -20.939024 -7.565872 21.024212 0.168795 -0.017452 0.985497 0.227539 0.480469 1 2 1.000000
1efc_stn06_body_mesh1
2 -28.385576 -6.234554 19.720049 -0.453366 0.027465 0.890901 0.233398 0.551270 1 2 1.000000
2 -21.857769 -12.125855 21.481106 0.260344 -0.158018 0.952497 0.183105 0.486328 1 2 1.000000
2 -20.939024 -7.565872 21.024212 0.168795 -0.017452 0.985497 0.227539 0.480469 1 2 1.000000
1efc_stn06_body_mesh1
2 -20.939024 -7.565872 21.024212 0.168795 -0.017452 0.985497 0.227539 0.480469 1 2 1.000000
2 -21.857769 -12.125855 21.481106 0.260344 -0.158018 0.952497 0.183105 0.486328 1 2 1.000000
2 -20.552452 -12.452783 20.285519 0.159090 -0.180836 0.970561 0.183105 0.474121 1 2 1.000000
1efc_stn06_body_mesh1
2 -21.857769 -12.125855 21.481106 0.260344 -0.158018 0.952497 0.183105 0.486328 1 2 1.000000
2 -21.501880 -14.340068 19.472580 -0.059505 -0.628333 0.775665 0.155518 0.481934 1 2 1.000000
2 -20.552452 -12.452783 20.285519 0.159090 -0.180836 0.970561 0.183105 0.474121 1 2 1.000000
1efc_stn06_body_mesh1
2 -20.552452 -12.452783 20.285519 0.159090 -0.180836 0.970561 0.183105 0.474121 1 2 1.000000
2 -21.501880 -14.340068 19.472580 -0.059505 -0.628333 0.775665 0.155518 0.481934 1 2 1.000000
2 -19.826900 -15.758897 20.327961 -0.420919 -0.467455 0.777375 0.155762 0.464844 1 2 1.000000
1efc_stn06_body_mesh1
2 -29.161688 3.327317 18.396397 -0.927625 -0.033978 0.371965 0.338867 0.554199 1 2 1.000000
2 -28.073000 3.764018 19.402988 -0.437929 -0.028563 0.898556 0.344727 0.544189 1 2 1.000000
2 -28.344660 12.578243 20.133389 -0.397309 0.008583 0.917645 0.435791 0.547363 1 2 1.000000
1efc_stn06_body_mesh1
2 -28.073000 3.764018 19.402988 -0.437929 -0.028563 0.898556 0.344727 0.544189 1 2 1.000000
2 -17.090090 1.825016 21.034512 -0.065807 0.009251 0.997789 0.356445 0.448730 1 2 1.000000
2 -28.344660 12.578243 20.133389 -0.397309 0.008583 0.917645 0.435791 0.547363 1 2 1.000000
1efc_stn06_body_mesh1
2 -28.073000 3.764018 19.402988 -0.437929 -0.028563 0.898556 0.344727 0.544189 1 2 1.000000
2 -20.939024 -7.565872 21.024212 0.168795 -0.017452 0.985497 0.227539 0.480469 1 2 1.000000
2 -17.090090 1.825016 21.034512 -0.065807 0.009251 0.997789 0.356445 0.448730 1 2 1.000000
1efc_stn06_body_mesh1
2 -20.939024 -7.565872 21.024212 0.168795 -0.017452 0.985497 0.227539 0.480469 1 2 1.000000
2 -20.418812 -7.942728 20.712755 0.270837 -0.063656 0.960518 0.225464 0.475098 1 2 1.000000
2 -17.090090 1.825016 21.034512 -0.065807 0.009251 0.997789 0.356445 0.448730 1 2 1.000000
1efc_stn06_body_mesh1
2 -17.090090 1.825016 21.034512 -0.065807 0.009251 0.997789 0.356445 0.448730 1 2 1.000000
2 -20.418812 -7.942728 20.712755 0.270837 -0.063656 0.960518 0.225464 0.475098 1 2 1.000000
2 -9.477778 -17.187237 21.559498 -0.208010 -0.578726 0.788548 0.212646 0.370117 1 2 1.000000
1efc_stn06_body_mesh1
2 -20.418812 -7.942728 20.712755 0.270837 -0.063656 0.960518 0.225464 0.475098 1 2 1.000000
2 -12.695884 -16.691284 21.612343 -0.167752 -0.560191 0.811200 0.190430 0.407227 1 2 1.000000
2 -9.477778 -17.187237 21.559498 -0.208010 -0.578726 0.788548 0.212646 0.370117 1 2 1.000000
1efc_stn06_body_mesh1
2 -20.939024 -7.565872 21.024212 0.168795 -0.017452 0.985497 0.227539 0.480469 1 2 1.000000
2 -20.552452 -12.452783 20.285519 0.159090 -0.180836 0.970561 0.183105 0.474121 1 2 1.000000
2 -20.418812 -7.942728 20.712755 0.270837 -0.063656 0.960518 0.225464 0.475098 1 2 1.000000
1efc_stn06_body_mesh1
2 -20.552452 -12.452783 20.285519 0.159090 -0.180836 0.970561 0.183105 0.474121 1 2 1.000000
2 -12.695884 -16.691284 21.612343 -0.167752 -0.560191 0.811200 0.190430 0.407227 1 2 1.000000
2 -20.418812 -7.942728 20.712755 0.270837 -0.063656 0.960518 0.225464 0.475098 1 2 1.000000
1efc_stn06_body_mesh1
2 -29.019526 14.425915 -8.235437 -0.981746 -0.062372 -0.179678 0.470703 0.656494 1 2 1.000000
2 -28.220236 13.994673 -10.561621 -0.605983 -0.038816 -0.794530 0.469727 0.664551 1 2 1.000000
2 -27.489508 2.832510 -10.594401 -0.602710 -0.086568 -0.793251 0.347412 0.667969 1 2 1.000000
1efc_stn06_body_mesh1
2 -28.220236 13.994673 -10.561621 -0.605983 -0.038816 -0.794530 0.469727 0.664551 1 2 1.000000
2 -12.867667 7.563472 -11.829547 -0.004387 0.048591 -0.998809 0.458984 0.771240 1 2 1.000000
2 -27.489508 2.832510 -10.594401 -0.602710 -0.086568 -0.793251 0.347412 0.667969 1 2 1.000000
1efc_stn06_body_mesh1
2 -29.019526 14.425915 -8.235437 -0.981746 -0.062372 -0.179678 0.470703 0.656494 1 2 1.000000
2 -28.943521 14.555443 -8.474373 -0.967028 -0.052071 -0.249291 0.472412 0.657715 1 2 1.000000
2 -28.220236 13.994673 -10.561621 -0.605983 -0.038816 -0.794530 0.469727 0.664551 1 2 1.000000
1efc_stn06_body_mesh1
2 -28.943521 14.555443 -8.474373 -0.967028 -0.052071 -0.249291 0.472412 0.657715 1 2 1.000000
2 -28.246614 14.737371 -10.560636 -0.605221 0.000000 -0.796057 0.477539 0.666260 1 2 1.000000
2 -28.220236 13.994673 -10.561621 -0.605983 -0.038816 -0.794530 0.469727 0.664551 1 2 1.000000
1efc_stn06_body_mesh1
2 -28.220236 13.994673 -10.561621 -0.605983 -0.038816 -0.794530 0.469727 0.664551 1 2 1.000000
2 -28.246614 14.737371 -10.560636 -0.605221 0.000000 -0.796057 0.477539 0.666260 1 2 1.000000
2 -12.867667 7.563472 -11.829547 -0.004387 0.048591 -0.998809 0.458984 0.771240 1 2 1.000000
1efc_stn06_body_mesh1
1 -14.556942 -3.081609 -11.407266 -0.152011 -0.049971 -0.987115 0.602539 0.266602 1 1 1.000000
1 -15.305886 -4.901586 -11.326234 -0.181105 -0.041628 -0.982582 0.615723 0.267578 1 1 1.000000
1 -18.094513 -11.796359 -10.940242 -0.797601 0.350071 0.491206 0.666992 0.270508 1 1 1.000000
1efc_stn06_body_mesh1
1 5.387165 21.954174 -10.035727 -0.421788 0.869613 0.256649 0.356689 0.344238 1 1 1.000000
1 4.955534 21.968323 -10.792962 0.509588 0.229641 -0.829207 0.351807 0.341309 1 1 1.000000
1 1.395489 20.164160 -10.530537 -0.421798 0.869608 0.256648 0.356934 0.313965 1 1 1.000000
1efc_stn06_body_mesh1
1 5.377758 -13.034091 -4.691658 0.795400 -0.566378 -0.215765 0.283691 0.137695 1 1 1.000000
1 7.358556 -6.995289 7.820043 0.982732 -0.179390 -0.045348 0.378662 0.153809 1 1 1.000000
1 6.650604 -11.260861 14.616133 0.876795 -0.434011 0.207040 0.359131 0.203613 1 1 1.000000
1efc_stn06_body_mesh1
1 3.818090 -13.492499 -10.552029 0.447015 -0.456719 -0.769146 0.320557 0.876709 1 1 1.000000
1 2.874737 -13.434026 -10.611112 0.415319 -0.458424 -0.785721 0.316650 0.869507 1 1 1.000000
1 -10.408256 -4.978821 -11.668027 0.000000 -0.035715 -0.999362 0.335205 0.789551 1 1 1.000000
1efc_stn06_body_mesh1
1 7.758015 -10.638807 21.856026 -0.067613 -0.993125 0.095555 0.356689 0.442871 1 1 1.000000
1 7.716577 -10.631927 21.898197 -0.067613 -0.993125 0.095555 0.356445 0.442383 1 1 1.000000
1 6.871613 -10.518328 22.480870 -0.067565 -0.993110 0.095744 0.352539 0.436523 1 1 1.000000
1efc_stn06_body_mesh1
1 2.929238 -10.285044 22.118843 -0.067541 -0.993112 0.095745 0.354736 0.409668 1 1 1.000000
1 -18.182777 -12.031106 -10.916249 -0.067518 -0.993123 0.095650 0.582031 0.263672 1 1 1.000000
1 -11.369754 -12.494039 -10.911225 -0.067518 -0.993123 0.095650 0.582520 0.311035 1 1 1.000000
1efc_stn06_body_mesh1
4 -21.441704 -14.642983 -10.626681 -0.236134 -0.588238 -0.773445 0.154785 0.687012 1 4 1.000000
4 -19.986164 -13.474214 -10.761128 -0.207918 -0.532766 -0.820323 0.177246 0.700684 1 4 1.000000
4 -21.402102 -14.730119 -10.627059 -0.233077 -0.591848 -0.771616 0.153931 0.687500 1 4 1.000000
1efc_stn06_body_mesh1
4 -11.319715 -16.393341 11.164730 -0.189027 -0.978706 -0.080017 0.570312 0.382812 1 4 1.000000
4 -8.227277 -18.217750 20.789434 -0.573256 0.751498 0.326539 0.653809 0.415527 1 4 1.000000
4 -7.631248 -17.890644 21.082914 -0.573256 0.751498 0.326539 0.654785 0.421875 1 4 1.000000
1efc_stn06_body_mesh1
4 -7.631248 -17.890644 21.082914 -0.573256 0.751498 0.326539 0.654785 0.421875 1 4 1.000000
4 -7.349156 -17.832722 21.444733 -0.573256 0.751498 0.326539 0.657715 0.424805 1 4 1.000000
4 -6.977952 -17.622444 21.612427 -0.123635 -0.320602 0.939111 0.658203 0.428711 1 4 1.000000
1efc_stn06_body_mesh1
4 -21.441704 -14.642983 -10.626681 -0.236134 -0.588238 -0.773445 0.390137 0.274902 1 4 1.000000
4 -18.182777 -12.031108 -10.916251 -0.171282 -0.457196 -0.872717 0.378906 0.309570 1 4 1.000000
4 -19.986164 -13.474214 -10.761128 -0.207918 -0.532766 -0.820323 0.385010 0.290527 1 4 1.000000
1efc_stn06_body_mesh1
4 3.892876 -13.480765 -10.377417 0.067542 0.993121 -0.095650 0.307129 0.467285 1 4 1.000000
4 3.818090 -13.492499 -10.552031 0.447035 -0.456644 -0.769179 0.305664 0.466797 1 4 1.000000
4 2.874737 -13.434026 -10.611114 0.415337 -0.458349 -0.785755 0.305176 0.458496 1 4 1.000000
1efc_stn06_body_mesh1
4 -18.182777 -12.031108 -10.916251 0.067518 0.993123 -0.095650 0.303711 0.274414 1 4 1.000000
4 2.929236 -10.285044 22.118840 0.067541 0.993112 -0.095745 0.591797 0.458984 1 4 1.000000
4 6.756579 -10.500246 22.587360 0.067183 0.993099 -0.096125 0.595703 0.492188 1 4 1.000000
1efc_stn06_body_mesh1
3 3.992585 25.356170 21.548626 -0.018024 -0.007820 0.999807 0.720215 0.272949 1 3 1.000000
3 5.907495 28.094704 21.541546 0.387472 0.230404 0.892625 0.761719 0.260254 1 3 1.000000
3 1.740773 30.406914 21.272701 0.099251 0.396527 0.912642 0.745605 0.313965 1 3 1.000000
1efc_stn06_body_mesh1
3 -29.148197 26.331474 19.175339 -0.874577 0.302907 0.378633 0.546387 0.557861 1 3 1.000000
3 -27.764198 23.383099 -8.224859 -0.973175 0.153167 -0.171669 0.547363 0.660400 1 3 1.000000
3 -29.465527 18.673748 12.363075 -0.999249 -0.037956 -0.007820 0.494385 0.603271 1 3 1.000000
1efc_stn06_body_mesh1
3 -14.363716 28.677845 -8.306046 -0.176712 0.948125 -0.264258 0.816406 0.455566 1 3 1.000000
3 -15.051769 31.087875 18.731895 -0.312990 0.909407 0.273890 0.697754 0.434570 1 3 1.000000
3 -14.095606 32.559513 19.763390 -0.599104 0.685507 0.413708 0.707520 0.424316 1 3 1.000000
1efc_stn06_body_mesh1
3 -29.382350 13.370553 12.294775 -0.998313 0.034714 0.046540 0.447754 0.601074 1 3 1.000000
3 -29.025707 16.583113 18.879068 -0.929613 -0.005913 0.368489 0.468506 0.557373 1 3 1.000000
3 -29.359478 13.430551 11.244268 -0.999525 0.029375 -0.009347 0.450439 0.608643 1 3 1.000000
1efc_stn06_body_mesh1
3 -29.403900 12.991453 19.147903 -0.911390 0.047687 0.408771 0.435303 0.557373 1 3 1.000000
3 -29.408130 13.160280 19.161030 -0.911086 0.049016 0.409292 0.437012 0.557373 1 3 1.000000
3 -29.416245 13.082582 17.469833 -0.944139 0.048447 0.325966 0.438477 0.568115 1 3 1.000000
1efc_stn06_body_mesh1
3 -28.943520 14.555445 -8.474373 0.095747 -0.993905 -0.054645 0.631836 0.255371 1 3 1.000000
3 -28.246613 14.737373 -10.560635 0.095747 -0.993905 -0.054645 0.647461 0.260254 1 3 1.000000
3 -26.764591 14.886978 -10.684287 0.095747 -0.993905 -0.054645 0.648438 0.271484 1 3 1.000000
1efc_stn06_body_mesh1
3 7.536328 16.706005 16.328718 0.095747 -0.993899 -0.054740 0.449707 0.526367 1 3 1.000000
3 7.730204 16.483902 20.705410 0.095747 -0.993899 -0.054740 0.417236 0.527832 1 3 1.000000
3 7.599965 16.458363 20.941540 0.095747 -0.993899 -0.054740 0.415527 0.526855 1 3 1.000000
1efc_stn06_body_mesh1
3 4.955535 21.968327 -10.792962 0.509588 0.229641 -0.829207 0.652344 0.919128 1 3 1.000000
3 1.395488 20.164162 -10.530537 -0.018799 0.028037 -0.999430 0.629395 0.896606 1 3 1.000000
3 1.169009 20.222061 -10.509485 -0.046729 0.022125 -0.998663 0.629883 0.894897 1 3 1.000000
1efc_stn06_body_mesh1
3 7.536328 16.706005 16.328718 0.987076 0.050162 0.152203 0.625000 0.185059 1 3 1.000000
3 7.352435 17.046257 9.821873 0.994937 0.087739 0.049020 0.633301 0.155273 1 3 1.000000
3 7.230836 18.702656 4.010138 0.981478 0.174523 -0.079012 0.656250 0.131836 1 3 1.000000
1efc_stn06_body_mesh1
3 6.575171 20.153503 -1.982802 0.421784 -0.869605 -0.256683 0.500488 0.348145 1 3 1.000000
3 7.173272 19.411121 1.515252 0.421784 -0.869605 -0.256683 0.474365 0.353027 1 3 1.000000
3 7.230836 18.702656 4.010138 0.421783 -0.869602 -0.256694 0.455322 0.353516 1 3 1.000000
1efc_stn06_body_mesh1
3 7.230836 18.702656 4.010138 0.421783 -0.869602 -0.256694 0.455322 0.353516 1 3 1.000000
3 7.352435 17.046257 9.821873 0.421788 -0.869613 -0.256649 0.410400 0.354492 1 3 1.000000
3 -5.226446 16.954220 -10.536810 0.421788 -0.869613 -0.256649 0.554688 0.251953 1 3 1.000000
1efc_stn06_body_mesh1
3 5.387166 21.954174 -10.035727 0.421788 -0.869613 -0.256649 0.561523 0.338379 1 3 1.000000
3 -4.992254 17.066970 -10.533974 -0.006485 0.037194 -0.999287 0.554688 0.253418 1 3 1.000000
3 1.075500 20.002724 -10.509407 0.421807 -0.869604 -0.256647 0.561035 0.303223 1 3 1.000000
1efc_stn06_body_mesh1
2 -23.975452 -13.857692 -8.274197 -0.305935 -0.938975 -0.157259 0.159424 0.666992 1 2 1.000000
2 -27.246069 -13.703380 -8.247780 -0.734672 -0.649704 -0.195302 0.160522 0.641357 1 2 1.000000
2 -26.304678 -13.014628 -10.592092 -0.484267 -0.460617 -0.743853 0.167480 0.649414 1 2 1.000000
1efc_stn06_body_mesh1
2 -12.695884 -16.691284 21.612343 -0.167752 -0.560191 0.811200 0.190430 0.407227 1 2 1.000000
2 -20.552452 -12.452783 20.285519 0.159090 -0.180836 0.970561 0.183105 0.474121 1 2 1.000000
2 -19.826900 -15.758897 20.327961 -0.420919 -0.467455 0.777375 0.155762 0.464844 1 2 1.000000
1efc_stn06_body_mesh1
2 -29.121698 13.003513 19.422924 -0.095747 0.993899 0.054740 0.581543 0.262695 1 2 1.000000
2 -28.310286 13.044052 20.107243 -0.095747 0.993899 0.054740 0.585938 0.268066 1 2 1.000000
2 -25.876840 13.275963 20.153906 -0.095747 0.993899 0.054740 0.585938 0.283691 1 2 1.000000
1efc_stn06_body_mesh1
2 4.139769 16.090626 21.565380 -0.095747 0.993899 0.054740 0.594238 0.476562 1 2 1.000000
2 7.217882 16.384190 21.620514 -0.095747 0.993899 0.054740 0.594238 0.496094 1 2 1.000000
2 7.599966 16.458360 20.941540 -0.095747 0.993899 0.054740 0.589844 0.498535 1 2 1.000000
1efc_stn06_body_mesh1
2 7.536329 16.706003 16.328716 -0.095747 0.993899 0.054740 0.560547 0.498535 1 2 1.000000
2 7.352434 17.046257 9.821877 -0.095747 0.993905 0.054645 0.518555 0.497070 1 2 1.000000
2 -5.226445 16.954218 -10.536810 -0.095747 0.993905 0.054645 0.388672 0.416504 1 2 1.000000
1efc_stn06_body_mesh1
2 -13.023874 16.207860 -10.627381 -0.095746 0.993894 0.054835 0.388428 0.366211 1 2 1.000000
2 -13.494634 16.162880 -10.634271 -0.095746 0.993894 0.054835 0.388428 0.363281 1 2 1.000000
2 -14.108466 16.103552 -10.630990 -0.095746 0.993894 0.054835 0.388428 0.359375 1 2 1.000000
1efc_stn06_body_mesh1
2 8.620974 10.016180 16.891900 0.945960 0.137808 0.293544 0.556152 0.175293 1 2 1.000000
2 7.600374 12.915297 13.168572 0.948489 0.116064 0.294785 0.586914 0.162598 1 2 1.000000
2 7.782991 13.054415 20.174630 0.902928 0.100421 0.417895 0.583008 0.194824 1 2 1.000000
1efc_stn06_body_mesh1
2 7.712194 1.155403 21.731354 0.459171 0.047777 0.887062 0.477051 0.190430 1 2 1.000000
2 3.850740 4.632100 22.028515 0.026677 0.030849 0.999168 0.507324 0.246582 1 2 1.000000
2 6.215048 -3.220162 22.418888 0.246128 0.018429 0.969062 0.444092 0.229980 1 2 1.000000
1efc_stn06_body_mesh1
2 -2.702218 -3.099390 21.097097 -0.073310 0.001192 0.997308 0.431641 0.315430 1 2 1.000000
2 4.104734 -7.623701 22.130764 0.226201 -0.009012 0.974039 0.410889 0.258789 1 2 1.000000
2 5.156519 -5.427511 22.273323 0.247229 0.011539 0.968888 0.423584 0.241699 1 2 1.000000
1efc_stn06_body_mesh1
2 8.724699 9.481987 17.441036 0.797604 -0.350114 -0.491171 0.602539 0.475586 1 2 1.000000
2 8.765654 8.376402 18.295479 0.950683 0.104042 0.292195 0.596191 0.481445 1 2 1.000000
2 8.815172 5.261858 20.595604 0.797638 -0.350087 -0.491133 0.578125 0.498535 1 2 1.000000
1efc_stn06_body_mesh1
2 8.815172 5.261858 20.595604 0.797638 -0.350087 -0.491133 0.578125 0.498535 1 2 1.000000
2 8.543303 4.202129 20.909435 0.797638 -0.350087 -0.491133 0.571289 0.500732 1 2 1.000000
2 7.730894 1.204211 21.726933 0.797624 -0.350090 -0.491154 0.551758 0.506836 1 2 1.000000
1efc_stn06_body_mesh1
2 4.104734 -7.623701 22.130764 0.797621 -0.350101 -0.491152 0.490723 0.509766 1 2 1.000000
2 2.929239 -10.285046 22.118843 0.797612 -0.350107 -0.491161 0.472168 0.509766 1 2 1.000000
2 -18.182774 -12.031106 -10.916249 -0.171282 -0.457196 -0.872717 0.407471 0.267090 1 2 1.000000
1efc_stn06_body_mesh1
2 -21.441704 -14.642983 -10.626679 0.573174 -0.751516 -0.326642 0.581543 0.261230 1 2 1.000000
2 -19.986164 -13.474214 -10.761128 0.573174 -0.751516 -0.326642 0.585449 0.272461 1 2 1.000000
2 -18.182774 -12.031106 -10.916249 0.573174 -0.751516 -0.326642 0.590332 0.286621 1 2 1.000000
1efc_stn06_body_mesh1
2 -18.182774 -12.031106 -10.916249 0.573174 -0.751516 -0.326642 0.590332 0.286621 1 2 1.000000
2 2.929239 -10.285046 22.118843 0.573256 -0.751498 -0.326539 0.400879 0.451660 1 2 1.000000
2 2.543360 -10.565222 22.086212 0.131482 -0.107379 0.985486 0.400146 0.448730 1 2 1.000000
end
