version 1
nodes
0 "root" -1
1 "draw1_1fireff1_01_ne01" 0
2 "draw2_1fireff1_01_ne02" 0
3 "draw3_1fireff1_01_ne03" 0
4 "draw4_1fireff1_01_ne04" 0
5 "draw5_1fireff1_01_ne05" 0
end
skeleton
time 0
0 0.000000 0.000000 0.000000 0.000000 -0.000000 0.000000
1 -72.403442 -15.925571 -123.955078 1.027116 0.790272 0.912113
2 -18.529293 -19.099861 -95.784164 -1.570676 0.524898 -1.249211
3 -9.857725 -17.403023 -94.463936 1.570767 0.869427 1.336631
4 77.764359 1.276409 -113.007172 2.435851 1.157296 2.776108
5 42.643951 -22.421009 -96.743164 -1.570733 0.470066 -1.728898
end
triangles
1fireff1_01_ne01_mesh1
1 -102.314314 49.263575 -93.181367 -0.842216 0.177404 -0.507928 1.000000 0.000000 1 1 1.000000
1 -91.455516 69.582181 -102.806299 -0.737480 0.476478 -0.477872 1.000000 0.041992 1 1 1.000000
1 -99.197294 39.880704 -94.045063 -0.809087 -0.064099 -0.583775 0.937500 0.000000 1 1 1.000000
1fireff1_01_ne01_mesh1
1 -91.455516 69.582181 -102.806299 -0.737480 0.476478 -0.477872 1.000000 0.041992 1 1 1.000000
1 -89.115930 57.853588 -105.890273 -0.758729 0.229222 -0.609131 0.937500 0.041992 1 1 1.000000
1 -99.197294 39.880704 -94.045063 -0.809087 -0.064099 -0.583775 0.937500 0.000000 1 1 1.000000
1fireff1_01_ne01_mesh1
1 -99.197294 39.880704 -94.045063 -0.809087 -0.064099 -0.583775 0.937500 0.000000 1 1 1.000000
1 -89.115930 57.853588 -105.890273 -0.758729 0.229222 -0.609131 0.937500 0.041992 1 1 1.000000
1 -97.705716 32.798702 -100.021202 -0.801182 -0.261052 -0.537737 0.875000 0.000000 1 1 1.000000
1fireff1_01_ne01_mesh1
1 -89.115930 57.853588 -105.890273 -0.758729 0.229222 -0.609131 0.937500 0.041992 1 1 1.000000
1 -87.995976 51.482350 -112.504477 -0.776926 0.123724 -0.616887 0.875000 0.041992 1 1 1.000000
1 -97.705716 32.798702 -100.021202 -0.801182 -0.261052 -0.537737 0.875000 0.000000 1 1 1.000000
1fireff1_01_ne01_mesh1
1 -97.705716 32.798702 -100.021202 -0.801182 -0.261052 -0.537737 0.875000 0.000000 1 1 1.000000
1 -87.995976 51.482350 -112.504477 -0.776926 0.123724 -0.616887 0.875000 0.041992 1 1 1.000000
1 -89.193225 28.850222 -103.374200 -0.368851 -0.571095 -0.733062 0.812500 0.000000 1 1 1.000000
1fireff1_01_ne01_mesh1
1 -87.995976 51.482350 -112.504477 -0.776926 0.123724 -0.616887 0.875000 0.041992 1 1 1.000000
1 -81.765942 44.337799 -115.607708 -0.548904 -0.307637 -0.776783 0.812500 0.041992 1 1 1.000000
1 -89.193225 28.850222 -103.374200 -0.368851 -0.571095 -0.733062 0.812500 0.000000 1 1 1.000000
1fireff1_01_ne01_mesh1
1 -89.193225 28.850222 -103.374200 -0.368851 -0.571095 -0.733062 0.812500 0.000000 1 1 1.000000
1 -81.765942 44.337799 -115.607708 -0.548904 -0.307637 -0.776783 0.812500 0.041992 1 1 1.000000
1 -79.324526 21.800593 -99.990456 0.134248 -0.791114 -0.596515 0.750000 0.000000 1 1 1.000000
1fireff1_01_ne01_mesh1
1 -81.765942 44.337799 -115.607708 -0.548904 -0.307637 -0.776783 0.812500 0.041992 1 1 1.000000
1 -76.906919 35.542804 -111.679087 -0.295468 -0.624656 -0.722496 0.750000 0.041992 1 1 1.000000
1 -79.324526 21.800593 -99.990456 0.134248 -0.791114 -0.596515 0.750000 0.000000 1 1 1.000000
1fireff1_01_ne01_mesh1
1 -79.324526 21.800593 -99.990456 0.134248 -0.791114 -0.596515 0.750000 0.000000 1 1 1.000000
1 -76.906919 35.542804 -111.679087 -0.295468 -0.624656 -0.722496 0.750000 0.041992 1 1 1.000000
1 -70.631103 29.525785 -105.714865 0.093677 -0.840986 -0.532148 0.687500 0.041992 1 1 1.000000
1fireff1_01_ne01_mesh1
1 -76.906919 35.542804 -111.679087 -0.295468 -0.624656 -0.722496 0.750000 0.041992 1 1 1.000000
1 -73.191154 44.521958 -122.239579 -0.674028 -0.434824 -0.596569 0.750000 0.083496 1 1 1.000000
1 -70.631103 29.525785 -105.714865 0.093677 -0.840986 -0.532148 0.687500 0.041992 1 1 1.000000
1fireff1_01_ne01_mesh1
1 -70.631103 29.525785 -105.714865 0.093677 -0.840986 -0.532148 0.687500 0.041992 1 1 1.000000
1 -73.191154 44.521958 -122.239579 -0.674028 -0.434824 -0.596569 0.750000 0.083496 1 1 1.000000
1 -69.652100 37.471516 -118.856837 -0.489761 -0.763860 -0.419529 0.687500 0.083496 1 1 1.000000
1fireff1_01_ne01_mesh1
1 -73.191154 44.521958 -122.239579 -0.674028 -0.434824 -0.596569 0.750000 0.083496 1 1 1.000000
1 -65.205847 41.777619 -134.262950 -0.977238 -0.196215 -0.078800 0.750000 0.125000 1 1 1.000000
1 -69.652100 37.471516 -118.856837 -0.489761 -0.763860 -0.419529 0.687500 0.083496 1 1 1.000000
1fireff1_01_ne01_mesh1
1 -69.652100 37.471516 -118.856837 -0.489761 -0.763860 -0.419529 0.687500 0.083496 1 1 1.000000
1 -65.205847 41.777619 -134.262950 -0.977238 -0.196215 -0.078800 0.750000 0.125000 1 1 1.000000
1 -62.440225 35.556471 -130.969458 -0.941525 -0.335830 -0.013950 0.687500 0.125000 1 1 1.000000
1fireff1_01_ne01_mesh1
1 -65.205847 41.777619 -134.262950 -0.977238 -0.196215 -0.078800 0.750000 0.125000 1 1 1.000000
1 -70.272047 43.979696 -153.048635 -0.993076 0.108122 -0.040407 0.750000 0.166992 1 1 1.000000
1 -62.440225 35.556471 -130.969458 -0.941525 -0.335830 -0.013950 0.687500 0.125000 1 1 1.000000
1fireff1_01_ne01_mesh1
1 -62.440225 35.556471 -130.969458 -0.941525 -0.335830 -0.013950 0.687500 0.125000 1 1 1.000000
1 -70.272047 43.979696 -153.048635 -0.993076 0.108122 -0.040407 0.750000 0.166992 1 1 1.000000
1 -69.709681 35.827725 -150.419585 -0.984357 -0.145265 0.094882 0.687500 0.166992 1 1 1.000000
1fireff1_01_ne01_mesh1
1 -70.272047 43.979696 -153.048635 -0.993076 0.108122 -0.040407 0.750000 0.166992 1 1 1.000000
1 -65.727057 41.444906 -169.667378 -0.912895 0.224530 -0.340186 0.750000 0.208496 1 1 1.000000
1 -69.709681 35.827725 -150.419585 -0.984357 -0.145265 0.094882 0.687500 0.166992 1 1 1.000000
1fireff1_01_ne01_mesh1
1 -69.709681 35.827725 -150.419585 -0.984357 -0.145265 0.094882 0.687500 0.166992 1 1 1.000000
1 -65.727057 41.444906 -169.667378 -0.912895 0.224530 -0.340186 0.750000 0.208496 1 1 1.000000
1 -67.847164 32.024594 -165.431988 -0.987517 -0.098190 -0.121981 0.687500 0.208496 1 1 1.000000
1fireff1_01_ne01_mesh1
1 -65.727057 41.444906 -169.667378 -0.912895 0.224530 -0.340186 0.750000 0.208496 1 1 1.000000
1 -63.218505 30.323884 -183.007532 -0.882998 0.242302 -0.401527 0.750000 0.250000 1 1 1.000000
1 -67.847164 32.024594 -165.431988 -0.987517 -0.098190 -0.121981 0.687500 0.208496 1 1 1.000000
1fireff1_01_ne01_mesh1
1 -67.847164 32.024594 -165.431988 -0.987517 -0.098190 -0.121981 0.687500 0.208496 1 1 1.000000
1 -63.218505 30.323884 -183.007532 -0.882998 0.242302 -0.401527 0.750000 0.250000 1 1 1.000000
1 -65.466633 22.170630 -177.643164 -0.996223 0.019744 -0.077164 0.687500 0.250000 1 1 1.000000
1fireff1_01_ne01_mesh1
1 -63.218505 30.323884 -183.007532 -0.882998 0.242302 -0.401527 0.750000 0.250000 1 1 1.000000
1 -64.998586 11.765951 -190.487584 -0.895984 0.233476 -0.376351 0.750000 0.291992 1 1 1.000000
1 -65.466633 22.170630 -177.643164 -0.996223 0.019744 -0.077164 0.687500 0.250000 1 1 1.000000
1fireff1_01_ne01_mesh1
1 -65.466633 22.170630 -177.643164 -0.996223 0.019744 -0.077164 0.687500 0.250000 1 1 1.000000
1 -64.998586 11.765951 -190.487584 -0.895984 0.233476 -0.376351 0.750000 0.291992 1 1 1.000000
1 -66.492842 7.171782 -184.710549 -0.985806 0.164373 -0.002259 0.687500 0.291992 1 1 1.000000
1fireff1_01_ne01_mesh1
1 -64.998586 11.765951 -190.487584 -0.895984 0.233476 -0.376351 0.750000 0.291992 1 1 1.000000
1 -69.035860 -10.066522 -194.473521 -0.907453 0.243225 -0.341691 0.750000 0.333496 1 1 1.000000
1 -66.492842 7.171782 -184.710549 -0.985806 0.164373 -0.002259 0.687500 0.291992 1 1 1.000000
1fireff1_01_ne01_mesh1
1 -66.492842 7.171782 -184.710549 -0.985806 0.164373 -0.002259 0.687500 0.291992 1 1 1.000000
1 -69.035860 -10.066522 -194.473521 -0.907453 0.243225 -0.341691 0.750000 0.333496 1 1 1.000000
1 -71.232802 -11.756654 -185.094973 -0.978493 0.204547 0.001339 0.687500 0.333496 1 1 1.000000
1fireff1_01_ne01_mesh1
1 -69.035860 -10.066522 -194.473521 -0.907453 0.243225 -0.341691 0.750000 0.333496 1 1 1.000000
1 -70.045905 -24.364473 -201.131925 -0.887490 0.232811 -0.396480 0.750000 0.375000 1 1 1.000000
1 -71.232802 -11.756654 -185.094973 -0.978493 0.204547 0.001339 0.687500 0.333496 1 1 1.000000
1fireff1_01_ne01_mesh1
1 -71.232802 -11.756654 -185.094973 -0.978493 0.204547 0.001339 0.687500 0.333496 1 1 1.000000
1 -70.045905 -24.364473 -201.131925 -0.887490 0.232811 -0.396480 0.750000 0.375000 1 1 1.000000
1 -73.105893 -24.281915 -188.479434 -0.971575 0.219630 -0.081251 0.687500 0.375000 1 1 1.000000
1fireff1_01_ne01_mesh1
1 -70.045905 -24.364473 -201.131925 -0.887490 0.232811 -0.396480 0.750000 0.375000 1 1 1.000000
1 -73.530151 -36.311406 -200.154262 -0.892362 0.204480 -0.401220 0.750000 0.416992 1 1 1.000000
1 -73.105893 -24.281915 -188.479434 -0.971575 0.219630 -0.081251 0.687500 0.375000 1 1 1.000000
1fireff1_01_ne01_mesh1
1 -73.105893 -24.281915 -188.479434 -0.971575 0.219630 -0.081251 0.687500 0.375000 1 1 1.000000
1 -73.530151 -36.311406 -200.154262 -0.892362 0.204480 -0.401220 0.750000 0.416992 1 1 1.000000
1 -75.671985 -34.000901 -188.349058 -0.947720 0.304490 -0.090005 0.687500 0.416992 1 1 1.000000
1fireff1_01_ne01_mesh1
1 -73.530151 -36.311406 -200.154262 -0.892362 0.204480 -0.401220 0.750000 0.416992 1 1 1.000000
1 -81.340367 -51.333816 -190.429605 -0.897351 0.214343 -0.385222 0.750000 0.458496 1 1 1.000000
1 -75.671985 -34.000901 -188.349058 -0.947720 0.304490 -0.090005 0.687500 0.416992 1 1 1.000000
1fireff1_01_ne01_mesh1
1 -75.671985 -34.000901 -188.349058 -0.947720 0.304490 -0.090005 0.687500 0.416992 1 1 1.000000
1 -81.340367 -51.333816 -190.429605 -0.897351 0.214343 -0.385222 0.750000 0.458496 1 1 1.000000
1 -80.424066 -45.455581 -183.914980 -0.903784 0.415211 -0.099748 0.687500 0.458496 1 1 1.000000
1fireff1_01_ne01_mesh1
1 -81.340367 -51.333816 -190.429605 -0.897351 0.214343 -0.385222 0.750000 0.458496 1 1 1.000000
1 -89.738085 -62.520335 -176.791759 -0.899784 0.233699 -0.366792 0.750000 0.500000 1 1 1.000000
1 -80.424066 -45.455581 -183.914980 -0.903784 0.415211 -0.099748 0.687500 0.458496 1 1 1.000000
1fireff1_01_ne01_mesh1
1 -80.424066 -45.455581 -183.914980 -0.903784 0.415211 -0.099748 0.687500 0.458496 1 1 1.000000
1 -89.738085 -62.520335 -176.791759 -0.899784 0.233699 -0.366792 0.750000 0.500000 1 1 1.000000
1 -87.055845 -53.960325 -172.933929 -0.842830 0.526281 -0.108505 0.687500 0.500000 1 1 1.000000
1fireff1_01_ne01_mesh1
1 -89.738085 -62.520335 -176.791759 -0.899784 0.233699 -0.366792 0.750000 0.500000 1 1 1.000000
1 -96.892812 -72.616137 -165.534559 -0.901208 0.221494 -0.371085 0.750000 0.541748 1 1 1.000000
1 -87.055845 -53.960325 -172.933929 -0.842830 0.526281 -0.108505 0.687500 0.500000 1 1 1.000000
1fireff1_01_ne01_mesh1
1 -87.055845 -53.960325 -172.933929 -0.842830 0.526281 -0.108505 0.687500 0.500000 1 1 1.000000
1 -96.892812 -72.616137 -165.534559 -0.901208 0.221494 -0.371085 0.750000 0.541748 1 1 1.000000
1 -93.997599 -62.609566 -161.277545 -0.846857 0.518414 -0.116982 0.687500 0.541748 1 1 1.000000
1fireff1_01_ne01_mesh1
1 -96.892812 -72.616137 -165.534559 -0.901208 0.221494 -0.371085 0.750000 0.541748 1 1 1.000000
1 -103.516435 -78.697904 -153.021341 -0.914286 0.203314 -0.348990 0.750000 0.583496 1 1 1.000000
1 -93.997599 -62.609566 -161.277545 -0.846857 0.518414 -0.116982 0.687500 0.541748 1 1 1.000000
1fireff1_01_ne01_mesh1
1 -93.997599 -62.609566 -161.277545 -0.846857 0.518414 -0.116982 0.687500 0.541748 1 1 1.000000
1 -103.516435 -78.697904 -153.021341 -0.914286 0.203314 -0.348990 0.750000 0.583496 1 1 1.000000
1 -101.641382 -72.613131 -148.749623 -0.782321 0.586763 -0.207590 0.687500 0.583496 1 1 1.000000
1fireff1_01_ne01_mesh1
1 -103.516435 -78.697904 -153.021341 -0.914286 0.203314 -0.348990 0.750000 0.583496 1 1 1.000000
1 -112.878643 -75.085654 -127.512361 -0.895805 0.251478 -0.365260 0.750000 0.625000 1 1 1.000000
1 -101.641382 -72.613131 -148.749623 -0.782321 0.586763 -0.207590 0.687500 0.583496 1 1 1.000000
1fireff1_01_ne01_mesh1
1 -101.641382 -72.613131 -148.749623 -0.782321 0.586763 -0.207590 0.687500 0.583496 1 1 1.000000
1 -112.878643 -75.085654 -127.512361 -0.895805 0.251478 -0.365260 0.750000 0.625000 1 1 1.000000
1 -110.158351 -71.822345 -127.142423 -0.631808 0.690381 -0.351794 0.687500 0.625000 1 1 1.000000
1fireff1_01_ne01_mesh1
1 -112.878643 -75.085654 -127.512361 -0.895805 0.251478 -0.365260 0.750000 0.625000 1 1 1.000000
1 -121.625640 -69.358369 -102.172475 -0.902504 0.194817 -0.383624 0.750000 0.666748 1 1 1.000000
1 -110.158351 -71.822345 -127.142423 -0.631808 0.690381 -0.351794 0.687500 0.625000 1 1 1.000000
1fireff1_01_ne01_mesh1
1 -110.158351 -71.822345 -127.142423 -0.631808 0.690381 -0.351794 0.687500 0.625000 1 1 1.000000
1 -121.625640 -69.358369 -102.172475 -0.902504 0.194817 -0.383624 0.750000 0.666748 1 1 1.000000
1 -116.853289 -64.767842 -106.036058 -0.647248 0.638401 -0.415253 0.687500 0.666748 1 1 1.000000
1fireff1_01_ne01_mesh1
1 -79.324526 21.800593 -99.990456 0.134248 -0.791114 -0.596515 0.750000 0.000000 1 1 1.000000
1 -70.631103 29.525785 -105.714865 0.093677 -0.840986 -0.532148 0.687500 0.041992 1 1 1.000000
1 -72.355427 23.352042 -90.064785 0.479444 -0.805487 -0.347126 0.687500 0.000000 1 1 1.000000
1fireff1_01_ne01_mesh1
1 -70.631103 29.525785 -105.714865 0.093677 -0.840986 -0.532148 0.687500 0.041992 1 1 1.000000
1 -64.195092 22.717657 -86.488820 0.477773 -0.833250 -0.275600 0.625000 0.000000 1 1 1.000000
1 -72.355427 23.352042 -90.064785 0.479444 -0.805487 -0.347126 0.687500 0.000000 1 1 1.000000
1fireff1_01_ne01_mesh1
1 -91.455516 69.582181 -102.806299 -0.737480 0.476478 -0.477872 1.000000 0.041992 1 1 1.000000
1 -67.914022 81.963801 -112.829234 -0.504926 0.814752 -0.283312 1.000000 0.083496 1 1 1.000000
1 -89.115930 57.853588 -105.890273 -0.758729 0.229222 -0.609131 0.937500 0.041992 1 1 1.000000
1fireff1_01_ne01_mesh1
1 -67.914022 81.963801 -112.829234 -0.504926 0.814752 -0.283312 1.000000 0.083496 1 1 1.000000
1 -72.088156 71.735828 -115.948822 -0.708038 0.400203 -0.580904 0.937500 0.083496 1 1 1.000000
1 -89.115930 57.853588 -105.890273 -0.758729 0.229222 -0.609131 0.937500 0.041992 1 1 1.000000
1fireff1_01_ne01_mesh1
1 -89.115930 57.853588 -105.890273 -0.758729 0.229222 -0.609131 0.937500 0.041992 1 1 1.000000
1 -72.088156 71.735828 -115.948822 -0.708038 0.400203 -0.580904 0.937500 0.083496 1 1 1.000000
1 -87.995976 51.482350 -112.504477 -0.776926 0.123724 -0.616887 0.875000 0.041992 1 1 1.000000
1fireff1_01_ne01_mesh1
1 -72.088156 71.735828 -115.948822 -0.708038 0.400203 -0.580904 0.937500 0.083496 1 1 1.000000
1 -73.608717 67.460985 -123.501487 -0.731414 0.307619 -0.607795 0.875000 0.083496 1 1 1.000000
1 -87.995976 51.482350 -112.504477 -0.776926 0.123724 -0.616887 0.875000 0.041992 1 1 1.000000
1fireff1_01_ne01_mesh1
1 -87.995976 51.482350 -112.504477 -0.776926 0.123724 -0.616887 0.875000 0.041992 1 1 1.000000
1 -73.608717 67.460985 -123.501487 -0.731414 0.307619 -0.607795 0.875000 0.083496 1 1 1.000000
1 -81.765942 44.337799 -115.607708 -0.548904 -0.307637 -0.776783 0.812500 0.041992 1 1 1.000000
1fireff1_01_ne01_mesh1
1 -73.608717 67.460985 -123.501487 -0.731414 0.307619 -0.607795 0.875000 0.083496 1 1 1.000000
1 -73.459659 55.163767 -125.280456 -0.710714 -0.014221 -0.702981 0.812500 0.083496 1 1 1.000000
1 -81.765942 44.337799 -115.607708 -0.548904 -0.307637 -0.776783 0.812500 0.041992 1 1 1.000000
1fireff1_01_ne01_mesh1
1 -81.765942 44.337799 -115.607708 -0.548904 -0.307637 -0.776783 0.812500 0.041992 1 1 1.000000
1 -73.459659 55.163767 -125.280456 -0.710714 -0.014221 -0.702981 0.812500 0.083496 1 1 1.000000
1 -76.906919 35.542804 -111.679087 -0.295468 -0.624656 -0.722496 0.750000 0.041992 1 1 1.000000
1fireff1_01_ne01_mesh1
1 -73.459659 55.163767 -125.280456 -0.710714 -0.014221 -0.702981 0.812500 0.083496 1 1 1.000000
1 -73.191154 44.521958 -122.239579 -0.674028 -0.434824 -0.596569 0.750000 0.083496 1 1 1.000000
1 -76.906919 35.542804 -111.679087 -0.295468 -0.624656 -0.722496 0.750000 0.041992 1 1 1.000000
1fireff1_01_ne01_mesh1
1 -67.914022 81.963801 -112.829234 -0.504926 0.814752 -0.283312 1.000000 0.083496 1 1 1.000000
1 -54.612121 86.245891 -132.556683 -0.205331 0.904878 -0.370911 1.000000 0.125000 1 1 1.000000
1 -72.088156 71.735828 -115.948822 -0.708038 0.400203 -0.580904 0.937500 0.083496 1 1 1.000000
1fireff1_01_ne01_mesh1
1 -54.612121 86.245891 -132.556683 -0.205331 0.904878 -0.370911 1.000000 0.125000 1 1 1.000000
1 -60.306890 76.480142 -135.360966 -0.710277 0.489827 -0.504523 0.937500 0.125000 1 1 1.000000
1 -72.088156 71.735828 -115.948822 -0.708038 0.400203 -0.580904 0.937500 0.083496 1 1 1.000000
1fireff1_01_ne01_mesh1
1 -72.088156 71.735828 -115.948822 -0.708038 0.400203 -0.580904 0.937500 0.083496 1 1 1.000000
1 -60.306890 76.480142 -135.360966 -0.710277 0.489827 -0.504523 0.937500 0.125000 1 1 1.000000
1 -73.608717 67.460985 -123.501487 -0.731414 0.307619 -0.607795 0.875000 0.083496 1 1 1.000000
1fireff1_01_ne01_mesh1
1 -60.306890 76.480142 -135.360966 -0.710277 0.489827 -0.504523 0.937500 0.125000 1 1 1.000000
1 -59.662826 64.847673 -134.400650 -0.825491 0.371168 -0.423876 0.875000 0.125000 1 1 1.000000
1 -73.608717 67.460985 -123.501487 -0.731414 0.307619 -0.607795 0.875000 0.083496 1 1 1.000000
1fireff1_01_ne01_mesh1
1 -73.608717 67.460985 -123.501487 -0.731414 0.307619 -0.607795 0.875000 0.083496 1 1 1.000000
1 -59.662826 64.847673 -134.400650 -0.825491 0.371168 -0.423876 0.875000 0.125000 1 1 1.000000
1 -73.459659 55.163767 -125.280456 -0.710714 -0.014221 -0.702981 0.812500 0.083496 1 1 1.000000
1fireff1_01_ne01_mesh1
1 -59.662826 64.847673 -134.400650 -0.825491 0.371168 -0.423876 0.875000 0.125000 1 1 1.000000
1 -65.669398 51.973367 -136.550543 -0.942605 0.222860 -0.247531 0.812500 0.125000 1 1 1.000000
1 -73.459659 55.163767 -125.280456 -0.710714 -0.014221 -0.702981 0.812500 0.083496 1 1 1.000000
1fireff1_01_ne01_mesh1
1 -73.459659 55.163767 -125.280456 -0.710714 -0.014221 -0.702981 0.812500 0.083496 1 1 1.000000
1 -65.669398 51.973367 -136.550543 -0.942605 0.222860 -0.247531 0.812500 0.125000 1 1 1.000000
1 -73.191154 44.521958 -122.239579 -0.674028 -0.434824 -0.596569 0.750000 0.083496 1 1 1.000000
1fireff1_01_ne01_mesh1
1 -65.669398 51.973367 -136.550543 -0.942605 0.222860 -0.247531 0.812500 0.125000 1 1 1.000000
1 -65.205847 41.777619 -134.262950 -0.977238 -0.196215 -0.078800 0.750000 0.125000 1 1 1.000000
1 -73.191154 44.521958 -122.239579 -0.674028 -0.434824 -0.596569 0.750000 0.083496 1 1 1.000000
1fireff1_01_ne01_mesh1
1 -54.612121 86.245891 -132.556683 -0.205331 0.904878 -0.370911 1.000000 0.125000 1 1 1.000000
1 -42.045967 68.503506 -156.952501 0.054983 0.879674 -0.471972 1.000000 0.166992 1 1 1.000000
1 -60.306890 76.480142 -135.360966 -0.710277 0.489827 -0.504523 0.937500 0.125000 1 1 1.000000
1fireff1_01_ne01_mesh1
1 -42.045967 68.503506 -156.952501 0.054983 0.879674 -0.471972 1.000000 0.166992 1 1 1.000000
1 -51.943027 65.121730 -157.814353 -0.460820 0.722061 -0.515013 0.937500 0.166992 1 1 1.000000
1 -60.306890 76.480142 -135.360966 -0.710277 0.489827 -0.504523 0.937500 0.125000 1 1 1.000000
1fireff1_01_ne01_mesh1
1 -60.306890 76.480142 -135.360966 -0.710277 0.489827 -0.504523 0.937500 0.125000 1 1 1.000000
1 -51.943027 65.121730 -157.814353 -0.460820 0.722061 -0.515013 0.937500 0.166992 1 1 1.000000
1 -59.662826 64.847673 -134.400650 -0.825491 0.371168 -0.423876 0.875000 0.125000 1 1 1.000000
1fireff1_01_ne01_mesh1
1 -51.943027 65.121730 -157.814353 -0.460820 0.722061 -0.515013 0.937500 0.166992 1 1 1.000000
1 -58.548823 62.791850 -154.210113 -0.756177 0.581807 -0.298341 0.875000 0.166992 1 1 1.000000
1 -59.662826 64.847673 -134.400650 -0.825491 0.371168 -0.423876 0.875000 0.125000 1 1 1.000000
1fireff1_01_ne01_mesh1
1 -59.662826 64.847673 -134.400650 -0.825491 0.371168 -0.423876 0.875000 0.125000 1 1 1.000000
1 -58.548823 62.791850 -154.210113 -0.756177 0.581807 -0.298341 0.875000 0.166992 1 1 1.000000
1 -65.669398 51.973367 -136.550543 -0.942605 0.222860 -0.247531 0.812500 0.125000 1 1 1.000000
1fireff1_01_ne01_mesh1
1 -58.548823 62.791850 -154.210113 -0.756177 0.581807 -0.298341 0.875000 0.166992 1 1 1.000000
1 -67.546474 54.709792 -153.176794 -0.873598 0.466066 -0.135243 0.812500 0.166992 1 1 1.000000
1 -65.669398 51.973367 -136.550543 -0.942605 0.222860 -0.247531 0.812500 0.125000 1 1 1.000000
1fireff1_01_ne01_mesh1
1 -65.669398 51.973367 -136.550543 -0.942605 0.222860 -0.247531 0.812500 0.125000 1 1 1.000000
1 -67.546474 54.709792 -153.176794 -0.873598 0.466066 -0.135243 0.812500 0.166992 1 1 1.000000
1 -65.205847 41.777619 -134.262950 -0.977238 -0.196215 -0.078800 0.750000 0.125000 1 1 1.000000
1fireff1_01_ne01_mesh1
1 -67.546474 54.709792 -153.176794 -0.873598 0.466066 -0.135243 0.812500 0.166992 1 1 1.000000
1 -70.272047 43.979696 -153.048635 -0.993076 0.108122 -0.040407 0.750000 0.166992 1 1 1.000000
1 -65.205847 41.777619 -134.262950 -0.977238 -0.196215 -0.078800 0.750000 0.125000 1 1 1.000000
1fireff1_01_ne01_mesh1
1 -42.045967 68.503506 -156.952501 0.054983 0.879674 -0.471972 1.000000 0.166992 1 1 1.000000
1 -31.330531 57.717212 -178.528750 0.339374 0.689857 -0.638559 1.000000 0.208496 1 1 1.000000
1 -51.943027 65.121730 -157.814353 -0.460820 0.722061 -0.515013 0.937500 0.166992 1 1 1.000000
1fireff1_01_ne01_mesh1
1 -31.330531 57.717212 -178.528750 0.339374 0.689857 -0.638559 1.000000 0.208496 1 1 1.000000
1 -41.585720 55.007178 -180.088167 -0.088853 0.707890 -0.699849 0.937500 0.208496 1 1 1.000000
1 -51.943027 65.121730 -157.814353 -0.460820 0.722061 -0.515013 0.937500 0.166992 1 1 1.000000
1fireff1_01_ne01_mesh1
1 -51.943027 65.121730 -157.814353 -0.460820 0.722061 -0.515013 0.937500 0.166992 1 1 1.000000
1 -41.585720 55.007178 -180.088167 -0.088853 0.707890 -0.699849 0.937500 0.208496 1 1 1.000000
1 -58.548823 62.791850 -154.210113 -0.756177 0.581807 -0.298341 0.875000 0.166992 1 1 1.000000
1fireff1_01_ne01_mesh1
1 -41.585720 55.007178 -180.088167 -0.088853 0.707890 -0.699849 0.937500 0.208496 1 1 1.000000
1 -52.022164 53.279920 -176.727861 -0.419430 0.690554 -0.588114 0.875000 0.208496 1 1 1.000000
1 -58.548823 62.791850 -154.210113 -0.756177 0.581807 -0.298341 0.875000 0.166992 1 1 1.000000
1fireff1_01_ne01_mesh1
1 -58.548823 62.791850 -154.210113 -0.756177 0.581807 -0.298341 0.875000 0.166992 1 1 1.000000
1 -52.022164 53.279920 -176.727861 -0.419430 0.690554 -0.588114 0.875000 0.208496 1 1 1.000000
1 -67.546474 54.709792 -153.176794 -0.873598 0.466066 -0.135243 0.812500 0.166992 1 1 1.000000
1fireff1_01_ne01_mesh1
1 -52.022164 53.279920 -176.727861 -0.419430 0.690554 -0.588114 0.875000 0.208496 1 1 1.000000
1 -60.390807 50.512151 -172.059793 -0.695272 0.539885 -0.473408 0.812500 0.208496 1 1 1.000000
1 -67.546474 54.709792 -153.176794 -0.873598 0.466066 -0.135243 0.812500 0.166992 1 1 1.000000
1fireff1_01_ne01_mesh1
1 -67.546474 54.709792 -153.176794 -0.873598 0.466066 -0.135243 0.812500 0.166992 1 1 1.000000
1 -60.390807 50.512151 -172.059793 -0.695272 0.539885 -0.473408 0.812500 0.208496 1 1 1.000000
1 -70.272047 43.979696 -153.048635 -0.993076 0.108122 -0.040407 0.750000 0.166992 1 1 1.000000
1fireff1_01_ne01_mesh1
1 -60.390807 50.512151 -172.059793 -0.695272 0.539885 -0.473408 0.812500 0.208496 1 1 1.000000
1 -65.727057 41.444906 -169.667378 -0.912895 0.224530 -0.340186 0.750000 0.208496 1 1 1.000000
1 -70.272047 43.979696 -153.048635 -0.993076 0.108122 -0.040407 0.750000 0.166992 1 1 1.000000
1fireff1_01_ne01_mesh1
1 -31.330531 57.717212 -178.528750 0.339374 0.689857 -0.638559 1.000000 0.208496 1 1 1.000000
1 -33.148853 36.185356 -187.819469 0.468341 0.429254 -0.772016 1.000000 0.250000 1 1 1.000000
1 -41.585720 55.007178 -180.088167 -0.088853 0.707890 -0.699849 0.937500 0.208496 1 1 1.000000
1fireff1_01_ne01_mesh1
1 -33.148853 36.185356 -187.819469 0.468341 0.429254 -0.772016 1.000000 0.250000 1 1 1.000000
1 -40.714819 36.369330 -194.187151 0.058201 0.486395 -0.871420 0.937500 0.250000 1 1 1.000000
1 -41.585720 55.007178 -180.088167 -0.088853 0.707890 -0.699849 0.937500 0.208496 1 1 1.000000
1fireff1_01_ne01_mesh1
1 -41.585720 55.007178 -180.088167 -0.088853 0.707890 -0.699849 0.937500 0.208496 1 1 1.000000
1 -40.714819 36.369330 -194.187151 0.058201 0.486395 -0.871420 0.937500 0.250000 1 1 1.000000
1 -52.022164 53.279920 -176.727861 -0.419430 0.690554 -0.588114 0.875000 0.208496 1 1 1.000000
1fireff1_01_ne01_mesh1
1 -40.714819 36.369330 -194.187151 0.058201 0.486395 -0.871420 0.937500 0.250000 1 1 1.000000
1 -49.654273 36.521882 -193.331190 -0.336235 0.479969 -0.809771 0.875000 0.250000 1 1 1.000000
1 -52.022164 53.279920 -176.727861 -0.419430 0.690554 -0.588114 0.875000 0.208496 1 1 1.000000
1fireff1_01_ne01_mesh1
1 -52.022164 53.279920 -176.727861 -0.419430 0.690554 -0.588114 0.875000 0.208496 1 1 1.000000
1 -49.654273 36.521882 -193.331190 -0.336235 0.479969 -0.809771 0.875000 0.250000 1 1 1.000000
1 -60.390807 50.512151 -172.059793 -0.695272 0.539885 -0.473408 0.812500 0.208496 1 1 1.000000
1fireff1_01_ne01_mesh1
1 -49.654273 36.521882 -193.331190 -0.336235 0.479969 -0.809771 0.875000 0.250000 1 1 1.000000
1 -57.750075 36.590419 -187.521846 -0.649412 0.431682 -0.625500 0.812500 0.250000 1 1 1.000000
1 -60.390807 50.512151 -172.059793 -0.695272 0.539885 -0.473408 0.812500 0.208496 1 1 1.000000
1fireff1_01_ne01_mesh1
1 -60.390807 50.512151 -172.059793 -0.695272 0.539885 -0.473408 0.812500 0.208496 1 1 1.000000
1 -57.750075 36.590419 -187.521846 -0.649412 0.431682 -0.625500 0.812500 0.250000 1 1 1.000000
1 -65.727057 41.444906 -169.667378 -0.912895 0.224530 -0.340186 0.750000 0.208496 1 1 1.000000
1fireff1_01_ne01_mesh1
1 -57.750075 36.590419 -187.521846 -0.649412 0.431682 -0.625500 0.812500 0.250000 1 1 1.000000
1 -63.218505 30.323884 -183.007532 -0.882998 0.242302 -0.401527 0.750000 0.250000 1 1 1.000000
1 -65.727057 41.444906 -169.667378 -0.912895 0.224530 -0.340186 0.750000 0.208496 1 1 1.000000
1fireff1_01_ne01_mesh1
1 -33.148853 36.185356 -187.819469 0.468341 0.429254 -0.772016 1.000000 0.250000 1 1 1.000000
1 -32.548178 15.025474 -202.864855 0.361605 0.477169 -0.800562 1.000000 0.291992 1 1 1.000000
1 -40.714819 36.369330 -194.187151 0.058201 0.486395 -0.871420 0.937500 0.250000 1 1 1.000000
1fireff1_01_ne01_mesh1
1 -32.548178 15.025474 -202.864855 0.361605 0.477169 -0.800562 1.000000 0.291992 1 1 1.000000
1 -43.295541 12.478679 -203.100335 -0.083933 0.458581 -0.883843 0.937500 0.291992 1 1 1.000000
1 -40.714819 36.369330 -194.187151 0.058201 0.486395 -0.871420 0.937500 0.250000 1 1 1.000000
1fireff1_01_ne01_mesh1
1 -40.714819 36.369330 -194.187151 0.058201 0.486395 -0.871420 0.937500 0.250000 1 1 1.000000
1 -43.295541 12.478679 -203.100335 -0.083933 0.458581 -0.883843 0.937500 0.291992 1 1 1.000000
1 -49.654273 36.521882 -193.331190 -0.336235 0.479969 -0.809771 0.875000 0.250000 1 1 1.000000
1fireff1_01_ne01_mesh1
1 -43.295541 12.478679 -203.100335 -0.083933 0.458581 -0.883843 0.937500 0.291992 1 1 1.000000
1 -52.274494 14.910300 -200.686309 -0.387392 0.367954 -0.844668 0.875000 0.291992 1 1 1.000000
1 -49.654273 36.521882 -193.331190 -0.336235 0.479969 -0.809771 0.875000 0.250000 1 1 1.000000
1fireff1_01_ne01_mesh1
1 -49.654273 36.521882 -193.331190 -0.336235 0.479969 -0.809771 0.875000 0.250000 1 1 1.000000
1 -52.274494 14.910300 -200.686309 -0.387392 0.367954 -0.844668 0.875000 0.291992 1 1 1.000000
1 -57.750075 36.590419 -187.521846 -0.649412 0.431682 -0.625500 0.812500 0.250000 1 1 1.000000
1fireff1_01_ne01_mesh1
1 -52.274494 14.910300 -200.686309 -0.387392 0.367954 -0.844668 0.875000 0.291992 1 1 1.000000
1 -59.983169 16.401150 -194.924817 -0.671728 0.311065 -0.671637 0.812500 0.291992 1 1 1.000000
1 -57.750075 36.590419 -187.521846 -0.649412 0.431682 -0.625500 0.812500 0.250000 1 1 1.000000
1fireff1_01_ne01_mesh1
1 -57.750075 36.590419 -187.521846 -0.649412 0.431682 -0.625500 0.812500 0.250000 1 1 1.000000
1 -59.983169 16.401150 -194.924817 -0.671728 0.311065 -0.671637 0.812500 0.291992 1 1 1.000000
1 -63.218505 30.323884 -183.007532 -0.882998 0.242302 -0.401527 0.750000 0.250000 1 1 1.000000
1fireff1_01_ne01_mesh1
1 -59.983169 16.401150 -194.924817 -0.671728 0.311065 -0.671637 0.812500 0.291992 1 1 1.000000
1 -64.998586 11.765951 -190.487584 -0.895984 0.233476 -0.376351 0.750000 0.291992 1 1 1.000000
1 -63.218505 30.323884 -183.007532 -0.882998 0.242302 -0.401527 0.750000 0.250000 1 1 1.000000
1fireff1_01_ne01_mesh1
1 -32.548178 15.025474 -202.864855 0.361605 0.477169 -0.800562 1.000000 0.291992 1 1 1.000000
1 -33.121244 -7.712460 -216.013398 0.400472 0.121300 -0.907948 1.000000 0.333496 1 1 1.000000
1 -43.295541 12.478679 -203.100335 -0.083933 0.458581 -0.883843 0.937500 0.291992 1 1 1.000000
1fireff1_01_ne01_mesh1
1 -33.121244 -7.712460 -216.013398 0.400472 0.121300 -0.907948 1.000000 0.333496 1 1 1.000000
1 -43.127276 -6.402694 -215.614589 -0.081129 0.293711 -0.952158 0.937500 0.333496 1 1 1.000000
1 -43.295541 12.478679 -203.100335 -0.083933 0.458581 -0.883843 0.937500 0.291992 1 1 1.000000
1fireff1_01_ne01_mesh1
1 -43.295541 12.478679 -203.100335 -0.083933 0.458581 -0.883843 0.937500 0.291992 1 1 1.000000
1 -43.127276 -6.402694 -215.614589 -0.081129 0.293711 -0.952158 0.937500 0.333496 1 1 1.000000
1 -52.274494 14.910300 -200.686309 -0.387392 0.367954 -0.844668 0.875000 0.291992 1 1 1.000000
1fireff1_01_ne01_mesh1
1 -43.127276 -6.402694 -215.614589 -0.081129 0.293711 -0.952158 0.937500 0.333496 1 1 1.000000
1 -54.267981 -4.523230 -208.198653 -0.437523 0.375527 -0.816218 0.875000 0.333496 1 1 1.000000
1 -52.274494 14.910300 -200.686309 -0.387392 0.367954 -0.844668 0.875000 0.291992 1 1 1.000000
1fireff1_01_ne01_mesh1
1 -52.274494 14.910300 -200.686309 -0.387392 0.367954 -0.844668 0.875000 0.291992 1 1 1.000000
1 -54.267981 -4.523230 -208.198653 -0.437523 0.375527 -0.816218 0.875000 0.333496 1 1 1.000000
1 -59.983169 16.401150 -194.924817 -0.671728 0.311065 -0.671637 0.812500 0.291992 1 1 1.000000
1fireff1_01_ne01_mesh1
1 -54.267981 -4.523230 -208.198653 -0.437523 0.375527 -0.816218 0.875000 0.333496 1 1 1.000000
1 -63.093704 -5.971441 -201.552737 -0.700482 0.321083 -0.636905 0.812500 0.333496 1 1 1.000000
1 -59.983169 16.401150 -194.924817 -0.671728 0.311065 -0.671637 0.812500 0.291992 1 1 1.000000
1fireff1_01_ne01_mesh1
1 -59.983169 16.401150 -194.924817 -0.671728 0.311065 -0.671637 0.812500 0.291992 1 1 1.000000
1 -63.093704 -5.971441 -201.552737 -0.700482 0.321083 -0.636905 0.812500 0.333496 1 1 1.000000
1 -64.998586 11.765951 -190.487584 -0.895984 0.233476 -0.376351 0.750000 0.291992 1 1 1.000000
1fireff1_01_ne01_mesh1
1 -63.093704 -5.971441 -201.552737 -0.700482 0.321083 -0.636905 0.812500 0.333496 1 1 1.000000
1 -69.035860 -10.066522 -194.473521 -0.907453 0.243225 -0.341691 0.750000 0.333496 1 1 1.000000
1 -64.998586 11.765951 -190.487584 -0.895984 0.233476 -0.376351 0.750000 0.291992 1 1 1.000000
1fireff1_01_ne01_mesh1
1 -33.121244 -7.712460 -216.013398 0.400472 0.121300 -0.907948 1.000000 0.333496 1 1 1.000000
1 -42.176244 -37.001917 -212.345788 0.347646 -0.377537 -0.857876 1.000000 0.375000 1 1 1.000000
1 -43.127276 -6.402694 -215.614589 -0.081129 0.293711 -0.952158 0.937500 0.333496 1 1 1.000000
1fireff1_01_ne01_mesh1
1 -42.176244 -37.001917 -212.345788 0.347646 -0.377537 -0.857876 1.000000 0.375000 1 1 1.000000
1 -48.490003 -30.388596 -217.696464 -0.016074 -0.187169 -0.981474 0.937500 0.375000 1 1 1.000000
1 -43.127276 -6.402694 -215.614589 -0.081129 0.293711 -0.952158 0.937500 0.333496 1 1 1.000000
1fireff1_01_ne01_mesh1
1 -43.127276 -6.402694 -215.614589 -0.081129 0.293711 -0.952158 0.937500 0.333496 1 1 1.000000
1 -48.490003 -30.388596 -217.696464 -0.016074 -0.187169 -0.981474 0.937500 0.375000 1 1 1.000000
1 -54.267981 -4.523230 -208.198653 -0.437523 0.375527 -0.816218 0.875000 0.333496 1 1 1.000000
1fireff1_01_ne01_mesh1
1 -48.490003 -30.388596 -217.696464 -0.016074 -0.187169 -0.981474 0.937500 0.375000 1 1 1.000000
1 -55.777219 -23.786308 -216.801502 -0.387284 0.102397 -0.915821 0.875000 0.375000 1 1 1.000000
1 -54.267981 -4.523230 -208.198653 -0.437523 0.375527 -0.816218 0.875000 0.333496 1 1 1.000000
1fireff1_01_ne01_mesh1
1 -54.267981 -4.523230 -208.198653 -0.437523 0.375527 -0.816218 0.875000 0.333496 1 1 1.000000
1 -55.777219 -23.786308 -216.801502 -0.387284 0.102397 -0.915821 0.875000 0.375000 1 1 1.000000
1 -63.093704 -5.971441 -201.552737 -0.700482 0.321083 -0.636905 0.812500 0.333496 1 1 1.000000
1fireff1_01_ne01_mesh1
1 -55.777219 -23.786308 -216.801502 -0.387284 0.102397 -0.915821 0.875000 0.375000 1 1 1.000000
1 -63.563906 -23.365237 -211.532110 -0.661788 0.185941 -0.725459 0.812500 0.375000 1 1 1.000000
1 -63.093704 -5.971441 -201.552737 -0.700482 0.321083 -0.636905 0.812500 0.333496 1 1 1.000000
1fireff1_01_ne01_mesh1
1 -63.093704 -5.971441 -201.552737 -0.700482 0.321083 -0.636905 0.812500 0.333496 1 1 1.000000
1 -63.563906 -23.365237 -211.532110 -0.661788 0.185941 -0.725459 0.812500 0.375000 1 1 1.000000
1 -69.035860 -10.066522 -194.473521 -0.907453 0.243225 -0.341691 0.750000 0.333496 1 1 1.000000
1fireff1_01_ne01_mesh1
1 -63.563906 -23.365237 -211.532110 -0.661788 0.185941 -0.725459 0.812500 0.375000 1 1 1.000000
1 -70.045905 -24.364473 -201.131925 -0.887490 0.232811 -0.396480 0.750000 0.375000 1 1 1.000000
1 -69.035860 -10.066522 -194.473521 -0.907453 0.243225 -0.341691 0.750000 0.333496 1 1 1.000000
1fireff1_01_ne01_mesh1
1 -42.176244 -37.001917 -212.345788 0.347646 -0.377537 -0.857876 1.000000 0.375000 1 1 1.000000
1 -52.126863 -59.147074 -201.881922 0.179487 -0.629674 -0.755640 1.000000 0.416992 1 1 1.000000
1 -48.490003 -30.388596 -217.696464 -0.016074 -0.187169 -0.981474 0.937500 0.375000 1 1 1.000000
1fireff1_01_ne01_mesh1
1 -52.126863 -59.147074 -201.881922 0.179487 -0.629674 -0.755640 1.000000 0.416992 1 1 1.000000
1 -59.903432 -53.823868 -204.435112 -0.033968 -0.506623 -0.861144 0.937500 0.416992 1 1 1.000000
1 -48.490003 -30.388596 -217.696464 -0.016074 -0.187169 -0.981474 0.937500 0.375000 1 1 1.000000
1fireff1_01_ne01_mesh1
1 -48.490003 -30.388596 -217.696464 -0.016074 -0.187169 -0.981474 0.937500 0.375000 1 1 1.000000
1 -59.903432 -53.823868 -204.435112 -0.033968 -0.506623 -0.861144 0.937500 0.416992 1 1 1.000000
1 -55.777219 -23.786308 -216.801502 -0.387284 0.102397 -0.915821 0.875000 0.375000 1 1 1.000000
1fireff1_01_ne01_mesh1
1 -59.903432 -53.823868 -204.435112 -0.033968 -0.506623 -0.861144 0.937500 0.416992 1 1 1.000000
1 -66.008853 -48.114735 -207.040260 -0.351619 -0.312054 -0.882076 0.875000 0.416992 1 1 1.000000
1 -55.777219 -23.786308 -216.801502 -0.387284 0.102397 -0.915821 0.875000 0.375000 1 1 1.000000
1fireff1_01_ne01_mesh1
1 -55.777219 -23.786308 -216.801502 -0.387284 0.102397 -0.915821 0.875000 0.375000 1 1 1.000000
1 -66.008853 -48.114735 -207.040260 -0.351619 -0.312054 -0.882076 0.875000 0.416992 1 1 1.000000
1 -63.563906 -23.365237 -211.532110 -0.661788 0.185941 -0.725459 0.812500 0.375000 1 1 1.000000
1fireff1_01_ne01_mesh1
1 -66.008853 -48.114735 -207.040260 -0.351619 -0.312054 -0.882076 0.875000 0.416992 1 1 1.000000
1 -70.549168 -42.146073 -206.259334 -0.688180 -0.029708 -0.724467 0.812500 0.416992 1 1 1.000000
1 -63.563906 -23.365237 -211.532110 -0.661788 0.185941 -0.725459 0.812500 0.375000 1 1 1.000000
1fireff1_01_ne01_mesh1
1 -63.563906 -23.365237 -211.532110 -0.661788 0.185941 -0.725459 0.812500 0.375000 1 1 1.000000
1 -70.549168 -42.146073 -206.259334 -0.688180 -0.029708 -0.724467 0.812500 0.416992 1 1 1.000000
1 -70.045905 -24.364473 -201.131925 -0.887490 0.232811 -0.396480 0.750000 0.375000 1 1 1.000000
1fireff1_01_ne01_mesh1
1 -70.549168 -42.146073 -206.259334 -0.688180 -0.029708 -0.724467 0.812500 0.416992 1 1 1.000000
1 -73.530151 -36.311406 -200.154262 -0.892362 0.204480 -0.401220 0.750000 0.416992 1 1 1.000000
1 -70.045905 -24.364473 -201.131925 -0.887490 0.232811 -0.396480 0.750000 0.375000 1 1 1.000000
1fireff1_01_ne01_mesh1
1 -52.126863 -59.147074 -201.881922 0.179487 -0.629674 -0.755640 1.000000 0.416992 1 1 1.000000
1 -59.987502 -70.983790 -189.991256 0.109727 -0.554830 -0.824168 1.000000 0.458496 1 1 1.000000
1 -59.903432 -53.823868 -204.435112 -0.033968 -0.506623 -0.861144 0.937500 0.416992 1 1 1.000000
1fireff1_01_ne01_mesh1
1 -59.987502 -70.983790 -189.991256 0.109727 -0.554830 -0.824168 1.000000 0.458496 1 1 1.000000
1 -68.447305 -70.162521 -193.736166 -0.086828 -0.532741 -0.841149 0.937500 0.458496 1 1 1.000000
1 -59.903432 -53.823868 -204.435112 -0.033968 -0.506623 -0.861144 0.937500 0.416992 1 1 1.000000
1fireff1_01_ne01_mesh1
1 -59.903432 -53.823868 -204.435112 -0.033968 -0.506623 -0.861144 0.937500 0.416992 1 1 1.000000
1 -68.447305 -70.162521 -193.736166 -0.086828 -0.532741 -0.841149 0.937500 0.458496 1 1 1.000000
1 -66.008853 -48.114735 -207.040260 -0.351619 -0.312054 -0.882076 0.875000 0.416992 1 1 1.000000
1fireff1_01_ne01_mesh1
1 -68.447305 -70.162521 -193.736166 -0.086828 -0.532741 -0.841149 0.937500 0.458496 1 1 1.000000
1 -75.579839 -66.628701 -195.190405 -0.423170 -0.393033 -0.815712 0.875000 0.458496 1 1 1.000000
1 -66.008853 -48.114735 -207.040260 -0.351619 -0.312054 -0.882076 0.875000 0.416992 1 1 1.000000
1fireff1_01_ne01_mesh1
1 -66.008853 -48.114735 -207.040260 -0.351619 -0.312054 -0.882076 0.875000 0.416992 1 1 1.000000
1 -75.579839 -66.628701 -195.190405 -0.423170 -0.393033 -0.815712 0.875000 0.458496 1 1 1.000000
1 -70.549168 -42.146073 -206.259334 -0.688180 -0.029708 -0.724467 0.812500 0.416992 1 1 1.000000
1fireff1_01_ne01_mesh1
1 -75.579839 -66.628701 -195.190405 -0.423170 -0.393033 -0.815712 0.875000 0.458496 1 1 1.000000
1 -80.617830 -60.304803 -192.948860 -0.759039 -0.095463 -0.643358 0.812500 0.458496 1 1 1.000000
1 -70.549168 -42.146073 -206.259334 -0.688180 -0.029708 -0.724467 0.812500 0.416992 1 1 1.000000
1fireff1_01_ne01_mesh1
1 -70.549168 -42.146073 -206.259334 -0.688180 -0.029708 -0.724467 0.812500 0.416992 1 1 1.000000
1 -80.617830 -60.304803 -192.948860 -0.759039 -0.095463 -0.643358 0.812500 0.458496 1 1 1.000000
1 -73.530151 -36.311406 -200.154262 -0.892362 0.204480 -0.401220 0.750000 0.416992 1 1 1.000000
1fireff1_01_ne01_mesh1
1 -80.617830 -60.304803 -192.948860 -0.759039 -0.095463 -0.643358 0.812500 0.458496 1 1 1.000000
1 -81.340367 -51.333816 -190.429605 -0.897351 0.214343 -0.385222 0.750000 0.458496 1 1 1.000000
1 -73.530151 -36.311406 -200.154262 -0.892362 0.204480 -0.401220 0.750000 0.416992 1 1 1.000000
1fireff1_01_ne01_mesh1
1 -59.987502 -70.983790 -189.991256 0.109727 -0.554830 -0.824168 1.000000 0.458496 1 1 1.000000
1 -69.434047 -93.810306 -181.212770 0.070610 -0.738187 -0.670507 1.000000 0.500000 1 1 1.000000
1 -68.447305 -70.162521 -193.736166 -0.086828 -0.532741 -0.841149 0.937500 0.458496 1 1 1.000000
1fireff1_01_ne01_mesh1
1 -69.434047 -93.810306 -181.212770 0.070610 -0.738187 -0.670507 1.000000 0.500000 1 1 1.000000
1 -77.985392 -87.774657 -181.390009 -0.229666 -0.573769 -0.785848 0.937500 0.500000 1 1 1.000000
1 -68.447305 -70.162521 -193.736166 -0.086828 -0.532741 -0.841149 0.937500 0.458496 1 1 1.000000
1fireff1_01_ne01_mesh1
1 -68.447305 -70.162521 -193.736166 -0.086828 -0.532741 -0.841149 0.937500 0.458496 1 1 1.000000
1 -77.985392 -87.774657 -181.390009 -0.229666 -0.573769 -0.785848 0.937500 0.500000 1 1 1.000000
1 -75.579839 -66.628701 -195.190405 -0.423170 -0.393033 -0.815712 0.875000 0.458496 1 1 1.000000
1fireff1_01_ne01_mesh1
1 -77.985392 -87.774657 -181.390009 -0.229666 -0.573769 -0.785848 0.937500 0.500000 1 1 1.000000
1 -85.042724 -80.911146 -180.897233 -0.559967 -0.364136 -0.743992 0.875000 0.500000 1 1 1.000000
1 -75.579839 -66.628701 -195.190405 -0.423170 -0.393033 -0.815712 0.875000 0.458496 1 1 1.000000
1fireff1_01_ne01_mesh1
1 -75.579839 -66.628701 -195.190405 -0.423170 -0.393033 -0.815712 0.875000 0.458496 1 1 1.000000
1 -85.042724 -80.911146 -180.897233 -0.559967 -0.364136 -0.743992 0.875000 0.500000 1 1 1.000000
1 -80.617830 -60.304803 -192.948860 -0.759039 -0.095463 -0.643358 0.812500 0.458496 1 1 1.000000
1fireff1_01_ne01_mesh1
1 -85.042724 -80.911146 -180.897233 -0.559967 -0.364136 -0.743992 0.875000 0.500000 1 1 1.000000
1 -89.818665 -73.052534 -178.321629 -0.804030 -0.077310 -0.588671 0.812500 0.500000 1 1 1.000000
1 -80.617830 -60.304803 -192.948860 -0.759039 -0.095463 -0.643358 0.812500 0.458496 1 1 1.000000
1fireff1_01_ne01_mesh1
1 -80.617830 -60.304803 -192.948860 -0.759039 -0.095463 -0.643358 0.812500 0.458496 1 1 1.000000
1 -89.818665 -73.052534 -178.321629 -0.804030 -0.077310 -0.588671 0.812500 0.500000 1 1 1.000000
1 -81.340367 -51.333816 -190.429605 -0.897351 0.214343 -0.385222 0.750000 0.458496 1 1 1.000000
1fireff1_01_ne01_mesh1
1 -89.818665 -73.052534 -178.321629 -0.804030 -0.077310 -0.588671 0.812500 0.500000 1 1 1.000000
1 -89.738085 -62.520335 -176.791759 -0.899784 0.233699 -0.366792 0.750000 0.500000 1 1 1.000000
1 -81.340367 -51.333816 -190.429605 -0.897351 0.214343 -0.385222 0.750000 0.458496 1 1 1.000000
1fireff1_01_ne01_mesh1
1 -69.434047 -93.810306 -181.212770 0.070610 -0.738187 -0.670507 1.000000 0.500000 1 1 1.000000
1 -80.684492 -103.629362 -159.631235 0.015682 -0.966276 -0.255883 1.000000 0.541748 1 1 1.000000
1 -77.985392 -87.774657 -181.390009 -0.229666 -0.573769 -0.785848 0.937500 0.500000 1 1 1.000000
1fireff1_01_ne01_mesh1
1 -80.684492 -103.629362 -159.631235 0.015682 -0.966276 -0.255883 1.000000 0.541748 1 1 1.000000
1 -88.697961 -103.128869 -164.687448 -0.381258 -0.794567 -0.471940 0.937500 0.541748 1 1 1.000000
1 -77.985392 -87.774657 -181.390009 -0.229666 -0.573769 -0.785848 0.937500 0.500000 1 1 1.000000
1fireff1_01_ne01_mesh1
1 -77.985392 -87.774657 -181.390009 -0.229666 -0.573769 -0.785848 0.937500 0.500000 1 1 1.000000
1 -88.697961 -103.128869 -164.687448 -0.381258 -0.794567 -0.471940 0.937500 0.541748 1 1 1.000000
1 -85.042724 -80.911146 -180.897233 -0.559967 -0.364136 -0.743992 0.875000 0.500000 1 1 1.000000
1fireff1_01_ne01_mesh1
1 -88.697961 -103.128869 -164.687448 -0.381258 -0.794567 -0.471940 0.937500 0.541748 1 1 1.000000
1 -94.803830 -95.213974 -165.878243 -0.695508 -0.455420 -0.555206 0.875000 0.541748 1 1 1.000000
1 -85.042724 -80.911146 -180.897233 -0.559967 -0.364136 -0.743992 0.875000 0.500000 1 1 1.000000
1fireff1_01_ne01_mesh1
1 -85.042724 -80.911146 -180.897233 -0.559967 -0.364136 -0.743992 0.875000 0.500000 1 1 1.000000
1 -94.803830 -95.213974 -165.878243 -0.695508 -0.455420 -0.555206 0.875000 0.541748 1 1 1.000000
1 -89.818665 -73.052534 -178.321629 -0.804030 -0.077310 -0.588671 0.812500 0.500000 1 1 1.000000
1fireff1_01_ne01_mesh1
1 -94.803830 -95.213974 -165.878243 -0.695508 -0.455420 -0.555206 0.875000 0.541748 1 1 1.000000
1 -98.175244 -85.150596 -165.369690 -0.846267 -0.121517 -0.517721 0.812500 0.541748 1 1 1.000000
1 -89.818665 -73.052534 -178.321629 -0.804030 -0.077310 -0.588671 0.812500 0.500000 1 1 1.000000
1fireff1_01_ne01_mesh1
1 -89.818665 -73.052534 -178.321629 -0.804030 -0.077310 -0.588671 0.812500 0.500000 1 1 1.000000
1 -98.175244 -85.150596 -165.369690 -0.846267 -0.121517 -0.517721 0.812500 0.541748 1 1 1.000000
1 -89.738085 -62.520335 -176.791759 -0.899784 0.233699 -0.366792 0.750000 0.500000 1 1 1.000000
1fireff1_01_ne01_mesh1
1 -98.175244 -85.150596 -165.369690 -0.846267 -0.121517 -0.517721 0.812500 0.541748 1 1 1.000000
1 -96.892812 -72.616137 -165.534559 -0.901208 0.221494 -0.371085 0.750000 0.541748 1 1 1.000000
1 -89.738085 -62.520335 -176.791759 -0.899784 0.233699 -0.366792 0.750000 0.500000 1 1 1.000000
1fireff1_01_ne01_mesh1
1 -80.684492 -103.629362 -159.631235 0.015682 -0.966276 -0.255883 1.000000 0.541748 1 1 1.000000
1 -92.837371 -106.465083 -131.339693 -0.254189 -0.950121 -0.178693 1.000000 0.583496 1 1 1.000000
1 -88.697961 -103.128869 -164.687448 -0.381258 -0.794567 -0.471940 0.937500 0.541748 1 1 1.000000
1fireff1_01_ne01_mesh1
1 -92.837371 -106.465083 -131.339693 -0.254189 -0.950121 -0.178693 1.000000 0.583496 1 1 1.000000
1 -99.691167 -103.072213 -137.415800 -0.644525 -0.749046 -0.152700 0.937500 0.583496 1 1 1.000000
1 -88.697961 -103.128869 -164.687448 -0.381258 -0.794567 -0.471940 0.937500 0.541748 1 1 1.000000
1fireff1_01_ne01_mesh1
1 -88.697961 -103.128869 -164.687448 -0.381258 -0.794567 -0.471940 0.937500 0.541748 1 1 1.000000
1 -99.691167 -103.072213 -137.415800 -0.644525 -0.749046 -0.152700 0.937500 0.583496 1 1 1.000000
1 -94.803830 -95.213974 -165.878243 -0.695508 -0.455420 -0.555206 0.875000 0.541748 1 1 1.000000
1fireff1_01_ne01_mesh1
1 -99.691167 -103.072213 -137.415800 -0.644525 -0.749046 -0.152700 0.937500 0.583496 1 1 1.000000
1 -103.437544 -97.037643 -145.656902 -0.844208 -0.482603 -0.232390 0.875000 0.583496 1 1 1.000000
1 -94.803830 -95.213974 -165.878243 -0.695508 -0.455420 -0.555206 0.875000 0.541748 1 1 1.000000
1fireff1_01_ne01_mesh1
1 -94.803830 -95.213974 -165.878243 -0.695508 -0.455420 -0.555206 0.875000 0.541748 1 1 1.000000
1 -103.437544 -97.037643 -145.656902 -0.844208 -0.482603 -0.232390 0.875000 0.583496 1 1 1.000000
1 -98.175244 -85.150596 -165.369690 -0.846267 -0.121517 -0.517721 0.812500 0.541748 1 1 1.000000
1fireff1_01_ne01_mesh1
1 -103.437544 -97.037643 -145.656902 -0.844208 -0.482603 -0.232390 0.875000 0.583496 1 1 1.000000
1 -104.579053 -87.727653 -151.155573 -0.925647 -0.180377 -0.331943 0.812500 0.583496 1 1 1.000000
1 -98.175244 -85.150596 -165.369690 -0.846267 -0.121517 -0.517721 0.812500 0.541748 1 1 1.000000
1fireff1_01_ne01_mesh1
1 -98.175244 -85.150596 -165.369690 -0.846267 -0.121517 -0.517721 0.812500 0.541748 1 1 1.000000
1 -104.579053 -87.727653 -151.155573 -0.925647 -0.180377 -0.331943 0.812500 0.583496 1 1 1.000000
1 -96.892812 -72.616137 -165.534559 -0.901208 0.221494 -0.371085 0.750000 0.541748 1 1 1.000000
1fireff1_01_ne01_mesh1
1 -104.579053 -87.727653 -151.155573 -0.925647 -0.180377 -0.331943 0.812500 0.583496 1 1 1.000000
1 -103.516435 -78.697904 -153.021341 -0.914286 0.203314 -0.348990 0.750000 0.583496 1 1 1.000000
1 -96.892812 -72.616137 -165.534559 -0.901208 0.221494 -0.371085 0.750000 0.541748 1 1 1.000000
1fireff1_01_ne01_mesh1
1 -92.837371 -106.465083 -131.339693 -0.254189 -0.950121 -0.178693 1.000000 0.583496 1 1 1.000000
1 -99.509937 -109.111216 -116.503995 -0.476518 -0.879030 -0.008371 1.000000 0.625000 1 1 1.000000
1 -99.691167 -103.072213 -137.415800 -0.644525 -0.749046 -0.152700 0.937500 0.583496 1 1 1.000000
1fireff1_01_ne01_mesh1
1 -99.509937 -109.111216 -116.503995 -0.476518 -0.879030 -0.008371 1.000000 0.625000 1 1 1.000000
1 -104.897443 -97.023619 -120.642065 -0.800309 -0.570716 -0.180308 0.937500 0.625000 1 1 1.000000
1 -99.691167 -103.072213 -137.415800 -0.644525 -0.749046 -0.152700 0.937500 0.583496 1 1 1.000000
1fireff1_01_ne01_mesh1
1 -99.691167 -103.072213 -137.415800 -0.644525 -0.749046 -0.152700 0.937500 0.583496 1 1 1.000000
1 -104.897443 -97.023619 -120.642065 -0.800309 -0.570716 -0.180308 0.937500 0.625000 1 1 1.000000
1 -103.437544 -97.037643 -145.656902 -0.844208 -0.482603 -0.232390 0.875000 0.583496 1 1 1.000000
1fireff1_01_ne01_mesh1
1 -104.897443 -97.023619 -120.642065 -0.800309 -0.570716 -0.180308 0.937500 0.625000 1 1 1.000000
1 -109.059746 -85.383963 -124.261494 -0.885812 -0.394371 -0.243137 0.875000 0.625000 1 1 1.000000
1 -103.437544 -97.037643 -145.656902 -0.844208 -0.482603 -0.232390 0.875000 0.583496 1 1 1.000000
1fireff1_01_ne01_mesh1
1 -103.437544 -97.037643 -145.656902 -0.844208 -0.482603 -0.232390 0.875000 0.583496 1 1 1.000000
1 -109.059746 -85.383963 -124.261494 -0.885812 -0.394371 -0.243137 0.875000 0.625000 1 1 1.000000
1 -104.579053 -87.727653 -151.155573 -0.925647 -0.180377 -0.331943 0.812500 0.583496 1 1 1.000000
1fireff1_01_ne01_mesh1
1 -109.059746 -85.383963 -124.261494 -0.885812 -0.394371 -0.243137 0.875000 0.625000 1 1 1.000000
1 -112.117380 -78.557023 -126.603925 -0.936267 -0.180529 -0.300366 0.812500 0.625000 1 1 1.000000
1 -104.579053 -87.727653 -151.155573 -0.925647 -0.180377 -0.331943 0.812500 0.583496 1 1 1.000000
1fireff1_01_ne01_mesh1
1 -104.579053 -87.727653 -151.155573 -0.925647 -0.180377 -0.331943 0.812500 0.583496 1 1 1.000000
1 -112.117380 -78.557023 -126.603925 -0.936267 -0.180529 -0.300366 0.812500 0.625000 1 1 1.000000
1 -103.516435 -78.697904 -153.021341 -0.914286 0.203314 -0.348990 0.750000 0.583496 1 1 1.000000
1fireff1_01_ne01_mesh1
1 -112.117380 -78.557023 -126.603925 -0.936267 -0.180529 -0.300366 0.812500 0.625000 1 1 1.000000
1 -112.878643 -75.085654 -127.512361 -0.895805 0.251478 -0.365260 0.750000 0.625000 1 1 1.000000
1 -103.516435 -78.697904 -153.021341 -0.914286 0.203314 -0.348990 0.750000 0.583496 1 1 1.000000
1fireff1_01_ne01_mesh1
1 -103.102993 -101.170755 -102.514814 -0.547596 -0.816508 0.180954 0.000000 0.666748 1 1 1.000000
1 -99.509937 -109.111216 -116.503995 -0.476518 -0.879030 -0.008371 0.000000 0.625000 1 1 1.000000
1 -95.628570 -100.661236 -95.475971 0.056776 -0.873258 0.482897 0.062500 0.666748 1 1 1.000000
1fireff1_01_ne01_mesh1
1 -99.509937 -109.111216 -116.503995 -0.476518 -0.879030 -0.008371 0.000000 0.625000 1 1 1.000000
1 -90.964004 -110.340959 -113.234117 0.049041 -0.978642 0.197124 0.062500 0.625000 1 1 1.000000
1 -95.628570 -100.661236 -95.475971 0.056776 -0.873258 0.482897 0.062500 0.666748 1 1 1.000000
1fireff1_01_ne01_mesh1
1 -95.628570 -100.661236 -95.475971 0.056776 -0.873258 0.482897 0.062500 0.666748 1 1 1.000000
1 -90.964004 -110.340959 -113.234117 0.049041 -0.978642 0.197124 0.062500 0.625000 1 1 1.000000
1 -87.897300 -95.403362 -89.872202 0.424605 -0.736451 0.525767 0.125000 0.666748 1 1 1.000000
1fireff1_01_ne01_mesh1
1 -90.964004 -110.340959 -113.234117 0.049041 -0.978642 0.197124 0.062500 0.625000 1 1 1.000000
1 -82.160466 -106.025172 -110.890483 0.460974 -0.828537 0.316303 0.125000 0.625000 1 1 1.000000
1 -87.897300 -95.403362 -89.872202 0.424605 -0.736451 0.525767 0.125000 0.666748 1 1 1.000000
1fireff1_01_ne01_mesh1
1 -87.897300 -95.403362 -89.872202 0.424605 -0.736451 0.525767 0.125000 0.666748 1 1 1.000000
1 -82.160466 -106.025172 -110.890483 0.460974 -0.828537 0.316303 0.125000 0.625000 1 1 1.000000
1 -79.901220 -87.791996 -90.513944 0.676095 -0.536331 0.504417 0.187500 0.666748 1 1 1.000000
1fireff1_01_ne01_mesh1
1 -82.160466 -106.025172 -110.890483 0.460974 -0.828537 0.316303 0.125000 0.625000 1 1 1.000000
1 -75.765586 -101.379495 -109.465407 0.708255 -0.604947 0.363341 0.187500 0.625000 1 1 1.000000
1 -79.901220 -87.791996 -90.513944 0.676095 -0.536331 0.504417 0.187500 0.666748 1 1 1.000000
1fireff1_01_ne01_mesh1
1 -79.901220 -87.791996 -90.513944 0.676095 -0.536331 0.504417 0.187500 0.666748 1 1 1.000000
1 -75.765586 -101.379495 -109.465407 0.708255 -0.604947 0.363341 0.187500 0.625000 1 1 1.000000
1 -74.127645 -82.618097 -96.484302 0.887108 -0.255614 0.382815 0.250000 0.666748 1 1 1.000000
1fireff1_01_ne01_mesh1
1 -75.765586 -101.379495 -109.465407 0.708255 -0.604947 0.363341 0.187500 0.625000 1 1 1.000000
1 -71.537624 -92.933130 -109.509892 0.880295 -0.298290 0.368328 0.250000 0.625000 1 1 1.000000
1 -74.127645 -82.618097 -96.484302 0.887108 -0.255614 0.382815 0.250000 0.666748 1 1 1.000000
1fireff1_01_ne01_mesh1
1 -74.127645 -82.618097 -96.484302 0.887108 -0.255614 0.382815 0.250000 0.666748 1 1 1.000000
1 -71.537624 -92.933130 -109.509892 0.880295 -0.298290 0.368328 0.250000 0.625000 1 1 1.000000
1 -71.973006 -75.134923 -102.046417 0.961450 0.031588 0.271315 0.312500 0.666748 1 1 1.000000
1fireff1_01_ne01_mesh1
1 -71.537624 -92.933130 -109.509892 0.880295 -0.298290 0.368328 0.250000 0.625000 1 1 1.000000
1 -69.493749 -79.818370 -111.189412 0.942596 0.020031 0.332084 0.312500 0.625000 1 1 1.000000
1 -71.973006 -75.134923 -102.046417 0.961450 0.031588 0.271315 0.312500 0.666748 1 1 1.000000
1fireff1_01_ne01_mesh1
1 -71.973006 -75.134923 -102.046417 0.961450 0.031588 0.271315 0.312500 0.666748 1 1 1.000000
1 -69.493749 -79.818370 -111.189412 0.942596 0.020031 0.332084 0.312500 0.625000 1 1 1.000000
1 -73.564487 -64.499321 -105.580969 0.903884 0.324385 0.276927 0.375000 0.666748 1 1 1.000000
1fireff1_01_ne01_mesh1
1 -69.493749 -79.818370 -111.189412 0.942596 0.020031 0.332084 0.312500 0.625000 1 1 1.000000
1 -70.356807 -65.447010 -114.135091 0.908183 0.323195 0.264172 0.375000 0.625000 1 1 1.000000
1 -73.564487 -64.499321 -105.580969 0.903884 0.324385 0.276927 0.375000 0.666748 1 1 1.000000
1fireff1_01_ne01_mesh1
1 -73.564487 -64.499321 -105.580969 0.903884 0.324385 0.276927 0.375000 0.666748 1 1 1.000000
1 -70.356807 -65.447010 -114.135091 0.908183 0.323195 0.264172 0.375000 0.625000 1 1 1.000000
1 -79.524245 -54.370515 -105.715268 0.431497 0.899624 0.056985 0.437500 0.666748 1 1 1.000000
1fireff1_01_ne01_mesh1
1 -70.356807 -65.447010 -114.135091 0.908183 0.323195 0.264172 0.375000 0.625000 1 1 1.000000
1 -74.815491 -54.826202 -117.673052 0.527842 0.847992 0.032351 0.437500 0.625000 1 1 1.000000
1 -79.524245 -54.370515 -105.715268 0.431497 0.899624 0.056985 0.437500 0.666748 1 1 1.000000
1fireff1_01_ne01_mesh1
1 -79.524245 -54.370515 -105.715268 0.431497 0.899624 0.056985 0.437500 0.666748 1 1 1.000000
1 -74.815491 -54.826202 -117.673052 0.527842 0.847992 0.032351 0.437500 0.625000 1 1 1.000000
1 -89.242507 -52.694002 -105.794488 -0.202971 0.937371 -0.280827 0.500000 0.666748 1 1 1.000000
1fireff1_01_ne01_mesh1
1 -74.815491 -54.826202 -117.673052 0.527842 0.847992 0.032351 0.437500 0.625000 1 1 1.000000
1 -84.053743 -55.976539 -120.752634 -0.186591 0.951651 -0.241166 0.500000 0.625000 1 1 1.000000
1 -89.242507 -52.694002 -105.794488 -0.202971 0.937371 -0.280827 0.500000 0.666748 1 1 1.000000
1fireff1_01_ne01_mesh1
1 -89.242507 -52.694002 -105.794488 -0.202971 0.937371 -0.280827 0.500000 0.666748 1 1 1.000000
1 -84.053743 -55.976539 -120.752634 -0.186591 0.951651 -0.241166 0.500000 0.625000 1 1 1.000000
1 -99.603153 -57.390122 -108.365153 -0.365674 0.831272 -0.417862 0.562500 0.666748 1 1 1.000000
1fireff1_01_ne01_mesh1
1 -84.053743 -55.976539 -120.752634 -0.186591 0.951651 -0.241166 0.500000 0.625000 1 1 1.000000
1 -95.160923 -63.551834 -123.318463 -0.409237 0.859942 -0.303639 0.562500 0.625000 1 1 1.000000
1 -99.603153 -57.390122 -108.365153 -0.365674 0.831272 -0.417862 0.562500 0.666748 1 1 1.000000
1fireff1_01_ne01_mesh1
1 -99.603153 -57.390122 -108.365153 -0.365674 0.831272 -0.417862 0.562500 0.666748 1 1 1.000000
1 -95.160923 -63.551834 -123.318463 -0.409237 0.859942 -0.303639 0.562500 0.625000 1 1 1.000000
1 -108.837114 -61.829702 -109.721738 -0.382686 0.812744 -0.438558 0.625000 0.666748 1 1 1.000000
1fireff1_01_ne01_mesh1
1 -95.160923 -63.551834 -123.318463 -0.409237 0.859942 -0.303639 0.562500 0.625000 1 1 1.000000
1 -104.210969 -68.715000 -125.594340 -0.433304 0.845550 -0.309570 0.625000 0.625000 1 1 1.000000
1 -108.837114 -61.829702 -109.721738 -0.382686 0.812744 -0.438558 0.625000 0.666748 1 1 1.000000
1fireff1_01_ne01_mesh1
1 -108.837114 -61.829702 -109.721738 -0.382686 0.812744 -0.438558 0.625000 0.666748 1 1 1.000000
1 -104.210969 -68.715000 -125.594340 -0.433304 0.845550 -0.309570 0.625000 0.625000 1 1 1.000000
1 -116.853289 -64.767842 -106.036058 -0.647248 0.638401 -0.415253 0.687500 0.666748 1 1 1.000000
1fireff1_01_ne01_mesh1
1 -104.210969 -68.715000 -125.594340 -0.433304 0.845550 -0.309570 0.625000 0.625000 1 1 1.000000
1 -110.158351 -71.822345 -127.142423 -0.631808 0.690381 -0.351794 0.687500 0.625000 1 1 1.000000
1 -116.853289 -64.767842 -106.036058 -0.647248 0.638401 -0.415253 0.687500 0.666748 1 1 1.000000
1fireff1_01_ne01_mesh1
1 -99.509937 -109.111216 -116.503995 -0.476518 -0.879030 -0.008371 0.000000 0.625000 1 1 1.000000
1 -92.837371 -106.465083 -131.339693 -0.254189 -0.950121 -0.178693 0.000000 0.583496 1 1 1.000000
1 -90.964004 -110.340959 -113.234117 0.049041 -0.978642 0.197124 0.062500 0.625000 1 1 1.000000
1fireff1_01_ne01_mesh1
1 -92.837371 -106.465083 -131.339693 -0.254189 -0.950121 -0.178693 0.000000 0.583496 1 1 1.000000
1 -82.619646 -107.370360 -132.003766 0.256958 -0.962503 -0.082301 0.062500 0.583496 1 1 1.000000
1 -90.964004 -110.340959 -113.234117 0.049041 -0.978642 0.197124 0.062500 0.625000 1 1 1.000000
1fireff1_01_ne01_mesh1
1 -90.964004 -110.340959 -113.234117 0.049041 -0.978642 0.197124 0.062500 0.625000 1 1 1.000000
1 -82.619646 -107.370360 -132.003766 0.256958 -0.962503 -0.082301 0.062500 0.583496 1 1 1.000000
1 -82.160466 -106.025172 -110.890483 0.460974 -0.828537 0.316303 0.125000 0.625000 1 1 1.000000
1fireff1_01_ne01_mesh1
1 -82.619646 -107.370360 -132.003766 0.256958 -0.962503 -0.082301 0.062500 0.583496 1 1 1.000000
1 -72.547009 -103.320021 -132.974338 0.547318 -0.836260 0.015618 0.125000 0.583496 1 1 1.000000
1 -82.160466 -106.025172 -110.890483 0.460974 -0.828537 0.316303 0.125000 0.625000 1 1 1.000000
1fireff1_01_ne01_mesh1
1 -82.160466 -106.025172 -110.890483 0.460974 -0.828537 0.316303 0.125000 0.625000 1 1 1.000000
1 -72.547009 -103.320021 -132.974338 0.547318 -0.836260 0.015618 0.125000 0.583496 1 1 1.000000
1 -75.765586 -101.379495 -109.465407 0.708255 -0.604947 0.363341 0.187500 0.625000 1 1 1.000000
1fireff1_01_ne01_mesh1
1 -72.547009 -103.320021 -132.974338 0.547318 -0.836260 0.015618 0.125000 0.583496 1 1 1.000000
1 -65.835299 -95.046261 -130.009693 0.782980 -0.584595 0.210030 0.187500 0.583496 1 1 1.000000
1 -75.765586 -101.379495 -109.465407 0.708255 -0.604947 0.363341 0.187500 0.625000 1 1 1.000000
1fireff1_01_ne01_mesh1
1 -75.765586 -101.379495 -109.465407 0.708255 -0.604947 0.363341 0.187500 0.625000 1 1 1.000000
1 -65.835299 -95.046261 -130.009693 0.782980 -0.584595 0.210030 0.187500 0.583496 1 1 1.000000
1 -71.537624 -92.933130 -109.509892 0.880295 -0.298290 0.368328 0.250000 0.625000 1 1 1.000000
1fireff1_01_ne01_mesh1
1 -65.835299 -95.046261 -130.009693 0.782980 -0.584595 0.210030 0.187500 0.583496 1 1 1.000000
1 -64.405144 -87.632314 -123.784146 0.907050 -0.223262 0.355479 0.250000 0.583496 1 1 1.000000
1 -71.537624 -92.933130 -109.509892 0.880295 -0.298290 0.368328 0.250000 0.625000 1 1 1.000000
1fireff1_01_ne01_mesh1
1 -71.537624 -92.933130 -109.509892 0.880295 -0.298290 0.368328 0.250000 0.625000 1 1 1.000000
1 -64.405144 -87.632314 -123.784146 0.907050 -0.223262 0.355479 0.250000 0.583496 1 1 1.000000
1 -69.493749 -79.818370 -111.189412 0.942596 0.020031 0.332084 0.312500 0.625000 1 1 1.000000
1fireff1_01_ne01_mesh1
1 -64.405144 -87.632314 -123.784146 0.907050 -0.223262 0.355479 0.250000 0.583496 1 1 1.000000
1 -65.292056 -78.580505 -120.805877 0.922462 0.105453 0.370968 0.312500 0.583496 1 1 1.000000
1 -69.493749 -79.818370 -111.189412 0.942596 0.020031 0.332084 0.312500 0.625000 1 1 1.000000
1fireff1_01_ne01_mesh1
1 -69.493749 -79.818370 -111.189412 0.942596 0.020031 0.332084 0.312500 0.625000 1 1 1.000000
1 -65.292056 -78.580505 -120.805877 0.922462 0.105453 0.370968 0.312500 0.583496 1 1 1.000000
1 -70.356807 -65.447010 -114.135091 0.908183 0.323195 0.264172 0.375000 0.625000 1 1 1.000000
1fireff1_01_ne01_mesh1
1 -65.292056 -78.580505 -120.805877 0.922462 0.105453 0.370968 0.312500 0.583496 1 1 1.000000
1 -67.506596 -67.623588 -122.590949 0.899079 0.355861 0.254003 0.375000 0.583496 1 1 1.000000
1 -70.356807 -65.447010 -114.135091 0.908183 0.323195 0.264172 0.375000 0.625000 1 1 1.000000
1fireff1_01_ne01_mesh1
1 -70.356807 -65.447010 -114.135091 0.908183 0.323195 0.264172 0.375000 0.625000 1 1 1.000000
1 -67.506596 -67.623588 -122.590949 0.899079 0.355861 0.254003 0.375000 0.583496 1 1 1.000000
1 -74.815491 -54.826202 -117.673052 0.527842 0.847992 0.032351 0.437500 0.625000 1 1 1.000000
1fireff1_01_ne01_mesh1
1 -67.506596 -67.623588 -122.590949 0.899079 0.355861 0.254003 0.375000 0.583496 1 1 1.000000
1 -71.104727 -58.712752 -129.356492 0.583222 0.810584 0.045556 0.437500 0.583496 1 1 1.000000
1 -74.815491 -54.826202 -117.673052 0.527842 0.847992 0.032351 0.437500 0.625000 1 1 1.000000
1fireff1_01_ne01_mesh1
1 -74.815491 -54.826202 -117.673052 0.527842 0.847992 0.032351 0.437500 0.625000 1 1 1.000000
1 -71.104727 -58.712752 -129.356492 0.583222 0.810584 0.045556 0.437500 0.583496 1 1 1.000000
1 -84.053743 -55.976539 -120.752634 -0.186591 0.951651 -0.241166 0.500000 0.625000 1 1 1.000000
1fireff1_01_ne01_mesh1
1 -71.104727 -58.712752 -129.356492 0.583222 0.810584 0.045556 0.437500 0.583496 1 1 1.000000
1 -78.558161 -58.204280 -135.795102 -0.080882 0.996302 -0.015712 0.500000 0.583496 1 1 1.000000
1 -84.053743 -55.976539 -120.752634 -0.186591 0.951651 -0.241166 0.500000 0.625000 1 1 1.000000
1fireff1_01_ne01_mesh1
1 -84.053743 -55.976539 -120.752634 -0.186591 0.951651 -0.241166 0.500000 0.625000 1 1 1.000000
1 -78.558161 -58.204280 -135.795102 -0.080882 0.996302 -0.015712 0.500000 0.583496 1 1 1.000000
1 -95.160923 -63.551834 -123.318463 -0.409237 0.859942 -0.303639 0.562500 0.625000 1 1 1.000000
1fireff1_01_ne01_mesh1
1 -78.558161 -58.204280 -135.795102 -0.080882 0.996302 -0.015712 0.500000 0.583496 1 1 1.000000
1 -88.760591 -62.981994 -138.810021 -0.434965 0.898407 0.051673 0.562500 0.583496 1 1 1.000000
1 -95.160923 -63.551834 -123.318463 -0.409237 0.859942 -0.303639 0.562500 0.625000 1 1 1.000000
1fireff1_01_ne01_mesh1
1 -95.160923 -63.551834 -123.318463 -0.409237 0.859942 -0.303639 0.562500 0.625000 1 1 1.000000
1 -88.760591 -62.981994 -138.810021 -0.434965 0.898407 0.051673 0.562500 0.583496 1 1 1.000000
1 -104.210969 -68.715000 -125.594340 -0.433304 0.845550 -0.309570 0.625000 0.625000 1 1 1.000000
1fireff1_01_ne01_mesh1
1 -88.760591 -62.981994 -138.810021 -0.434965 0.898407 0.051673 0.562500 0.583496 1 1 1.000000
1 -97.308628 -67.775321 -142.092610 -0.572746 0.818415 -0.032464 0.625000 0.583496 1 1 1.000000
1 -104.210969 -68.715000 -125.594340 -0.433304 0.845550 -0.309570 0.625000 0.625000 1 1 1.000000
1fireff1_01_ne01_mesh1
1 -104.210969 -68.715000 -125.594340 -0.433304 0.845550 -0.309570 0.625000 0.625000 1 1 1.000000
1 -97.308628 -67.775321 -142.092610 -0.572746 0.818415 -0.032464 0.625000 0.583496 1 1 1.000000
1 -110.158351 -71.822345 -127.142423 -0.631808 0.690381 -0.351794 0.687500 0.625000 1 1 1.000000
1fireff1_01_ne01_mesh1
1 -97.308628 -67.775321 -142.092610 -0.572746 0.818415 -0.032464 0.625000 0.583496 1 1 1.000000
1 -101.641382 -72.613131 -148.749623 -0.782321 0.586763 -0.207590 0.687500 0.583496 1 1 1.000000
1 -110.158351 -71.822345 -127.142423 -0.631808 0.690381 -0.351794 0.687500 0.625000 1 1 1.000000
1fireff1_01_ne01_mesh1
1 -92.837371 -106.465083 -131.339693 -0.254189 -0.950121 -0.178693 0.000000 0.583496 1 1 1.000000
1 -80.684492 -103.629362 -159.631235 0.015682 -0.966276 -0.255883 0.000000 0.541748 1 1 1.000000
1 -82.619646 -107.370360 -132.003766 0.256958 -0.962503 -0.082301 0.062500 0.583496 1 1 1.000000
1fireff1_01_ne01_mesh1
1 -80.684492 -103.629362 -159.631235 0.015682 -0.966276 -0.255883 0.000000 0.541748 1 1 1.000000
1 -71.145180 -99.026566 -155.085490 0.298286 -0.948643 -0.101365 0.062500 0.541748 1 1 1.000000
1 -82.619646 -107.370360 -132.003766 0.256958 -0.962503 -0.082301 0.062500 0.583496 1 1 1.000000
1fireff1_01_ne01_mesh1
1 -82.619646 -107.370360 -132.003766 0.256958 -0.962503 -0.082301 0.062500 0.583496 1 1 1.000000
1 -71.145180 -99.026566 -155.085490 0.298286 -0.948643 -0.101365 0.062500 0.541748 1 1 1.000000
1 -72.547009 -103.320021 -132.974338 0.547318 -0.836260 0.015618 0.125000 0.583496 1 1 1.000000
1fireff1_01_ne01_mesh1
1 -71.145180 -99.026566 -155.085490 0.298286 -0.948643 -0.101365 0.062500 0.541748 1 1 1.000000
1 -62.566986 -94.856493 -152.276934 0.546344 -0.834605 0.062014 0.125000 0.541748 1 1 1.000000
1 -72.547009 -103.320021 -132.974338 0.547318 -0.836260 0.015618 0.125000 0.583496 1 1 1.000000
1fireff1_01_ne01_mesh1
1 -72.547009 -103.320021 -132.974338 0.547318 -0.836260 0.015618 0.125000 0.583496 1 1 1.000000
1 -62.566986 -94.856493 -152.276934 0.546344 -0.834605 0.062014 0.125000 0.541748 1 1 1.000000
1 -65.835299 -95.046261 -130.009693 0.782980 -0.584595 0.210030 0.187500 0.583496 1 1 1.000000
1fireff1_01_ne01_mesh1
1 -62.566986 -94.856493 -152.276934 0.546344 -0.834605 0.062014 0.125000 0.541748 1 1 1.000000
1 -56.478380 -89.922006 -149.908052 0.766733 -0.599586 0.227264 0.187500 0.541748 1 1 1.000000
1 -65.835299 -95.046261 -130.009693 0.782980 -0.584595 0.210030 0.187500 0.583496 1 1 1.000000
1fireff1_01_ne01_mesh1
1 -65.835299 -95.046261 -130.009693 0.782980 -0.584595 0.210030 0.187500 0.583496 1 1 1.000000
1 -56.478380 -89.922006 -149.908052 0.766733 -0.599586 0.227264 0.187500 0.541748 1 1 1.000000
1 -64.405144 -87.632314 -123.784146 0.907050 -0.223262 0.355479 0.250000 0.583496 1 1 1.000000
1fireff1_01_ne01_mesh1
1 -56.478380 -89.922006 -149.908052 0.766733 -0.599586 0.227264 0.187500 0.541748 1 1 1.000000
1 -54.928948 -84.265542 -145.104037 0.905085 -0.214860 0.365731 0.250000 0.541748 1 1 1.000000
1 -64.405144 -87.632314 -123.784146 0.907050 -0.223262 0.355479 0.250000 0.583496 1 1 1.000000
1fireff1_01_ne01_mesh1
1 -64.405144 -87.632314 -123.784146 0.907050 -0.223262 0.355479 0.250000 0.583496 1 1 1.000000
1 -54.928948 -84.265542 -145.104037 0.905085 -0.214860 0.365731 0.250000 0.541748 1 1 1.000000
1 -65.292056 -78.580505 -120.805877 0.922462 0.105453 0.370968 0.312500 0.583496 1 1 1.000000
1fireff1_01_ne01_mesh1
1 -54.928948 -84.265542 -145.104037 0.905085 -0.214860 0.365731 0.250000 0.541748 1 1 1.000000
1 -58.071766 -78.657254 -138.743107 0.899804 0.193695 0.389747 0.312500 0.541748 1 1 1.000000
1 -65.292056 -78.580505 -120.805877 0.922462 0.105453 0.370968 0.312500 0.583496 1 1 1.000000
1fireff1_01_ne01_mesh1
1 -65.292056 -78.580505 -120.805877 0.922462 0.105453 0.370968 0.312500 0.583496 1 1 1.000000
1 -58.071766 -78.657254 -138.743107 0.899804 0.193695 0.389747 0.312500 0.541748 1 1 1.000000
1 -67.506596 -67.623588 -122.590949 0.899079 0.355861 0.254003 0.375000 0.583496 1 1 1.000000
1fireff1_01_ne01_mesh1
1 -58.071766 -78.657254 -138.743107 0.899804 0.193695 0.389747 0.312500 0.541748 1 1 1.000000
1 -62.367451 -70.555569 -137.201563 0.845413 0.435198 0.309023 0.375000 0.541748 1 1 1.000000
1 -67.506596 -67.623588 -122.590949 0.899079 0.355861 0.254003 0.375000 0.583496 1 1 1.000000
1fireff1_01_ne01_mesh1
1 -67.506596 -67.623588 -122.590949 0.899079 0.355861 0.254003 0.375000 0.583496 1 1 1.000000
1 -62.367451 -70.555569 -137.201563 0.845413 0.435198 0.309023 0.375000 0.541748 1 1 1.000000
1 -71.104727 -58.712752 -129.356492 0.583222 0.810584 0.045556 0.437500 0.583496 1 1 1.000000
1fireff1_01_ne01_mesh1
1 -62.367451 -70.555569 -137.201563 0.845413 0.435198 0.309023 0.375000 0.541748 1 1 1.000000
1 -66.673019 -61.668045 -142.229388 0.634615 0.721758 0.275794 0.437500 0.541748 1 1 1.000000
1 -71.104727 -58.712752 -129.356492 0.583222 0.810584 0.045556 0.437500 0.583496 1 1 1.000000
1fireff1_01_ne01_mesh1
1 -71.104727 -58.712752 -129.356492 0.583222 0.810584 0.045556 0.437500 0.583496 1 1 1.000000
1 -66.673019 -61.668045 -142.229388 0.634615 0.721758 0.275794 0.437500 0.541748 1 1 1.000000
1 -78.558161 -58.204280 -135.795102 -0.080882 0.996302 -0.015712 0.500000 0.583496 1 1 1.000000
1fireff1_01_ne01_mesh1
1 -66.673019 -61.668045 -142.229388 0.634615 0.721758 0.275794 0.437500 0.541748 1 1 1.000000
1 -73.368269 -56.636809 -147.648623 0.170830 0.910478 0.376076 0.500000 0.541748 1 1 1.000000
1 -78.558161 -58.204280 -135.795102 -0.080882 0.996302 -0.015712 0.500000 0.583496 1 1 1.000000
1fireff1_01_ne01_mesh1
1 -78.558161 -58.204280 -135.795102 -0.080882 0.996302 -0.015712 0.500000 0.583496 1 1 1.000000
1 -73.368269 -56.636809 -147.648623 0.170830 0.910478 0.376076 0.500000 0.541748 1 1 1.000000
1 -88.760591 -62.981994 -138.810021 -0.434965 0.898407 0.051673 0.562500 0.583496 1 1 1.000000
1fireff1_01_ne01_mesh1
1 -73.368269 -56.636809 -147.648623 0.170830 0.910478 0.376076 0.500000 0.541748 1 1 1.000000
1 -82.872774 -56.448432 -149.210809 -0.298678 0.885903 0.353880 0.562500 0.541748 1 1 1.000000
1 -88.760591 -62.981994 -138.810021 -0.434965 0.898407 0.051673 0.562500 0.583496 1 1 1.000000
1fireff1_01_ne01_mesh1
1 -88.760591 -62.981994 -138.810021 -0.434965 0.898407 0.051673 0.562500 0.583496 1 1 1.000000
1 -82.872774 -56.448432 -149.210809 -0.298678 0.885903 0.353880 0.562500 0.541748 1 1 1.000000
1 -97.308628 -67.775321 -142.092610 -0.572746 0.818415 -0.032464 0.625000 0.583496 1 1 1.000000
1fireff1_01_ne01_mesh1
1 -82.872774 -56.448432 -149.210809 -0.298678 0.885903 0.353880 0.562500 0.541748 1 1 1.000000
1 -90.358178 -57.892077 -152.979908 -0.623206 0.757324 0.192907 0.625000 0.541748 1 1 1.000000
1 -97.308628 -67.775321 -142.092610 -0.572746 0.818415 -0.032464 0.625000 0.583496 1 1 1.000000
1fireff1_01_ne01_mesh1
1 -97.308628 -67.775321 -142.092610 -0.572746 0.818415 -0.032464 0.625000 0.583496 1 1 1.000000
1 -90.358178 -57.892077 -152.979908 -0.623206 0.757324 0.192907 0.625000 0.541748 1 1 1.000000
1 -101.641382 -72.613131 -148.749623 -0.782321 0.586763 -0.207590 0.687500 0.583496 1 1 1.000000
1fireff1_01_ne01_mesh1
1 -90.358178 -57.892077 -152.979908 -0.623206 0.757324 0.192907 0.625000 0.541748 1 1 1.000000
1 -93.997599 -62.609566 -161.277545 -0.846857 0.518414 -0.116982 0.687500 0.541748 1 1 1.000000
1 -101.641382 -72.613131 -148.749623 -0.782321 0.586763 -0.207590 0.687500 0.583496 1 1 1.000000
1fireff1_01_ne01_mesh1
1 -80.684492 -103.629362 -159.631235 0.015682 -0.966276 -0.255883 0.000000 0.541748 1 1 1.000000
1 -69.434047 -93.810306 -181.212770 0.070610 -0.738187 -0.670507 0.000000 0.500000 1 1 1.000000
1 -71.145180 -99.026566 -155.085490 0.298286 -0.948643 -0.101365 0.062500 0.541748 1 1 1.000000
1fireff1_01_ne01_mesh1
1 -69.434047 -93.810306 -181.212770 0.070610 -0.738187 -0.670507 0.000000 0.500000 1 1 1.000000
1 -59.969408 -95.866576 -180.748518 0.341140 -0.774577 -0.531944 0.062500 0.500000 1 1 1.000000
1 -71.145180 -99.026566 -155.085490 0.298286 -0.948643 -0.101365 0.062500 0.541748 1 1 1.000000
1fireff1_01_ne01_mesh1
1 -71.145180 -99.026566 -155.085490 0.298286 -0.948643 -0.101365 0.062500 0.541748 1 1 1.000000
1 -59.969408 -95.866576 -180.748518 0.341140 -0.774577 -0.531944 0.062500 0.500000 1 1 1.000000
1 -62.566986 -94.856493 -152.276934 0.546344 -0.834605 0.062014 0.125000 0.541748 1 1 1.000000
1fireff1_01_ne01_mesh1
1 -59.969408 -95.866576 -180.748518 0.341140 -0.774577 -0.531944 0.062500 0.500000 1 1 1.000000
1 -51.963378 -92.997352 -177.355924 0.637979 -0.695984 -0.328364 0.125000 0.500000 1 1 1.000000
1 -62.566986 -94.856493 -152.276934 0.546344 -0.834605 0.062014 0.125000 0.541748 1 1 1.000000
1fireff1_01_ne01_mesh1
1 -62.566986 -94.856493 -152.276934 0.546344 -0.834605 0.062014 0.125000 0.541748 1 1 1.000000
1 -51.963378 -92.997352 -177.355924 0.637979 -0.695984 -0.328364 0.125000 0.500000 1 1 1.000000
1 -56.478380 -89.922006 -149.908052 0.766733 -0.599586 0.227264 0.187500 0.541748 1 1 1.000000
1fireff1_01_ne01_mesh1
1 -51.963378 -92.997352 -177.355924 0.637979 -0.695984 -0.328364 0.125000 0.500000 1 1 1.000000
1 -47.052431 -86.703407 -171.198395 0.851020 -0.524669 0.008767 0.187500 0.500000 1 1 1.000000
1 -56.478380 -89.922006 -149.908052 0.766733 -0.599586 0.227264 0.187500 0.541748 1 1 1.000000
1fireff1_01_ne01_mesh1
1 -56.478380 -89.922006 -149.908052 0.766733 -0.599586 0.227264 0.187500 0.541748 1 1 1.000000
1 -47.052431 -86.703407 -171.198395 0.851020 -0.524669 0.008767 0.187500 0.500000 1 1 1.000000
1 -54.928948 -84.265542 -145.104037 0.905085 -0.214860 0.365731 0.250000 0.541748 1 1 1.000000
1fireff1_01_ne01_mesh1
1 -47.052431 -86.703407 -171.198395 0.851020 -0.524669 0.008767 0.187500 0.500000 1 1 1.000000
1 -46.233508 -80.027617 -163.931478 0.899159 -0.288823 0.327658 0.250000 0.500000 1 1 1.000000
1 -54.928948 -84.265542 -145.104037 0.905085 -0.214860 0.365731 0.250000 0.541748 1 1 1.000000
1fireff1_01_ne01_mesh1
1 -54.928948 -84.265542 -145.104037 0.905085 -0.214860 0.365731 0.250000 0.541748 1 1 1.000000
1 -46.233508 -80.027617 -163.931478 0.899159 -0.288823 0.327658 0.250000 0.500000 1 1 1.000000
1 -58.071766 -78.657254 -138.743107 0.899804 0.193695 0.389747 0.312500 0.541748 1 1 1.000000
1fireff1_01_ne01_mesh1
1 -46.233508 -80.027617 -163.931478 0.899159 -0.288823 0.327658 0.250000 0.500000 1 1 1.000000
1 -50.613644 -75.782013 -155.378207 0.834660 0.063269 0.546713 0.312500 0.500000 1 1 1.000000
1 -58.071766 -78.657254 -138.743107 0.899804 0.193695 0.389747 0.312500 0.541748 1 1 1.000000
1fireff1_01_ne01_mesh1
1 -58.071766 -78.657254 -138.743107 0.899804 0.193695 0.389747 0.312500 0.541748 1 1 1.000000
1 -50.613644 -75.782013 -155.378207 0.834660 0.063269 0.546713 0.312500 0.500000 1 1 1.000000
1 -62.367451 -70.555569 -137.201563 0.845413 0.435198 0.309023 0.375000 0.541748 1 1 1.000000
1fireff1_01_ne01_mesh1
1 -50.613644 -75.782013 -155.378207 0.834660 0.063269 0.546713 0.312500 0.500000 1 1 1.000000
1 -56.257550 -69.863551 -151.895285 0.680161 0.365684 0.634993 0.375000 0.500000 1 1 1.000000
1 -62.367451 -70.555569 -137.201563 0.845413 0.435198 0.309023 0.375000 0.541748 1 1 1.000000
1fireff1_01_ne01_mesh1
1 -62.367451 -70.555569 -137.201563 0.845413 0.435198 0.309023 0.375000 0.541748 1 1 1.000000
1 -56.257550 -69.863551 -151.895285 0.680161 0.365684 0.634993 0.375000 0.500000 1 1 1.000000
1 -66.673019 -61.668045 -142.229388 0.634615 0.721758 0.275794 0.437500 0.541748 1 1 1.000000
1fireff1_01_ne01_mesh1
1 -56.257550 -69.863551 -151.895285 0.680161 0.365684 0.634993 0.375000 0.500000 1 1 1.000000
1 -61.410465 -60.253633 -154.360969 0.364383 0.538981 0.759099 0.437500 0.500000 1 1 1.000000
1 -66.673019 -61.668045 -142.229388 0.634615 0.721758 0.275794 0.437500 0.541748 1 1 1.000000
1fireff1_01_ne01_mesh1
1 -66.673019 -61.668045 -142.229388 0.634615 0.721758 0.275794 0.437500 0.541748 1 1 1.000000
1 -61.410465 -60.253633 -154.360969 0.364383 0.538981 0.759099 0.437500 0.500000 1 1 1.000000
1 -73.368269 -56.636809 -147.648623 0.170830 0.910478 0.376076 0.500000 0.541748 1 1 1.000000
1fireff1_01_ne01_mesh1
1 -61.410465 -60.253633 -154.360969 0.364383 0.538981 0.759099 0.437500 0.500000 1 1 1.000000
1 -68.203534 -51.657989 -157.254150 0.077460 0.637369 0.766072 0.500000 0.500000 1 1 1.000000
1 -73.368269 -56.636809 -147.648623 0.170830 0.910478 0.376076 0.500000 0.541748 1 1 1.000000
1fireff1_01_ne01_mesh1
1 -73.368269 -56.636809 -147.648623 0.170830 0.910478 0.376076 0.500000 0.541748 1 1 1.000000
1 -68.203534 -51.657989 -157.254150 0.077460 0.637369 0.766072 0.500000 0.500000 1 1 1.000000
1 -82.872774 -56.448432 -149.210809 -0.298678 0.885903 0.353880 0.562500 0.541748 1 1 1.000000
1fireff1_01_ne01_mesh1
1 -68.203534 -51.657989 -157.254150 0.077460 0.637369 0.766072 0.500000 0.500000 1 1 1.000000
1 -77.253177 -49.353749 -158.587644 -0.292348 0.798657 0.525750 0.562500 0.500000 1 1 1.000000
1 -82.872774 -56.448432 -149.210809 -0.298678 0.885903 0.353880 0.562500 0.541748 1 1 1.000000
1fireff1_01_ne01_mesh1
1 -82.872774 -56.448432 -149.210809 -0.298678 0.885903 0.353880 0.562500 0.541748 1 1 1.000000
1 -77.253177 -49.353749 -158.587644 -0.292348 0.798657 0.525750 0.562500 0.500000 1 1 1.000000
1 -90.358178 -57.892077 -152.979908 -0.623206 0.757324 0.192907 0.625000 0.541748 1 1 1.000000
1fireff1_01_ne01_mesh1
1 -77.253177 -49.353749 -158.587644 -0.292348 0.798657 0.525750 0.562500 0.500000 1 1 1.000000
1 -83.874903 -50.720294 -164.447037 -0.651403 0.737393 0.176221 0.625000 0.500000 1 1 1.000000
1 -90.358178 -57.892077 -152.979908 -0.623206 0.757324 0.192907 0.625000 0.541748 1 1 1.000000
1fireff1_01_ne01_mesh1
1 -90.358178 -57.892077 -152.979908 -0.623206 0.757324 0.192907 0.625000 0.541748 1 1 1.000000
1 -83.874903 -50.720294 -164.447037 -0.651403 0.737393 0.176221 0.625000 0.500000 1 1 1.000000
1 -93.997599 -62.609566 -161.277545 -0.846857 0.518414 -0.116982 0.687500 0.541748 1 1 1.000000
1fireff1_01_ne01_mesh1
1 -83.874903 -50.720294 -164.447037 -0.651403 0.737393 0.176221 0.625000 0.500000 1 1 1.000000
1 -87.055845 -53.960325 -172.933929 -0.842830 0.526281 -0.108505 0.687500 0.500000 1 1 1.000000
1 -93.997599 -62.609566 -161.277545 -0.846857 0.518414 -0.116982 0.687500 0.541748 1 1 1.000000
1fireff1_01_ne01_mesh1
1 -69.434047 -93.810306 -181.212770 0.070610 -0.738187 -0.670507 0.000000 0.500000 1 1 1.000000
1 -59.987502 -70.983790 -189.991256 0.109727 -0.554830 -0.824168 0.000000 0.458496 1 1 1.000000
1 -59.969408 -95.866576 -180.748518 0.341140 -0.774577 -0.531944 0.062500 0.500000 1 1 1.000000
1fireff1_01_ne01_mesh1
1 -59.987502 -70.983790 -189.991256 0.109727 -0.554830 -0.824168 0.000000 0.458496 1 1 1.000000
1 -50.720898 -69.821579 -186.974306 0.395261 -0.593025 -0.700941 0.062500 0.458496 1 1 1.000000
1 -59.969408 -95.866576 -180.748518 0.341140 -0.774577 -0.531944 0.062500 0.500000 1 1 1.000000
1fireff1_01_ne01_mesh1
1 -59.969408 -95.866576 -180.748518 0.341140 -0.774577 -0.531944 0.062500 0.500000 1 1 1.000000
1 -50.720898 -69.821579 -186.974306 0.395261 -0.593025 -0.700941 0.062500 0.458496 1 1 1.000000
1 -51.963378 -92.997352 -177.355924 0.637979 -0.695984 -0.328364 0.125000 0.500000 1 1 1.000000
1fireff1_01_ne01_mesh1
1 -50.720898 -69.821579 -186.974306 0.395261 -0.593025 -0.700941 0.062500 0.458496 1 1 1.000000
1 -43.274333 -67.758611 -182.712182 0.748609 -0.529432 -0.397819 0.125000 0.458496 1 1 1.000000
1 -51.963378 -92.997352 -177.355924 0.637979 -0.695984 -0.328364 0.125000 0.500000 1 1 1.000000
1fireff1_01_ne01_mesh1
1 -51.963378 -92.997352 -177.355924 0.637979 -0.695984 -0.328364 0.125000 0.500000 1 1 1.000000
1 -43.274333 -67.758611 -182.712182 0.748609 -0.529432 -0.397819 0.125000 0.458496 1 1 1.000000
1 -47.052431 -86.703407 -171.198395 0.851020 -0.524669 0.008767 0.187500 0.500000 1 1 1.000000
1fireff1_01_ne01_mesh1
1 -43.274333 -67.758611 -182.712182 0.748609 -0.529432 -0.397819 0.125000 0.458496 1 1 1.000000
1 -38.952348 -64.396211 -176.973791 0.921605 -0.386904 -0.002724 0.187500 0.458496 1 1 1.000000
1 -47.052431 -86.703407 -171.198395 0.851020 -0.524669 0.008767 0.187500 0.500000 1 1 1.000000
1fireff1_01_ne01_mesh1
1 -47.052431 -86.703407 -171.198395 0.851020 -0.524669 0.008767 0.187500 0.500000 1 1 1.000000
1 -38.952348 -64.396211 -176.973791 0.921605 -0.386904 -0.002724 0.187500 0.458496 1 1 1.000000
1 -46.233508 -80.027617 -163.931478 0.899159 -0.288823 0.327658 0.250000 0.500000 1 1 1.000000
1fireff1_01_ne01_mesh1
1 -38.952348 -64.396211 -176.973791 0.921605 -0.386904 -0.002724 0.187500 0.458496 1 1 1.000000
1 -39.441217 -61.581359 -168.940579 0.902750 -0.245832 0.351671 0.250000 0.458496 1 1 1.000000
1 -46.233508 -80.027617 -163.931478 0.899159 -0.288823 0.327658 0.250000 0.500000 1 1 1.000000
1fireff1_01_ne01_mesh1
1 -46.233508 -80.027617 -163.931478 0.899159 -0.288823 0.327658 0.250000 0.500000 1 1 1.000000
1 -39.441217 -61.581359 -168.940579 0.902750 -0.245832 0.351671 0.250000 0.458496 1 1 1.000000
1 -50.613644 -75.782013 -155.378207 0.834660 0.063269 0.546713 0.312500 0.500000 1 1 1.000000
1fireff1_01_ne01_mesh1
1 -39.441217 -61.581359 -168.940579 0.902750 -0.245832 0.351671 0.250000 0.458496 1 1 1.000000
1 -44.574842 -59.843427 -160.127239 0.702981 -0.097761 0.704048 0.312500 0.458496 1 1 1.000000
1 -50.613644 -75.782013 -155.378207 0.834660 0.063269 0.546713 0.312500 0.500000 1 1 1.000000
1fireff1_01_ne01_mesh1
1 -50.613644 -75.782013 -155.378207 0.834660 0.063269 0.546713 0.312500 0.500000 1 1 1.000000
1 -44.574842 -59.843427 -160.127239 0.702981 -0.097761 0.704048 0.312500 0.458496 1 1 1.000000
1 -56.257550 -69.863551 -151.895285 0.680161 0.365684 0.634993 0.375000 0.500000 1 1 1.000000
1fireff1_01_ne01_mesh1
1 -44.574842 -59.843427 -160.127239 0.702981 -0.097761 0.704048 0.312500 0.458496 1 1 1.000000
1 -50.538467 -55.451428 -156.830233 0.253814 0.129658 0.957892 0.375000 0.458496 1 1 1.000000
1 -56.257550 -69.863551 -151.895285 0.680161 0.365684 0.634993 0.375000 0.500000 1 1 1.000000
1fireff1_01_ne01_mesh1
1 -56.257550 -69.863551 -151.895285 0.680161 0.365684 0.634993 0.375000 0.500000 1 1 1.000000
1 -50.538467 -55.451428 -156.830233 0.253814 0.129658 0.957892 0.375000 0.458496 1 1 1.000000
1 -61.410465 -60.253633 -154.360969 0.364383 0.538981 0.759099 0.437500 0.500000 1 1 1.000000
1fireff1_01_ne01_mesh1
1 -50.538467 -55.451428 -156.830233 0.253814 0.129658 0.957892 0.375000 0.458496 1 1 1.000000
1 -56.042291 -47.227885 -159.314808 -0.120696 0.261770 0.956995 0.437500 0.458496 1 1 1.000000
1 -61.410465 -60.253633 -154.360969 0.364383 0.538981 0.759099 0.437500 0.500000 1 1 1.000000
1fireff1_01_ne01_mesh1
1 -61.410465 -60.253633 -154.360969 0.364383 0.538981 0.759099 0.437500 0.500000 1 1 1.000000
1 -56.042291 -47.227885 -159.314808 -0.120696 0.261770 0.956995 0.437500 0.458496 1 1 1.000000
1 -68.203534 -51.657989 -157.254150 0.077460 0.637369 0.766072 0.500000 0.500000 1 1 1.000000
1fireff1_01_ne01_mesh1
1 -56.042291 -47.227885 -159.314808 -0.120696 0.261770 0.956995 0.437500 0.458496 1 1 1.000000
1 -63.249637 -40.451427 -162.347189 -0.219881 0.334910 0.915676 0.500000 0.458496 1 1 1.000000
1 -68.203534 -51.657989 -157.254150 0.077460 0.637369 0.766072 0.500000 0.500000 1 1 1.000000
1fireff1_01_ne01_mesh1
1 -68.203534 -51.657989 -157.254150 0.077460 0.637369 0.766072 0.500000 0.500000 1 1 1.000000
1 -63.249637 -40.451427 -162.347189 -0.219881 0.334910 0.915676 0.500000 0.458496 1 1 1.000000
1 -77.253177 -49.353749 -158.587644 -0.292348 0.798657 0.525750 0.562500 0.500000 1 1 1.000000
1fireff1_01_ne01_mesh1
1 -63.249637 -40.451427 -162.347189 -0.219881 0.334910 0.915676 0.500000 0.458496 1 1 1.000000
1 -72.291862 -40.929144 -165.481432 -0.523776 0.539388 0.658687 0.562500 0.458496 1 1 1.000000
1 -77.253177 -49.353749 -158.587644 -0.292348 0.798657 0.525750 0.562500 0.500000 1 1 1.000000
1fireff1_01_ne01_mesh1
1 -77.253177 -49.353749 -158.587644 -0.292348 0.798657 0.525750 0.562500 0.500000 1 1 1.000000
1 -72.291862 -40.929144 -165.481432 -0.523776 0.539388 0.658687 0.562500 0.458496 1 1 1.000000
1 -83.874903 -50.720294 -164.447037 -0.651403 0.737393 0.176221 0.625000 0.500000 1 1 1.000000
1fireff1_01_ne01_mesh1
1 -72.291862 -40.929144 -165.481432 -0.523776 0.539388 0.658687 0.562500 0.458496 1 1 1.000000
1 -78.476625 -43.926769 -173.468473 -0.795425 0.569455 0.204112 0.625000 0.458496 1 1 1.000000
1 -83.874903 -50.720294 -164.447037 -0.651403 0.737393 0.176221 0.625000 0.500000 1 1 1.000000
1fireff1_01_ne01_mesh1
1 -83.874903 -50.720294 -164.447037 -0.651403 0.737393 0.176221 0.625000 0.500000 1 1 1.000000
1 -78.476625 -43.926769 -173.468473 -0.795425 0.569455 0.204112 0.625000 0.458496 1 1 1.000000
1 -87.055845 -53.960325 -172.933929 -0.842830 0.526281 -0.108505 0.687500 0.500000 1 1 1.000000
1fireff1_01_ne01_mesh1
1 -78.476625 -43.926769 -173.468473 -0.795425 0.569455 0.204112 0.625000 0.458496 1 1 1.000000
1 -80.424066 -45.455581 -183.914980 -0.903784 0.415211 -0.099748 0.687500 0.458496 1 1 1.000000
1 -87.055845 -53.960325 -172.933929 -0.842830 0.526281 -0.108505 0.687500 0.500000 1 1 1.000000
1fireff1_01_ne01_mesh1
1 -59.987502 -70.983790 -189.991256 0.109727 -0.554830 -0.824168 0.000000 0.458496 1 1 1.000000
1 -52.126863 -59.147074 -201.881922 0.179487 -0.629674 -0.755640 0.000000 0.416992 1 1 1.000000
1 -50.720898 -69.821579 -186.974306 0.395261 -0.593025 -0.700941 0.062500 0.458496 1 1 1.000000
1fireff1_01_ne01_mesh1
1 -52.126863 -59.147074 -201.881922 0.179487 -0.629674 -0.755640 0.000000 0.416992 1 1 1.000000
1 -42.783980 -59.160147 -199.806961 0.485587 -0.633002 -0.601922 0.062500 0.416992 1 1 1.000000
1 -50.720898 -69.821579 -186.974306 0.395261 -0.593025 -0.700941 0.062500 0.458496 1 1 1.000000
1fireff1_01_ne01_mesh1
1 -50.720898 -69.821579 -186.974306 0.395261 -0.593025 -0.700941 0.062500 0.458496 1 1 1.000000
1 -42.783980 -59.160147 -199.806961 0.485587 -0.633002 -0.601922 0.062500 0.416992 1 1 1.000000
1 -43.274333 -67.758611 -182.712182 0.748609 -0.529432 -0.397819 0.125000 0.458496 1 1 1.000000
1fireff1_01_ne01_mesh1
1 -42.783980 -59.160147 -199.806961 0.485587 -0.633002 -0.601922 0.062500 0.416992 1 1 1.000000
1 -35.141702 -53.890477 -193.975161 0.782602 -0.522528 -0.336770 0.125000 0.416992 1 1 1.000000
1 -43.274333 -67.758611 -182.712182 0.748609 -0.529432 -0.397819 0.125000 0.458496 1 1 1.000000
1fireff1_01_ne01_mesh1
1 -43.274333 -67.758611 -182.712182 0.748609 -0.529432 -0.397819 0.125000 0.458496 1 1 1.000000
1 -35.141702 -53.890477 -193.975161 0.782602 -0.522528 -0.336770 0.125000 0.416992 1 1 1.000000
1 -38.952348 -64.396211 -176.973791 0.921605 -0.386904 -0.002724 0.187500 0.458496 1 1 1.000000
1fireff1_01_ne01_mesh1
1 -35.141702 -53.890477 -193.975161 0.782602 -0.522528 -0.336770 0.125000 0.416992 1 1 1.000000
1 -31.847356 -48.555802 -184.427178 0.919263 -0.390096 0.047979 0.187500 0.416992 1 1 1.000000
1 -38.952348 -64.396211 -176.973791 0.921605 -0.386904 -0.002724 0.187500 0.458496 1 1 1.000000
1fireff1_01_ne01_mesh1
1 -38.952348 -64.396211 -176.973791 0.921605 -0.386904 -0.002724 0.187500 0.458496 1 1 1.000000
1 -31.847356 -48.555802 -184.427178 0.919263 -0.390096 0.047979 0.187500 0.416992 1 1 1.000000
1 -39.441217 -61.581359 -168.940579 0.902750 -0.245832 0.351671 0.250000 0.458496 1 1 1.000000
1fireff1_01_ne01_mesh1
1 -31.847356 -48.555802 -184.427178 0.919263 -0.390096 0.047979 0.187500 0.416992 1 1 1.000000
1 -34.405613 -45.532757 -171.133729 0.895518 -0.219987 0.386148 0.250000 0.416992 1 1 1.000000
1 -39.441217 -61.581359 -168.940579 0.902750 -0.245832 0.351671 0.250000 0.458496 1 1 1.000000
1fireff1_01_ne01_mesh1
1 -39.441217 -61.581359 -168.940579 0.902750 -0.245832 0.351671 0.250000 0.458496 1 1 1.000000
1 -34.405613 -45.532757 -171.133729 0.895518 -0.219987 0.386148 0.250000 0.416992 1 1 1.000000
1 -44.574842 -59.843427 -160.127239 0.702981 -0.097761 0.704048 0.312500 0.458496 1 1 1.000000
1fireff1_01_ne01_mesh1
1 -34.405613 -45.532757 -171.133729 0.895518 -0.219987 0.386148 0.250000 0.416992 1 1 1.000000
1 -39.274074 -41.020316 -161.199683 0.694357 -0.054367 0.716998 0.312500 0.416992 1 1 1.000000
1 -44.574842 -59.843427 -160.127239 0.702981 -0.097761 0.704048 0.312500 0.458496 1 1 1.000000
1fireff1_01_ne01_mesh1
1 -44.574842 -59.843427 -160.127239 0.702981 -0.097761 0.704048 0.312500 0.458496 1 1 1.000000
1 -39.274074 -41.020316 -161.199683 0.694357 -0.054367 0.716998 0.312500 0.416992 1 1 1.000000
1 -50.538467 -55.451428 -156.830233 0.253814 0.129658 0.957892 0.375000 0.458496 1 1 1.000000
1fireff1_01_ne01_mesh1
1 -39.274074 -41.020316 -161.199683 0.694357 -0.054367 0.716998 0.312500 0.416992 1 1 1.000000
1 -44.793821 -35.432037 -158.235912 0.223849 0.162387 0.960549 0.375000 0.416992 1 1 1.000000
1 -50.538467 -55.451428 -156.830233 0.253814 0.129658 0.957892 0.375000 0.458496 1 1 1.000000
1fireff1_01_ne01_mesh1
1 -50.538467 -55.451428 -156.830233 0.253814 0.129658 0.957892 0.375000 0.458496 1 1 1.000000
1 -44.793821 -35.432037 -158.235912 0.223849 0.162387 0.960549 0.375000 0.416992 1 1 1.000000
1 -56.042291 -47.227885 -159.314808 -0.120696 0.261770 0.956995 0.437500 0.458496 1 1 1.000000
1fireff1_01_ne01_mesh1
1 -44.793821 -35.432037 -158.235912 0.223849 0.162387 0.960549 0.375000 0.416992 1 1 1.000000
1 -50.631085 -29.444277 -161.326897 -0.097489 0.257166 0.961272 0.437500 0.416992 1 1 1.000000
1 -56.042291 -47.227885 -159.314808 -0.120696 0.261770 0.956995 0.437500 0.458496 1 1 1.000000
1fireff1_01_ne01_mesh1
1 -56.042291 -47.227885 -159.314808 -0.120696 0.261770 0.956995 0.437500 0.458496 1 1 1.000000
1 -50.631085 -29.444277 -161.326897 -0.097489 0.257166 0.961272 0.437500 0.416992 1 1 1.000000
1 -63.249637 -40.451427 -162.347189 -0.219881 0.334910 0.915676 0.500000 0.458496 1 1 1.000000
1fireff1_01_ne01_mesh1
1 -50.631085 -29.444277 -161.326897 -0.097489 0.257166 0.961272 0.437500 0.416992 1 1 1.000000
1 -59.009815 -26.950932 -164.201398 -0.273694 0.204962 0.939330 0.500000 0.416992 1 1 1.000000
1 -63.249637 -40.451427 -162.347189 -0.219881 0.334910 0.915676 0.500000 0.458496 1 1 1.000000
1fireff1_01_ne01_mesh1
1 -63.249637 -40.451427 -162.347189 -0.219881 0.334910 0.915676 0.500000 0.458496 1 1 1.000000
1 -59.009815 -26.950932 -164.201398 -0.273694 0.204962 0.939330 0.500000 0.416992 1 1 1.000000
1 -72.291862 -40.929144 -165.481432 -0.523776 0.539388 0.658687 0.562500 0.458496 1 1 1.000000
1fireff1_01_ne01_mesh1
1 -59.009815 -26.950932 -164.201398 -0.273694 0.204962 0.939330 0.500000 0.416992 1 1 1.000000
1 -68.461115 -29.940652 -167.931619 -0.625223 0.271778 0.731183 0.562500 0.416992 1 1 1.000000
1 -72.291862 -40.929144 -165.481432 -0.523776 0.539388 0.658687 0.562500 0.458496 1 1 1.000000
1fireff1_01_ne01_mesh1
1 -72.291862 -40.929144 -165.481432 -0.523776 0.539388 0.658687 0.562500 0.458496 1 1 1.000000
1 -68.461115 -29.940652 -167.931619 -0.625223 0.271778 0.731183 0.562500 0.416992 1 1 1.000000
1 -78.476625 -43.926769 -173.468473 -0.795425 0.569455 0.204112 0.625000 0.458496 1 1 1.000000
1fireff1_01_ne01_mesh1
1 -68.461115 -29.940652 -167.931619 -0.625223 0.271778 0.731183 0.562500 0.416992 1 1 1.000000
1 -74.708702 -33.139559 -175.891977 -0.901151 0.330258 0.279258 0.625000 0.416992 1 1 1.000000
1 -78.476625 -43.926769 -173.468473 -0.795425 0.569455 0.204112 0.625000 0.458496 1 1 1.000000
1fireff1_01_ne01_mesh1
1 -78.476625 -43.926769 -173.468473 -0.795425 0.569455 0.204112 0.625000 0.458496 1 1 1.000000
1 -74.708702 -33.139559 -175.891977 -0.901151 0.330258 0.279258 0.625000 0.416992 1 1 1.000000
1 -80.424066 -45.455581 -183.914980 -0.903784 0.415211 -0.099748 0.687500 0.458496 1 1 1.000000
1fireff1_01_ne01_mesh1
1 -74.708702 -33.139559 -175.891977 -0.901151 0.330258 0.279258 0.625000 0.416992 1 1 1.000000
1 -75.671985 -34.000901 -188.349058 -0.947720 0.304490 -0.090005 0.687500 0.416992 1 1 1.000000
1 -80.424066 -45.455581 -183.914980 -0.903784 0.415211 -0.099748 0.687500 0.458496 1 1 1.000000
1fireff1_01_ne01_mesh1
1 -52.126863 -59.147074 -201.881922 0.179487 -0.629674 -0.755640 0.000000 0.416992 1 1 1.000000
1 -42.176244 -37.001917 -212.345788 0.347646 -0.377537 -0.857876 0.000000 0.375000 1 1 1.000000
1 -42.783980 -59.160147 -199.806961 0.485587 -0.633002 -0.601922 0.062500 0.416992 1 1 1.000000
1fireff1_01_ne01_mesh1
1 -42.176244 -37.001917 -212.345788 0.347646 -0.377537 -0.857876 0.000000 0.375000 1 1 1.000000
1 -34.837870 -37.612385 -205.687469 0.667053 -0.353910 -0.654717 0.062500 0.375000 1 1 1.000000
1 -42.783980 -59.160147 -199.806961 0.485587 -0.633002 -0.601922 0.062500 0.416992 1 1 1.000000
1fireff1_01_ne01_mesh1
1 -42.783980 -59.160147 -199.806961 0.485587 -0.633002 -0.601922 0.062500 0.416992 1 1 1.000000
1 -34.837870 -37.612385 -205.687469 0.667053 -0.353910 -0.654717 0.062500 0.375000 1 1 1.000000
1 -35.141702 -53.890477 -193.975161 0.782602 -0.522528 -0.336770 0.125000 0.416992 1 1 1.000000
1fireff1_01_ne01_mesh1
1 -34.837870 -37.612385 -205.687469 0.667053 -0.353910 -0.654717 0.062500 0.375000 1 1 1.000000
1 -29.168795 -38.126687 -198.672931 0.853509 -0.334248 -0.398516 0.125000 0.375000 1 1 1.000000
1 -35.141702 -53.890477 -193.975161 0.782602 -0.522528 -0.336770 0.125000 0.416992 1 1 1.000000
1fireff1_01_ne01_mesh1
1 -35.141702 -53.890477 -193.975161 0.782602 -0.522528 -0.336770 0.125000 0.416992 1 1 1.000000
1 -29.168795 -38.126687 -198.672931 0.853509 -0.334248 -0.398516 0.125000 0.375000 1 1 1.000000
1 -31.847356 -48.555802 -184.427178 0.919263 -0.390096 0.047979 0.187500 0.416992 1 1 1.000000
1fireff1_01_ne01_mesh1
1 -29.168795 -38.126687 -198.672931 0.853509 -0.334248 -0.398516 0.125000 0.375000 1 1 1.000000
1 -27.553328 -38.796115 -188.812432 0.942311 -0.333174 -0.014231 0.187500 0.375000 1 1 1.000000
1 -31.847356 -48.555802 -184.427178 0.919263 -0.390096 0.047979 0.187500 0.416992 1 1 1.000000
1fireff1_01_ne01_mesh1
1 -31.847356 -48.555802 -184.427178 0.919263 -0.390096 0.047979 0.187500 0.416992 1 1 1.000000
1 -27.553328 -38.796115 -188.812432 0.942311 -0.333174 -0.014231 0.187500 0.375000 1 1 1.000000
1 -34.405613 -45.532757 -171.133729 0.895518 -0.219987 0.386148 0.250000 0.416992 1 1 1.000000
1fireff1_01_ne01_mesh1
1 -27.553328 -38.796115 -188.812432 0.942311 -0.333174 -0.014231 0.187500 0.375000 1 1 1.000000
1 -28.994641 -35.934945 -178.389893 0.909061 -0.232133 0.344813 0.250000 0.375000 1 1 1.000000
1 -34.405613 -45.532757 -171.133729 0.895518 -0.219987 0.386148 0.250000 0.416992 1 1 1.000000
1fireff1_01_ne01_mesh1
1 -34.405613 -45.532757 -171.133729 0.895518 -0.219987 0.386148 0.250000 0.416992 1 1 1.000000
1 -28.994641 -35.934945 -178.389893 0.909061 -0.232133 0.344813 0.250000 0.375000 1 1 1.000000
1 -39.274074 -41.020316 -161.199683 0.694357 -0.054367 0.716998 0.312500 0.416992 1 1 1.000000
1fireff1_01_ne01_mesh1
1 -28.994641 -35.934945 -178.389893 0.909061 -0.232133 0.344813 0.250000 0.375000 1 1 1.000000
1 -32.549118 -29.941982 -170.762626 0.782508 -0.034617 0.621252 0.312500 0.375000 1 1 1.000000
1 -39.274074 -41.020316 -161.199683 0.694357 -0.054367 0.716998 0.312500 0.416992 1 1 1.000000
1fireff1_01_ne01_mesh1
1 -39.274074 -41.020316 -161.199683 0.694357 -0.054367 0.716998 0.312500 0.416992 1 1 1.000000
1 -32.549118 -29.941982 -170.762626 0.782508 -0.034617 0.621252 0.312500 0.375000 1 1 1.000000
1 -44.793821 -35.432037 -158.235912 0.223849 0.162387 0.960549 0.375000 0.416992 1 1 1.000000
1fireff1_01_ne01_mesh1
1 -32.549118 -29.941982 -170.762626 0.782508 -0.034617 0.621252 0.312500 0.375000 1 1 1.000000
1 -38.154831 -21.681670 -165.873894 0.459740 0.183032 0.868219 0.375000 0.375000 1 1 1.000000
1 -44.793821 -35.432037 -158.235912 0.223849 0.162387 0.960549 0.375000 0.416992 1 1 1.000000
1fireff1_01_ne01_mesh1
1 -44.793821 -35.432037 -158.235912 0.223849 0.162387 0.960549 0.375000 0.416992 1 1 1.000000
1 -38.154831 -21.681670 -165.873894 0.459740 0.183032 0.868219 0.375000 0.375000 1 1 1.000000
1 -50.631085 -29.444277 -161.326897 -0.097489 0.257166 0.961272 0.437500 0.416992 1 1 1.000000
1fireff1_01_ne01_mesh1
1 -38.154831 -21.681670 -165.873894 0.459740 0.183032 0.868219 0.375000 0.375000 1 1 1.000000
1 -45.716503 -16.572785 -165.255784 0.135290 0.174660 0.974541 0.437500 0.375000 1 1 1.000000
1 -50.631085 -29.444277 -161.326897 -0.097489 0.257166 0.961272 0.437500 0.416992 1 1 1.000000
1fireff1_01_ne01_mesh1
1 -50.631085 -29.444277 -161.326897 -0.097489 0.257166 0.961272 0.437500 0.416992 1 1 1.000000
1 -45.716503 -16.572785 -165.255784 0.135290 0.174660 0.974541 0.437500 0.375000 1 1 1.000000
1 -59.009815 -26.950932 -164.201398 -0.273694 0.204962 0.939330 0.500000 0.416992 1 1 1.000000
1fireff1_01_ne01_mesh1
1 -45.716503 -16.572785 -165.255784 0.135290 0.174660 0.974541 0.437500 0.375000 1 1 1.000000
1 -56.154100 -17.282142 -165.081508 -0.168147 0.084249 0.981607 0.500000 0.375000 1 1 1.000000
1 -59.009815 -26.950932 -164.201398 -0.273694 0.204962 0.939330 0.500000 0.416992 1 1 1.000000
1fireff1_01_ne01_mesh1
1 -59.009815 -26.950932 -164.201398 -0.273694 0.204962 0.939330 0.500000 0.416992 1 1 1.000000
1 -56.154100 -17.282142 -165.081508 -0.168147 0.084249 0.981607 0.500000 0.375000 1 1 1.000000
1 -68.461115 -29.940652 -167.931619 -0.625223 0.271778 0.731183 0.562500 0.416992 1 1 1.000000
1fireff1_01_ne01_mesh1
1 -56.154100 -17.282142 -165.081508 -0.168147 0.084249 0.981607 0.500000 0.375000 1 1 1.000000
1 -66.247877 -21.270864 -167.860120 -0.612027 0.141448 0.777289 0.562500 0.375000 1 1 1.000000
1 -68.461115 -29.940652 -167.931619 -0.625223 0.271778 0.731183 0.562500 0.416992 1 1 1.000000
1fireff1_01_ne01_mesh1
1 -68.461115 -29.940652 -167.931619 -0.625223 0.271778 0.731183 0.562500 0.416992 1 1 1.000000
1 -66.247877 -21.270864 -167.860120 -0.612027 0.141448 0.777289 0.562500 0.375000 1 1 1.000000
1 -74.708702 -33.139559 -175.891977 -0.901151 0.330258 0.279258 0.625000 0.416992 1 1 1.000000
1fireff1_01_ne01_mesh1
1 -66.247877 -21.270864 -167.860120 -0.612027 0.141448 0.777289 0.562500 0.375000 1 1 1.000000
1 -72.077398 -23.467825 -176.214230 -0.924494 0.207963 0.317754 0.625000 0.375000 1 1 1.000000
1 -74.708702 -33.139559 -175.891977 -0.901151 0.330258 0.279258 0.625000 0.416992 1 1 1.000000
1fireff1_01_ne01_mesh1
1 -74.708702 -33.139559 -175.891977 -0.901151 0.330258 0.279258 0.625000 0.416992 1 1 1.000000
1 -72.077398 -23.467825 -176.214230 -0.924494 0.207963 0.317754 0.625000 0.375000 1 1 1.000000
1 -75.671985 -34.000901 -188.349058 -0.947720 0.304490 -0.090005 0.687500 0.416992 1 1 1.000000
1fireff1_01_ne01_mesh1
1 -72.077398 -23.467825 -176.214230 -0.924494 0.207963 0.317754 0.625000 0.375000 1 1 1.000000
1 -73.105893 -24.281915 -188.479434 -0.971575 0.219630 -0.081251 0.687500 0.375000 1 1 1.000000
1 -75.671985 -34.000901 -188.349058 -0.947720 0.304490 -0.090005 0.687500 0.416992 1 1 1.000000
1fireff1_01_ne01_mesh1
1 -42.176244 -37.001917 -212.345788 0.347646 -0.377537 -0.857876 0.000000 0.375000 1 1 1.000000
1 -33.121244 -7.712460 -216.013398 0.400472 0.121300 -0.907948 0.000000 0.333496 1 1 1.000000
1 -34.837870 -37.612385 -205.687469 0.667053 -0.353910 -0.654717 0.062500 0.375000 1 1 1.000000
1fireff1_01_ne01_mesh1
1 -33.121244 -7.712460 -216.013398 0.400472 0.121300 -0.907948 0.000000 0.333496 1 1 1.000000
1 -26.953986 -10.165575 -207.634242 0.758410 -0.068159 -0.647668 0.062500 0.333496 1 1 1.000000
1 -34.837870 -37.612385 -205.687469 0.667053 -0.353910 -0.654717 0.062500 0.375000 1 1 1.000000
1fireff1_01_ne01_mesh1
1 -34.837870 -37.612385 -205.687469 0.667053 -0.353910 -0.654717 0.062500 0.375000 1 1 1.000000
1 -26.953986 -10.165575 -207.634242 0.758410 -0.068159 -0.647668 0.062500 0.333496 1 1 1.000000
1 -29.168795 -38.126687 -198.672931 0.853509 -0.334248 -0.398516 0.125000 0.375000 1 1 1.000000
1fireff1_01_ne01_mesh1
1 -26.953986 -10.165575 -207.634242 0.758410 -0.068159 -0.647668 0.062500 0.333496 1 1 1.000000
1 -22.966132 -12.892436 -197.872149 0.907680 -0.162679 -0.385240 0.125000 0.333496 1 1 1.000000
1 -29.168795 -38.126687 -198.672931 0.853509 -0.334248 -0.398516 0.125000 0.375000 1 1 1.000000
1fireff1_01_ne01_mesh1
1 -29.168795 -38.126687 -198.672931 0.853509 -0.334248 -0.398516 0.125000 0.375000 1 1 1.000000
1 -22.966132 -12.892436 -197.872149 0.907680 -0.162679 -0.385240 0.125000 0.333496 1 1 1.000000
1 -27.553328 -38.796115 -188.812432 0.942311 -0.333174 -0.014231 0.187500 0.375000 1 1 1.000000
1fireff1_01_ne01_mesh1
1 -22.966132 -12.892436 -197.872149 0.907680 -0.162679 -0.385240 0.125000 0.333496 1 1 1.000000
1 -20.636414 -15.845750 -191.244505 0.974349 -0.213810 -0.066757 0.187500 0.333496 1 1 1.000000
1 -27.553328 -38.796115 -188.812432 0.942311 -0.333174 -0.014231 0.187500 0.375000 1 1 1.000000
1fireff1_01_ne01_mesh1
1 -27.553328 -38.796115 -188.812432 0.942311 -0.333174 -0.014231 0.187500 0.375000 1 1 1.000000
1 -20.636414 -15.845750 -191.244505 0.974349 -0.213810 -0.066757 0.187500 0.333496 1 1 1.000000
1 -28.994641 -35.934945 -178.389893 0.909061 -0.232133 0.344813 0.250000 0.375000 1 1 1.000000
1fireff1_01_ne01_mesh1
1 -20.636414 -15.845750 -191.244505 0.974349 -0.213810 -0.066757 0.187500 0.333496 1 1 1.000000
1 -21.840718 -16.766060 -183.831936 0.920530 -0.231849 0.313898 0.250000 0.333496 1 1 1.000000
1 -28.994641 -35.934945 -178.389893 0.909061 -0.232133 0.344813 0.250000 0.375000 1 1 1.000000
1fireff1_01_ne01_mesh1
1 -28.994641 -35.934945 -178.389893 0.909061 -0.232133 0.344813 0.250000 0.375000 1 1 1.000000
1 -21.840718 -16.766060 -183.831936 0.920530 -0.231849 0.313898 0.250000 0.333496 1 1 1.000000
1 -32.549118 -29.941982 -170.762626 0.782508 -0.034617 0.621252 0.312500 0.375000 1 1 1.000000
1fireff1_01_ne01_mesh1
1 -21.840718 -16.766060 -183.831936 0.920530 -0.231849 0.313898 0.250000 0.333496 1 1 1.000000
1 -26.665746 -15.338185 -175.981790 0.745904 -0.233642 0.623318 0.312500 0.333496 1 1 1.000000
1 -32.549118 -29.941982 -170.762626 0.782508 -0.034617 0.621252 0.312500 0.375000 1 1 1.000000
1fireff1_01_ne01_mesh1
1 -32.549118 -29.941982 -170.762626 0.782508 -0.034617 0.621252 0.312500 0.375000 1 1 1.000000
1 -26.665746 -15.338185 -175.981790 0.745904 -0.233642 0.623318 0.312500 0.333496 1 1 1.000000
1 -38.154831 -21.681670 -165.873894 0.459740 0.183032 0.868219 0.375000 0.375000 1 1 1.000000
1fireff1_01_ne01_mesh1
1 -26.665746 -15.338185 -175.981790 0.745904 -0.233642 0.623318 0.312500 0.333496 1 1 1.000000
1 -34.049221 -12.545799 -170.192028 0.470497 -0.265839 0.841020 0.375000 0.333496 1 1 1.000000
1 -38.154831 -21.681670 -165.873894 0.459740 0.183032 0.868219 0.375000 0.375000 1 1 1.000000
1fireff1_01_ne01_mesh1
1 -38.154831 -21.681670 -165.873894 0.459740 0.183032 0.868219 0.375000 0.375000 1 1 1.000000
1 -34.049221 -12.545799 -170.192028 0.470497 -0.265839 0.841020 0.375000 0.333496 1 1 1.000000
1 -45.716503 -16.572785 -165.255784 0.135290 0.174660 0.974541 0.437500 0.375000 1 1 1.000000
1fireff1_01_ne01_mesh1
1 -34.049221 -12.545799 -170.192028 0.470497 -0.265839 0.841020 0.375000 0.333496 1 1 1.000000
1 -43.746999 -10.518301 -166.256014 0.183578 -0.284993 0.940004 0.437500 0.333496 1 1 1.000000
1 -45.716503 -16.572785 -165.255784 0.135290 0.174660 0.974541 0.437500 0.375000 1 1 1.000000
1fireff1_01_ne01_mesh1
1 -45.716503 -16.572785 -165.255784 0.135290 0.174660 0.974541 0.437500 0.375000 1 1 1.000000
1 -43.746999 -10.518301 -166.256014 0.183578 -0.284993 0.940004 0.437500 0.333496 1 1 1.000000
1 -56.154100 -17.282142 -165.081508 -0.168147 0.084249 0.981607 0.500000 0.375000 1 1 1.000000
1fireff1_01_ne01_mesh1
1 -43.746999 -10.518301 -166.256014 0.183578 -0.284993 0.940004 0.437500 0.333496 1 1 1.000000
1 -54.823752 -10.692926 -164.155666 -0.170557 -0.155220 0.972642 0.500000 0.333496 1 1 1.000000
1 -56.154100 -17.282142 -165.081508 -0.168147 0.084249 0.981607 0.500000 0.375000 1 1 1.000000
1fireff1_01_ne01_mesh1
1 -56.154100 -17.282142 -165.081508 -0.168147 0.084249 0.981607 0.500000 0.375000 1 1 1.000000
1 -54.823752 -10.692926 -164.155666 -0.170557 -0.155220 0.972642 0.500000 0.333496 1 1 1.000000
1 -66.247877 -21.270864 -167.860120 -0.612027 0.141448 0.777289 0.562500 0.375000 1 1 1.000000
1fireff1_01_ne01_mesh1
1 -54.823752 -10.692926 -164.155666 -0.170557 -0.155220 0.972642 0.500000 0.333496 1 1 1.000000
1 -63.926403 -11.360979 -167.262176 -0.637157 0.078593 0.765744 0.562500 0.333496 1 1 1.000000
1 -66.247877 -21.270864 -167.860120 -0.612027 0.141448 0.777289 0.562500 0.375000 1 1 1.000000
1fireff1_01_ne01_mesh1
1 -66.247877 -21.270864 -167.860120 -0.612027 0.141448 0.777289 0.562500 0.375000 1 1 1.000000
1 -63.926403 -11.360979 -167.262176 -0.637157 0.078593 0.765744 0.562500 0.333496 1 1 1.000000
1 -72.077398 -23.467825 -176.214230 -0.924494 0.207963 0.317754 0.625000 0.375000 1 1 1.000000
1fireff1_01_ne01_mesh1
1 -63.926403 -11.360979 -167.262176 -0.637157 0.078593 0.765744 0.562500 0.333496 1 1 1.000000
1 -69.266236 -11.080839 -175.242406 -0.912448 0.199806 0.356456 0.625000 0.333496 1 1 1.000000
1 -72.077398 -23.467825 -176.214230 -0.924494 0.207963 0.317754 0.625000 0.375000 1 1 1.000000
1fireff1_01_ne01_mesh1
1 -72.077398 -23.467825 -176.214230 -0.924494 0.207963 0.317754 0.625000 0.375000 1 1 1.000000
1 -69.266236 -11.080839 -175.242406 -0.912448 0.199806 0.356456 0.625000 0.333496 1 1 1.000000
1 -73.105893 -24.281915 -188.479434 -0.971575 0.219630 -0.081251 0.687500 0.375000 1 1 1.000000
1fireff1_01_ne01_mesh1
1 -69.266236 -11.080839 -175.242406 -0.912448 0.199806 0.356456 0.625000 0.333496 1 1 1.000000
1 -71.232802 -11.756654 -185.094973 -0.978493 0.204547 0.001339 0.687500 0.333496 1 1 1.000000
1 -73.105893 -24.281915 -188.479434 -0.971575 0.219630 -0.081251 0.687500 0.375000 1 1 1.000000
1fireff1_01_ne01_mesh1
1 -33.121244 -7.712460 -216.013398 0.400472 0.121300 -0.907948 0.000000 0.333496 1 1 1.000000
1 -32.548178 15.025474 -202.864855 0.361605 0.477169 -0.800562 0.000000 0.291992 1 1 1.000000
1 -26.953986 -10.165575 -207.634242 0.758410 -0.068159 -0.647668 0.062500 0.333496 1 1 1.000000
1fireff1_01_ne01_mesh1
1 -32.548178 15.025474 -202.864855 0.361605 0.477169 -0.800562 0.000000 0.291992 1 1 1.000000
1 -23.191048 14.549255 -201.121909 0.759895 0.362064 -0.538675 0.062500 0.291992 1 1 1.000000
1 -26.953986 -10.165575 -207.634242 0.758410 -0.068159 -0.647668 0.062500 0.333496 1 1 1.000000
1fireff1_01_ne01_mesh1
1 -26.953986 -10.165575 -207.634242 0.758410 -0.068159 -0.647668 0.062500 0.333496 1 1 1.000000
1 -23.191048 14.549255 -201.121909 0.759895 0.362064 -0.538675 0.062500 0.291992 1 1 1.000000
1 -22.966132 -12.892436 -197.872149 0.907680 -0.162679 -0.385240 0.125000 0.333496 1 1 1.000000
1fireff1_01_ne01_mesh1
1 -23.191048 14.549255 -201.121909 0.759895 0.362064 -0.538675 0.062500 0.291992 1 1 1.000000
1 -18.465326 9.550281 -194.643613 0.955731 0.148569 -0.252555 0.125000 0.291992 1 1 1.000000
1 -22.966132 -12.892436 -197.872149 0.907680 -0.162679 -0.385240 0.125000 0.333496 1 1 1.000000
1fireff1_01_ne01_mesh1
1 -22.966132 -12.892436 -197.872149 0.907680 -0.162679 -0.385240 0.125000 0.333496 1 1 1.000000
1 -18.465326 9.550281 -194.643613 0.955731 0.148569 -0.252555 0.125000 0.291992 1 1 1.000000
1 -20.636414 -15.845750 -191.244505 0.974349 -0.213810 -0.066757 0.187500 0.333496 1 1 1.000000
1fireff1_01_ne01_mesh1
1 -18.465326 9.550281 -194.643613 0.955731 0.148569 -0.252555 0.125000 0.291992 1 1 1.000000
1 -18.074257 3.570276 -185.152216 0.999008 -0.020529 0.032204 0.187500 0.291992 1 1 1.000000
1 -20.636414 -15.845750 -191.244505 0.974349 -0.213810 -0.066757 0.187500 0.333496 1 1 1.000000
1fireff1_01_ne01_mesh1
1 -20.636414 -15.845750 -191.244505 0.974349 -0.213810 -0.066757 0.187500 0.333496 1 1 1.000000
1 -18.074257 3.570276 -185.152216 0.999008 -0.020529 0.032204 0.187500 0.291992 1 1 1.000000
1 -21.840718 -16.766060 -183.831936 0.920530 -0.231849 0.313898 0.250000 0.333496 1 1 1.000000
1fireff1_01_ne01_mesh1
1 -18.074257 3.570276 -185.152216 0.999008 -0.020529 0.032204 0.187500 0.291992 1 1 1.000000
1 -20.963746 -1.346018 -176.124918 0.910155 -0.222964 0.347976 0.250000 0.291992 1 1 1.000000
1 -21.840718 -16.766060 -183.831936 0.920530 -0.231849 0.313898 0.250000 0.333496 1 1 1.000000
1fireff1_01_ne01_mesh1
1 -21.840718 -16.766060 -183.831936 0.920530 -0.231849 0.313898 0.250000 0.333496 1 1 1.000000
1 -20.963746 -1.346018 -176.124918 0.910155 -0.222964 0.347976 0.250000 0.291992 1 1 1.000000
1 -26.665746 -15.338185 -175.981790 0.745904 -0.233642 0.623318 0.312500 0.333496 1 1 1.000000
1fireff1_01_ne01_mesh1
1 -20.963746 -1.346018 -176.124918 0.910155 -0.222964 0.347976 0.250000 0.291992 1 1 1.000000
1 -26.722916 -4.008225 -168.580995 0.663013 -0.458779 0.590539 0.312500 0.291992 1 1 1.000000
1 -26.665746 -15.338185 -175.981790 0.745904 -0.233642 0.623318 0.312500 0.333496 1 1 1.000000
1fireff1_01_ne01_mesh1
1 -26.665746 -15.338185 -175.981790 0.745904 -0.233642 0.623318 0.312500 0.333496 1 1 1.000000
1 -26.722916 -4.008225 -168.580995 0.663013 -0.458779 0.590539 0.312500 0.291992 1 1 1.000000
1 -34.049221 -12.545799 -170.192028 0.470497 -0.265839 0.841020 0.375000 0.333496 1 1 1.000000
1fireff1_01_ne01_mesh1
1 -26.722916 -4.008225 -168.580995 0.663013 -0.458779 0.590539 0.312500 0.291992 1 1 1.000000
1 -34.748175 -4.637177 -163.393302 0.325764 -0.656045 0.679977 0.375000 0.291992 1 1 1.000000
1 -34.049221 -12.545799 -170.192028 0.470497 -0.265839 0.841020 0.375000 0.333496 1 1 1.000000
1fireff1_01_ne01_mesh1
1 -34.049221 -12.545799 -170.192028 0.470497 -0.265839 0.841020 0.375000 0.333496 1 1 1.000000
1 -34.748175 -4.637177 -163.393302 0.325764 -0.656045 0.679977 0.375000 0.291992 1 1 1.000000
1 -43.746999 -10.518301 -166.256014 0.183578 -0.284993 0.940004 0.437500 0.333496 1 1 1.000000
1fireff1_01_ne01_mesh1
1 -34.748175 -4.637177 -163.393302 0.325764 -0.656045 0.679977 0.375000 0.291992 1 1 1.000000
1 -44.363476 -4.252898 -160.714483 -0.015271 -0.665281 0.745683 0.437500 0.291992 1 1 1.000000
1 -43.746999 -10.518301 -166.256014 0.183578 -0.284993 0.940004 0.437500 0.333496 1 1 1.000000
1fireff1_01_ne01_mesh1
1 -43.746999 -10.518301 -166.256014 0.183578 -0.284993 0.940004 0.437500 0.333496 1 1 1.000000
1 -44.363476 -4.252898 -160.714483 -0.015271 -0.665281 0.745683 0.437500 0.291992 1 1 1.000000
1 -54.823752 -10.692926 -164.155666 -0.170557 -0.155220 0.972642 0.500000 0.333496 1 1 1.000000
1fireff1_01_ne01_mesh1
1 -44.363476 -4.252898 -160.714483 -0.015271 -0.665281 0.745683 0.437500 0.291992 1 1 1.000000
1 -53.809416 -1.915919 -161.045188 -0.438690 -0.396188 0.806260 0.500000 0.291992 1 1 1.000000
1 -54.823752 -10.692926 -164.155666 -0.170557 -0.155220 0.972642 0.500000 0.333496 1 1 1.000000
1fireff1_01_ne01_mesh1
1 -54.823752 -10.692926 -164.155666 -0.170557 -0.155220 0.972642 0.500000 0.333496 1 1 1.000000
1 -53.809416 -1.915919 -161.045188 -0.438690 -0.396188 0.806260 0.500000 0.291992 1 1 1.000000
1 -63.926403 -11.360979 -167.262176 -0.637157 0.078593 0.765744 0.562500 0.333496 1 1 1.000000
1fireff1_01_ne01_mesh1
1 -53.809416 -1.915919 -161.045188 -0.438690 -0.396188 0.806260 0.500000 0.291992 1 1 1.000000
1 -60.764633 2.049556 -166.503178 -0.797826 -0.066758 0.598518 0.562500 0.291992 1 1 1.000000
1 -63.926403 -11.360979 -167.262176 -0.637157 0.078593 0.765744 0.562500 0.333496 1 1 1.000000
1fireff1_01_ne01_mesh1
1 -63.926403 -11.360979 -167.262176 -0.637157 0.078593 0.765744 0.562500 0.333496 1 1 1.000000
1 -60.764633 2.049556 -166.503178 -0.797826 -0.066758 0.598518 0.562500 0.291992 1 1 1.000000
1 -69.266236 -11.080839 -175.242406 -0.912448 0.199806 0.356456 0.625000 0.333496 1 1 1.000000
1fireff1_01_ne01_mesh1
1 -60.764633 2.049556 -166.503178 -0.797826 -0.066758 0.598518 0.562500 0.291992 1 1 1.000000
1 -64.702913 5.367134 -176.009614 -0.950771 0.077523 0.297938 0.625000 0.291992 1 1 1.000000
1 -69.266236 -11.080839 -175.242406 -0.912448 0.199806 0.356456 0.625000 0.333496 1 1 1.000000
1fireff1_01_ne01_mesh1
1 -69.266236 -11.080839 -175.242406 -0.912448 0.199806 0.356456 0.625000 0.333496 1 1 1.000000
1 -64.702913 5.367134 -176.009614 -0.950771 0.077523 0.297938 0.625000 0.291992 1 1 1.000000
1 -71.232802 -11.756654 -185.094973 -0.978493 0.204547 0.001339 0.687500 0.333496 1 1 1.000000
1fireff1_01_ne01_mesh1
1 -64.702913 5.367134 -176.009614 -0.950771 0.077523 0.297938 0.625000 0.291992 1 1 1.000000
1 -66.492842 7.171782 -184.710549 -0.985806 0.164373 -0.002259 0.687500 0.291992 1 1 1.000000
1 -71.232802 -11.756654 -185.094973 -0.978493 0.204547 0.001339 0.687500 0.333496 1 1 1.000000
1fireff1_01_ne01_mesh1
1 -32.548178 15.025474 -202.864855 0.361605 0.477169 -0.800562 0.000000 0.291992 1 1 1.000000
1 -33.148853 36.185356 -187.819469 0.468341 0.429254 -0.772016 0.000000 0.250000 1 1 1.000000
1 -23.191048 14.549255 -201.121909 0.759895 0.362064 -0.538675 0.062500 0.291992 1 1 1.000000
1fireff1_01_ne01_mesh1
1 -33.148853 36.185356 -187.819469 0.468341 0.429254 -0.772016 0.000000 0.250000 1 1 1.000000
1 -27.144949 30.349588 -181.202912 0.774888 0.316874 -0.546424 0.062500 0.250000 1 1 1.000000
1 -23.191048 14.549255 -201.121909 0.759895 0.362064 -0.538675 0.062500 0.291992 1 1 1.000000
1fireff1_01_ne01_mesh1
1 -23.191048 14.549255 -201.121909 0.759895 0.362064 -0.538675 0.062500 0.291992 1 1 1.000000
1 -27.144949 30.349588 -181.202912 0.774888 0.316874 -0.546424 0.062500 0.250000 1 1 1.000000
1 -18.465326 9.550281 -194.643613 0.955731 0.148569 -0.252555 0.125000 0.291992 1 1 1.000000
1fireff1_01_ne01_mesh1
1 -27.144949 30.349588 -181.202912 0.774888 0.316874 -0.546424 0.062500 0.250000 1 1 1.000000
1 -22.767562 22.822441 -175.481417 0.958688 0.167939 -0.227351 0.125000 0.250000 1 1 1.000000
1 -18.465326 9.550281 -194.643613 0.955731 0.148569 -0.252555 0.125000 0.291992 1 1 1.000000
1fireff1_01_ne01_mesh1
1 -18.465326 9.550281 -194.643613 0.955731 0.148569 -0.252555 0.125000 0.291992 1 1 1.000000
1 -22.767562 22.822441 -175.481417 0.958688 0.167939 -0.227351 0.125000 0.250000 1 1 1.000000
1 -18.074257 3.570276 -185.152216 0.999008 -0.020529 0.032204 0.187500 0.291992 1 1 1.000000
1fireff1_01_ne01_mesh1
1 -22.767562 22.822441 -175.481417 0.958688 0.167939 -0.227351 0.125000 0.250000 1 1 1.000000
1 -21.057001 16.715579 -169.340300 0.995395 -0.041243 0.084219 0.187500 0.250000 1 1 1.000000
1 -18.074257 3.570276 -185.152216 0.999008 -0.020529 0.032204 0.187500 0.291992 1 1 1.000000
1fireff1_01_ne01_mesh1
1 -18.074257 3.570276 -185.152216 0.999008 -0.020529 0.032204 0.187500 0.291992 1 1 1.000000
1 -21.057001 16.715579 -169.340300 0.995395 -0.041243 0.084219 0.187500 0.250000 1 1 1.000000
1 -20.963746 -1.346018 -176.124918 0.910155 -0.222964 0.347976 0.250000 0.291992 1 1 1.000000
1fireff1_01_ne01_mesh1
1 -21.057001 16.715579 -169.340300 0.995395 -0.041243 0.084219 0.187500 0.250000 1 1 1.000000
1 -23.146756 11.252470 -162.644667 0.888279 -0.247134 0.386688 0.250000 0.250000 1 1 1.000000
1 -20.963746 -1.346018 -176.124918 0.910155 -0.222964 0.347976 0.250000 0.291992 1 1 1.000000
1fireff1_01_ne01_mesh1
1 -20.963746 -1.346018 -176.124918 0.910155 -0.222964 0.347976 0.250000 0.291992 1 1 1.000000
1 -23.146756 11.252470 -162.644667 0.888279 -0.247134 0.386688 0.250000 0.250000 1 1 1.000000
1 -26.722916 -4.008225 -168.580995 0.663013 -0.458779 0.590539 0.312500 0.291992 1 1 1.000000
1fireff1_01_ne01_mesh1
1 -23.146756 11.252470 -162.644667 0.888279 -0.247134 0.386688 0.250000 0.250000 1 1 1.000000
1 -28.959940 6.333324 -156.412958 0.654326 -0.433088 0.619132 0.312500 0.250000 1 1 1.000000
1 -26.722916 -4.008225 -168.580995 0.663013 -0.458779 0.590539 0.312500 0.291992 1 1 1.000000
1fireff1_01_ne01_mesh1
1 -26.722916 -4.008225 -168.580995 0.663013 -0.458779 0.590539 0.312500 0.291992 1 1 1.000000
1 -28.959940 6.333324 -156.412958 0.654326 -0.433088 0.619132 0.312500 0.250000 1 1 1.000000
1 -34.748175 -4.637177 -163.393302 0.325764 -0.656045 0.679977 0.375000 0.291992 1 1 1.000000
1fireff1_01_ne01_mesh1
1 -28.959940 6.333324 -156.412958 0.654326 -0.433088 0.619132 0.312500 0.250000 1 1 1.000000
1 -37.349797 3.195097 -151.929684 0.278505 -0.574168 0.769039 0.375000 0.250000 1 1 1.000000
1 -34.748175 -4.637177 -163.393302 0.325764 -0.656045 0.679977 0.375000 0.291992 1 1 1.000000
1fireff1_01_ne01_mesh1
1 -34.748175 -4.637177 -163.393302 0.325764 -0.656045 0.679977 0.375000 0.291992 1 1 1.000000
1 -37.349797 3.195097 -151.929684 0.278505 -0.574168 0.769039 0.375000 0.250000 1 1 1.000000
1 -44.363476 -4.252898 -160.714483 -0.015271 -0.665281 0.745683 0.437500 0.291992 1 1 1.000000
1fireff1_01_ne01_mesh1
1 -37.349797 3.195097 -151.929684 0.278505 -0.574168 0.769039 0.375000 0.250000 1 1 1.000000
1 -46.131410 3.272331 -151.513030 -0.202707 -0.565728 0.798667 0.437500 0.250000 1 1 1.000000
1 -44.363476 -4.252898 -160.714483 -0.015271 -0.665281 0.745683 0.437500 0.291992 1 1 1.000000
1fireff1_01_ne01_mesh1
1 -44.363476 -4.252898 -160.714483 -0.015271 -0.665281 0.745683 0.437500 0.291992 1 1 1.000000
1 -46.131410 3.272331 -151.513030 -0.202707 -0.565728 0.798667 0.437500 0.250000 1 1 1.000000
1 -53.809416 -1.915919 -161.045188 -0.438690 -0.396188 0.806260 0.500000 0.291992 1 1 1.000000
1fireff1_01_ne01_mesh1
1 -46.131410 3.272331 -151.513030 -0.202707 -0.565728 0.798667 0.437500 0.250000 1 1 1.000000
1 -53.743586 7.828616 -154.964910 -0.602405 -0.405335 0.686817 0.500000 0.250000 1 1 1.000000
1 -53.809416 -1.915919 -161.045188 -0.438690 -0.396188 0.806260 0.500000 0.291992 1 1 1.000000
1fireff1_01_ne01_mesh1
1 -53.809416 -1.915919 -161.045188 -0.438690 -0.396188 0.806260 0.500000 0.291992 1 1 1.000000
1 -53.743586 7.828616 -154.964910 -0.602405 -0.405335 0.686817 0.500000 0.250000 1 1 1.000000
1 -60.764633 2.049556 -166.503178 -0.797826 -0.066758 0.598518 0.562500 0.291992 1 1 1.000000
1fireff1_01_ne01_mesh1
1 -53.743586 7.828616 -154.964910 -0.602405 -0.405335 0.686817 0.500000 0.250000 1 1 1.000000
1 -59.892925 13.443408 -161.362696 -0.809941 -0.339300 0.477387 0.562500 0.250000 1 1 1.000000
1 -60.764633 2.049556 -166.503178 -0.797826 -0.066758 0.598518 0.562500 0.291992 1 1 1.000000
1fireff1_01_ne01_mesh1
1 -60.764633 2.049556 -166.503178 -0.797826 -0.066758 0.598518 0.562500 0.291992 1 1 1.000000
1 -59.892925 13.443408 -161.362696 -0.809941 -0.339300 0.477387 0.562500 0.250000 1 1 1.000000
1 -64.702913 5.367134 -176.009614 -0.950771 0.077523 0.297938 0.625000 0.291992 1 1 1.000000
1fireff1_01_ne01_mesh1
1 -59.892925 13.443408 -161.362696 -0.809941 -0.339300 0.477387 0.562500 0.250000 1 1 1.000000
1 -64.260249 17.408642 -169.391251 -0.952915 -0.215781 0.210564 0.625000 0.250000 1 1 1.000000
1 -64.702913 5.367134 -176.009614 -0.950771 0.077523 0.297938 0.625000 0.291992 1 1 1.000000
1fireff1_01_ne01_mesh1
1 -64.702913 5.367134 -176.009614 -0.950771 0.077523 0.297938 0.625000 0.291992 1 1 1.000000
1 -64.260249 17.408642 -169.391251 -0.952915 -0.215781 0.210564 0.625000 0.250000 1 1 1.000000
1 -66.492842 7.171782 -184.710549 -0.985806 0.164373 -0.002259 0.687500 0.291992 1 1 1.000000
1fireff1_01_ne01_mesh1
1 -64.260249 17.408642 -169.391251 -0.952915 -0.215781 0.210564 0.625000 0.250000 1 1 1.000000
1 -65.466633 22.170630 -177.643164 -0.996223 0.019744 -0.077164 0.687500 0.250000 1 1 1.000000
1 -66.492842 7.171782 -184.710549 -0.985806 0.164373 -0.002259 0.687500 0.291992 1 1 1.000000
1fireff1_01_ne01_mesh1
1 -33.148853 36.185356 -187.819469 0.468341 0.429254 -0.772016 0.000000 0.250000 1 1 1.000000
1 -31.330531 57.717212 -178.528750 0.339374 0.689857 -0.638559 0.000000 0.208496 1 1 1.000000
1 -27.144949 30.349588 -181.202912 0.774888 0.316874 -0.546424 0.062500 0.250000 1 1 1.000000
1fireff1_01_ne01_mesh1
1 -31.330531 57.717212 -178.528750 0.339374 0.689857 -0.638559 0.000000 0.208496 1 1 1.000000
1 -23.512389 54.453443 -174.759022 0.787155 0.467227 -0.402017 0.062500 0.208496 1 1 1.000000
1 -27.144949 30.349588 -181.202912 0.774888 0.316874 -0.546424 0.062500 0.250000 1 1 1.000000
1fireff1_01_ne01_mesh1
1 -27.144949 30.349588 -181.202912 0.774888 0.316874 -0.546424 0.062500 0.250000 1 1 1.000000
1 -23.512389 54.453443 -174.759022 0.787155 0.467227 -0.402017 0.062500 0.208496 1 1 1.000000
1 -22.767562 22.822441 -175.481417 0.958688 0.167939 -0.227351 0.125000 0.250000 1 1 1.000000
1fireff1_01_ne01_mesh1
1 -23.512389 54.453443 -174.759022 0.787155 0.467227 -0.402017 0.062500 0.208496 1 1 1.000000
1 -19.016199 46.882143 -169.360148 0.937818 0.257849 -0.229371 0.125000 0.208496 1 1 1.000000
1 -22.767562 22.822441 -175.481417 0.958688 0.167939 -0.227351 0.125000 0.250000 1 1 1.000000
1fireff1_01_ne01_mesh1
1 -22.767562 22.822441 -175.481417 0.958688 0.167939 -0.227351 0.125000 0.250000 1 1 1.000000
1 -19.016199 46.882143 -169.360148 0.937818 0.257849 -0.229371 0.125000 0.208496 1 1 1.000000
1 -21.057001 16.715579 -169.340300 0.995395 -0.041243 0.084219 0.187500 0.250000 1 1 1.000000
1fireff1_01_ne01_mesh1
1 -19.016199 46.882143 -169.360148 0.937818 0.257849 -0.229371 0.125000 0.208496 1 1 1.000000
1 -18.114707 38.155711 -162.892936 0.993652 0.087743 -0.064897 0.187500 0.208496 1 1 1.000000
1 -21.057001 16.715579 -169.340300 0.995395 -0.041243 0.084219 0.187500 0.250000 1 1 1.000000
1fireff1_01_ne01_mesh1
1 -21.057001 16.715579 -169.340300 0.995395 -0.041243 0.084219 0.187500 0.250000 1 1 1.000000
1 -18.114707 38.155711 -162.892936 0.993652 0.087743 -0.064897 0.187500 0.208496 1 1 1.000000
1 -23.146756 11.252470 -162.644667 0.888279 -0.247134 0.386688 0.250000 0.250000 1 1 1.000000
1fireff1_01_ne01_mesh1
1 -18.114707 38.155711 -162.892936 0.993652 0.087743 -0.064897 0.187500 0.208496 1 1 1.000000
1 -20.935213 29.311002 -156.553518 0.940354 -0.209789 0.265505 0.250000 0.208496 1 1 1.000000
1 -23.146756 11.252470 -162.644667 0.888279 -0.247134 0.386688 0.250000 0.250000 1 1 1.000000
1fireff1_01_ne01_mesh1
1 -23.146756 11.252470 -162.644667 0.888279 -0.247134 0.386688 0.250000 0.250000 1 1 1.000000
1 -20.935213 29.311002 -156.553518 0.940354 -0.209789 0.265505 0.250000 0.208496 1 1 1.000000
1 -28.959940 6.333324 -156.412958 0.654326 -0.433088 0.619132 0.312500 0.250000 1 1 1.000000
1fireff1_01_ne01_mesh1
1 -20.935213 29.311002 -156.553518 0.940354 -0.209789 0.265505 0.250000 0.208496 1 1 1.000000
1 -27.180929 22.002640 -150.781025 0.711759 -0.373115 0.594408 0.312500 0.208496 1 1 1.000000
1 -28.959940 6.333324 -156.412958 0.654326 -0.433088 0.619132 0.312500 0.250000 1 1 1.000000
1fireff1_01_ne01_mesh1
1 -28.959940 6.333324 -156.412958 0.654326 -0.433088 0.619132 0.312500 0.250000 1 1 1.000000
1 -27.180929 22.002640 -150.781025 0.711759 -0.373115 0.594408 0.312500 0.208496 1 1 1.000000
1 -37.349797 3.195097 -151.929684 0.278505 -0.574168 0.769039 0.375000 0.250000 1 1 1.000000
1fireff1_01_ne01_mesh1
1 -27.180929 22.002640 -150.781025 0.711759 -0.373115 0.594408 0.312500 0.208496 1 1 1.000000
1 -35.850068 17.135860 -146.713310 0.316278 -0.405967 0.856997 0.375000 0.208496 1 1 1.000000
1 -37.349797 3.195097 -151.929684 0.278505 -0.574168 0.769039 0.375000 0.250000 1 1 1.000000
1fireff1_01_ne01_mesh1
1 -37.349797 3.195097 -151.929684 0.278505 -0.574168 0.769039 0.375000 0.250000 1 1 1.000000
1 -35.850068 17.135860 -146.713310 0.316278 -0.405967 0.856997 0.375000 0.208496 1 1 1.000000
1 -46.131410 3.272331 -151.513030 -0.202707 -0.565728 0.798667 0.437500 0.250000 1 1 1.000000
1fireff1_01_ne01_mesh1
1 -35.850068 17.135860 -146.713310 0.316278 -0.405967 0.856997 0.375000 0.208496 1 1 1.000000
1 -44.915617 15.954685 -146.399481 -0.163054 -0.395904 0.903463 0.437500 0.208496 1 1 1.000000
1 -46.131410 3.272331 -151.513030 -0.202707 -0.565728 0.798667 0.437500 0.250000 1 1 1.000000
1fireff1_01_ne01_mesh1
1 -46.131410 3.272331 -151.513030 -0.202707 -0.565728 0.798667 0.437500 0.250000 1 1 1.000000
1 -44.915617 15.954685 -146.399481 -0.163054 -0.395904 0.903463 0.437500 0.208496 1 1 1.000000
1 -53.743586 7.828616 -154.964910 -0.602405 -0.405335 0.686817 0.500000 0.250000 1 1 1.000000
1fireff1_01_ne01_mesh1
1 -44.915617 15.954685 -146.399481 -0.163054 -0.395904 0.903463 0.437500 0.208496 1 1 1.000000
1 -53.100206 19.122231 -149.322997 -0.470697 -0.476178 0.742088 0.500000 0.208496 1 1 1.000000
1 -53.743586 7.828616 -154.964910 -0.602405 -0.405335 0.686817 0.500000 0.250000 1 1 1.000000
1fireff1_01_ne01_mesh1
1 -53.743586 7.828616 -154.964910 -0.602405 -0.405335 0.686817 0.500000 0.250000 1 1 1.000000
1 -53.100206 19.122231 -149.322997 -0.470697 -0.476178 0.742088 0.500000 0.208496 1 1 1.000000
1 -59.892925 13.443408 -161.362696 -0.809941 -0.339300 0.477387 0.562500 0.250000 1 1 1.000000
1fireff1_01_ne01_mesh1
1 -53.100206 19.122231 -149.322997 -0.470697 -0.476178 0.742088 0.500000 0.208496 1 1 1.000000
1 -60.734058 23.010012 -153.149469 -0.635716 -0.593399 0.493256 0.562500 0.208496 1 1 1.000000
1 -59.892925 13.443408 -161.362696 -0.809941 -0.339300 0.477387 0.562500 0.250000 1 1 1.000000
1fireff1_01_ne01_mesh1
1 -59.892925 13.443408 -161.362696 -0.809941 -0.339300 0.477387 0.562500 0.250000 1 1 1.000000
1 -60.734058 23.010012 -153.149469 -0.635716 -0.593399 0.493256 0.562500 0.208496 1 1 1.000000
1 -64.260249 17.408642 -169.391251 -0.952915 -0.215781 0.210564 0.625000 0.250000 1 1 1.000000
1fireff1_01_ne01_mesh1
1 -60.734058 23.010012 -153.149469 -0.635716 -0.593399 0.493256 0.562500 0.208496 1 1 1.000000
1 -66.419772 26.345624 -158.315132 -0.870009 -0.453059 0.192501 0.625000 0.208496 1 1 1.000000
1 -64.260249 17.408642 -169.391251 -0.952915 -0.215781 0.210564 0.625000 0.250000 1 1 1.000000
1fireff1_01_ne01_mesh1
1 -64.260249 17.408642 -169.391251 -0.952915 -0.215781 0.210564 0.625000 0.250000 1 1 1.000000
1 -66.419772 26.345624 -158.315132 -0.870009 -0.453059 0.192501 0.625000 0.208496 1 1 1.000000
1 -65.466633 22.170630 -177.643164 -0.996223 0.019744 -0.077164 0.687500 0.250000 1 1 1.000000
1fireff1_01_ne01_mesh1
1 -66.419772 26.345624 -158.315132 -0.870009 -0.453059 0.192501 0.625000 0.208496 1 1 1.000000
1 -67.847164 32.024594 -165.431988 -0.987517 -0.098190 -0.121981 0.687500 0.208496 1 1 1.000000
1 -65.466633 22.170630 -177.643164 -0.996223 0.019744 -0.077164 0.687500 0.250000 1 1 1.000000
1fireff1_01_ne01_mesh1
1 -31.330531 57.717212 -178.528750 0.339374 0.689857 -0.638559 0.000000 0.208496 1 1 1.000000
1 -42.045967 68.503506 -156.952501 0.054983 0.879674 -0.471972 0.000000 0.166992 1 1 1.000000
1 -23.512389 54.453443 -174.759022 0.787155 0.467227 -0.402017 0.062500 0.208496 1 1 1.000000
1fireff1_01_ne01_mesh1
1 -42.045967 68.503506 -156.952501 0.054983 0.879674 -0.471972 0.000000 0.166992 1 1 1.000000
1 -32.559754 67.072359 -151.587326 0.686479 0.715753 -0.124144 0.062500 0.166992 1 1 1.000000
1 -23.512389 54.453443 -174.759022 0.787155 0.467227 -0.402017 0.062500 0.208496 1 1 1.000000
1fireff1_01_ne01_mesh1
1 -23.512389 54.453443 -174.759022 0.787155 0.467227 -0.402017 0.062500 0.208496 1 1 1.000000
1 -32.559754 67.072359 -151.587326 0.686479 0.715753 -0.124144 0.062500 0.166992 1 1 1.000000
1 -19.016199 46.882143 -169.360148 0.937818 0.257849 -0.229371 0.125000 0.208496 1 1 1.000000
1fireff1_01_ne01_mesh1
1 -32.559754 67.072359 -151.587326 0.686479 0.715753 -0.124144 0.062500 0.166992 1 1 1.000000
1 -30.131279 58.688283 -150.462117 0.836589 0.546294 0.025148 0.125000 0.166992 1 1 1.000000
1 -19.016199 46.882143 -169.360148 0.937818 0.257849 -0.229371 0.125000 0.208496 1 1 1.000000
1fireff1_01_ne01_mesh1
1 -19.016199 46.882143 -169.360148 0.937818 0.257849 -0.229371 0.125000 0.208496 1 1 1.000000
1 -30.131279 58.688283 -150.462117 0.836589 0.546294 0.025148 0.125000 0.166992 1 1 1.000000
1 -18.114707 38.155711 -162.892936 0.993652 0.087743 -0.064897 0.187500 0.208496 1 1 1.000000
1fireff1_01_ne01_mesh1
1 -30.131279 58.688283 -150.462117 0.836589 0.546294 0.025148 0.125000 0.166992 1 1 1.000000
1 -22.922400 53.184875 -148.023163 0.880262 0.472916 -0.012025 0.187500 0.166992 1 1 1.000000
1 -18.114707 38.155711 -162.892936 0.993652 0.087743 -0.064897 0.187500 0.208496 1 1 1.000000
1fireff1_01_ne01_mesh1
1 -18.114707 38.155711 -162.892936 0.993652 0.087743 -0.064897 0.187500 0.208496 1 1 1.000000
1 -22.922400 53.184875 -148.023163 0.880262 0.472916 -0.012025 0.187500 0.166992 1 1 1.000000
1 -20.935213 29.311002 -156.553518 0.940354 -0.209789 0.265505 0.250000 0.208496 1 1 1.000000
1fireff1_01_ne01_mesh1
1 -22.922400 53.184875 -148.023163 0.880262 0.472916 -0.012025 0.187500 0.166992 1 1 1.000000
1 -19.145599 45.354226 -146.455481 0.985885 0.011214 0.164191 0.250000 0.166992 1 1 1.000000
1 -20.935213 29.311002 -156.553518 0.940354 -0.209789 0.265505 0.250000 0.208496 1 1 1.000000
1fireff1_01_ne01_mesh1
1 -20.935213 29.311002 -156.553518 0.940354 -0.209789 0.265505 0.250000 0.208496 1 1 1.000000
1 -19.145599 45.354226 -146.455481 0.985885 0.011214 0.164191 0.250000 0.166992 1 1 1.000000
1 -27.180929 22.002640 -150.781025 0.711759 -0.373115 0.594408 0.312500 0.208496 1 1 1.000000
1fireff1_01_ne01_mesh1
1 -19.145599 45.354226 -146.455481 0.985885 0.011214 0.164191 0.250000 0.166992 1 1 1.000000
1 -22.603961 38.249653 -143.499746 0.814948 -0.401122 0.417391 0.312500 0.166992 1 1 1.000000
1 -27.180929 22.002640 -150.781025 0.711759 -0.373115 0.594408 0.312500 0.208496 1 1 1.000000
1fireff1_01_ne01_mesh1
1 -27.180929 22.002640 -150.781025 0.711759 -0.373115 0.594408 0.312500 0.208496 1 1 1.000000
1 -22.603961 38.249653 -143.499746 0.814948 -0.401122 0.417391 0.312500 0.166992 1 1 1.000000
1 -35.850068 17.135860 -146.713310 0.316278 -0.405967 0.856997 0.375000 0.208496 1 1 1.000000
1fireff1_01_ne01_mesh1
1 -22.603961 38.249653 -143.499746 0.814948 -0.401122 0.417391 0.312500 0.166992 1 1 1.000000
1 -30.432340 32.419487 -140.227332 0.460865 -0.612032 0.641735 0.375000 0.166992 1 1 1.000000
1 -35.850068 17.135860 -146.713310 0.316278 -0.405967 0.856997 0.375000 0.208496 1 1 1.000000
1fireff1_01_ne01_mesh1
1 -35.850068 17.135860 -146.713310 0.316278 -0.405967 0.856997 0.375000 0.208496 1 1 1.000000
1 -30.432340 32.419487 -140.227332 0.460865 -0.612032 0.641735 0.375000 0.166992 1 1 1.000000
1 -44.915617 15.954685 -146.399481 -0.163054 -0.395904 0.903463 0.437500 0.208496 1 1 1.000000
1fireff1_01_ne01_mesh1
1 -30.432340 32.419487 -140.227332 0.460865 -0.612032 0.641735 0.375000 0.166992 1 1 1.000000
1 -40.313285 30.135938 -140.338488 0.118377 -0.666460 0.735070 0.437500 0.166992 1 1 1.000000
1 -44.915617 15.954685 -146.399481 -0.163054 -0.395904 0.903463 0.437500 0.208496 1 1 1.000000
1fireff1_01_ne01_mesh1
1 -44.915617 15.954685 -146.399481 -0.163054 -0.395904 0.903463 0.437500 0.208496 1 1 1.000000
1 -40.313285 30.135938 -140.338488 0.118377 -0.666460 0.735070 0.437500 0.166992 1 1 1.000000
1 -53.100206 19.122231 -149.322997 -0.470697 -0.476178 0.742088 0.500000 0.208496 1 1 1.000000
1fireff1_01_ne01_mesh1
1 -40.313285 30.135938 -140.338488 0.118377 -0.666460 0.735070 0.437500 0.166992 1 1 1.000000
1 -49.756028 28.936809 -141.088294 -0.015170 -0.775695 0.630427 0.500000 0.166992 1 1 1.000000
1 -53.100206 19.122231 -149.322997 -0.470697 -0.476178 0.742088 0.500000 0.208496 1 1 1.000000
1fireff1_01_ne01_mesh1
1 -53.100206 19.122231 -149.322997 -0.470697 -0.476178 0.742088 0.500000 0.208496 1 1 1.000000
1 -49.756028 28.936809 -141.088294 -0.015170 -0.775695 0.630427 0.500000 0.166992 1 1 1.000000
1 -60.734058 23.010012 -153.149469 -0.635716 -0.593399 0.493256 0.562500 0.208496 1 1 1.000000
1fireff1_01_ne01_mesh1
1 -49.756028 28.936809 -141.088294 -0.015170 -0.775695 0.630427 0.500000 0.166992 1 1 1.000000
1 -58.827735 28.698934 -142.901490 -0.295933 -0.838172 0.457370 0.562500 0.166992 1 1 1.000000
1 -60.734058 23.010012 -153.149469 -0.635716 -0.593399 0.493256 0.562500 0.208496 1 1 1.000000
1fireff1_01_ne01_mesh1
1 -60.734058 23.010012 -153.149469 -0.635716 -0.593399 0.493256 0.562500 0.208496 1 1 1.000000
1 -58.827735 28.698934 -142.901490 -0.295933 -0.838172 0.457370 0.562500 0.166992 1 1 1.000000
1 -66.419772 26.345624 -158.315132 -0.870009 -0.453059 0.192501 0.625000 0.208496 1 1 1.000000
1fireff1_01_ne01_mesh1
1 -58.827735 28.698934 -142.901490 -0.295933 -0.838172 0.457370 0.562500 0.166992 1 1 1.000000
1 -65.913031 31.063133 -145.914836 -0.811727 -0.503752 0.294626 0.625000 0.166992 1 1 1.000000
1 -66.419772 26.345624 -158.315132 -0.870009 -0.453059 0.192501 0.625000 0.208496 1 1 1.000000
1fireff1_01_ne01_mesh1
1 -66.419772 26.345624 -158.315132 -0.870009 -0.453059 0.192501 0.625000 0.208496 1 1 1.000000
1 -65.913031 31.063133 -145.914836 -0.811727 -0.503752 0.294626 0.625000 0.166992 1 1 1.000000
1 -67.847164 32.024594 -165.431988 -0.987517 -0.098190 -0.121981 0.687500 0.208496 1 1 1.000000
1fireff1_01_ne01_mesh1
1 -65.913031 31.063133 -145.914836 -0.811727 -0.503752 0.294626 0.625000 0.166992 1 1 1.000000
1 -69.709681 35.827725 -150.419585 -0.984357 -0.145265 0.094882 0.687500 0.166992 1 1 1.000000
1 -67.847164 32.024594 -165.431988 -0.987517 -0.098190 -0.121981 0.687500 0.208496 1 1 1.000000
1fireff1_01_ne01_mesh1
1 -42.045967 68.503506 -156.952501 0.054983 0.879674 -0.471972 0.000000 0.166992 1 1 1.000000
1 -54.612121 86.245891 -132.556683 -0.205331 0.904878 -0.370911 0.000000 0.125000 1 1 1.000000
1 -32.559754 67.072359 -151.587326 0.686479 0.715753 -0.124144 0.062500 0.166992 1 1 1.000000
1fireff1_01_ne01_mesh1
1 -54.612121 86.245891 -132.556683 -0.205331 0.904878 -0.370911 0.000000 0.125000 1 1 1.000000
1 -46.260314 83.887118 -126.029130 0.469880 0.882526 0.000902 0.062500 0.125000 1 1 1.000000
1 -32.559754 67.072359 -151.587326 0.686479 0.715753 -0.124144 0.062500 0.166992 1 1 1.000000
1fireff1_01_ne01_mesh1
1 -32.559754 67.072359 -151.587326 0.686479 0.715753 -0.124144 0.062500 0.166992 1 1 1.000000
1 -46.260314 83.887118 -126.029130 0.469880 0.882526 0.000902 0.062500 0.125000 1 1 1.000000
1 -30.131279 58.688283 -150.462117 0.836589 0.546294 0.025148 0.125000 0.166992 1 1 1.000000
1fireff1_01_ne01_mesh1
1 -46.260314 83.887118 -126.029130 0.469880 0.882526 0.000902 0.062500 0.125000 1 1 1.000000
1 -38.146149 74.409817 -120.384500 0.707700 0.698268 0.103821 0.125000 0.125000 1 1 1.000000
1 -30.131279 58.688283 -150.462117 0.836589 0.546294 0.025148 0.125000 0.166992 1 1 1.000000
1fireff1_01_ne01_mesh1
1 -30.131279 58.688283 -150.462117 0.836589 0.546294 0.025148 0.125000 0.166992 1 1 1.000000
1 -38.146149 74.409817 -120.384500 0.707700 0.698268 0.103821 0.125000 0.125000 1 1 1.000000
1 -22.922400 53.184875 -148.023163 0.880262 0.472916 -0.012025 0.187500 0.166992 1 1 1.000000
1fireff1_01_ne01_mesh1
1 -38.146149 74.409817 -120.384500 0.707700 0.698268 0.103821 0.125000 0.125000 1 1 1.000000
1 -31.165584 66.843853 -112.997635 0.751617 0.637252 0.167856 0.187500 0.125000 1 1 1.000000
1 -22.922400 53.184875 -148.023163 0.880262 0.472916 -0.012025 0.187500 0.166992 1 1 1.000000
1fireff1_01_ne01_mesh1
1 -22.922400 53.184875 -148.023163 0.880262 0.472916 -0.012025 0.187500 0.166992 1 1 1.000000
1 -31.165584 66.843853 -112.997635 0.751617 0.637252 0.167856 0.187500 0.125000 1 1 1.000000
1 -19.145599 45.354226 -146.455481 0.985885 0.011214 0.164191 0.250000 0.166992 1 1 1.000000
1fireff1_01_ne01_mesh1
1 -31.165584 66.843853 -112.997635 0.751617 0.637252 0.167856 0.187500 0.125000 1 1 1.000000
1 -28.610524 61.693112 -110.068041 0.883883 0.253439 0.392354 0.250000 0.125000 1 1 1.000000
1 -19.145599 45.354226 -146.455481 0.985885 0.011214 0.164191 0.250000 0.166992 1 1 1.000000
1fireff1_01_ne01_mesh1
1 -19.145599 45.354226 -146.455481 0.985885 0.011214 0.164191 0.250000 0.166992 1 1 1.000000
1 -28.610524 61.693112 -110.068041 0.883883 0.253439 0.392354 0.250000 0.125000 1 1 1.000000
1 -22.603961 38.249653 -143.499746 0.814948 -0.401122 0.417391 0.312500 0.166992 1 1 1.000000
1fireff1_01_ne01_mesh1
1 -28.610524 61.693112 -110.068041 0.883883 0.253439 0.392354 0.250000 0.125000 1 1 1.000000
1 -29.130310 56.496573 -109.479985 0.817650 -0.244065 0.520713 0.312500 0.125000 1 1 1.000000
1 -22.603961 38.249653 -143.499746 0.814948 -0.401122 0.417391 0.312500 0.166992 1 1 1.000000
1fireff1_01_ne01_mesh1
1 -22.603961 38.249653 -143.499746 0.814948 -0.401122 0.417391 0.312500 0.166992 1 1 1.000000
1 -29.130310 56.496573 -109.479985 0.817650 -0.244065 0.520713 0.312500 0.125000 1 1 1.000000
1 -30.432340 32.419487 -140.227332 0.460865 -0.612032 0.641735 0.375000 0.166992 1 1 1.000000
1fireff1_01_ne01_mesh1
1 -29.130310 56.496573 -109.479985 0.817650 -0.244065 0.520713 0.312500 0.125000 1 1 1.000000
1 -31.798836 51.472653 -110.722160 0.613865 -0.603387 0.508321 0.375000 0.125000 1 1 1.000000
1 -30.432340 32.419487 -140.227332 0.460865 -0.612032 0.641735 0.375000 0.166992 1 1 1.000000
1fireff1_01_ne01_mesh1
1 -30.432340 32.419487 -140.227332 0.460865 -0.612032 0.641735 0.375000 0.166992 1 1 1.000000
1 -31.798836 51.472653 -110.722160 0.613865 -0.603387 0.508321 0.375000 0.125000 1 1 1.000000
1 -40.313285 30.135938 -140.338488 0.118377 -0.666460 0.735070 0.437500 0.166992 1 1 1.000000
1fireff1_01_ne01_mesh1
1 -31.798836 51.472653 -110.722160 0.613865 -0.603387 0.508321 0.375000 0.125000 1 1 1.000000
1 -38.229014 47.020466 -114.637664 0.411427 -0.795029 0.444428 0.437500 0.125000 1 1 1.000000
1 -40.313285 30.135938 -140.338488 0.118377 -0.666460 0.735070 0.437500 0.166992 1 1 1.000000
1fireff1_01_ne01_mesh1
1 -40.313285 30.135938 -140.338488 0.118377 -0.666460 0.735070 0.437500 0.166992 1 1 1.000000
1 -38.229014 47.020466 -114.637664 0.411427 -0.795029 0.444428 0.437500 0.125000 1 1 1.000000
1 -49.756028 28.936809 -141.088294 -0.015170 -0.775695 0.630427 0.500000 0.166992 1 1 1.000000
1fireff1_01_ne01_mesh1
1 -38.229014 47.020466 -114.637664 0.411427 -0.795029 0.444428 0.437500 0.125000 1 1 1.000000
1 -44.689106 40.453702 -118.330199 0.405003 -0.841089 0.357060 0.500000 0.125000 1 1 1.000000
1 -49.756028 28.936809 -141.088294 -0.015170 -0.775695 0.630427 0.500000 0.166992 1 1 1.000000
1fireff1_01_ne01_mesh1
1 -49.756028 28.936809 -141.088294 -0.015170 -0.775695 0.630427 0.500000 0.166992 1 1 1.000000
1 -44.689106 40.453702 -118.330199 0.405003 -0.841089 0.357060 0.500000 0.125000 1 1 1.000000
1 -58.827735 28.698934 -142.901490 -0.295933 -0.838172 0.457370 0.562500 0.166992 1 1 1.000000
1fireff1_01_ne01_mesh1
1 -44.689106 40.453702 -118.330199 0.405003 -0.841089 0.357060 0.500000 0.125000 1 1 1.000000
1 -51.346186 34.888425 -122.363185 0.174727 -0.954922 0.238284 0.562500 0.125000 1 1 1.000000
1 -58.827735 28.698934 -142.901490 -0.295933 -0.838172 0.457370 0.562500 0.166992 1 1 1.000000
1fireff1_01_ne01_mesh1
1 -58.827735 28.698934 -142.901490 -0.295933 -0.838172 0.457370 0.562500 0.166992 1 1 1.000000
1 -51.346186 34.888425 -122.363185 0.174727 -0.954922 0.238284 0.562500 0.125000 1 1 1.000000
1 -65.913031 31.063133 -145.914836 -0.811727 -0.503752 0.294626 0.625000 0.166992 1 1 1.000000
1fireff1_01_ne01_mesh1
1 -51.346186 34.888425 -122.363185 0.174727 -0.954922 0.238284 0.562500 0.125000 1 1 1.000000
1 -65.453269 35.354860 -130.021216 -0.575322 -0.801959 0.158365 0.625000 0.125000 1 1 1.000000
1 -65.913031 31.063133 -145.914836 -0.811727 -0.503752 0.294626 0.625000 0.166992 1 1 1.000000
1fireff1_01_ne01_mesh1
1 -65.913031 31.063133 -145.914836 -0.811727 -0.503752 0.294626 0.625000 0.166992 1 1 1.000000
1 -65.453269 35.354860 -130.021216 -0.575322 -0.801959 0.158365 0.625000 0.125000 1 1 1.000000
1 -69.709681 35.827725 -150.419585 -0.984357 -0.145265 0.094882 0.687500 0.166992 1 1 1.000000
1fireff1_01_ne01_mesh1
1 -65.453269 35.354860 -130.021216 -0.575322 -0.801959 0.158365 0.625000 0.125000 1 1 1.000000
1 -62.440225 35.556471 -130.969458 -0.941525 -0.335830 -0.013950 0.687500 0.125000 1 1 1.000000
1 -69.709681 35.827725 -150.419585 -0.984357 -0.145265 0.094882 0.687500 0.166992 1 1 1.000000
1fireff1_01_ne01_mesh1
1 -54.612121 86.245891 -132.556683 -0.205331 0.904878 -0.370911 0.000000 0.125000 1 1 1.000000
1 -67.914022 81.963801 -112.829234 -0.504926 0.814752 -0.283312 0.000000 0.083496 1 1 1.000000
1 -46.260314 83.887118 -126.029130 0.469880 0.882526 0.000902 0.062500 0.125000 1 1 1.000000
1fireff1_01_ne01_mesh1
1 -67.914022 81.963801 -112.829234 -0.504926 0.814752 -0.283312 0.000000 0.083496 1 1 1.000000
1 -60.206408 85.105353 -103.953183 0.045192 0.962557 0.266162 0.062500 0.083496 1 1 1.000000
1 -46.260314 83.887118 -126.029130 0.469880 0.882526 0.000902 0.062500 0.125000 1 1 1.000000
1fireff1_01_ne01_mesh1
1 -46.260314 83.887118 -126.029130 0.469880 0.882526 0.000902 0.062500 0.125000 1 1 1.000000
1 -60.206408 85.105353 -103.953183 0.045192 0.962557 0.266162 0.062500 0.083496 1 1 1.000000
1 -38.146149 74.409817 -120.384500 0.707700 0.698268 0.103821 0.125000 0.125000 1 1 1.000000
1fireff1_01_ne01_mesh1
1 -60.206408 85.105353 -103.953183 0.045192 0.962557 0.266162 0.062500 0.083496 1 1 1.000000
1 -54.242743 79.306899 -98.950895 0.308532 0.885422 0.347163 0.125000 0.083496 1 1 1.000000
1 -38.146149 74.409817 -120.384500 0.707700 0.698268 0.103821 0.125000 0.125000 1 1 1.000000
1fireff1_01_ne01_mesh1
1 -38.146149 74.409817 -120.384500 0.707700 0.698268 0.103821 0.125000 0.125000 1 1 1.000000
1 -54.242743 79.306899 -98.950895 0.308532 0.885422 0.347163 0.125000 0.083496 1 1 1.000000
1 -31.165584 66.843853 -112.997635 0.751617 0.637252 0.167856 0.187500 0.125000 1 1 1.000000
1fireff1_01_ne01_mesh1
1 -54.242743 79.306899 -98.950895 0.308532 0.885422 0.347163 0.125000 0.083496 1 1 1.000000
1 -51.327675 75.163254 -91.653787 0.376796 0.817584 0.434698 0.187500 0.083496 1 1 1.000000
1 -31.165584 66.843853 -112.997635 0.751617 0.637252 0.167856 0.187500 0.125000 1 1 1.000000
1fireff1_01_ne01_mesh1
1 -31.165584 66.843853 -112.997635 0.751617 0.637252 0.167856 0.187500 0.125000 1 1 1.000000
1 -51.327675 75.163254 -91.653787 0.376796 0.817584 0.434698 0.187500 0.083496 1 1 1.000000
1 -28.610524 61.693112 -110.068041 0.883883 0.253439 0.392354 0.250000 0.125000 1 1 1.000000
1fireff1_01_ne01_mesh1
1 -51.327675 75.163254 -91.653787 0.376796 0.817584 0.434698 0.187500 0.083496 1 1 1.000000
1 -49.010093 68.867483 -87.566745 0.570048 0.493655 0.655794 0.250000 0.083496 1 1 1.000000
1 -28.610524 61.693112 -110.068041 0.883883 0.253439 0.392354 0.250000 0.125000 1 1 1.000000
1fireff1_01_ne01_mesh1
1 -28.610524 61.693112 -110.068041 0.883883 0.253439 0.392354 0.250000 0.125000 1 1 1.000000
1 -49.010093 68.867483 -87.566745 0.570048 0.493655 0.655794 0.250000 0.083496 1 1 1.000000
1 -29.130310 56.496573 -109.479985 0.817650 -0.244065 0.520713 0.312500 0.125000 1 1 1.000000
1fireff1_01_ne01_mesh1
1 -49.010093 68.867483 -87.566745 0.570048 0.493655 0.655794 0.250000 0.083496 1 1 1.000000
1 -47.519805 61.886788 -87.711544 0.728770 0.113226 0.674734 0.312500 0.083496 1 1 1.000000
1 -29.130310 56.496573 -109.479985 0.817650 -0.244065 0.520713 0.312500 0.125000 1 1 1.000000
1fireff1_01_ne01_mesh1
1 -29.130310 56.496573 -109.479985 0.817650 -0.244065 0.520713 0.312500 0.125000 1 1 1.000000
1 -47.519805 61.886788 -87.711544 0.728770 0.113226 0.674734 0.312500 0.083496 1 1 1.000000
1 -31.798836 51.472653 -110.722160 0.613865 -0.603387 0.508321 0.375000 0.125000 1 1 1.000000
1fireff1_01_ne01_mesh1
1 -47.519805 61.886788 -87.711544 0.728770 0.113226 0.674734 0.312500 0.083496 1 1 1.000000
1 -46.989526 53.703872 -91.265299 0.817099 -0.266361 0.510477 0.375000 0.083496 1 1 1.000000
1 -31.798836 51.472653 -110.722160 0.613865 -0.603387 0.508321 0.375000 0.125000 1 1 1.000000
1fireff1_01_ne01_mesh1
1 -31.798836 51.472653 -110.722160 0.613865 -0.603387 0.508321 0.375000 0.125000 1 1 1.000000
1 -46.989526 53.703872 -91.265299 0.817099 -0.266361 0.510477 0.375000 0.083496 1 1 1.000000
1 -38.229014 47.020466 -114.637664 0.411427 -0.795029 0.444428 0.437500 0.125000 1 1 1.000000
1fireff1_01_ne01_mesh1
1 -46.989526 53.703872 -91.265299 0.817099 -0.266361 0.510477 0.375000 0.083496 1 1 1.000000
1 -48.425530 45.914826 -97.028869 0.758337 -0.594979 0.264430 0.437500 0.083496 1 1 1.000000
1 -38.229014 47.020466 -114.637664 0.411427 -0.795029 0.444428 0.437500 0.125000 1 1 1.000000
1fireff1_01_ne01_mesh1
1 -38.229014 47.020466 -114.637664 0.411427 -0.795029 0.444428 0.437500 0.125000 1 1 1.000000
1 -48.425530 45.914826 -97.028869 0.758337 -0.594979 0.264430 0.437500 0.083496 1 1 1.000000
1 -44.689106 40.453702 -118.330199 0.405003 -0.841089 0.357060 0.500000 0.125000 1 1 1.000000
1fireff1_01_ne01_mesh1
1 -48.425530 45.914826 -97.028869 0.758337 -0.594979 0.264430 0.437500 0.083496 1 1 1.000000
1 -52.626039 40.330293 -103.536619 0.684131 -0.715956 0.134687 0.500000 0.083496 1 1 1.000000
1 -44.689106 40.453702 -118.330199 0.405003 -0.841089 0.357060 0.500000 0.125000 1 1 1.000000
1fireff1_01_ne01_mesh1
1 -44.689106 40.453702 -118.330199 0.405003 -0.841089 0.357060 0.500000 0.125000 1 1 1.000000
1 -52.626039 40.330293 -103.536619 0.684131 -0.715956 0.134687 0.500000 0.083496 1 1 1.000000
1 -51.346186 34.888425 -122.363185 0.174727 -0.954922 0.238284 0.562500 0.125000 1 1 1.000000
1fireff1_01_ne01_mesh1
1 -52.626039 40.330293 -103.536619 0.684131 -0.715956 0.134687 0.500000 0.083496 1 1 1.000000
1 -57.764595 35.866793 -109.807768 0.504956 -0.862395 -0.007505 0.562500 0.083496 1 1 1.000000
1 -51.346186 34.888425 -122.363185 0.174727 -0.954922 0.238284 0.562500 0.125000 1 1 1.000000
1fireff1_01_ne01_mesh1
1 -51.346186 34.888425 -122.363185 0.174727 -0.954922 0.238284 0.562500 0.125000 1 1 1.000000
1 -57.764595 35.866793 -109.807768 0.504956 -0.862395 -0.007505 0.562500 0.083496 1 1 1.000000
1 -65.453269 35.354860 -130.021216 -0.575322 -0.801959 0.158365 0.625000 0.125000 1 1 1.000000
1fireff1_01_ne01_mesh1
1 -57.764595 35.866793 -109.807768 0.504956 -0.862395 -0.007505 0.562500 0.083496 1 1 1.000000
1 -63.526349 34.749931 -115.324467 0.024400 -0.978127 -0.205600 0.625000 0.083496 1 1 1.000000
1 -65.453269 35.354860 -130.021216 -0.575322 -0.801959 0.158365 0.625000 0.125000 1 1 1.000000
1fireff1_01_ne01_mesh1
1 -65.453269 35.354860 -130.021216 -0.575322 -0.801959 0.158365 0.625000 0.125000 1 1 1.000000
1 -63.526349 34.749931 -115.324467 0.024400 -0.978127 -0.205600 0.625000 0.083496 1 1 1.000000
1 -69.652100 37.471516 -118.856837 -0.489761 -0.763860 -0.419529 0.687500 0.083496 1 1 1.000000
1fireff1_01_ne01_mesh1
1 -63.526349 34.749931 -115.324467 0.024400 -0.978127 -0.205600 0.625000 0.083496 1 1 1.000000
1 -62.791231 29.089096 -100.888916 0.410072 -0.851425 -0.325412 0.625000 0.041992 1 1 1.000000
1 -69.652100 37.471516 -118.856837 -0.489761 -0.763860 -0.419529 0.687500 0.083496 1 1 1.000000
1fireff1_01_ne01_mesh1
1 -69.652100 37.471516 -118.856837 -0.489761 -0.763860 -0.419529 0.687500 0.083496 1 1 1.000000
1 -62.791231 29.089096 -100.888916 0.410072 -0.851425 -0.325412 0.625000 0.041992 1 1 1.000000
1 -70.631103 29.525785 -105.714865 0.093677 -0.840986 -0.532148 0.687500 0.041992 1 1 1.000000
1fireff1_01_ne01_mesh1
1 -62.791231 29.089096 -100.888916 0.410072 -0.851425 -0.325412 0.625000 0.041992 1 1 1.000000
1 -64.195092 22.717657 -86.488820 0.477773 -0.833250 -0.275600 0.625000 0.000000 1 1 1.000000
1 -70.631103 29.525785 -105.714865 0.093677 -0.840986 -0.532148 0.687500 0.041992 1 1 1.000000
1fireff1_01_ne01_mesh1
1 -64.195092 22.717657 -86.488820 0.477773 -0.833250 -0.275600 0.625000 0.000000 1 1 1.000000
1 -62.791231 29.089096 -100.888916 0.410072 -0.851425 -0.325412 0.625000 0.041992 1 1 1.000000
1 -58.267274 27.641081 -81.880401 0.958512 -0.282674 0.022250 0.562500 0.000000 1 1 1.000000
1fireff1_01_ne01_mesh1
1 -62.791231 29.089096 -100.888916 0.410072 -0.851425 -0.325412 0.625000 0.041992 1 1 1.000000
1 -57.895976 32.910274 -95.268516 0.771863 -0.626286 -0.104353 0.562500 0.041992 1 1 1.000000
1 -58.267274 27.641081 -81.880401 0.958512 -0.282674 0.022250 0.562500 0.000000 1 1 1.000000
1fireff1_01_ne01_mesh1
1 -58.267274 27.641081 -81.880401 0.958512 -0.282674 0.022250 0.562500 0.000000 1 1 1.000000
1 -57.895976 32.910274 -95.268516 0.771863 -0.626286 -0.104353 0.562500 0.041992 1 1 1.000000
1 -60.783525 35.452667 -75.978155 0.907105 -0.289209 0.305043 0.500000 0.000000 1 1 1.000000
1fireff1_01_ne01_mesh1
1 -57.895976 32.910274 -95.268516 0.771863 -0.626286 -0.104353 0.562500 0.041992 1 1 1.000000
1 -54.457945 37.664293 -87.945114 0.748258 -0.651132 0.123314 0.500000 0.041992 1 1 1.000000
1 -60.783525 35.452667 -75.978155 0.907105 -0.289209 0.305043 0.500000 0.000000 1 1 1.000000
1fireff1_01_ne01_mesh1
1 -60.783525 35.452667 -75.978155 0.907105 -0.289209 0.305043 0.500000 0.000000 1 1 1.000000
1 -54.457945 37.664293 -87.945114 0.748258 -0.651132 0.123314 0.500000 0.041992 1 1 1.000000
1 -60.199676 40.696107 -67.392592 0.812368 -0.326566 0.482281 0.437500 0.000000 1 1 1.000000
1fireff1_01_ne01_mesh1
1 -54.457945 37.664293 -87.945114 0.748258 -0.651132 0.123314 0.500000 0.041992 1 1 1.000000
1 -52.115051 43.055285 -80.801184 0.870500 -0.378413 0.313092 0.437500 0.041992 1 1 1.000000
1 -60.199676 40.696107 -67.392592 0.812368 -0.326566 0.482281 0.437500 0.000000 1 1 1.000000
1fireff1_01_ne01_mesh1
1 -60.199676 40.696107 -67.392592 0.812368 -0.326566 0.482281 0.437500 0.000000 1 1 1.000000
1 -52.115051 43.055285 -80.801184 0.870500 -0.378413 0.313092 0.437500 0.041992 1 1 1.000000
1 -62.664285 49.126035 -63.043117 0.737008 0.161581 0.655798 0.375000 0.000000 1 1 1.000000
1fireff1_01_ne01_mesh1
1 -52.115051 43.055285 -80.801184 0.870500 -0.378413 0.313092 0.437500 0.041992 1 1 1.000000
1 -53.900007 50.854027 -76.364668 0.854454 0.071622 0.513758 0.375000 0.041992 1 1 1.000000
1 -62.664285 49.126035 -63.043117 0.737008 0.161581 0.655798 0.375000 0.000000 1 1 1.000000
1fireff1_01_ne01_mesh1
1 -62.664285 49.126035 -63.043117 0.737008 0.161581 0.655798 0.375000 0.000000 1 1 1.000000
1 -53.900007 50.854027 -76.364668 0.854454 0.071622 0.513758 0.375000 0.041992 1 1 1.000000
1 -66.999837 54.192086 -60.990438 0.479135 0.484307 0.731515 0.312500 0.000000 1 1 1.000000
1fireff1_01_ne01_mesh1
1 -53.900007 50.854027 -76.364668 0.854454 0.071622 0.513758 0.375000 0.041992 1 1 1.000000
1 -60.006507 59.554544 -74.816765 0.611106 0.458828 0.644433 0.312500 0.041992 1 1 1.000000
1 -66.999837 54.192086 -60.990438 0.479135 0.484307 0.731515 0.312500 0.000000 1 1 1.000000
1fireff1_01_ne01_mesh1
1 -66.999837 54.192086 -60.990438 0.479135 0.484307 0.731515 0.312500 0.000000 1 1 1.000000
1 -60.006507 59.554544 -74.816765 0.611106 0.458828 0.644433 0.312500 0.041992 1 1 1.000000
1 -76.912216 58.755213 -63.362456 0.120455 0.734595 0.667523 0.250000 0.000000 1 1 1.000000
1fireff1_01_ne01_mesh1
1 -60.006507 59.554544 -74.816765 0.611106 0.458828 0.644433 0.312500 0.041992 1 1 1.000000
1 -67.920256 67.313070 -76.523081 0.278920 0.698154 0.659014 0.250000 0.041992 1 1 1.000000
1 -76.912216 58.755213 -63.362456 0.120455 0.734595 0.667523 0.250000 0.000000 1 1 1.000000
1fireff1_01_ne01_mesh1
1 -76.912216 58.755213 -63.362456 0.120455 0.734595 0.667523 0.250000 0.000000 1 1 1.000000
1 -67.920256 67.313070 -76.523081 0.278920 0.698154 0.659014 0.250000 0.041992 1 1 1.000000
1 -86.626595 61.398287 -67.154362 -0.449347 0.776039 0.441482 0.187500 0.000000 1 1 1.000000
1fireff1_01_ne01_mesh1
1 -67.920256 67.313070 -76.523081 0.278920 0.698154 0.659014 0.250000 0.041992 1 1 1.000000
1 -76.219329 73.083641 -81.441259 -0.187586 0.886118 0.422840 0.187500 0.041992 1 1 1.000000
1 -86.626595 61.398287 -67.154362 -0.449347 0.776039 0.441482 0.187500 0.000000 1 1 1.000000
1fireff1_01_ne01_mesh1
1 -86.626595 61.398287 -67.154362 -0.449347 0.776039 0.441482 0.187500 0.000000 1 1 1.000000
1 -76.219329 73.083641 -81.441259 -0.187586 0.886118 0.422840 0.187500 0.041992 1 1 1.000000
1 -90.436032 56.607304 -75.327133 -0.618712 0.716033 0.321645 0.125000 0.000000 1 1 1.000000
1fireff1_01_ne01_mesh1
1 -76.219329 73.083641 -81.441259 -0.187586 0.886118 0.422840 0.187500 0.041992 1 1 1.000000
1 -80.916358 72.013650 -87.635085 -0.339080 0.840362 0.421441 0.125000 0.041992 1 1 1.000000
1 -90.436032 56.607304 -75.327133 -0.618712 0.716033 0.321645 0.125000 0.000000 1 1 1.000000
1fireff1_01_ne01_mesh1
1 -90.436032 56.607304 -75.327133 -0.618712 0.716033 0.321645 0.125000 0.000000 1 1 1.000000
1 -80.916358 72.013650 -87.635085 -0.339080 0.840362 0.421441 0.125000 0.041992 1 1 1.000000
1 -100.681417 57.626847 -83.190207 -0.729802 0.648112 0.216674 0.062500 0.000000 1 1 1.000000
1fireff1_01_ne01_mesh1
1 -80.916358 72.013650 -87.635085 -0.339080 0.840362 0.421441 0.125000 0.041992 1 1 1.000000
1 -89.282428 73.640929 -96.713024 -0.542400 0.820061 0.180456 0.062500 0.041992 1 1 1.000000
1 -100.681417 57.626847 -83.190207 -0.729802 0.648112 0.216674 0.062500 0.000000 1 1 1.000000
1fireff1_01_ne01_mesh1
1 -100.681417 57.626847 -83.190207 -0.729802 0.648112 0.216674 0.062500 0.000000 1 1 1.000000
1 -89.282428 73.640929 -96.713024 -0.542400 0.820061 0.180456 0.062500 0.041992 1 1 1.000000
1 -102.314314 49.263575 -93.181367 -0.842216 0.177404 -0.507928 0.000000 0.000000 1 1 1.000000
1fireff1_01_ne01_mesh1
1 -89.282428 73.640929 -96.713024 -0.542400 0.820061 0.180456 0.062500 0.041992 1 1 1.000000
1 -91.455516 69.582181 -102.806299 -0.737480 0.476478 -0.477872 0.000000 0.041992 1 1 1.000000
1 -102.314314 49.263575 -93.181367 -0.842216 0.177404 -0.507928 0.000000 0.000000 1 1 1.000000
1fireff1_01_ne01_mesh1
1 -67.914022 81.963801 -112.829234 -0.504926 0.814752 -0.283312 0.000000 0.083496 1 1 1.000000
1 -91.455516 69.582181 -102.806299 -0.737480 0.476478 -0.477872 0.000000 0.041992 1 1 1.000000
1 -60.206408 85.105353 -103.953183 0.045192 0.962557 0.266162 0.062500 0.083496 1 1 1.000000
1fireff1_01_ne01_mesh1
1 -91.455516 69.582181 -102.806299 -0.737480 0.476478 -0.477872 0.000000 0.041992 1 1 1.000000
1 -89.282428 73.640929 -96.713024 -0.542400 0.820061 0.180456 0.062500 0.041992 1 1 1.000000
1 -60.206408 85.105353 -103.953183 0.045192 0.962557 0.266162 0.062500 0.083496 1 1 1.000000
1fireff1_01_ne01_mesh1
1 -60.206408 85.105353 -103.953183 0.045192 0.962557 0.266162 0.062500 0.083496 1 1 1.000000
1 -89.282428 73.640929 -96.713024 -0.542400 0.820061 0.180456 0.062500 0.041992 1 1 1.000000
1 -54.242743 79.306899 -98.950895 0.308532 0.885422 0.347163 0.125000 0.083496 1 1 1.000000
1fireff1_01_ne01_mesh1
1 -89.282428 73.640929 -96.713024 -0.542400 0.820061 0.180456 0.062500 0.041992 1 1 1.000000
1 -80.916358 72.013650 -87.635085 -0.339080 0.840362 0.421441 0.125000 0.041992 1 1 1.000000
1 -54.242743 79.306899 -98.950895 0.308532 0.885422 0.347163 0.125000 0.083496 1 1 1.000000
1fireff1_01_ne01_mesh1
1 -54.242743 79.306899 -98.950895 0.308532 0.885422 0.347163 0.125000 0.083496 1 1 1.000000
1 -80.916358 72.013650 -87.635085 -0.339080 0.840362 0.421441 0.125000 0.041992 1 1 1.000000
1 -51.327675 75.163254 -91.653787 0.376796 0.817584 0.434698 0.187500 0.083496 1 1 1.000000
1fireff1_01_ne01_mesh1
1 -80.916358 72.013650 -87.635085 -0.339080 0.840362 0.421441 0.125000 0.041992 1 1 1.000000
1 -76.219329 73.083641 -81.441259 -0.187586 0.886118 0.422840 0.187500 0.041992 1 1 1.000000
1 -51.327675 75.163254 -91.653787 0.376796 0.817584 0.434698 0.187500 0.083496 1 1 1.000000
1fireff1_01_ne01_mesh1
1 -51.327675 75.163254 -91.653787 0.376796 0.817584 0.434698 0.187500 0.083496 1 1 1.000000
1 -76.219329 73.083641 -81.441259 -0.187586 0.886118 0.422840 0.187500 0.041992 1 1 1.000000
1 -49.010093 68.867483 -87.566745 0.570048 0.493655 0.655794 0.250000 0.083496 1 1 1.000000
1fireff1_01_ne01_mesh1
1 -76.219329 73.083641 -81.441259 -0.187586 0.886118 0.422840 0.187500 0.041992 1 1 1.000000
1 -67.920256 67.313070 -76.523081 0.278920 0.698154 0.659014 0.250000 0.041992 1 1 1.000000
1 -49.010093 68.867483 -87.566745 0.570048 0.493655 0.655794 0.250000 0.083496 1 1 1.000000
1fireff1_01_ne01_mesh1
1 -49.010093 68.867483 -87.566745 0.570048 0.493655 0.655794 0.250000 0.083496 1 1 1.000000
1 -67.920256 67.313070 -76.523081 0.278920 0.698154 0.659014 0.250000 0.041992 1 1 1.000000
1 -47.519805 61.886788 -87.711544 0.728770 0.113226 0.674734 0.312500 0.083496 1 1 1.000000
1fireff1_01_ne01_mesh1
1 -67.920256 67.313070 -76.523081 0.278920 0.698154 0.659014 0.250000 0.041992 1 1 1.000000
1 -60.006507 59.554544 -74.816765 0.611106 0.458828 0.644433 0.312500 0.041992 1 1 1.000000
1 -47.519805 61.886788 -87.711544 0.728770 0.113226 0.674734 0.312500 0.083496 1 1 1.000000
1fireff1_01_ne01_mesh1
1 -47.519805 61.886788 -87.711544 0.728770 0.113226 0.674734 0.312500 0.083496 1 1 1.000000
1 -60.006507 59.554544 -74.816765 0.611106 0.458828 0.644433 0.312500 0.041992 1 1 1.000000
1 -46.989526 53.703872 -91.265299 0.817099 -0.266361 0.510477 0.375000 0.083496 1 1 1.000000
1fireff1_01_ne01_mesh1
1 -60.006507 59.554544 -74.816765 0.611106 0.458828 0.644433 0.312500 0.041992 1 1 1.000000
1 -53.900007 50.854027 -76.364668 0.854454 0.071622 0.513758 0.375000 0.041992 1 1 1.000000
1 -46.989526 53.703872 -91.265299 0.817099 -0.266361 0.510477 0.375000 0.083496 1 1 1.000000
1fireff1_01_ne01_mesh1
1 -46.989526 53.703872 -91.265299 0.817099 -0.266361 0.510477 0.375000 0.083496 1 1 1.000000
1 -53.900007 50.854027 -76.364668 0.854454 0.071622 0.513758 0.375000 0.041992 1 1 1.000000
1 -48.425530 45.914826 -97.028869 0.758337 -0.594979 0.264430 0.437500 0.083496 1 1 1.000000
1fireff1_01_ne01_mesh1
1 -53.900007 50.854027 -76.364668 0.854454 0.071622 0.513758 0.375000 0.041992 1 1 1.000000
1 -52.115051 43.055285 -80.801184 0.870500 -0.378413 0.313092 0.437500 0.041992 1 1 1.000000
1 -48.425530 45.914826 -97.028869 0.758337 -0.594979 0.264430 0.437500 0.083496 1 1 1.000000
1fireff1_01_ne01_mesh1
1 -48.425530 45.914826 -97.028869 0.758337 -0.594979 0.264430 0.437500 0.083496 1 1 1.000000
1 -52.115051 43.055285 -80.801184 0.870500 -0.378413 0.313092 0.437500 0.041992 1 1 1.000000
1 -52.626039 40.330293 -103.536619 0.684131 -0.715956 0.134687 0.500000 0.083496 1 1 1.000000
1fireff1_01_ne01_mesh1
1 -52.115051 43.055285 -80.801184 0.870500 -0.378413 0.313092 0.437500 0.041992 1 1 1.000000
1 -54.457945 37.664293 -87.945114 0.748258 -0.651132 0.123314 0.500000 0.041992 1 1 1.000000
1 -52.626039 40.330293 -103.536619 0.684131 -0.715956 0.134687 0.500000 0.083496 1 1 1.000000
1fireff1_01_ne01_mesh1
1 -52.626039 40.330293 -103.536619 0.684131 -0.715956 0.134687 0.500000 0.083496 1 1 1.000000
1 -54.457945 37.664293 -87.945114 0.748258 -0.651132 0.123314 0.500000 0.041992 1 1 1.000000
1 -57.764595 35.866793 -109.807768 0.504956 -0.862395 -0.007505 0.562500 0.083496 1 1 1.000000
1fireff1_01_ne01_mesh1
1 -54.457945 37.664293 -87.945114 0.748258 -0.651132 0.123314 0.500000 0.041992 1 1 1.000000
1 -57.895976 32.910274 -95.268516 0.771863 -0.626286 -0.104353 0.562500 0.041992 1 1 1.000000
1 -57.764595 35.866793 -109.807768 0.504956 -0.862395 -0.007505 0.562500 0.083496 1 1 1.000000
1fireff1_01_ne01_mesh1
1 -57.764595 35.866793 -109.807768 0.504956 -0.862395 -0.007505 0.562500 0.083496 1 1 1.000000
1 -57.895976 32.910274 -95.268516 0.771863 -0.626286 -0.104353 0.562500 0.041992 1 1 1.000000
1 -63.526349 34.749931 -115.324467 0.024400 -0.978127 -0.205600 0.625000 0.083496 1 1 1.000000
1fireff1_01_ne01_mesh1
1 -57.895976 32.910274 -95.268516 0.771863 -0.626286 -0.104353 0.562500 0.041992 1 1 1.000000
1 -62.791231 29.089096 -100.888916 0.410072 -0.851425 -0.325412 0.625000 0.041992 1 1 1.000000
1 -63.526349 34.749931 -115.324467 0.024400 -0.978127 -0.205600 0.625000 0.083496 1 1 1.000000
1fireff1_01_ne01_mesh1
1 -121.625640 -69.358369 -102.172475 -0.902504 0.194817 -0.383624 0.750000 0.666748 1 1 1.000000
1 -112.878643 -75.085654 -127.512361 -0.895805 0.251478 -0.365260 0.750000 0.625000 1 1 1.000000
1 -122.328210 -78.573784 -101.317632 -0.905771 -0.205279 -0.370313 0.812500 0.666748 1 1 1.000000
1fireff1_01_ne01_mesh1
1 -112.878643 -75.085654 -127.512361 -0.895805 0.251478 -0.365260 0.750000 0.625000 1 1 1.000000
1 -112.117380 -78.557023 -126.603925 -0.936267 -0.180529 -0.300366 0.812500 0.625000 1 1 1.000000
1 -122.328210 -78.573784 -101.317632 -0.905771 -0.205279 -0.370313 0.812500 0.666748 1 1 1.000000
1fireff1_01_ne01_mesh1
1 -122.328210 -78.573784 -101.317632 -0.905771 -0.205279 -0.370313 0.812500 0.666748 1 1 1.000000
1 -112.117380 -78.557023 -126.603925 -0.936267 -0.180529 -0.300366 0.812500 0.625000 1 1 1.000000
1 -119.110495 -88.954547 -101.648747 -0.822877 -0.418979 -0.382632 0.875000 0.666748 1 1 1.000000
1fireff1_01_ne01_mesh1
1 -112.117380 -78.557023 -126.603925 -0.936267 -0.180529 -0.300366 0.812500 0.625000 1 1 1.000000
1 -109.059746 -85.383963 -124.261494 -0.885812 -0.394371 -0.243137 0.875000 0.625000 1 1 1.000000
1 -119.110495 -88.954547 -101.648747 -0.822877 -0.418979 -0.382632 0.875000 0.666748 1 1 1.000000
1fireff1_01_ne01_mesh1
1 -119.110495 -88.954547 -101.648747 -0.822877 -0.418979 -0.382632 0.875000 0.666748 1 1 1.000000
1 -109.059746 -85.383963 -124.261494 -0.885812 -0.394371 -0.243137 0.875000 0.625000 1 1 1.000000
1 -111.805253 -96.824559 -103.400629 -0.778719 -0.570431 -0.260440 0.937500 0.666748 1 1 1.000000
1fireff1_01_ne01_mesh1
1 -109.059746 -85.383963 -124.261494 -0.885812 -0.394371 -0.243137 0.875000 0.625000 1 1 1.000000
1 -104.897443 -97.023619 -120.642065 -0.800309 -0.570716 -0.180308 0.937500 0.625000 1 1 1.000000
1 -111.805253 -96.824559 -103.400629 -0.778719 -0.570431 -0.260440 0.937500 0.666748 1 1 1.000000
1fireff1_01_ne01_mesh1
1 -111.805253 -96.824559 -103.400629 -0.778719 -0.570431 -0.260440 0.937500 0.666748 1 1 1.000000
1 -104.897443 -97.023619 -120.642065 -0.800309 -0.570716 -0.180308 0.937500 0.625000 1 1 1.000000
1 -103.102993 -101.170755 -102.514814 -0.547596 -0.816508 0.180954 1.000000 0.666748 1 1 1.000000
1fireff1_01_ne01_mesh1
1 -104.897443 -97.023619 -120.642065 -0.800309 -0.570716 -0.180308 0.937500 0.625000 1 1 1.000000
1 -99.509937 -109.111216 -116.503995 -0.476518 -0.879030 -0.008371 1.000000 0.625000 1 1 1.000000
1 -103.102993 -101.170755 -102.514814 -0.547596 -0.816508 0.180954 1.000000 0.666748 1 1 1.000000
1fireff1_01_ne01_mesh1
1 -104.463278 7.605829 -39.386370 0.024211 -0.998543 -0.033444 0.728516 0.958344 1 1 1.000000
1 -106.177111 10.883450 -64.828700 -0.467162 -0.817356 -0.336761 0.833496 0.958344 1 1 1.000000
1 -91.637502 1.425488 -64.247211 0.059931 -0.997161 -0.039570 0.720215 0.958344 1 1 1.000000
1fireff1_01_ne01_mesh1
1 -106.177111 10.883450 -64.828700 -0.467162 -0.817356 -0.336761 0.833496 0.958344 1 1 1.000000
1 -93.466095 12.866229 -82.710781 -0.492407 -0.683362 -0.538455 0.875000 0.958344 1 1 1.000000
1 -91.637502 1.425488 -64.247211 0.059931 -0.997161 -0.039570 0.720215 0.958344 1 1 1.000000
1fireff1_01_ne01_mesh1
1 -91.637502 1.425488 -64.247211 0.059931 -0.997161 -0.039570 0.720215 0.958344 1 1 1.000000
1 -93.466095 12.866229 -82.710781 -0.492407 -0.683362 -0.538455 0.875000 0.958344 1 1 1.000000
1 -84.391385 10.597746 -82.582980 -0.199089 -0.817471 -0.539893 0.812500 0.958344 1 1 1.000000
1fireff1_01_ne01_mesh1
1 -93.466095 12.866229 -82.710781 -0.492407 -0.683362 -0.538455 0.875000 0.958344 1 1 1.000000
1 -97.705716 32.798702 -100.021202 -0.801182 -0.261052 -0.537737 0.875000 1.000000 1 1 1.000000
1 -84.391385 10.597746 -82.582980 -0.199089 -0.817471 -0.539893 0.812500 0.958344 1 1 1.000000
1fireff1_01_ne01_mesh1
1 -84.391385 10.597746 -82.582980 -0.199089 -0.817471 -0.539893 0.812500 0.958344 1 1 1.000000
1 -97.705716 32.798702 -100.021202 -0.801182 -0.261052 -0.537737 0.875000 1.000000 1 1 1.000000
1 -89.193225 28.850222 -103.374200 -0.368851 -0.571095 -0.733062 0.812500 1.000000 1 1 1.000000
1fireff1_01_ne01_mesh1
1 -102.314314 49.263575 -93.181367 -0.842216 0.177404 -0.507928 1.000000 1.000000 1 1 1.000000
1 -99.197294 39.880704 -94.045063 -0.809087 -0.064099 -0.583775 0.937500 1.000000 1 1 1.000000
1 -112.061749 24.538683 -79.964573 -0.620176 -0.389102 -0.680570 1.000000 0.958344 1 1 1.000000
1fireff1_01_ne01_mesh1
1 -99.197294 39.880704 -94.045063 -0.809087 -0.064099 -0.583775 0.937500 1.000000 1 1 1.000000
1 -99.265235 19.506750 -80.005191 -0.597532 -0.554565 -0.578440 0.937500 0.958344 1 1 1.000000
1 -112.061749 24.538683 -79.964573 -0.620176 -0.389102 -0.680570 1.000000 0.958344 1 1 1.000000
1fireff1_01_ne01_mesh1
1 -99.197294 39.880704 -94.045063 -0.809087 -0.064099 -0.583775 0.937500 1.000000 1 1 1.000000
1 -97.705716 32.798702 -100.021202 -0.801182 -0.261052 -0.537737 0.875000 1.000000 1 1 1.000000
1 -99.265235 19.506750 -80.005191 -0.597532 -0.554565 -0.578440 0.937500 0.958344 1 1 1.000000
1fireff1_01_ne01_mesh1
1 -97.705716 32.798702 -100.021202 -0.801182 -0.261052 -0.537737 0.875000 1.000000 1 1 1.000000
1 -93.466095 12.866229 -82.710781 -0.492407 -0.683362 -0.538455 0.875000 0.958344 1 1 1.000000
1 -99.265235 19.506750 -80.005191 -0.597532 -0.554565 -0.578440 0.937500 0.958344 1 1 1.000000
1fireff1_01_ne01_mesh1
1 -99.265235 19.506750 -80.005191 -0.597532 -0.554565 -0.578440 0.937500 0.958344 1 1 1.000000
1 -93.466095 12.866229 -82.710781 -0.492407 -0.683362 -0.538455 0.875000 0.958344 1 1 1.000000
1 -106.177111 10.883450 -64.828700 -0.467162 -0.817356 -0.336761 0.833496 0.958344 1 1 1.000000
1fireff1_01_ne01_mesh1
1 -104.463278 7.605829 -39.386370 0.024211 -0.998543 -0.033444 0.515625 0.958344 1 1 1.000000
1 -116.906632 -1.144801 -9.476694 -0.431078 -0.477860 0.764785 0.457764 0.958344 1 1 1.000000
1 -107.472202 14.665303 -36.934389 -0.936299 0.213068 0.277838 0.497803 0.958344 1 1 1.000000
1fireff1_01_ne01_mesh1
1 -116.906632 -1.144801 -9.476694 -0.431078 -0.477860 0.764785 0.457764 0.958344 1 1 1.000000
1 -111.512416 20.063376 -34.668408 -0.983930 0.129762 -0.120292 0.365234 0.958344 1 1 1.000000
1 -107.472202 14.665303 -36.934389 -0.936299 0.213068 0.277838 0.497803 0.958344 1 1 1.000000
1fireff1_01_ne01_mesh1
1 -107.472202 14.665303 -36.934389 -0.936299 0.213068 0.277838 0.497803 0.958344 1 1 1.000000
1 -111.512416 20.063376 -34.668408 -0.983930 0.129762 -0.120292 0.365234 0.958344 1 1 1.000000
1 -105.369737 31.490422 -51.660822 -0.811980 0.527000 0.248778 0.303467 0.958344 1 1 1.000000
1fireff1_01_ne01_mesh1
1 -111.512416 20.063376 -34.668408 -0.983930 0.129762 -0.120292 0.365234 0.958344 1 1 1.000000
1 -106.145983 36.782475 -48.510041 -0.870703 0.489094 0.044029 0.388916 0.958344 1 1 1.000000
1 -105.369737 31.490422 -51.660822 -0.811980 0.527000 0.248778 0.303467 0.958344 1 1 1.000000
1fireff1_01_ne01_mesh1
1 -105.369737 31.490422 -51.660822 -0.811980 0.527000 0.248778 0.303467 0.958344 1 1 1.000000
1 -106.145983 36.782475 -48.510041 -0.870703 0.489094 0.044029 0.388916 0.958344 1 1 1.000000
1 -100.261048 44.077407 -64.689661 -0.558979 0.744891 0.362496 0.187500 0.958344 1 1 1.000000
1fireff1_01_ne01_mesh1
1 -106.145983 36.782475 -48.510041 -0.870703 0.489094 0.044029 0.388916 0.958344 1 1 1.000000
1 -87.201282 50.911137 -55.685643 -0.254434 0.762248 0.594938 0.312500 0.958344 1 1 1.000000
1 -100.261048 44.077407 -64.689661 -0.558979 0.744891 0.362496 0.187500 0.958344 1 1 1.000000
1fireff1_01_ne01_mesh1
1 -100.261048 44.077407 -64.689661 -0.558979 0.744891 0.362496 0.187500 0.958344 1 1 1.000000
1 -87.201282 50.911137 -55.685643 -0.254434 0.762248 0.594938 0.312500 0.958344 1 1 1.000000
1 -86.626595 61.398287 -67.154362 -0.449347 0.776039 0.441482 0.187500 1.000000 1 1 1.000000
1fireff1_01_ne01_mesh1
1 -87.201282 50.911137 -55.685643 -0.254434 0.762248 0.594938 0.312500 0.958344 1 1 1.000000
1 -76.912216 58.755213 -63.362456 0.120455 0.734595 0.667523 0.250000 1.000000 1 1 1.000000
1 -86.626595 61.398287 -67.154362 -0.449347 0.776039 0.441482 0.187500 1.000000 1 1 1.000000
1fireff1_01_ne01_mesh1
1 -86.626595 61.398287 -67.154362 -0.449347 0.776039 0.441482 0.187500 1.000000 1 1 1.000000
1 -90.436032 56.607304 -75.327133 -0.618712 0.716033 0.321645 0.125000 1.000000 1 1 1.000000
1 -100.261048 44.077407 -64.689661 -0.558979 0.744891 0.362496 0.187500 0.958344 1 1 1.000000
1fireff1_01_ne01_mesh1
1 -90.436032 56.607304 -75.327133 -0.618712 0.716033 0.321645 0.125000 1.000000 1 1 1.000000
1 -100.681417 57.626847 -83.190207 -0.729802 0.648112 0.216674 0.062500 1.000000 1 1 1.000000
1 -100.261048 44.077407 -64.689661 -0.558979 0.744891 0.362496 0.187500 0.958344 1 1 1.000000
1fireff1_01_ne01_mesh1
1 -100.261048 44.077407 -64.689661 -0.558979 0.744891 0.362496 0.187500 0.958344 1 1 1.000000
1 -100.681417 57.626847 -83.190207 -0.729802 0.648112 0.216674 0.062500 1.000000 1 1 1.000000
1 -112.017679 39.561710 -70.399517 -0.797921 0.593531 0.098294 0.125000 0.958344 1 1 1.000000
1fireff1_01_ne01_mesh1
1 -100.681417 57.626847 -83.190207 -0.729802 0.648112 0.216674 0.062500 1.000000 1 1 1.000000
1 -113.893185 32.391409 -76.051621 -0.925336 0.218083 -0.309469 0.062500 0.958344 1 1 1.000000
1 -112.017679 39.561710 -70.399517 -0.797921 0.593531 0.098294 0.125000 0.958344 1 1 1.000000
1fireff1_01_ne01_mesh1
1 -112.017679 39.561710 -70.399517 -0.797921 0.593531 0.098294 0.125000 0.958344 1 1 1.000000
1 -113.893185 32.391409 -76.051621 -0.925336 0.218083 -0.309469 0.062500 0.958344 1 1 1.000000
1 -115.317521 32.140944 -55.625165 -0.714291 0.579177 0.391614 0.217041 0.958344 1 1 1.000000
1fireff1_01_ne01_mesh1
1 -113.893185 32.391409 -76.051621 -0.925336 0.218083 -0.309469 0.062500 0.958344 1 1 1.000000
1 -119.474135 17.662404 -66.819578 -0.882143 -0.374531 -0.283779 0.526855 0.958344 1 1 1.000000
1 -115.317521 32.140944 -55.625165 -0.714291 0.579177 0.391614 0.217041 0.958344 1 1 1.000000
1fireff1_01_ne01_mesh1
1 -115.317521 32.140944 -55.625165 -0.714291 0.579177 0.391614 0.217041 0.958344 1 1 1.000000
1 -119.474135 17.662404 -66.819578 -0.882143 -0.374531 -0.283779 0.526855 0.958344 1 1 1.000000
1 -115.049517 16.027893 -38.926442 -0.680184 0.526209 0.509254 0.413330 0.958344 1 1 1.000000
1fireff1_01_ne01_mesh1
1 -119.474135 17.662404 -66.819578 -0.882143 -0.374531 -0.283779 0.526855 0.958344 1 1 1.000000
1 -115.768962 11.777180 -42.717889 -0.947314 -0.311048 -0.072257 0.530273 0.958344 1 1 1.000000
1 -115.049517 16.027893 -38.926442 -0.680184 0.526209 0.509254 0.413330 0.958344 1 1 1.000000
1fireff1_01_ne01_mesh1
1 -115.049517 16.027893 -38.926442 -0.680184 0.526209 0.509254 0.413330 0.958344 1 1 1.000000
1 -115.768962 11.777180 -42.717889 -0.947314 -0.311048 -0.072257 0.530273 0.958344 1 1 1.000000
1 -116.432479 3.662441 -26.353527 -0.349468 -0.463644 0.813699 0.532715 0.958344 1 1 1.000000
1fireff1_01_ne01_mesh1
1 -115.768962 11.777180 -42.717889 -0.947314 -0.311048 -0.072257 0.530273 0.958344 1 1 1.000000
1 -112.069535 7.618250 -44.081422 -0.295508 -0.929503 -0.219883 0.647461 0.958344 1 1 1.000000
1 -116.432479 3.662441 -26.353527 -0.349468 -0.463644 0.813699 0.532715 0.958344 1 1 1.000000
1fireff1_01_ne01_mesh1
1 -116.432479 3.662441 -26.353527 -0.349468 -0.463644 0.813699 0.532715 0.958344 1 1 1.000000
1 -112.069535 7.618250 -44.081422 -0.295508 -0.929503 -0.219883 0.647461 0.958344 1 1 1.000000
1 -104.463278 7.605829 -39.386370 0.024211 -0.998543 -0.033444 0.613281 0.958344 1 1 1.000000
1fireff1_01_ne01_mesh1
1 -112.069535 7.618250 -44.081422 -0.295508 -0.929503 -0.219883 0.647461 0.958344 1 1 1.000000
1 -106.177111 10.883450 -64.828700 -0.467162 -0.817356 -0.336761 0.833496 0.958344 1 1 1.000000
1 -104.463278 7.605829 -39.386370 0.024211 -0.998543 -0.033444 0.613281 0.958344 1 1 1.000000
1fireff1_01_ne01_mesh1
1 -104.463278 7.605829 -39.386370 0.024211 -0.998543 -0.033444 0.613281 0.958344 1 1 1.000000
1 -107.472202 14.665303 -36.934389 -0.936299 0.213068 0.277838 0.535645 0.958344 1 1 1.000000
1 -116.432479 3.662441 -26.353527 -0.349468 -0.463644 0.813699 0.532715 0.958344 1 1 1.000000
1fireff1_01_ne01_mesh1
1 -107.472202 14.665303 -36.934389 -0.936299 0.213068 0.277838 0.535645 0.958344 1 1 1.000000
1 -115.049517 16.027893 -38.926442 -0.680184 0.526209 0.509254 0.413330 0.958344 1 1 1.000000
1 -116.432479 3.662441 -26.353527 -0.349468 -0.463644 0.813699 0.532715 0.958344 1 1 1.000000
1fireff1_01_ne01_mesh1
1 -112.069535 7.618250 -44.081422 -0.295508 -0.929503 -0.219883 0.647461 0.958344 1 1 1.000000
1 -115.768962 11.777180 -42.717889 -0.947314 -0.311048 -0.072257 0.530273 0.958344 1 1 1.000000
1 -106.177111 10.883450 -64.828700 -0.467162 -0.817356 -0.336761 0.833496 0.958344 1 1 1.000000
1fireff1_01_ne01_mesh1
1 -115.768962 11.777180 -42.717889 -0.947314 -0.311048 -0.072257 0.530273 0.958344 1 1 1.000000
1 -119.474135 17.662404 -66.819578 -0.882143 -0.374531 -0.283779 0.526855 0.958344 1 1 1.000000
1 -106.177111 10.883450 -64.828700 -0.467162 -0.817356 -0.336761 0.833496 0.958344 1 1 1.000000
1fireff1_01_ne01_mesh1
1 -106.177111 10.883450 -64.828700 -0.467162 -0.817356 -0.336761 0.833496 0.958344 1 1 1.000000
1 -119.474135 17.662404 -66.819578 -0.882143 -0.374531 -0.283779 0.526855 0.958344 1 1 1.000000
1 -99.265235 19.506750 -80.005191 -0.597532 -0.554565 -0.578440 0.937500 0.958344 1 1 1.000000
1fireff1_01_ne01_mesh1
1 -119.474135 17.662404 -66.819578 -0.882143 -0.374531 -0.283779 0.526855 0.958344 1 1 1.000000
1 -112.061749 24.538683 -79.964573 -0.620176 -0.389102 -0.680570 0.000000 0.958344 1 1 1.000000
1 -99.265235 19.506750 -80.005191 -0.597532 -0.554565 -0.578440 0.937500 0.958344 1 1 1.000000
1fireff1_01_ne01_mesh1
1 -119.474135 17.662404 -66.819578 -0.882143 -0.374531 -0.283779 0.526855 0.958344 1 1 1.000000
1 -113.893185 32.391409 -76.051621 -0.925336 0.218083 -0.309469 0.062500 0.958344 1 1 1.000000
1 -112.061749 24.538683 -79.964573 -0.620176 -0.389102 -0.680570 0.000000 0.958344 1 1 1.000000
1fireff1_01_ne01_mesh1
1 -113.893185 32.391409 -76.051621 -0.925336 0.218083 -0.309469 0.062500 0.958344 1 1 1.000000
1 -102.314314 49.263575 -93.181367 -0.842216 0.177404 -0.507928 0.000000 1.000000 1 1 1.000000
1 -112.061749 24.538683 -79.964573 -0.620176 -0.389102 -0.680570 0.000000 0.958344 1 1 1.000000
1fireff1_01_ne01_mesh1
1 -107.472202 14.665303 -36.934389 -0.936299 0.213068 0.277838 0.535645 0.958344 1 1 1.000000
1 -105.369737 31.490422 -51.660822 -0.811980 0.527000 0.248778 0.303467 0.958344 1 1 1.000000
1 -115.049517 16.027893 -38.926442 -0.680184 0.526209 0.509254 0.413330 0.958344 1 1 1.000000
1fireff1_01_ne01_mesh1
1 -105.369737 31.490422 -51.660822 -0.811980 0.527000 0.248778 0.303467 0.958344 1 1 1.000000
1 -115.317521 32.140944 -55.625165 -0.714291 0.579177 0.391614 0.217041 0.958344 1 1 1.000000
1 -115.049517 16.027893 -38.926442 -0.680184 0.526209 0.509254 0.413330 0.958344 1 1 1.000000
1fireff1_01_ne01_mesh1
1 -105.369737 31.490422 -51.660822 -0.811980 0.527000 0.248778 0.303467 0.958344 1 1 1.000000
1 -100.261048 44.077407 -64.689661 -0.558979 0.744891 0.362496 0.187500 0.958344 1 1 1.000000
1 -115.317521 32.140944 -55.625165 -0.714291 0.579177 0.391614 0.217041 0.958344 1 1 1.000000
1fireff1_01_ne01_mesh1
1 -100.261048 44.077407 -64.689661 -0.558979 0.744891 0.362496 0.187500 0.958344 1 1 1.000000
1 -112.017679 39.561710 -70.399517 -0.797921 0.593531 0.098294 0.125000 0.958344 1 1 1.000000
1 -115.317521 32.140944 -55.625165 -0.714291 0.579177 0.391614 0.217041 0.958344 1 1 1.000000
1fireff1_01_ne01_mesh1
1 -72.355427 23.352042 -90.064785 0.479444 -0.805487 -0.347126 0.687500 1.000000 1 1 1.000000
1 -64.195092 22.717657 -86.488820 0.477773 -0.833250 -0.275600 0.625000 1.000000 1 1 1.000000
1 -64.056131 19.838169 -71.712761 0.720680 -0.690363 0.051146 0.625000 0.958344 1 1 1.000000
1fireff1_01_ne01_mesh1
1 -64.195092 22.717657 -86.488820 0.477773 -0.833250 -0.275600 0.625000 1.000000 1 1 1.000000
1 -58.267274 27.641081 -81.880401 0.958512 -0.282674 0.022250 0.562500 1.000000 1 1 1.000000
1 -64.056131 19.838169 -71.712761 0.720680 -0.690363 0.051146 0.625000 0.958344 1 1 1.000000
1fireff1_01_ne01_mesh1
1 -64.056131 19.838169 -71.712761 0.720680 -0.690363 0.051146 0.625000 0.958344 1 1 1.000000
1 -58.267274 27.641081 -81.880401 0.958512 -0.282674 0.022250 0.562500 1.000000 1 1 1.000000
1 -62.263872 27.150345 -67.590142 0.904055 -0.055592 0.423379 0.562500 0.958344 1 1 1.000000
1fireff1_01_ne01_mesh1
1 -58.267274 27.641081 -81.880401 0.958512 -0.282674 0.022250 0.562500 1.000000 1 1 1.000000
1 -60.783525 35.452667 -75.978155 0.907105 -0.289209 0.305043 0.500000 1.000000 1 1 1.000000
1 -62.263872 27.150345 -67.590142 0.904055 -0.055592 0.423379 0.562500 0.958344 1 1 1.000000
1fireff1_01_ne01_mesh1
1 -62.263872 27.150345 -67.590142 0.904055 -0.055592 0.423379 0.562500 0.958344 1 1 1.000000
1 -60.783525 35.452667 -75.978155 0.907105 -0.289209 0.305043 0.500000 1.000000 1 1 1.000000
1 -66.569766 34.151115 -63.476137 0.805145 -0.108281 0.582356 0.500000 0.958344 1 1 1.000000
1fireff1_01_ne01_mesh1
1 -60.783525 35.452667 -75.978155 0.907105 -0.289209 0.305043 0.500000 1.000000 1 1 1.000000
1 -60.199676 40.696107 -67.392592 0.812368 -0.326566 0.482281 0.437500 1.000000 1 1 1.000000
1 -66.569766 34.151115 -63.476137 0.805145 -0.108281 0.582356 0.500000 0.958344 1 1 1.000000
1fireff1_01_ne01_mesh1
1 -66.569766 34.151115 -63.476137 0.805145 -0.108281 0.582356 0.500000 0.958344 1 1 1.000000
1 -60.199676 40.696107 -67.392592 0.812368 -0.326566 0.482281 0.437500 1.000000 1 1 1.000000
1 -67.603117 42.182394 -57.950682 0.679518 -0.030765 0.732669 0.437500 0.958344 1 1 1.000000
1fireff1_01_ne01_mesh1
1 -60.199676 40.696107 -67.392592 0.812368 -0.326566 0.482281 0.437500 1.000000 1 1 1.000000
1 -62.664285 49.126035 -63.043117 0.737008 0.161581 0.655798 0.375000 1.000000 1 1 1.000000
1 -67.603117 42.182394 -57.950682 0.679518 -0.030765 0.732669 0.437500 0.958344 1 1 1.000000
1fireff1_01_ne01_mesh1
1 -67.603117 42.182394 -57.950682 0.679518 -0.030765 0.732669 0.437500 0.958344 1 1 1.000000
1 -62.664285 49.126035 -63.043117 0.737008 0.161581 0.655798 0.375000 1.000000 1 1 1.000000
1 -76.113670 48.958087 -54.602195 0.304339 0.509358 0.804374 0.375000 0.958344 1 1 1.000000
1fireff1_01_ne01_mesh1
1 -62.664285 49.126035 -63.043117 0.737008 0.161581 0.655798 0.375000 1.000000 1 1 1.000000
1 -66.999837 54.192086 -60.990438 0.479135 0.484307 0.731515 0.312500 1.000000 1 1 1.000000
1 -76.113670 48.958087 -54.602195 0.304339 0.509358 0.804374 0.375000 0.958344 1 1 1.000000
1fireff1_01_ne01_mesh1
1 -76.113670 48.958087 -54.602195 0.304339 0.509358 0.804374 0.375000 0.958344 1 1 1.000000
1 -66.999837 54.192086 -60.990438 0.479135 0.484307 0.731515 0.312500 1.000000 1 1 1.000000
1 -76.912216 58.755213 -63.362456 0.120455 0.734595 0.667523 0.250000 1.000000 1 1 1.000000
1fireff1_01_ne01_mesh1
1 -76.912216 58.755213 -63.362456 0.120455 0.734595 0.667523 0.250000 1.000000 1 1 1.000000
1 -87.201282 50.911137 -55.685643 -0.254434 0.762248 0.594938 0.312500 0.958344 1 1 1.000000
1 -76.113670 48.958087 -54.602195 0.304339 0.509358 0.804374 0.375000 0.958344 1 1 1.000000
1fireff1_01_ne01_mesh1
1 -87.201282 50.911137 -55.685643 -0.254434 0.762248 0.594938 0.312500 0.958344 1 1 1.000000
1 -97.450501 40.184357 -43.031312 -0.204566 0.711802 0.671287 0.521484 0.958344 1 1 1.000000
1 -76.113670 48.958087 -54.602195 0.304339 0.509358 0.804374 0.375000 0.958344 1 1 1.000000
1fireff1_01_ne01_mesh1
1 -76.113670 48.958087 -54.602195 0.304339 0.509358 0.804374 0.375000 0.958344 1 1 1.000000
1 -97.450501 40.184357 -43.031312 -0.204566 0.711802 0.671287 0.521484 0.958344 1 1 1.000000
1 -85.891019 33.077662 -41.635755 0.522444 0.173615 0.834265 0.530273 0.958344 1 1 1.000000
1fireff1_01_ne01_mesh1
1 -97.450501 40.184357 -43.031312 -0.204566 0.711802 0.671287 0.521484 0.958344 1 1 1.000000
1 -98.521587 15.540798 -31.614159 0.416838 0.453994 0.787295 0.484131 0.958344 1 1 1.000000
1 -85.891019 33.077662 -41.635755 0.522444 0.173615 0.834265 0.530273 0.958344 1 1 1.000000
1fireff1_01_ne01_mesh1
1 -85.891019 33.077662 -41.635755 0.522444 0.173615 0.834265 0.530273 0.958344 1 1 1.000000
1 -98.521587 15.540798 -31.614159 0.416838 0.453994 0.787295 0.484131 0.958344 1 1 1.000000
1 -84.564827 25.180005 -45.806305 0.654290 0.132184 0.743977 0.533691 0.958344 1 1 1.000000
1fireff1_01_ne01_mesh1
1 -76.113670 48.958087 -54.602195 0.304339 0.509358 0.804374 0.375000 0.958344 1 1 1.000000
1 -85.891019 33.077662 -41.635755 0.522444 0.173615 0.834265 0.530273 0.958344 1 1 1.000000
1 -67.603117 42.182394 -57.950682 0.679518 -0.030765 0.732669 0.437500 0.958344 1 1 1.000000
1fireff1_01_ne01_mesh1
1 -85.891019 33.077662 -41.635755 0.522444 0.173615 0.834265 0.530273 0.958344 1 1 1.000000
1 -84.564827 25.180005 -45.806305 0.654290 0.132184 0.743977 0.533691 0.958344 1 1 1.000000
1 -67.603117 42.182394 -57.950682 0.679518 -0.030765 0.732669 0.437500 0.958344 1 1 1.000000
1fireff1_01_ne01_mesh1
1 -67.603117 42.182394 -57.950682 0.679518 -0.030765 0.732669 0.437500 0.958344 1 1 1.000000
1 -84.564827 25.180005 -45.806305 0.654290 0.132184 0.743977 0.533691 0.958344 1 1 1.000000
1 -66.569766 34.151115 -63.476137 0.805145 -0.108281 0.582356 0.500000 0.958344 1 1 1.000000
1fireff1_01_ne01_mesh1
1 -84.564827 25.180005 -45.806305 0.654290 0.132184 0.743977 0.533691 0.958344 1 1 1.000000
1 -76.789925 18.872397 -46.769205 0.715055 0.033559 0.697909 0.618164 0.958344 1 1 1.000000
1 -66.569766 34.151115 -63.476137 0.805145 -0.108281 0.582356 0.500000 0.958344 1 1 1.000000
1fireff1_01_ne01_mesh1
1 -66.569766 34.151115 -63.476137 0.805145 -0.108281 0.582356 0.500000 0.958344 1 1 1.000000
1 -76.789925 18.872397 -46.769205 0.715055 0.033559 0.697909 0.618164 0.958344 1 1 1.000000
1 -62.263872 27.150345 -67.590142 0.904055 -0.055592 0.423379 0.562500 0.958344 1 1 1.000000
1fireff1_01_ne01_mesh1
1 -76.789925 18.872397 -46.769205 0.715055 0.033559 0.697909 0.618164 0.958344 1 1 1.000000
1 -76.978214 9.346954 -52.221619 0.605390 -0.753584 0.254686 0.685547 0.958344 1 1 1.000000
1 -62.263872 27.150345 -67.590142 0.904055 -0.055592 0.423379 0.562500 0.958344 1 1 1.000000
1fireff1_01_ne01_mesh1
1 -62.263872 27.150345 -67.590142 0.904055 -0.055592 0.423379 0.562500 0.958344 1 1 1.000000
1 -76.978214 9.346954 -52.221619 0.605390 -0.753584 0.254686 0.685547 0.958344 1 1 1.000000
1 -64.056131 19.838169 -71.712761 0.720680 -0.690363 0.051146 0.625000 0.958344 1 1 1.000000
1fireff1_01_ne01_mesh1
1 -76.978214 9.346954 -52.221619 0.605390 -0.753584 0.254686 0.685547 0.958344 1 1 1.000000
1 -75.288366 16.470407 -78.036417 0.647628 -0.756631 -0.085302 0.687500 0.958344 1 1 1.000000
1 -64.056131 19.838169 -71.712761 0.720680 -0.690363 0.051146 0.625000 0.958344 1 1 1.000000
1fireff1_01_ne01_mesh1
1 -64.056131 19.838169 -71.712761 0.720680 -0.690363 0.051146 0.625000 0.958344 1 1 1.000000
1 -75.288366 16.470407 -78.036417 0.647628 -0.756631 -0.085302 0.687500 0.958344 1 1 1.000000
1 -72.355427 23.352042 -90.064785 0.479444 -0.805487 -0.347126 0.687500 1.000000 1 1 1.000000
1fireff1_01_ne01_mesh1
1 -75.288366 16.470407 -78.036417 0.647628 -0.756631 -0.085302 0.687500 0.958344 1 1 1.000000
1 -77.311156 9.736281 -81.672091 0.511383 -0.822169 -0.248484 0.750000 0.958344 1 1 1.000000
1 -72.355427 23.352042 -90.064785 0.479444 -0.805487 -0.347126 0.687500 1.000000 1 1 1.000000
1fireff1_01_ne01_mesh1
1 -72.355427 23.352042 -90.064785 0.479444 -0.805487 -0.347126 0.687500 1.000000 1 1 1.000000
1 -77.311156 9.736281 -81.672091 0.511383 -0.822169 -0.248484 0.750000 0.958344 1 1 1.000000
1 -79.324526 21.800593 -99.990456 0.134248 -0.791114 -0.596515 0.750000 1.000000 1 1 1.000000
1fireff1_01_ne01_mesh1
1 -77.311156 9.736281 -81.672091 0.511383 -0.822169 -0.248484 0.750000 0.958344 1 1 1.000000
1 -89.193225 28.850222 -103.374200 -0.368851 -0.571095 -0.733062 0.812500 1.000000 1 1 1.000000
1 -79.324526 21.800593 -99.990456 0.134248 -0.791114 -0.596515 0.750000 1.000000 1 1 1.000000
1fireff1_01_ne01_mesh1
1 -89.193225 28.850222 -103.374200 -0.368851 -0.571095 -0.733062 0.812500 1.000000 1 1 1.000000
1 -77.311156 9.736281 -81.672091 0.511383 -0.822169 -0.248484 0.750000 0.958344 1 1 1.000000
1 -84.391385 10.597746 -82.582980 -0.199089 -0.817471 -0.539893 0.812500 0.958344 1 1 1.000000
1fireff1_01_ne01_mesh1
1 -77.311156 9.736281 -81.672091 0.511383 -0.822169 -0.248484 0.750000 0.958344 1 1 1.000000
1 -91.637502 1.425488 -64.247211 0.059931 -0.997161 -0.039570 0.720215 0.958344 1 1 1.000000
1 -84.391385 10.597746 -82.582980 -0.199089 -0.817471 -0.539893 0.812500 0.958344 1 1 1.000000
1fireff1_01_ne01_mesh1
1 -84.564827 25.180005 -45.806305 0.654290 0.132184 0.743977 0.533691 0.958344 1 1 1.000000
1 -98.521587 15.540798 -31.614159 0.416838 0.453994 0.787295 0.601562 0.958344 1 1 1.000000
1 -76.789925 18.872397 -46.769205 0.715055 0.033559 0.697909 0.618164 0.958344 1 1 1.000000
1fireff1_01_ne01_mesh1
1 -98.521587 15.540798 -31.614159 0.416838 0.453994 0.787295 0.601562 0.958344 1 1 1.000000
1 -93.245432 11.805408 -31.698687 0.660913 0.027812 0.749225 0.635254 0.958344 1 1 1.000000
1 -76.789925 18.872397 -46.769205 0.715055 0.033559 0.697909 0.618164 0.958344 1 1 1.000000
1fireff1_01_ne01_mesh1
1 -76.789925 18.872397 -46.769205 0.715055 0.033559 0.697909 0.618164 0.958344 1 1 1.000000
1 -93.245432 11.805408 -31.698687 0.660913 0.027812 0.749225 0.635254 0.958344 1 1 1.000000
1 -94.344326 8.530542 -34.056845 0.479620 -0.834695 0.268847 0.660645 0.958344 1 1 1.000000
1fireff1_01_ne01_mesh1
1 -93.245432 11.805408 -31.698687 0.660913 0.027812 0.749225 0.635254 0.958344 1 1 1.000000
1 -116.906632 -1.144801 -9.476694 -0.431078 -0.477860 0.764785 0.646973 0.958344 1 1 1.000000
1 -94.344326 8.530542 -34.056845 0.479620 -0.834695 0.268847 0.660645 0.958344 1 1 1.000000
1fireff1_01_ne01_mesh1
1 -94.344326 8.530542 -34.056845 0.479620 -0.834695 0.268847 0.660645 0.958344 1 1 1.000000
1 -116.906632 -1.144801 -9.476694 -0.431078 -0.477860 0.764785 0.646973 0.958344 1 1 1.000000
1 -104.463278 7.605829 -39.386370 0.024211 -0.998543 -0.033444 0.664551 0.958344 1 1 1.000000
1fireff1_01_ne01_mesh1
1 -76.789925 18.872397 -46.769205 0.715055 0.033559 0.697909 0.618164 0.958344 1 1 1.000000
1 -94.344326 8.530542 -34.056845 0.479620 -0.834695 0.268847 0.660645 0.958344 1 1 1.000000
1 -76.978214 9.346954 -52.221619 0.605390 -0.753584 0.254686 0.685547 0.958344 1 1 1.000000
1fireff1_01_ne01_mesh1
1 -94.344326 8.530542 -34.056845 0.479620 -0.834695 0.268847 0.660645 0.958344 1 1 1.000000
1 -104.463278 7.605829 -39.386370 0.024211 -0.998543 -0.033444 0.664551 0.958344 1 1 1.000000
1 -76.978214 9.346954 -52.221619 0.605390 -0.753584 0.254686 0.685547 0.958344 1 1 1.000000
1fireff1_01_ne01_mesh1
1 -76.978214 9.346954 -52.221619 0.605390 -0.753584 0.254686 0.685547 0.958344 1 1 1.000000
1 -104.463278 7.605829 -39.386370 0.024211 -0.998543 -0.033444 0.664551 0.958344 1 1 1.000000
1 -86.663220 5.813049 -59.141071 0.455324 -0.872493 0.174711 0.698730 0.958344 1 1 1.000000
1fireff1_01_ne01_mesh1
1 -104.463278 7.605829 -39.386370 0.024211 -0.998543 -0.033444 0.664551 0.958344 1 1 1.000000
1 -91.637502 1.425488 -64.247211 0.059931 -0.997161 -0.039570 0.720215 0.958344 1 1 1.000000
1 -86.663220 5.813049 -59.141071 0.455324 -0.872493 0.174711 0.698730 0.958344 1 1 1.000000
1fireff1_01_ne01_mesh1
1 -86.663220 5.813049 -59.141071 0.455324 -0.872493 0.174711 0.698730 0.958344 1 1 1.000000
1 -91.637502 1.425488 -64.247211 0.059931 -0.997161 -0.039570 0.720215 0.958344 1 1 1.000000
1 -77.311156 9.736281 -81.672091 0.511383 -0.822169 -0.248484 0.750000 0.958344 1 1 1.000000
1fireff1_01_ne01_mesh1
1 -77.311156 9.736281 -81.672091 0.511383 -0.822169 -0.248484 0.750000 0.958344 1 1 1.000000
1 -75.288366 16.470407 -78.036417 0.647628 -0.756631 -0.085302 0.687500 0.958344 1 1 1.000000
1 -86.663220 5.813049 -59.141071 0.455324 -0.872493 0.174711 0.698730 0.958344 1 1 1.000000
1fireff1_01_ne01_mesh1
1 -75.288366 16.470407 -78.036417 0.647628 -0.756631 -0.085302 0.687500 0.958344 1 1 1.000000
1 -76.978214 9.346954 -52.221619 0.605390 -0.753584 0.254686 0.685547 0.958344 1 1 1.000000
1 -86.663220 5.813049 -59.141071 0.455324 -0.872493 0.174711 0.698730 0.958344 1 1 1.000000
1fireff1_01_ne01_mesh1
1 -87.201282 50.911137 -55.685643 -0.254434 0.762248 0.594938 0.312500 0.958344 1 1 1.000000
1 -106.145983 36.782475 -48.510041 -0.870703 0.489094 0.044029 0.388916 0.958344 1 1 1.000000
1 -97.450501 40.184357 -43.031312 -0.204566 0.711802 0.671287 0.521484 0.958344 1 1 1.000000
1fireff1_01_ne01_mesh1
1 -106.145983 36.782475 -48.510041 -0.870703 0.489094 0.044029 0.388916 0.958344 1 1 1.000000
1 -107.787441 23.732703 -31.327676 -0.263554 0.642687 0.718656 0.428711 0.958344 1 1 1.000000
1 -97.450501 40.184357 -43.031312 -0.204566 0.711802 0.671287 0.521484 0.958344 1 1 1.000000
1fireff1_01_ne01_mesh1
1 -97.450501 40.184357 -43.031312 -0.204566 0.711802 0.671287 0.521484 0.958344 1 1 1.000000
1 -107.787441 23.732703 -31.327676 -0.263554 0.642687 0.718656 0.428711 0.958344 1 1 1.000000
1 -98.521587 15.540798 -31.614159 0.416838 0.453994 0.787295 0.484131 0.958344 1 1 1.000000
1fireff1_01_ne01_mesh1
1 -107.787441 23.732703 -31.327676 -0.263554 0.642687 0.718656 0.428711 0.958344 1 1 1.000000
1 -116.906632 -1.144801 -9.476694 -0.431078 -0.477860 0.764785 0.457764 0.958344 1 1 1.000000
1 -98.521587 15.540798 -31.614159 0.416838 0.453994 0.787295 0.484131 0.958344 1 1 1.000000
1fireff1_01_ne01_mesh1
1 -116.906632 -1.144801 -9.476694 -0.431078 -0.477860 0.764785 0.457764 0.958344 1 1 1.000000
1 -107.787441 23.732703 -31.327676 -0.263554 0.642687 0.718656 0.428711 0.958344 1 1 1.000000
1 -111.512416 20.063376 -34.668408 -0.983930 0.129762 -0.120292 0.365234 0.958344 1 1 1.000000
1fireff1_01_ne01_mesh1
1 -107.787441 23.732703 -31.327676 -0.263554 0.642687 0.718656 0.428711 0.958344 1 1 1.000000
1 -106.145983 36.782475 -48.510041 -0.870703 0.489094 0.044029 0.388916 0.958344 1 1 1.000000
1 -111.512416 20.063376 -34.668408 -0.983930 0.129762 -0.120292 0.365234 0.958344 1 1 1.000000
1fireff1_01_ne01_mesh1
1 -69.652100 37.471516 -118.856837 -0.489761 -0.763860 -0.419529 0.687500 0.083496 1 1 1.000000
1 -62.440225 35.556471 -130.969458 -0.941525 -0.335830 -0.013950 0.687500 0.125000 1 1 1.000000
1 -65.453269 35.354860 -130.021216 -0.575322 -0.801959 0.158365 0.625000 0.125000 1 1 1.000000
1fireff1_01_ne01_mesh1
1 -116.906632 -1.144801 -9.476694 -0.431078 -0.477860 0.764785 0.646973 0.958344 1 1 1.000000
1 -93.245432 11.805408 -31.698687 0.660913 0.027812 0.749225 0.635254 0.958344 1 1 1.000000
1 -98.521587 15.540798 -31.614159 0.416838 0.453994 0.787295 0.601562 0.958344 1 1 1.000000
1fireff1_01_ne01_mesh1
1 -113.893185 32.391409 -76.051621 -0.925336 0.218083 -0.309469 0.062500 0.958344 1 1 1.000000
1 -100.681417 57.626847 -83.190207 -0.729802 0.648112 0.216674 0.062500 1.000000 1 1 1.000000
1 -102.314314 49.263575 -93.181367 -0.842216 0.177404 -0.507928 0.000000 1.000000 1 1 1.000000
1fireff1_01_ne02_mesh1
2 -31.537546 17.576820 -160.907585 -0.119369 0.391113 -0.911983 1.000000 0.000000 1 2 1.000000
2 -22.864173 0.558251 -165.071201 -0.134951 0.196573 -0.970878 1.000000 0.041992 1 2 1.000000
2 -37.615527 14.314402 -160.478724 -0.578624 0.142946 -0.802447 0.916504 0.000000 1 2 1.000000
1fireff1_01_ne02_mesh1
2 -22.864173 0.558251 -165.071201 -0.134951 0.196573 -0.970878 1.000000 0.041992 1 2 1.000000
2 -29.240107 -3.591740 -162.707507 -0.502426 0.013095 -0.864019 0.916504 0.041992 1 2 1.000000
2 -37.615527 14.314402 -160.478724 -0.578624 0.142946 -0.802447 0.916504 0.000000 1 2 1.000000
1fireff1_01_ne02_mesh1
2 -37.615527 14.314402 -160.478724 -0.578624 0.142946 -0.802447 0.916504 0.000000 1 2 1.000000
2 -29.240107 -3.591740 -162.707507 -0.502426 0.013095 -0.864019 0.916504 0.041992 1 2 1.000000
2 -42.569883 8.292427 -153.573752 -0.901794 -0.124346 -0.413199 0.833008 0.000000 1 2 1.000000
1fireff1_01_ne02_mesh1
2 -29.240107 -3.591740 -162.707507 -0.502426 0.013095 -0.864019 0.916504 0.041992 1 2 1.000000
2 -33.757044 -7.469771 -157.441743 -0.837404 -0.172405 -0.517664 0.833008 0.041992 1 2 1.000000
2 -42.569883 8.292427 -153.573752 -0.901794 -0.124346 -0.413199 0.833008 0.000000 1 2 1.000000
1fireff1_01_ne02_mesh1
2 -42.569883 8.292427 -153.573752 -0.901794 -0.124346 -0.413199 0.833008 0.000000 1 2 1.000000
2 -33.757044 -7.469771 -157.441743 -0.837404 -0.172405 -0.517664 0.833008 0.041992 1 2 1.000000
2 -43.067714 3.604880 -147.388619 -0.951408 -0.299873 -0.067832 0.750000 0.000000 1 2 1.000000
1fireff1_01_ne02_mesh1
2 -33.757044 -7.469771 -157.441743 -0.837404 -0.172405 -0.517664 0.833008 0.041992 1 2 1.000000
2 -34.322561 -9.009295 -150.691534 -0.931755 -0.327952 -0.153001 0.750000 0.041992 1 2 1.000000
2 -43.067714 3.604880 -147.388619 -0.951408 -0.299873 -0.067832 0.750000 0.000000 1 2 1.000000
1fireff1_01_ne02_mesh1
2 -43.067714 3.604880 -147.388619 -0.951408 -0.299873 -0.067832 0.750000 0.000000 1 2 1.000000
2 -34.322561 -9.009295 -150.691534 -0.931755 -0.327952 -0.153001 0.750000 0.041992 1 2 1.000000
2 -42.019262 0.394707 -140.681597 -0.824351 -0.437294 0.358699 0.666504 0.000000 1 2 1.000000
1fireff1_01_ne02_mesh1
2 -34.322561 -9.009295 -150.691534 -0.931755 -0.327952 -0.153001 0.750000 0.041992 1 2 1.000000
2 -34.271009 -9.574972 -145.362670 -0.833204 -0.444696 0.327759 0.666504 0.041992 1 2 1.000000
2 -42.019262 0.394707 -140.681597 -0.824351 -0.437294 0.358699 0.666504 0.000000 1 2 1.000000
1fireff1_01_ne02_mesh1
2 -42.019262 0.394707 -140.681597 -0.824351 -0.437294 0.358699 0.666504 0.000000 1 2 1.000000
2 -34.271009 -9.574972 -145.362670 -0.833204 -0.444696 0.327759 0.666504 0.041992 1 2 1.000000
2 -35.798349 1.922744 -137.599315 -0.400887 -0.516019 0.756238 0.583008 0.000000 1 2 1.000000
1fireff1_01_ne02_mesh1
2 -34.271009 -9.574972 -145.362670 -0.833204 -0.444696 0.327759 0.666504 0.041992 1 2 1.000000
2 -29.322373 -10.047349 -139.315365 -0.334379 -0.293997 0.894829 0.583008 0.041992 1 2 1.000000
2 -35.798349 1.922744 -137.599315 -0.400887 -0.516019 0.756238 0.583008 0.000000 1 2 1.000000
1fireff1_01_ne02_mesh1
2 -35.798349 1.922744 -137.599315 -0.400887 -0.516019 0.756238 0.583008 0.000000 1 2 1.000000
2 -29.322373 -10.047349 -139.315365 -0.334379 -0.293997 0.894829 0.583008 0.041992 1 2 1.000000
2 -27.974220 1.066354 -135.966198 0.089961 -0.448537 0.888633 0.500000 0.000000 1 2 1.000000
1fireff1_01_ne02_mesh1
2 -29.322373 -10.047349 -139.315365 -0.334379 -0.293997 0.894829 0.583008 0.041992 1 2 1.000000
2 -21.420942 -7.920824 -140.431853 0.123671 -0.134911 0.982557 0.500000 0.041992 1 2 1.000000
2 -27.974220 1.066354 -135.966198 0.089961 -0.448537 0.888633 0.500000 0.000000 1 2 1.000000
1fireff1_01_ne02_mesh1
2 -27.974220 1.066354 -135.966198 0.089961 -0.448537 0.888633 0.500000 0.000000 1 2 1.000000
2 -21.420942 -7.920824 -140.431853 0.123671 -0.134911 0.982557 0.500000 0.041992 1 2 1.000000
2 -20.842155 4.480417 -137.100484 0.509164 -0.281996 0.812661 0.416504 0.000000 1 2 1.000000
1fireff1_01_ne02_mesh1
2 -21.420942 -7.920824 -140.431853 0.123671 -0.134911 0.982557 0.500000 0.041992 1 2 1.000000
2 -14.398337 -7.392710 -140.779055 0.468578 0.002773 0.882874 0.416504 0.041992 1 2 1.000000
2 -20.842155 4.480417 -137.100484 0.509164 -0.281996 0.812661 0.416504 0.000000 1 2 1.000000
1fireff1_01_ne02_mesh1
2 -20.842155 4.480417 -137.100484 0.509164 -0.281996 0.812661 0.416504 0.000000 1 2 1.000000
2 -14.398337 -7.392710 -140.779055 0.468578 0.002773 0.882874 0.416504 0.041992 1 2 1.000000
2 -17.195853 8.070900 -139.544215 0.821442 -0.043827 0.568221 0.333252 0.000000 1 2 1.000000
1fireff1_01_ne02_mesh1
2 -14.398337 -7.392710 -140.779055 0.468578 0.002773 0.882874 0.416504 0.041992 1 2 1.000000
2 -9.262761 -2.453123 -146.310040 0.791376 0.137550 0.594942 0.333252 0.041992 1 2 1.000000
2 -17.195853 8.070900 -139.544215 0.821442 -0.043827 0.568221 0.333252 0.000000 1 2 1.000000
1fireff1_01_ne02_mesh1
2 -17.195853 8.070900 -139.544215 0.821442 -0.043827 0.568221 0.333252 0.000000 1 2 1.000000
2 -9.262761 -2.453123 -146.310040 0.791376 0.137550 0.594942 0.333252 0.041992 1 2 1.000000
2 -15.038301 14.371974 -145.014385 0.969456 0.242620 0.020631 0.250000 0.000000 1 2 1.000000
1fireff1_01_ne02_mesh1
2 -9.262761 -2.453123 -146.310040 0.791376 0.137550 0.594942 0.333252 0.041992 1 2 1.000000
2 -6.728335 3.064988 -152.386344 0.917327 0.383628 0.100682 0.250000 0.041992 1 2 1.000000
2 -15.038301 14.371974 -145.014385 0.969456 0.242620 0.020631 0.250000 0.000000 1 2 1.000000
1fireff1_01_ne02_mesh1
2 -15.038301 14.371974 -145.014385 0.969456 0.242620 0.020631 0.250000 0.000000 1 2 1.000000
2 -6.728335 3.064988 -152.386344 0.917327 0.383628 0.100682 0.250000 0.041992 1 2 1.000000
2 -17.987144 16.690950 -151.995542 0.750175 0.469979 -0.463432 0.166626 0.000000 1 2 1.000000
1fireff1_01_ne02_mesh1
2 -6.728335 3.064988 -152.386344 0.917327 0.383628 0.100682 0.250000 0.041992 1 2 1.000000
2 -9.730451 2.598762 -158.965073 0.767798 0.475770 -0.427929 0.166626 0.041992 1 2 1.000000
2 -17.987144 16.690950 -151.995542 0.750175 0.469979 -0.463432 0.166626 0.000000 1 2 1.000000
1fireff1_01_ne02_mesh1
2 -17.987144 16.690950 -151.995542 0.750175 0.469979 -0.463432 0.166626 0.000000 1 2 1.000000
2 -9.730451 2.598762 -158.965073 0.767798 0.475770 -0.427929 0.166626 0.041992 1 2 1.000000
2 -23.208325 18.519788 -158.974282 0.363288 0.500681 -0.784871 0.083313 0.000000 1 2 1.000000
1fireff1_01_ne02_mesh1
2 -9.730451 2.598762 -158.965073 0.767798 0.475770 -0.427929 0.166626 0.041992 1 2 1.000000
2 -15.155756 1.583535 -164.912782 0.348582 0.408135 -0.843182 0.083313 0.041992 1 2 1.000000
2 -23.208325 18.519788 -158.974282 0.363288 0.500681 -0.784871 0.083313 0.000000 1 2 1.000000
1fireff1_01_ne02_mesh1
2 -23.208325 18.519788 -158.974282 0.363288 0.500681 -0.784871 0.083313 0.000000 1 2 1.000000
2 -15.155756 1.583535 -164.912782 0.348582 0.408135 -0.843182 0.083313 0.041992 1 2 1.000000
2 -31.537546 17.576820 -160.907585 -0.119369 0.391113 -0.911983 0.000000 0.000000 1 2 1.000000
1fireff1_01_ne02_mesh1
2 -15.155756 1.583535 -164.912782 0.348582 0.408135 -0.843182 0.083313 0.041992 1 2 1.000000
2 -22.864173 0.558251 -165.071201 -0.134951 0.196573 -0.970878 0.000000 0.041992 1 2 1.000000
2 -31.537546 17.576820 -160.907585 -0.119369 0.391113 -0.911983 0.000000 0.000000 1 2 1.000000
1fireff1_01_ne02_mesh1
2 -22.864173 0.558251 -165.071201 -0.134951 0.196573 -0.970878 1.000000 0.041992 1 2 1.000000
2 -18.468345 -13.609786 -168.060065 -0.106309 0.127977 -0.985591 1.000000 0.083496 1 2 1.000000
2 -29.240107 -3.591740 -162.707507 -0.502426 0.013095 -0.864019 0.916504 0.041992 1 2 1.000000
1fireff1_01_ne02_mesh1
2 -18.468345 -13.609786 -168.060065 -0.106309 0.127977 -0.985591 1.000000 0.083496 1 2 1.000000
2 -24.105243 -21.779896 -168.112206 -0.545038 -0.015011 -0.837820 0.916504 0.083496 1 2 1.000000
2 -29.240107 -3.591740 -162.707507 -0.502426 0.013095 -0.864019 0.916504 0.041992 1 2 1.000000
1fireff1_01_ne02_mesh1
2 -29.240107 -3.591740 -162.707507 -0.502426 0.013095 -0.864019 0.916504 0.041992 1 2 1.000000
2 -24.105243 -21.779896 -168.112206 -0.545038 -0.015011 -0.837820 0.916504 0.083496 1 2 1.000000
2 -33.757044 -7.469771 -157.441743 -0.837404 -0.172405 -0.517664 0.833008 0.041992 1 2 1.000000
1fireff1_01_ne02_mesh1
2 -24.105243 -21.779896 -168.112206 -0.545038 -0.015011 -0.837820 0.916504 0.083496 1 2 1.000000
2 -28.706965 -22.445108 -165.231687 -0.861073 -0.186325 -0.472465 0.833008 0.083496 1 2 1.000000
2 -33.757044 -7.469771 -157.441743 -0.837404 -0.172405 -0.517664 0.833008 0.041992 1 2 1.000000
1fireff1_01_ne02_mesh1
2 -33.757044 -7.469771 -157.441743 -0.837404 -0.172405 -0.517664 0.833008 0.041992 1 2 1.000000
2 -28.706965 -22.445108 -165.231687 -0.861073 -0.186325 -0.472465 0.833008 0.083496 1 2 1.000000
2 -34.322561 -9.009295 -150.691534 -0.931755 -0.327952 -0.153001 0.750000 0.041992 1 2 1.000000
1fireff1_01_ne02_mesh1
2 -28.706965 -22.445108 -165.231687 -0.861073 -0.186325 -0.472465 0.833008 0.083496 1 2 1.000000
2 -32.193170 -22.788277 -158.176869 -0.934355 -0.298515 -0.191926 0.750000 0.083496 1 2 1.000000
2 -34.322561 -9.009295 -150.691534 -0.931755 -0.327952 -0.153001 0.750000 0.041992 1 2 1.000000
1fireff1_01_ne02_mesh1
2 -34.322561 -9.009295 -150.691534 -0.931755 -0.327952 -0.153001 0.750000 0.041992 1 2 1.000000
2 -32.193170 -22.788277 -158.176869 -0.934355 -0.298515 -0.191926 0.750000 0.083496 1 2 1.000000
2 -34.271009 -9.574972 -145.362670 -0.833204 -0.444696 0.327759 0.666504 0.041992 1 2 1.000000
1fireff1_01_ne02_mesh1
2 -32.193170 -22.788277 -158.176869 -0.934355 -0.298515 -0.191926 0.750000 0.083496 1 2 1.000000
2 -31.866050 -22.026764 -148.338276 -0.906554 -0.301748 0.293325 0.666504 0.083496 1 2 1.000000
2 -34.271009 -9.574972 -145.362670 -0.833204 -0.444696 0.327759 0.666504 0.041992 1 2 1.000000
1fireff1_01_ne02_mesh1
2 -34.271009 -9.574972 -145.362670 -0.833204 -0.444696 0.327759 0.666504 0.041992 1 2 1.000000
2 -31.866050 -22.026764 -148.338276 -0.906554 -0.301748 0.293325 0.666504 0.083496 1 2 1.000000
2 -29.322373 -10.047349 -139.315365 -0.334379 -0.293997 0.894829 0.583008 0.041992 1 2 1.000000
1fireff1_01_ne02_mesh1
2 -31.866050 -22.026764 -148.338276 -0.906554 -0.301748 0.293325 0.666504 0.083496 1 2 1.000000
2 -24.743274 -22.913123 -139.897247 -0.362816 -0.149179 0.919221 0.583008 0.083496 1 2 1.000000
2 -29.322373 -10.047349 -139.315365 -0.334379 -0.293997 0.894829 0.583008 0.041992 1 2 1.000000
1fireff1_01_ne02_mesh1
2 -29.322373 -10.047349 -139.315365 -0.334379 -0.293997 0.894829 0.583008 0.041992 1 2 1.000000
2 -24.743274 -22.913123 -139.897247 -0.362816 -0.149179 0.919221 0.583008 0.083496 1 2 1.000000
2 -21.420942 -7.920824 -140.431853 0.123671 -0.134911 0.982557 0.500000 0.041992 1 2 1.000000
1fireff1_01_ne02_mesh1
2 -24.743274 -22.913123 -139.897247 -0.362816 -0.149179 0.919221 0.583008 0.083496 1 2 1.000000
2 -17.124512 -20.200787 -139.843331 0.153069 0.008731 0.987831 0.500000 0.083496 1 2 1.000000
2 -21.420942 -7.920824 -140.431853 0.123671 -0.134911 0.982557 0.500000 0.041992 1 2 1.000000
1fireff1_01_ne02_mesh1
2 -21.420942 -7.920824 -140.431853 0.123671 -0.134911 0.982557 0.500000 0.041992 1 2 1.000000
2 -17.124512 -20.200787 -139.843331 0.153069 0.008731 0.987831 0.500000 0.083496 1 2 1.000000
2 -14.398337 -7.392710 -140.779055 0.468578 0.002773 0.882874 0.416504 0.041992 1 2 1.000000
1fireff1_01_ne02_mesh1
2 -17.124512 -20.200787 -139.843331 0.153069 0.008731 0.987831 0.500000 0.083496 1 2 1.000000
2 -10.199149 -19.117790 -142.866557 0.512259 0.133481 0.847966 0.416504 0.083496 1 2 1.000000
2 -14.398337 -7.392710 -140.779055 0.468578 0.002773 0.882874 0.416504 0.041992 1 2 1.000000
1fireff1_01_ne02_mesh1
2 -14.398337 -7.392710 -140.779055 0.468578 0.002773 0.882874 0.416504 0.041992 1 2 1.000000
2 -10.199149 -19.117790 -142.866557 0.512259 0.133481 0.847966 0.416504 0.083496 1 2 1.000000
2 -9.262761 -2.453123 -146.310040 0.791376 0.137550 0.594942 0.333252 0.041992 1 2 1.000000
1fireff1_01_ne02_mesh1
2 -10.199149 -19.117790 -142.866557 0.512259 0.133481 0.847966 0.416504 0.083496 1 2 1.000000
2 -6.412849 -16.241028 -147.031131 0.786410 0.204976 0.582116 0.333252 0.083496 1 2 1.000000
2 -9.262761 -2.453123 -146.310040 0.791376 0.137550 0.594942 0.333252 0.041992 1 2 1.000000
1fireff1_01_ne02_mesh1
2 -9.262761 -2.453123 -146.310040 0.791376 0.137550 0.594942 0.333252 0.041992 1 2 1.000000
2 -6.412849 -16.241028 -147.031131 0.786410 0.204976 0.582116 0.333252 0.083496 1 2 1.000000
2 -6.728335 3.064988 -152.386344 0.917327 0.383628 0.100682 0.250000 0.041992 1 2 1.000000
1fireff1_01_ne02_mesh1
2 -6.412849 -16.241028 -147.031131 0.786410 0.204976 0.582116 0.333252 0.083496 1 2 1.000000
2 -3.654738 -13.549221 -155.066371 0.945062 0.300372 0.124345 0.250000 0.083496 1 2 1.000000
2 -6.728335 3.064988 -152.386344 0.917327 0.383628 0.100682 0.250000 0.041992 1 2 1.000000
1fireff1_01_ne02_mesh1
2 -6.728335 3.064988 -152.386344 0.917327 0.383628 0.100682 0.250000 0.041992 1 2 1.000000
2 -3.654738 -13.549221 -155.066371 0.945062 0.300372 0.124345 0.250000 0.083496 1 2 1.000000
2 -9.730451 2.598762 -158.965073 0.767798 0.475770 -0.427929 0.166626 0.041992 1 2 1.000000
1fireff1_01_ne02_mesh1
2 -3.654738 -13.549221 -155.066371 0.945062 0.300372 0.124345 0.250000 0.083496 1 2 1.000000
2 -4.888306 -11.753061 -163.640053 0.774128 0.271443 -0.570678 0.166626 0.083496 1 2 1.000000
2 -9.730451 2.598762 -158.965073 0.767798 0.475770 -0.427929 0.166626 0.041992 1 2 1.000000
1fireff1_01_ne02_mesh1
2 -9.730451 2.598762 -158.965073 0.767798 0.475770 -0.427929 0.166626 0.041992 1 2 1.000000
2 -4.888306 -11.753061 -163.640053 0.774128 0.271443 -0.570678 0.166626 0.083496 1 2 1.000000
2 -15.155756 1.583535 -164.912782 0.348582 0.408135 -0.843182 0.083313 0.041992 1 2 1.000000
1fireff1_01_ne02_mesh1
2 -4.888306 -11.753061 -163.640053 0.774128 0.271443 -0.570678 0.166626 0.083496 1 2 1.000000
2 -11.425214 -12.389565 -169.195702 0.348389 0.176264 -0.920321 0.083313 0.083496 1 2 1.000000
2 -15.155756 1.583535 -164.912782 0.348582 0.408135 -0.843182 0.083313 0.041992 1 2 1.000000
1fireff1_01_ne02_mesh1
2 -15.155756 1.583535 -164.912782 0.348582 0.408135 -0.843182 0.083313 0.041992 1 2 1.000000
2 -11.425214 -12.389565 -169.195702 0.348389 0.176264 -0.920321 0.083313 0.083496 1 2 1.000000
2 -22.864173 0.558251 -165.071201 -0.134951 0.196573 -0.970878 0.000000 0.041992 1 2 1.000000
1fireff1_01_ne02_mesh1
2 -11.425214 -12.389565 -169.195702 0.348389 0.176264 -0.920321 0.083313 0.083496 1 2 1.000000
2 -18.468345 -13.609786 -168.060065 -0.106309 0.127977 -0.985591 0.000000 0.083496 1 2 1.000000
2 -22.864173 0.558251 -165.071201 -0.134951 0.196573 -0.970878 0.000000 0.041992 1 2 1.000000
1fireff1_01_ne02_mesh1
2 -18.468345 -13.609786 -168.060065 -0.106309 0.127977 -0.985591 1.000000 0.083496 1 2 1.000000
2 -14.814838 -38.913953 -170.723283 0.091430 -0.239765 -0.965940 1.000000 0.125000 1 2 1.000000
2 -24.105243 -21.779896 -168.112206 -0.545038 -0.015011 -0.837820 0.916504 0.083496 1 2 1.000000
1fireff1_01_ne02_mesh1
2 -14.814838 -38.913953 -170.723283 0.091430 -0.239765 -0.965940 1.000000 0.125000 1 2 1.000000
2 -21.712944 -40.665180 -168.780798 -0.537551 -0.375779 -0.754169 0.916504 0.125000 1 2 1.000000
2 -24.105243 -21.779896 -168.112206 -0.545038 -0.015011 -0.837820 0.916504 0.083496 1 2 1.000000
1fireff1_01_ne02_mesh1
2 -24.105243 -21.779896 -168.112206 -0.545038 -0.015011 -0.837820 0.916504 0.083496 1 2 1.000000
2 -21.712944 -40.665180 -168.780798 -0.537551 -0.375779 -0.754169 0.916504 0.125000 1 2 1.000000
2 -28.706965 -22.445108 -165.231687 -0.861073 -0.186325 -0.472465 0.833008 0.083496 1 2 1.000000
1fireff1_01_ne02_mesh1
2 -21.712944 -40.665180 -168.780798 -0.537551 -0.375779 -0.754169 0.916504 0.125000 1 2 1.000000
2 -22.424139 -38.219899 -159.232804 -0.872937 -0.357724 -0.330889 0.833008 0.125000 1 2 1.000000
2 -28.706965 -22.445108 -165.231687 -0.861073 -0.186325 -0.472465 0.833008 0.083496 1 2 1.000000
1fireff1_01_ne02_mesh1
2 -28.706965 -22.445108 -165.231687 -0.861073 -0.186325 -0.472465 0.833008 0.083496 1 2 1.000000
2 -22.424139 -38.219899 -159.232804 -0.872937 -0.357724 -0.330889 0.833008 0.125000 1 2 1.000000
2 -32.193170 -22.788277 -158.176869 -0.934355 -0.298515 -0.191926 0.750000 0.083496 1 2 1.000000
1fireff1_01_ne02_mesh1
2 -22.424139 -38.219899 -159.232804 -0.872937 -0.357724 -0.330889 0.833008 0.125000 1 2 1.000000
2 -24.479099 -37.065684 -152.688087 -0.913796 -0.330867 -0.233769 0.750000 0.125000 1 2 1.000000
2 -32.193170 -22.788277 -158.176869 -0.934355 -0.298515 -0.191926 0.750000 0.083496 1 2 1.000000
1fireff1_01_ne02_mesh1
2 -32.193170 -22.788277 -158.176869 -0.934355 -0.298515 -0.191926 0.750000 0.083496 1 2 1.000000
2 -24.479099 -37.065684 -152.688087 -0.913796 -0.330867 -0.233769 0.750000 0.125000 1 2 1.000000
2 -31.866050 -22.026764 -148.338276 -0.906554 -0.301748 0.293325 0.666504 0.083496 1 2 1.000000
1fireff1_01_ne02_mesh1
2 -24.479099 -37.065684 -152.688087 -0.913796 -0.330867 -0.233769 0.750000 0.125000 1 2 1.000000
2 -26.542956 -35.668454 -145.267684 -0.944305 -0.160629 0.285087 0.666504 0.125000 1 2 1.000000
2 -31.866050 -22.026764 -148.338276 -0.906554 -0.301748 0.293325 0.666504 0.083496 1 2 1.000000
1fireff1_01_ne02_mesh1
2 -31.866050 -22.026764 -148.338276 -0.906554 -0.301748 0.293325 0.666504 0.083496 1 2 1.000000
2 -26.542956 -35.668454 -145.267684 -0.944305 -0.160629 0.285087 0.666504 0.125000 1 2 1.000000
2 -24.743274 -22.913123 -139.897247 -0.362816 -0.149179 0.919221 0.583008 0.083496 1 2 1.000000
1fireff1_01_ne02_mesh1
2 -26.542956 -35.668454 -145.267684 -0.944305 -0.160629 0.285087 0.666504 0.125000 1 2 1.000000
2 -20.277703 -32.226821 -140.442368 -0.408322 0.154241 0.899027 0.583008 0.125000 1 2 1.000000
2 -24.743274 -22.913123 -139.897247 -0.362816 -0.149179 0.919221 0.583008 0.083496 1 2 1.000000
1fireff1_01_ne02_mesh1
2 -24.743274 -22.913123 -139.897247 -0.362816 -0.149179 0.919221 0.583008 0.083496 1 2 1.000000
2 -20.277703 -32.226821 -140.442368 -0.408322 0.154241 0.899027 0.583008 0.125000 1 2 1.000000
2 -17.124512 -20.200787 -139.843331 0.153069 0.008731 0.987831 0.500000 0.083496 1 2 1.000000
1fireff1_01_ne02_mesh1
2 -20.277703 -32.226821 -140.442368 -0.408322 0.154241 0.899027 0.583008 0.125000 1 2 1.000000
2 -13.203976 -30.103444 -141.268235 0.095169 0.276757 0.955536 0.500000 0.125000 1 2 1.000000
2 -17.124512 -20.200787 -139.843331 0.153069 0.008731 0.987831 0.500000 0.083496 1 2 1.000000
1fireff1_01_ne02_mesh1
2 -17.124512 -20.200787 -139.843331 0.153069 0.008731 0.987831 0.500000 0.083496 1 2 1.000000
2 -13.203976 -30.103444 -141.268235 0.095169 0.276757 0.955536 0.500000 0.125000 1 2 1.000000
2 -10.199149 -19.117790 -142.866557 0.512259 0.133481 0.847966 0.416504 0.083496 1 2 1.000000
1fireff1_01_ne02_mesh1
2 -13.203976 -30.103444 -141.268235 0.095169 0.276757 0.955536 0.500000 0.125000 1 2 1.000000
2 -5.901387 -27.928057 -142.180225 0.548014 0.321200 0.771356 0.416504 0.125000 1 2 1.000000
2 -10.199149 -19.117790 -142.866557 0.512259 0.133481 0.847966 0.416504 0.083496 1 2 1.000000
1fireff1_01_ne02_mesh1
2 -10.199149 -19.117790 -142.866557 0.512259 0.133481 0.847966 0.416504 0.083496 1 2 1.000000
2 -5.901387 -27.928057 -142.180225 0.548014 0.321200 0.771356 0.416504 0.125000 1 2 1.000000
2 -6.412849 -16.241028 -147.031131 0.786410 0.204976 0.582116 0.333252 0.083496 1 2 1.000000
1fireff1_01_ne02_mesh1
2 -5.901387 -27.928057 -142.180225 0.548014 0.321200 0.771356 0.416504 0.125000 1 2 1.000000
2 -1.531531 -28.555422 -149.593432 0.743794 0.356067 0.564873 0.333252 0.125000 1 2 1.000000
2 -6.412849 -16.241028 -147.031131 0.786410 0.204976 0.582116 0.333252 0.083496 1 2 1.000000
1fireff1_01_ne02_mesh1
2 -6.412849 -16.241028 -147.031131 0.786410 0.204976 0.582116 0.333252 0.083496 1 2 1.000000
2 -1.531531 -28.555422 -149.593432 0.743794 0.356067 0.564873 0.333252 0.125000 1 2 1.000000
2 -3.654738 -13.549221 -155.066371 0.945062 0.300372 0.124345 0.250000 0.083496 1 2 1.000000
1fireff1_01_ne02_mesh1
2 -1.531531 -28.555422 -149.593432 0.743794 0.356067 0.564873 0.333252 0.125000 1 2 1.000000
2 4.252285 -28.404383 -155.911704 0.937908 0.320300 0.130536 0.250000 0.125000 1 2 1.000000
2 -3.654738 -13.549221 -155.066371 0.945062 0.300372 0.124345 0.250000 0.083496 1 2 1.000000
1fireff1_01_ne02_mesh1
2 -3.654738 -13.549221 -155.066371 0.945062 0.300372 0.124345 0.250000 0.083496 1 2 1.000000
2 4.252285 -28.404383 -155.911704 0.937908 0.320300 0.130536 0.250000 0.125000 1 2 1.000000
2 -4.888306 -11.753061 -163.640053 0.774128 0.271443 -0.570678 0.166626 0.083496 1 2 1.000000
1fireff1_01_ne02_mesh1
2 4.252285 -28.404383 -155.911704 0.937908 0.320300 0.130536 0.250000 0.125000 1 2 1.000000
2 2.321520 -30.309785 -160.406055 0.828565 0.100315 -0.549961 0.166626 0.125000 1 2 1.000000
2 -4.888306 -11.753061 -163.640053 0.774128 0.271443 -0.570678 0.166626 0.083496 1 2 1.000000
1fireff1_01_ne02_mesh1
2 -4.888306 -11.753061 -163.640053 0.774128 0.271443 -0.570678 0.166626 0.083496 1 2 1.000000
2 2.321520 -30.309785 -160.406055 0.828565 0.100315 -0.549961 0.166626 0.125000 1 2 1.000000
2 -11.425214 -12.389565 -169.195702 0.348389 0.176264 -0.920321 0.083313 0.083496 1 2 1.000000
1fireff1_01_ne02_mesh1
2 2.321520 -30.309785 -160.406055 0.828565 0.100315 -0.549961 0.166626 0.125000 1 2 1.000000
2 -7.729468 -35.188253 -165.858921 0.432606 -0.117465 -0.893417 0.083313 0.125000 1 2 1.000000
2 -11.425214 -12.389565 -169.195702 0.348389 0.176264 -0.920321 0.083313 0.083496 1 2 1.000000
1fireff1_01_ne02_mesh1
2 -11.425214 -12.389565 -169.195702 0.348389 0.176264 -0.920321 0.083313 0.083496 1 2 1.000000
2 -7.729468 -35.188253 -165.858921 0.432606 -0.117465 -0.893417 0.083313 0.125000 1 2 1.000000
2 -18.468345 -13.609786 -168.060065 -0.106309 0.127977 -0.985591 0.000000 0.083496 1 2 1.000000
1fireff1_01_ne02_mesh1
2 -7.729468 -35.188253 -165.858921 0.432606 -0.117465 -0.893417 0.083313 0.125000 1 2 1.000000
2 -14.814838 -38.913953 -170.723283 0.091430 -0.239765 -0.965940 0.000000 0.125000 1 2 1.000000
2 -18.468345 -13.609786 -168.060065 -0.106309 0.127977 -0.985591 0.000000 0.083496 1 2 1.000000
1fireff1_01_ne02_mesh1
2 -14.814838 -38.913953 -170.723283 0.091430 -0.239765 -0.965940 1.000000 0.125000 1 2 1.000000
2 -5.970849 -57.574158 -155.887401 0.127994 -0.625373 -0.769233 1.000000 0.166992 1 2 1.000000
2 -21.712944 -40.665180 -168.780798 -0.537551 -0.375779 -0.754169 0.916504 0.125000 1 2 1.000000
1fireff1_01_ne02_mesh1
2 -5.970849 -57.574158 -155.887401 0.127994 -0.625373 -0.769233 1.000000 0.166992 1 2 1.000000
2 -14.129660 -54.859953 -158.904898 -0.322167 -0.673221 -0.664707 0.916504 0.166992 1 2 1.000000
2 -21.712944 -40.665180 -168.780798 -0.537551 -0.375779 -0.754169 0.916504 0.125000 1 2 1.000000
1fireff1_01_ne02_mesh1
2 -21.712944 -40.665180 -168.780798 -0.537551 -0.375779 -0.754169 0.916504 0.125000 1 2 1.000000
2 -14.129660 -54.859953 -158.904898 -0.322167 -0.673221 -0.664707 0.916504 0.166992 1 2 1.000000
2 -22.424139 -38.219899 -159.232804 -0.872937 -0.357724 -0.330889 0.833008 0.125000 1 2 1.000000
1fireff1_01_ne02_mesh1
2 -14.129660 -54.859953 -158.904898 -0.322167 -0.673221 -0.664707 0.916504 0.166992 1 2 1.000000
2 -18.698038 -55.622172 -155.997016 -0.717187 -0.550265 -0.427058 0.833008 0.166992 1 2 1.000000
2 -22.424139 -38.219899 -159.232804 -0.872937 -0.357724 -0.330889 0.833008 0.125000 1 2 1.000000
1fireff1_01_ne02_mesh1
2 -22.424139 -38.219899 -159.232804 -0.872937 -0.357724 -0.330889 0.833008 0.125000 1 2 1.000000
2 -18.698038 -55.622172 -155.997016 -0.717187 -0.550265 -0.427058 0.833008 0.166992 1 2 1.000000
2 -24.479099 -37.065684 -152.688087 -0.913796 -0.330867 -0.233769 0.750000 0.125000 1 2 1.000000
1fireff1_01_ne02_mesh1
2 -18.698038 -55.622172 -155.997016 -0.717187 -0.550265 -0.427058 0.833008 0.166992 1 2 1.000000
2 -22.586431 -53.925505 -149.491995 -0.911921 -0.328770 -0.244948 0.750000 0.166992 1 2 1.000000
2 -24.479099 -37.065684 -152.688087 -0.913796 -0.330867 -0.233769 0.750000 0.125000 1 2 1.000000
1fireff1_01_ne02_mesh1
2 -24.479099 -37.065684 -152.688087 -0.913796 -0.330867 -0.233769 0.750000 0.125000 1 2 1.000000
2 -22.586431 -53.925505 -149.491995 -0.911921 -0.328770 -0.244948 0.750000 0.166992 1 2 1.000000
2 -26.542956 -35.668454 -145.267684 -0.944305 -0.160629 0.285087 0.666504 0.125000 1 2 1.000000
1fireff1_01_ne02_mesh1
2 -22.586431 -53.925505 -149.491995 -0.911921 -0.328770 -0.244948 0.750000 0.166992 1 2 1.000000
2 -25.101386 -50.168231 -140.650773 -0.965665 -0.059436 0.250862 0.666504 0.166992 1 2 1.000000
2 -26.542956 -35.668454 -145.267684 -0.944305 -0.160629 0.285087 0.666504 0.125000 1 2 1.000000
1fireff1_01_ne02_mesh1
2 -26.542956 -35.668454 -145.267684 -0.944305 -0.160629 0.285087 0.666504 0.125000 1 2 1.000000
2 -25.101386 -50.168231 -140.650773 -0.965665 -0.059436 0.250862 0.666504 0.166992 1 2 1.000000
2 -20.277703 -32.226821 -140.442368 -0.408322 0.154241 0.899027 0.583008 0.125000 1 2 1.000000
1fireff1_01_ne02_mesh1
2 -25.101386 -50.168231 -140.650773 -0.965665 -0.059436 0.250862 0.666504 0.166992 1 2 1.000000
2 -20.782853 -41.476784 -134.868502 -0.548422 0.335384 0.765479 0.583008 0.166992 1 2 1.000000
2 -20.277703 -32.226821 -140.442368 -0.408322 0.154241 0.899027 0.583008 0.125000 1 2 1.000000
1fireff1_01_ne02_mesh1
2 -20.277703 -32.226821 -140.442368 -0.408322 0.154241 0.899027 0.583008 0.125000 1 2 1.000000
2 -20.782853 -41.476784 -134.868502 -0.548422 0.335384 0.765479 0.583008 0.166992 1 2 1.000000
2 -13.203976 -30.103444 -141.268235 0.095169 0.276757 0.955536 0.500000 0.125000 1 2 1.000000
1fireff1_01_ne02_mesh1
2 -20.782853 -41.476784 -134.868502 -0.548422 0.335384 0.765479 0.583008 0.166992 1 2 1.000000
2 -13.046983 -39.024854 -134.738856 -0.038612 0.545897 0.836172 0.500000 0.166992 1 2 1.000000
2 -13.203976 -30.103444 -141.268235 0.095169 0.276757 0.955536 0.500000 0.125000 1 2 1.000000
1fireff1_01_ne02_mesh1
2 -13.203976 -30.103444 -141.268235 0.095169 0.276757 0.955536 0.500000 0.125000 1 2 1.000000
2 -13.046983 -39.024854 -134.738856 -0.038612 0.545897 0.836172 0.500000 0.166992 1 2 1.000000
2 -5.901387 -27.928057 -142.180225 0.548014 0.321200 0.771356 0.416504 0.125000 1 2 1.000000
1fireff1_01_ne02_mesh1
2 -13.046983 -39.024854 -134.738856 -0.038612 0.545897 0.836172 0.500000 0.166992 1 2 1.000000
2 -6.358226 -37.322742 -137.938602 0.365991 0.575644 0.730594 0.416504 0.166992 1 2 1.000000
2 -5.901387 -27.928057 -142.180225 0.548014 0.321200 0.771356 0.416504 0.125000 1 2 1.000000
1fireff1_01_ne02_mesh1
2 -5.901387 -27.928057 -142.180225 0.548014 0.321200 0.771356 0.416504 0.125000 1 2 1.000000
2 -6.358226 -37.322742 -137.938602 0.365991 0.575644 0.730594 0.416504 0.166992 1 2 1.000000
2 -1.531531 -28.555422 -149.593432 0.743794 0.356067 0.564873 0.333252 0.125000 1 2 1.000000
1fireff1_01_ne02_mesh1
2 -6.358226 -37.322742 -137.938602 0.365991 0.575644 0.730594 0.416504 0.166992 1 2 1.000000
2 -1.359781 -39.244533 -140.787385 0.708391 0.528777 0.466227 0.333252 0.166992 1 2 1.000000
2 -1.531531 -28.555422 -149.593432 0.743794 0.356067 0.564873 0.333252 0.125000 1 2 1.000000
1fireff1_01_ne02_mesh1
2 -1.531531 -28.555422 -149.593432 0.743794 0.356067 0.564873 0.333252 0.125000 1 2 1.000000
2 -1.359781 -39.244533 -140.787385 0.708391 0.528777 0.466227 0.333252 0.166992 1 2 1.000000
2 4.252285 -28.404383 -155.911704 0.937908 0.320300 0.130536 0.250000 0.125000 1 2 1.000000
1fireff1_01_ne02_mesh1
2 -1.359781 -39.244533 -140.787385 0.708391 0.528777 0.466227 0.333252 0.166992 1 2 1.000000
2 5.315176 -42.774834 -146.918662 0.935686 0.306881 0.171032 0.250000 0.166992 1 2 1.000000
2 4.252285 -28.404383 -155.911704 0.937908 0.320300 0.130536 0.250000 0.125000 1 2 1.000000
1fireff1_01_ne02_mesh1
2 4.252285 -28.404383 -155.911704 0.937908 0.320300 0.130536 0.250000 0.125000 1 2 1.000000
2 5.315176 -42.774834 -146.918662 0.935686 0.306881 0.171032 0.250000 0.166992 1 2 1.000000
2 2.321520 -30.309785 -160.406055 0.828565 0.100315 -0.549961 0.166626 0.125000 1 2 1.000000
1fireff1_01_ne02_mesh1
2 5.315176 -42.774834 -146.918662 0.935686 0.306881 0.171032 0.250000 0.166992 1 2 1.000000
2 6.416295 -48.819565 -153.312469 0.910065 -0.043948 -0.411390 0.166626 0.166992 1 2 1.000000
2 2.321520 -30.309785 -160.406055 0.828565 0.100315 -0.549961 0.166626 0.125000 1 2 1.000000
1fireff1_01_ne02_mesh1
2 2.321520 -30.309785 -160.406055 0.828565 0.100315 -0.549961 0.166626 0.125000 1 2 1.000000
2 6.416295 -48.819565 -153.312469 0.910065 -0.043948 -0.411390 0.166626 0.166992 1 2 1.000000
2 -7.729468 -35.188253 -165.858921 0.432606 -0.117465 -0.893417 0.083313 0.125000 1 2 1.000000
1fireff1_01_ne02_mesh1
2 6.416295 -48.819565 -153.312469 0.910065 -0.043948 -0.411390 0.166626 0.166992 1 2 1.000000
2 1.614717 -54.668319 -157.403539 0.543981 -0.370713 -0.751917 0.083313 0.166992 1 2 1.000000
2 -7.729468 -35.188253 -165.858921 0.432606 -0.117465 -0.893417 0.083313 0.125000 1 2 1.000000
1fireff1_01_ne02_mesh1
2 -7.729468 -35.188253 -165.858921 0.432606 -0.117465 -0.893417 0.083313 0.125000 1 2 1.000000
2 1.614717 -54.668319 -157.403539 0.543981 -0.370713 -0.751917 0.083313 0.166992 1 2 1.000000
2 -14.814838 -38.913953 -170.723283 0.091430 -0.239765 -0.965940 0.000000 0.125000 1 2 1.000000
1fireff1_01_ne02_mesh1
2 1.614717 -54.668319 -157.403539 0.543981 -0.370713 -0.751917 0.083313 0.166992 1 2 1.000000
2 -5.970849 -57.574158 -155.887401 0.127994 -0.625373 -0.769233 0.000000 0.166992 1 2 1.000000
2 -14.814838 -38.913953 -170.723283 0.091430 -0.239765 -0.965940 0.000000 0.125000 1 2 1.000000
1fireff1_01_ne02_mesh1
2 -5.970849 -57.574158 -155.887401 0.127994 -0.625373 -0.769233 1.000000 0.166992 1 2 1.000000
2 0.079212 -67.549517 -145.911573 0.184432 -0.664752 -0.723609 1.000000 0.208496 1 2 1.000000
2 -14.129660 -54.859953 -158.904898 -0.322167 -0.673221 -0.664707 0.916504 0.166992 1 2 1.000000
1fireff1_01_ne02_mesh1
2 0.079212 -67.549517 -145.911573 0.184432 -0.664752 -0.723609 1.000000 0.208496 1 2 1.000000
2 -9.219891 -67.648071 -144.819087 -0.200793 -0.693084 -0.691602 0.916504 0.208496 1 2 1.000000
2 -14.129660 -54.859953 -158.904898 -0.322167 -0.673221 -0.664707 0.916504 0.166992 1 2 1.000000
1fireff1_01_ne02_mesh1
2 -14.129660 -54.859953 -158.904898 -0.322167 -0.673221 -0.664707 0.916504 0.166992 1 2 1.000000
2 -9.219891 -67.648071 -144.819087 -0.200793 -0.693084 -0.691602 0.916504 0.208496 1 2 1.000000
2 -18.698038 -55.622172 -155.997016 -0.717187 -0.550265 -0.427058 0.833008 0.166992 1 2 1.000000
1fireff1_01_ne02_mesh1
2 -9.219891 -67.648071 -144.819087 -0.200793 -0.693084 -0.691602 0.916504 0.208496 1 2 1.000000
2 -17.543806 -65.598650 -141.373503 -0.659692 -0.586910 -0.468138 0.833008 0.208496 1 2 1.000000
2 -18.698038 -55.622172 -155.997016 -0.717187 -0.550265 -0.427058 0.833008 0.166992 1 2 1.000000
1fireff1_01_ne02_mesh1
2 -18.698038 -55.622172 -155.997016 -0.717187 -0.550265 -0.427058 0.833008 0.166992 1 2 1.000000
2 -17.543806 -65.598650 -141.373503 -0.659692 -0.586910 -0.468138 0.833008 0.208496 1 2 1.000000
2 -22.586431 -53.925505 -149.491995 -0.911921 -0.328770 -0.244948 0.750000 0.166992 1 2 1.000000
1fireff1_01_ne02_mesh1
2 -17.543806 -65.598650 -141.373503 -0.659692 -0.586910 -0.468138 0.833008 0.208496 1 2 1.000000
2 -22.160805 -62.423372 -136.157432 -0.973164 -0.225325 0.042775 0.750000 0.208496 1 2 1.000000
2 -22.586431 -53.925505 -149.491995 -0.911921 -0.328770 -0.244948 0.750000 0.166992 1 2 1.000000
1fireff1_01_ne02_mesh1
2 -22.586431 -53.925505 -149.491995 -0.911921 -0.328770 -0.244948 0.750000 0.166992 1 2 1.000000
2 -22.160805 -62.423372 -136.157432 -0.973164 -0.225325 0.042775 0.750000 0.208496 1 2 1.000000
2 -25.101386 -50.168231 -140.650773 -0.965665 -0.059436 0.250862 0.666504 0.166992 1 2 1.000000
1fireff1_01_ne02_mesh1
2 -22.160805 -62.423372 -136.157432 -0.973164 -0.225325 0.042775 0.750000 0.208496 1 2 1.000000
2 -19.048426 -58.086113 -131.810250 -0.872485 0.076328 0.482112 0.666504 0.208496 1 2 1.000000
2 -25.101386 -50.168231 -140.650773 -0.965665 -0.059436 0.250862 0.666504 0.166992 1 2 1.000000
1fireff1_01_ne02_mesh1
2 -25.101386 -50.168231 -140.650773 -0.965665 -0.059436 0.250862 0.666504 0.166992 1 2 1.000000
2 -19.048426 -58.086113 -131.810250 -0.872485 0.076328 0.482112 0.666504 0.208496 1 2 1.000000
2 -20.782853 -41.476784 -134.868502 -0.548422 0.335384 0.765479 0.583008 0.166992 1 2 1.000000
1fireff1_01_ne02_mesh1
2 -19.048426 -58.086113 -131.810250 -0.872485 0.076328 0.482112 0.666504 0.208496 1 2 1.000000
2 -14.920162 -51.700531 -127.566501 -0.524261 0.386432 0.758359 0.583008 0.208496 1 2 1.000000
2 -20.782853 -41.476784 -134.868502 -0.548422 0.335384 0.765479 0.583008 0.166992 1 2 1.000000
1fireff1_01_ne02_mesh1
2 -20.782853 -41.476784 -134.868502 -0.548422 0.335384 0.765479 0.583008 0.166992 1 2 1.000000
2 -14.920162 -51.700531 -127.566501 -0.524261 0.386432 0.758359 0.583008 0.208496 1 2 1.000000
2 -13.046983 -39.024854 -134.738856 -0.038612 0.545897 0.836172 0.500000 0.166992 1 2 1.000000
1fireff1_01_ne02_mesh1
2 -14.920162 -51.700531 -127.566501 -0.524261 0.386432 0.758359 0.583008 0.208496 1 2 1.000000
2 -6.529096 -49.054617 -128.773042 -0.133305 0.638807 0.756992 0.500000 0.208496 1 2 1.000000
2 -13.046983 -39.024854 -134.738856 -0.038612 0.545897 0.836172 0.500000 0.166992 1 2 1.000000
1fireff1_01_ne02_mesh1
2 -13.046983 -39.024854 -134.738856 -0.038612 0.545897 0.836172 0.500000 0.166992 1 2 1.000000
2 -6.529096 -49.054617 -128.773042 -0.133305 0.638807 0.756992 0.500000 0.208496 1 2 1.000000
2 -6.358226 -37.322742 -137.938602 0.365991 0.575644 0.730594 0.416504 0.166992 1 2 1.000000
1fireff1_01_ne02_mesh1
2 -6.529096 -49.054617 -128.773042 -0.133305 0.638807 0.756992 0.500000 0.208496 1 2 1.000000
2 -1.062007 -45.846294 -129.929266 0.255305 0.755765 0.602108 0.416504 0.208496 1 2 1.000000
2 -6.358226 -37.322742 -137.938602 0.365991 0.575644 0.730594 0.416504 0.166992 1 2 1.000000
1fireff1_01_ne02_mesh1
2 -6.358226 -37.322742 -137.938602 0.365991 0.575644 0.730594 0.416504 0.166992 1 2 1.000000
2 -1.062007 -45.846294 -129.929266 0.255305 0.755765 0.602108 0.416504 0.208496 1 2 1.000000
2 -1.359781 -39.244533 -140.787385 0.708391 0.528777 0.466227 0.333252 0.166992 1 2 1.000000
1fireff1_01_ne02_mesh1
2 -1.062007 -45.846294 -129.929266 0.255305 0.755765 0.602108 0.416504 0.208496 1 2 1.000000
2 5.433948 -49.385675 -133.201216 0.766521 0.592213 0.246935 0.333252 0.208496 1 2 1.000000
2 -1.359781 -39.244533 -140.787385 0.708391 0.528777 0.466227 0.333252 0.166992 1 2 1.000000
1fireff1_01_ne02_mesh1
2 -1.359781 -39.244533 -140.787385 0.708391 0.528777 0.466227 0.333252 0.166992 1 2 1.000000
2 5.433948 -49.385675 -133.201216 0.766521 0.592213 0.246935 0.333252 0.208496 1 2 1.000000
2 5.315176 -42.774834 -146.918662 0.935686 0.306881 0.171032 0.250000 0.166992 1 2 1.000000
1fireff1_01_ne02_mesh1
2 5.433948 -49.385675 -133.201216 0.766521 0.592213 0.246935 0.333252 0.208496 1 2 1.000000
2 7.316065 -56.000466 -136.264206 0.988118 0.146453 -0.035825 0.250000 0.208496 1 2 1.000000
2 5.315176 -42.774834 -146.918662 0.935686 0.306881 0.171032 0.250000 0.166992 1 2 1.000000
1fireff1_01_ne02_mesh1
2 5.315176 -42.774834 -146.918662 0.935686 0.306881 0.171032 0.250000 0.166992 1 2 1.000000
2 7.316065 -56.000466 -136.264206 0.988118 0.146453 -0.035825 0.250000 0.208496 1 2 1.000000
2 6.416295 -48.819565 -153.312469 0.910065 -0.043948 -0.411390 0.166626 0.166992 1 2 1.000000
1fireff1_01_ne02_mesh1
2 7.316065 -56.000466 -136.264206 0.988118 0.146453 -0.035825 0.250000 0.208496 1 2 1.000000
2 7.880539 -59.725896 -141.717835 0.985508 -0.068113 -0.154320 0.166626 0.208496 1 2 1.000000
2 6.416295 -48.819565 -153.312469 0.910065 -0.043948 -0.411390 0.166626 0.166992 1 2 1.000000
1fireff1_01_ne02_mesh1
2 6.416295 -48.819565 -153.312469 0.910065 -0.043948 -0.411390 0.166626 0.166992 1 2 1.000000
2 7.880539 -59.725896 -141.717835 0.985508 -0.068113 -0.154320 0.166626 0.208496 1 2 1.000000
2 1.614717 -54.668319 -157.403539 0.543981 -0.370713 -0.751917 0.083313 0.166992 1 2 1.000000
1fireff1_01_ne02_mesh1
2 7.880539 -59.725896 -141.717835 0.985508 -0.068113 -0.154320 0.166626 0.208496 1 2 1.000000
2 5.483214 -64.330173 -146.502422 0.711240 -0.451129 -0.538657 0.083313 0.208496 1 2 1.000000
2 1.614717 -54.668319 -157.403539 0.543981 -0.370713 -0.751917 0.083313 0.166992 1 2 1.000000
1fireff1_01_ne02_mesh1
2 1.614717 -54.668319 -157.403539 0.543981 -0.370713 -0.751917 0.083313 0.166992 1 2 1.000000
2 5.483214 -64.330173 -146.502422 0.711240 -0.451129 -0.538657 0.083313 0.208496 1 2 1.000000
2 -5.970849 -57.574158 -155.887401 0.127994 -0.625373 -0.769233 0.000000 0.166992 1 2 1.000000
1fireff1_01_ne02_mesh1
2 5.483214 -64.330173 -146.502422 0.711240 -0.451129 -0.538657 0.083313 0.208496 1 2 1.000000
2 0.079212 -67.549517 -145.911573 0.184432 -0.664752 -0.723609 0.000000 0.208496 1 2 1.000000
2 -5.970849 -57.574158 -155.887401 0.127994 -0.625373 -0.769233 0.000000 0.166992 1 2 1.000000
1fireff1_01_ne02_mesh1
2 0.079212 -67.549517 -145.911573 0.184432 -0.664752 -0.723609 1.000000 0.208496 1 2 1.000000
2 1.405505 -82.189345 -132.898154 0.317896 -0.744015 -0.587179 1.000000 0.250000 1 2 1.000000
2 -9.219891 -67.648071 -144.819087 -0.200793 -0.693084 -0.691602 0.916504 0.208496 1 2 1.000000
1fireff1_01_ne02_mesh1
2 1.405505 -82.189345 -132.898154 0.317896 -0.744015 -0.587179 1.000000 0.250000 1 2 1.000000
2 -6.805733 -83.624321 -133.111404 -0.188325 -0.799272 -0.570270 0.916504 0.250000 1 2 1.000000
2 -9.219891 -67.648071 -144.819087 -0.200793 -0.693084 -0.691602 0.916504 0.208496 1 2 1.000000
1fireff1_01_ne02_mesh1
2 -9.219891 -67.648071 -144.819087 -0.200793 -0.693084 -0.691602 0.916504 0.208496 1 2 1.000000
2 -6.805733 -83.624321 -133.111404 -0.188325 -0.799272 -0.570270 0.916504 0.250000 1 2 1.000000
2 -17.543806 -65.598650 -141.373503 -0.659692 -0.586910 -0.468138 0.833008 0.208496 1 2 1.000000
1fireff1_01_ne02_mesh1
2 -6.805733 -83.624321 -133.111404 -0.188325 -0.799272 -0.570270 0.916504 0.250000 1 2 1.000000
2 -18.011673 -79.941584 -129.188093 -0.745562 -0.610325 -0.266712 0.833008 0.250000 1 2 1.000000
2 -17.543806 -65.598650 -141.373503 -0.659692 -0.586910 -0.468138 0.833008 0.208496 1 2 1.000000
1fireff1_01_ne02_mesh1
2 -17.543806 -65.598650 -141.373503 -0.659692 -0.586910 -0.468138 0.833008 0.208496 1 2 1.000000
2 -18.011673 -79.941584 -129.188093 -0.745562 -0.610325 -0.266712 0.833008 0.250000 1 2 1.000000
2 -22.160805 -62.423372 -136.157432 -0.973164 -0.225325 0.042775 0.750000 0.208496 1 2 1.000000
1fireff1_01_ne02_mesh1
2 -18.011673 -79.941584 -129.188093 -0.745562 -0.610325 -0.266712 0.833008 0.250000 1 2 1.000000
2 -18.428294 -72.913945 -125.958804 -0.976727 -0.155955 0.143086 0.750000 0.250000 1 2 1.000000
2 -22.160805 -62.423372 -136.157432 -0.973164 -0.225325 0.042775 0.750000 0.208496 1 2 1.000000
1fireff1_01_ne02_mesh1
2 -22.160805 -62.423372 -136.157432 -0.973164 -0.225325 0.042775 0.750000 0.208496 1 2 1.000000
2 -18.428294 -72.913945 -125.958804 -0.976727 -0.155955 0.143086 0.750000 0.250000 1 2 1.000000
2 -19.048426 -58.086113 -131.810250 -0.872485 0.076328 0.482112 0.666504 0.208496 1 2 1.000000
1fireff1_01_ne02_mesh1
2 -18.428294 -72.913945 -125.958804 -0.976727 -0.155955 0.143086 0.750000 0.250000 1 2 1.000000
2 -15.067586 -65.189531 -121.822009 -0.894144 0.232496 0.382021 0.666504 0.250000 1 2 1.000000
2 -19.048426 -58.086113 -131.810250 -0.872485 0.076328 0.482112 0.666504 0.208496 1 2 1.000000
1fireff1_01_ne02_mesh1
2 -19.048426 -58.086113 -131.810250 -0.872485 0.076328 0.482112 0.666504 0.208496 1 2 1.000000
2 -15.067586 -65.189531 -121.822009 -0.894144 0.232496 0.382021 0.666504 0.250000 1 2 1.000000
2 -14.920162 -51.700531 -127.566501 -0.524261 0.386432 0.758359 0.583008 0.208496 1 2 1.000000
1fireff1_01_ne02_mesh1
2 -15.067586 -65.189531 -121.822009 -0.894144 0.232496 0.382021 0.666504 0.250000 1 2 1.000000
2 -10.644249 -61.628637 -119.405474 -0.712664 0.562782 0.417322 0.583008 0.250000 1 2 1.000000
2 -14.920162 -51.700531 -127.566501 -0.524261 0.386432 0.758359 0.583008 0.208496 1 2 1.000000
1fireff1_01_ne02_mesh1
2 -14.920162 -51.700531 -127.566501 -0.524261 0.386432 0.758359 0.583008 0.208496 1 2 1.000000
2 -10.644249 -61.628637 -119.405474 -0.712664 0.562782 0.417322 0.583008 0.250000 1 2 1.000000
2 -6.529096 -49.054617 -128.773042 -0.133305 0.638807 0.756992 0.500000 0.208496 1 2 1.000000
1fireff1_01_ne02_mesh1
2 -10.644249 -61.628637 -119.405474 -0.712664 0.562782 0.417322 0.583008 0.250000 1 2 1.000000
2 -5.196127 -55.955573 -119.624062 -0.281122 0.790082 0.544445 0.500000 0.250000 1 2 1.000000
2 -6.529096 -49.054617 -128.773042 -0.133305 0.638807 0.756992 0.500000 0.208496 1 2 1.000000
1fireff1_01_ne02_mesh1
2 -6.529096 -49.054617 -128.773042 -0.133305 0.638807 0.756992 0.500000 0.208496 1 2 1.000000
2 -5.196127 -55.955573 -119.624062 -0.281122 0.790082 0.544445 0.500000 0.250000 1 2 1.000000
2 -1.062007 -45.846294 -129.929266 0.255305 0.755765 0.602108 0.416504 0.208496 1 2 1.000000
1fireff1_01_ne02_mesh1
2 -5.196127 -55.955573 -119.624062 -0.281122 0.790082 0.544445 0.500000 0.250000 1 2 1.000000
2 2.877092 -54.763744 -120.116959 0.188412 0.835320 0.515163 0.416504 0.250000 1 2 1.000000
2 -1.062007 -45.846294 -129.929266 0.255305 0.755765 0.602108 0.416504 0.208496 1 2 1.000000
1fireff1_01_ne02_mesh1
2 -1.062007 -45.846294 -129.929266 0.255305 0.755765 0.602108 0.416504 0.208496 1 2 1.000000
2 2.877092 -54.763744 -120.116959 0.188412 0.835320 0.515163 0.416504 0.250000 1 2 1.000000
2 5.433948 -49.385675 -133.201216 0.766521 0.592213 0.246935 0.333252 0.208496 1 2 1.000000
1fireff1_01_ne02_mesh1
2 2.877092 -54.763744 -120.116959 0.188412 0.835320 0.515163 0.416504 0.250000 1 2 1.000000
2 9.246897 -55.985622 -121.113897 0.768428 0.594214 0.234957 0.333252 0.250000 1 2 1.000000
2 5.433948 -49.385675 -133.201216 0.766521 0.592213 0.246935 0.333252 0.208496 1 2 1.000000
1fireff1_01_ne02_mesh1
2 5.433948 -49.385675 -133.201216 0.766521 0.592213 0.246935 0.333252 0.208496 1 2 1.000000
2 9.246897 -55.985622 -121.113897 0.768428 0.594214 0.234957 0.333252 0.250000 1 2 1.000000
2 7.316065 -56.000466 -136.264206 0.988118 0.146453 -0.035825 0.250000 0.208496 1 2 1.000000
1fireff1_01_ne02_mesh1
2 9.246897 -55.985622 -121.113897 0.768428 0.594214 0.234957 0.333252 0.250000 1 2 1.000000
2 10.030639 -63.436190 -123.222283 0.977681 0.143825 -0.150701 0.250000 0.250000 1 2 1.000000
2 7.316065 -56.000466 -136.264206 0.988118 0.146453 -0.035825 0.250000 0.208496 1 2 1.000000
1fireff1_01_ne02_mesh1
2 7.316065 -56.000466 -136.264206 0.988118 0.146453 -0.035825 0.250000 0.208496 1 2 1.000000
2 10.030639 -63.436190 -123.222283 0.977681 0.143825 -0.150701 0.250000 0.250000 1 2 1.000000
2 7.880539 -59.725896 -141.717835 0.985508 -0.068113 -0.154320 0.166626 0.208496 1 2 1.000000
1fireff1_01_ne02_mesh1
2 10.030639 -63.436190 -123.222283 0.977681 0.143825 -0.150701 0.250000 0.250000 1 2 1.000000
2 6.442144 -71.156036 -127.718635 0.957311 -0.091574 -0.272036 0.166626 0.250000 1 2 1.000000
2 7.880539 -59.725896 -141.717835 0.985508 -0.068113 -0.154320 0.166626 0.208496 1 2 1.000000
1fireff1_01_ne02_mesh1
2 7.880539 -59.725896 -141.717835 0.985508 -0.068113 -0.154320 0.166626 0.208496 1 2 1.000000
2 6.442144 -71.156036 -127.718635 0.957311 -0.091574 -0.272036 0.166626 0.250000 1 2 1.000000
2 5.483214 -64.330173 -146.502422 0.711240 -0.451129 -0.538657 0.083313 0.208496 1 2 1.000000
1fireff1_01_ne02_mesh1
2 6.442144 -71.156036 -127.718635 0.957311 -0.091574 -0.272036 0.166626 0.250000 1 2 1.000000
2 7.033424 -77.713760 -132.086130 0.777314 -0.439410 -0.448740 0.083313 0.250000 1 2 1.000000
2 5.483214 -64.330173 -146.502422 0.711240 -0.451129 -0.538657 0.083313 0.208496 1 2 1.000000
1fireff1_01_ne02_mesh1
2 5.483214 -64.330173 -146.502422 0.711240 -0.451129 -0.538657 0.083313 0.208496 1 2 1.000000
2 7.033424 -77.713760 -132.086130 0.777314 -0.439410 -0.448740 0.083313 0.250000 1 2 1.000000
2 0.079212 -67.549517 -145.911573 0.184432 -0.664752 -0.723609 0.000000 0.208496 1 2 1.000000
1fireff1_01_ne02_mesh1
2 7.033424 -77.713760 -132.086130 0.777314 -0.439410 -0.448740 0.083313 0.250000 1 2 1.000000
2 1.405505 -82.189345 -132.898154 0.317896 -0.744015 -0.587179 0.000000 0.250000 1 2 1.000000
2 0.079212 -67.549517 -145.911573 0.184432 -0.664752 -0.723609 0.000000 0.208496 1 2 1.000000
1fireff1_01_ne02_mesh1
2 1.405505 -82.189345 -132.898154 0.317896 -0.744015 -0.587179 1.000000 0.250000 1 2 1.000000
2 5.633380 -90.070859 -114.442059 0.433197 -0.876647 -0.207632 1.000000 0.291992 1 2 1.000000
2 -6.805733 -83.624321 -133.111404 -0.188325 -0.799272 -0.570270 0.916504 0.250000 1 2 1.000000
1fireff1_01_ne02_mesh1
2 5.633380 -90.070859 -114.442059 0.433197 -0.876647 -0.207632 1.000000 0.291992 1 2 1.000000
2 -3.689420 -91.155375 -115.088887 -0.082574 -0.966168 -0.243064 0.916504 0.291992 1 2 1.000000
2 -6.805733 -83.624321 -133.111404 -0.188325 -0.799272 -0.570270 0.916504 0.250000 1 2 1.000000
1fireff1_01_ne02_mesh1
2 -6.805733 -83.624321 -133.111404 -0.188325 -0.799272 -0.570270 0.916504 0.250000 1 2 1.000000
2 -3.689420 -91.155375 -115.088887 -0.082574 -0.966168 -0.243064 0.916504 0.291992 1 2 1.000000
2 -18.011673 -79.941584 -129.188093 -0.745562 -0.610325 -0.266712 0.833008 0.250000 1 2 1.000000
1fireff1_01_ne02_mesh1
2 -3.689420 -91.155375 -115.088887 -0.082574 -0.966168 -0.243064 0.916504 0.291992 1 2 1.000000
2 -8.734592 -87.697977 -114.752979 -0.563645 -0.798033 -0.211129 0.833008 0.291992 1 2 1.000000
2 -18.011673 -79.941584 -129.188093 -0.745562 -0.610325 -0.266712 0.833008 0.250000 1 2 1.000000
1fireff1_01_ne02_mesh1
2 -18.011673 -79.941584 -129.188093 -0.745562 -0.610325 -0.266712 0.833008 0.250000 1 2 1.000000
2 -8.734592 -87.697977 -114.752979 -0.563645 -0.798033 -0.211129 0.833008 0.291992 1 2 1.000000
2 -18.428294 -72.913945 -125.958804 -0.976727 -0.155955 0.143086 0.750000 0.250000 1 2 1.000000
1fireff1_01_ne02_mesh1
2 -8.734592 -87.697977 -114.752979 -0.563645 -0.798033 -0.211129 0.833008 0.291992 1 2 1.000000
2 -13.850543 -81.948920 -112.517491 -0.976806 -0.212838 -0.001586 0.750000 0.291992 1 2 1.000000
2 -18.428294 -72.913945 -125.958804 -0.976727 -0.155955 0.143086 0.750000 0.250000 1 2 1.000000
1fireff1_01_ne02_mesh1
2 -18.428294 -72.913945 -125.958804 -0.976727 -0.155955 0.143086 0.750000 0.250000 1 2 1.000000
2 -13.850543 -81.948920 -112.517491 -0.976806 -0.212838 -0.001586 0.750000 0.291992 1 2 1.000000
2 -15.067586 -65.189531 -121.822009 -0.894144 0.232496 0.382021 0.666504 0.250000 1 2 1.000000
1fireff1_01_ne02_mesh1
2 -13.850543 -81.948920 -112.517491 -0.976806 -0.212838 -0.001586 0.750000 0.291992 1 2 1.000000
2 -14.717186 -73.916506 -109.898623 -0.949831 0.215871 0.224955 0.666504 0.291992 1 2 1.000000
2 -15.067586 -65.189531 -121.822009 -0.894144 0.232496 0.382021 0.666504 0.250000 1 2 1.000000
1fireff1_01_ne02_mesh1
2 -15.067586 -65.189531 -121.822009 -0.894144 0.232496 0.382021 0.666504 0.250000 1 2 1.000000
2 -14.717186 -73.916506 -109.898623 -0.949831 0.215871 0.224955 0.666504 0.291992 1 2 1.000000
2 -10.644249 -61.628637 -119.405474 -0.712664 0.562782 0.417322 0.583008 0.250000 1 2 1.000000
1fireff1_01_ne02_mesh1
2 -14.717186 -73.916506 -109.898623 -0.949831 0.215871 0.224955 0.666504 0.291992 1 2 1.000000
2 -12.409694 -65.299830 -107.380086 -0.783721 0.537447 0.309974 0.583008 0.291992 1 2 1.000000
2 -10.644249 -61.628637 -119.405474 -0.712664 0.562782 0.417322 0.583008 0.250000 1 2 1.000000
1fireff1_01_ne02_mesh1
2 -10.644249 -61.628637 -119.405474 -0.712664 0.562782 0.417322 0.583008 0.250000 1 2 1.000000
2 -12.409694 -65.299830 -107.380086 -0.783721 0.537447 0.309974 0.583008 0.291992 1 2 1.000000
2 -5.196127 -55.955573 -119.624062 -0.281122 0.790082 0.544445 0.500000 0.250000 1 2 1.000000
1fireff1_01_ne02_mesh1
2 -12.409694 -65.299830 -107.380086 -0.783721 0.537447 0.309974 0.583008 0.291992 1 2 1.000000
2 -5.578739 -60.576692 -108.362180 -0.427032 0.857351 0.285468 0.500000 0.291992 1 2 1.000000
2 -5.196127 -55.955573 -119.624062 -0.281122 0.790082 0.544445 0.500000 0.250000 1 2 1.000000
1fireff1_01_ne02_mesh1
2 -5.196127 -55.955573 -119.624062 -0.281122 0.790082 0.544445 0.500000 0.250000 1 2 1.000000
2 -5.578739 -60.576692 -108.362180 -0.427032 0.857351 0.285468 0.500000 0.291992 1 2 1.000000
2 2.877092 -54.763744 -120.116959 0.188412 0.835320 0.515163 0.416504 0.250000 1 2 1.000000
1fireff1_01_ne02_mesh1
2 -5.578739 -60.576692 -108.362180 -0.427032 0.857351 0.285468 0.500000 0.291992 1 2 1.000000
2 1.534055 -59.702488 -109.899630 0.150886 0.955743 0.250659 0.416504 0.291992 1 2 1.000000
2 2.877092 -54.763744 -120.116959 0.188412 0.835320 0.515163 0.416504 0.250000 1 2 1.000000
1fireff1_01_ne02_mesh1
2 2.877092 -54.763744 -120.116959 0.188412 0.835320 0.515163 0.416504 0.250000 1 2 1.000000
2 1.534055 -59.702488 -109.899630 0.150886 0.955743 0.250659 0.416504 0.291992 1 2 1.000000
2 9.246897 -55.985622 -121.113897 0.768428 0.594214 0.234957 0.333252 0.250000 1 2 1.000000
1fireff1_01_ne02_mesh1
2 1.534055 -59.702488 -109.899630 0.150886 0.955743 0.250659 0.416504 0.291992 1 2 1.000000
2 9.472591 -64.337922 -110.753644 0.793748 0.604748 0.061042 0.333252 0.291992 1 2 1.000000
2 9.246897 -55.985622 -121.113897 0.768428 0.594214 0.234957 0.333252 0.250000 1 2 1.000000
1fireff1_01_ne02_mesh1
2 9.246897 -55.985622 -121.113897 0.768428 0.594214 0.234957 0.333252 0.250000 1 2 1.000000
2 9.472591 -64.337922 -110.753644 0.793748 0.604748 0.061042 0.333252 0.291992 1 2 1.000000
2 10.030639 -63.436190 -123.222283 0.977681 0.143825 -0.150701 0.250000 0.250000 1 2 1.000000
1fireff1_01_ne02_mesh1
2 9.472591 -64.337922 -110.753644 0.793748 0.604748 0.061042 0.333252 0.291992 1 2 1.000000
2 14.526622 -72.225521 -110.609953 0.981985 0.155610 -0.103122 0.250000 0.291992 1 2 1.000000
2 10.030639 -63.436190 -123.222283 0.977681 0.143825 -0.150701 0.250000 0.250000 1 2 1.000000
1fireff1_01_ne02_mesh1
2 10.030639 -63.436190 -123.222283 0.977681 0.143825 -0.150701 0.250000 0.250000 1 2 1.000000
2 14.526622 -72.225521 -110.609953 0.981985 0.155610 -0.103122 0.250000 0.291992 1 2 1.000000
2 6.442144 -71.156036 -127.718635 0.957311 -0.091574 -0.272036 0.166626 0.250000 1 2 1.000000
1fireff1_01_ne02_mesh1
2 14.526622 -72.225521 -110.609953 0.981985 0.155610 -0.103122 0.250000 0.291992 1 2 1.000000
2 15.842670 -79.282950 -113.545755 0.954781 -0.232284 -0.183677 0.166626 0.291992 1 2 1.000000
2 6.442144 -71.156036 -127.718635 0.957311 -0.091574 -0.272036 0.166626 0.250000 1 2 1.000000
1fireff1_01_ne02_mesh1
2 6.442144 -71.156036 -127.718635 0.957311 -0.091574 -0.272036 0.166626 0.250000 1 2 1.000000
2 15.842670 -79.282950 -113.545755 0.954781 -0.232284 -0.183677 0.166626 0.291992 1 2 1.000000
2 7.033424 -77.713760 -132.086130 0.777314 -0.439410 -0.448740 0.083313 0.250000 1 2 1.000000
1fireff1_01_ne02_mesh1
2 15.842670 -79.282950 -113.545755 0.954781 -0.232284 -0.183677 0.166626 0.291992 1 2 1.000000
2 9.936686 -84.605154 -114.799537 0.790486 -0.573221 -0.213585 0.083313 0.291992 1 2 1.000000
2 7.033424 -77.713760 -132.086130 0.777314 -0.439410 -0.448740 0.083313 0.250000 1 2 1.000000
1fireff1_01_ne02_mesh1
2 7.033424 -77.713760 -132.086130 0.777314 -0.439410 -0.448740 0.083313 0.250000 1 2 1.000000
2 9.936686 -84.605154 -114.799537 0.790486 -0.573221 -0.213585 0.083313 0.291992 1 2 1.000000
2 1.405505 -82.189345 -132.898154 0.317896 -0.744015 -0.587179 0.000000 0.250000 1 2 1.000000
1fireff1_01_ne02_mesh1
2 9.936686 -84.605154 -114.799537 0.790486 -0.573221 -0.213585 0.083313 0.291992 1 2 1.000000
2 5.633380 -90.070859 -114.442059 0.433197 -0.876647 -0.207632 0.000000 0.291992 1 2 1.000000
2 1.405505 -82.189345 -132.898154 0.317896 -0.744015 -0.587179 0.000000 0.250000 1 2 1.000000
1fireff1_01_ne02_mesh1
2 0.763297 -92.423057 -100.431777 0.288487 -0.956194 -0.038417 0.000000 0.333496 1 2 1.000000
2 5.633380 -90.070859 -114.442059 0.433197 -0.876647 -0.207632 0.000000 0.291992 1 2 1.000000
2 9.670998 -85.851747 -98.750439 0.736622 -0.674185 0.044183 0.083313 0.333496 1 2 1.000000
1fireff1_01_ne02_mesh1
2 5.633380 -90.070859 -114.442059 0.433197 -0.876647 -0.207632 0.000000 0.291992 1 2 1.000000
2 9.936686 -84.605154 -114.799537 0.790486 -0.573221 -0.213585 0.083313 0.291992 1 2 1.000000
2 9.670998 -85.851747 -98.750439 0.736622 -0.674185 0.044183 0.083313 0.333496 1 2 1.000000
1fireff1_01_ne02_mesh1
2 9.670998 -85.851747 -98.750439 0.736622 -0.674185 0.044183 0.083313 0.333496 1 2 1.000000
2 9.936686 -84.605154 -114.799537 0.790486 -0.573221 -0.213585 0.083313 0.291992 1 2 1.000000
2 12.347320 -79.819526 -98.100829 0.925544 -0.365467 0.097446 0.166626 0.333496 1 2 1.000000
1fireff1_01_ne02_mesh1
2 9.936686 -84.605154 -114.799537 0.790486 -0.573221 -0.213585 0.083313 0.291992 1 2 1.000000
2 15.842670 -79.282950 -113.545755 0.954781 -0.232284 -0.183677 0.166626 0.291992 1 2 1.000000
2 12.347320 -79.819526 -98.100829 0.925544 -0.365467 0.097446 0.166626 0.333496 1 2 1.000000
1fireff1_01_ne02_mesh1
2 12.347320 -79.819526 -98.100829 0.925544 -0.365467 0.097446 0.166626 0.333496 1 2 1.000000
2 15.842670 -79.282950 -113.545755 0.954781 -0.232284 -0.183677 0.166626 0.291992 1 2 1.000000
2 14.316383 -72.524247 -98.118085 0.984710 0.170574 0.013276 0.250000 0.333496 1 2 1.000000
1fireff1_01_ne02_mesh1
2 15.842670 -79.282950 -113.545755 0.954781 -0.232284 -0.183677 0.166626 0.291992 1 2 1.000000
2 14.526622 -72.225521 -110.609953 0.981985 0.155610 -0.103122 0.250000 0.291992 1 2 1.000000
2 14.316383 -72.524247 -98.118085 0.984710 0.170574 0.013276 0.250000 0.333496 1 2 1.000000
1fireff1_01_ne02_mesh1
2 14.316383 -72.524247 -98.118085 0.984710 0.170574 0.013276 0.250000 0.333496 1 2 1.000000
2 14.526622 -72.225521 -110.609953 0.981985 0.155610 -0.103122 0.250000 0.291992 1 2 1.000000
2 13.102876 -65.512816 -97.201731 0.798606 0.584033 -0.140792 0.333252 0.333496 1 2 1.000000
1fireff1_01_ne02_mesh1
2 14.526622 -72.225521 -110.609953 0.981985 0.155610 -0.103122 0.250000 0.291992 1 2 1.000000
2 9.472591 -64.337922 -110.753644 0.793748 0.604748 0.061042 0.333252 0.291992 1 2 1.000000
2 13.102876 -65.512816 -97.201731 0.798606 0.584033 -0.140792 0.333252 0.333496 1 2 1.000000
1fireff1_01_ne02_mesh1
2 13.102876 -65.512816 -97.201731 0.798606 0.584033 -0.140792 0.333252 0.333496 1 2 1.000000
2 9.472591 -64.337922 -110.753644 0.793748 0.604748 0.061042 0.333252 0.291992 1 2 1.000000
2 6.322657 -58.906322 -97.797350 0.293722 0.951845 -0.079996 0.416504 0.333496 1 2 1.000000
1fireff1_01_ne02_mesh1
2 9.472591 -64.337922 -110.753644 0.793748 0.604748 0.061042 0.333252 0.291992 1 2 1.000000
2 1.534055 -59.702488 -109.899630 0.150886 0.955743 0.250659 0.416504 0.291992 1 2 1.000000
2 6.322657 -58.906322 -97.797350 0.293722 0.951845 -0.079996 0.416504 0.333496 1 2 1.000000
1fireff1_01_ne02_mesh1
2 6.322657 -58.906322 -97.797350 0.293722 0.951845 -0.079996 0.416504 0.333496 1 2 1.000000
2 1.534055 -59.702488 -109.899630 0.150886 0.955743 0.250659 0.416504 0.291992 1 2 1.000000
2 -0.912180 -61.444523 -97.279122 -0.385565 0.893924 0.226752 0.500000 0.333496 1 2 1.000000
1fireff1_01_ne02_mesh1
2 1.534055 -59.702488 -109.899630 0.150886 0.955743 0.250659 0.416504 0.291992 1 2 1.000000
2 -5.578739 -60.576692 -108.362180 -0.427032 0.857351 0.285468 0.500000 0.291992 1 2 1.000000
2 -0.912180 -61.444523 -97.279122 -0.385565 0.893924 0.226752 0.500000 0.333496 1 2 1.000000
1fireff1_01_ne02_mesh1
2 -0.912180 -61.444523 -97.279122 -0.385565 0.893924 0.226752 0.500000 0.333496 1 2 1.000000
2 -5.578739 -60.576692 -108.362180 -0.427032 0.857351 0.285468 0.500000 0.291992 1 2 1.000000
2 -6.619903 -67.508429 -97.441898 -0.731345 0.542398 0.412271 0.583008 0.333496 1 2 1.000000
1fireff1_01_ne02_mesh1
2 -5.578739 -60.576692 -108.362180 -0.427032 0.857351 0.285468 0.500000 0.291992 1 2 1.000000
2 -12.409694 -65.299830 -107.380086 -0.783721 0.537447 0.309974 0.583008 0.291992 1 2 1.000000
2 -6.619903 -67.508429 -97.441898 -0.731345 0.542398 0.412271 0.583008 0.333496 1 2 1.000000
1fireff1_01_ne02_mesh1
2 -6.619903 -67.508429 -97.441898 -0.731345 0.542398 0.412271 0.583008 0.333496 1 2 1.000000
2 -12.409694 -65.299830 -107.380086 -0.783721 0.537447 0.309974 0.583008 0.291992 1 2 1.000000
2 -13.311603 -80.135899 -98.353085 -0.962776 0.197585 0.182578 0.666504 0.333496 1 2 1.000000
1fireff1_01_ne02_mesh1
2 -12.409694 -65.299830 -107.380086 -0.783721 0.537447 0.309974 0.583008 0.291992 1 2 1.000000
2 -14.717186 -73.916506 -109.898623 -0.949831 0.215871 0.224955 0.666504 0.291992 1 2 1.000000
2 -13.311603 -80.135899 -98.353085 -0.962776 0.197585 0.182578 0.666504 0.333496 1 2 1.000000
1fireff1_01_ne02_mesh1
2 -13.311603 -80.135899 -98.353085 -0.962776 0.197585 0.182578 0.666504 0.333496 1 2 1.000000
2 -14.717186 -73.916506 -109.898623 -0.949831 0.215871 0.224955 0.666504 0.291992 1 2 1.000000
2 -16.151048 -87.696125 -99.638894 -0.941610 -0.224208 -0.248932 0.750000 0.333496 1 2 1.000000
1fireff1_01_ne02_mesh1
2 -14.717186 -73.916506 -109.898623 -0.949831 0.215871 0.224955 0.666504 0.291992 1 2 1.000000
2 -13.850543 -81.948920 -112.517491 -0.976806 -0.212838 -0.001586 0.750000 0.291992 1 2 1.000000
2 -16.151048 -87.696125 -99.638894 -0.941610 -0.224208 -0.248932 0.750000 0.333496 1 2 1.000000
1fireff1_01_ne02_mesh1
2 -16.151048 -87.696125 -99.638894 -0.941610 -0.224208 -0.248932 0.750000 0.333496 1 2 1.000000
2 -13.850543 -81.948920 -112.517491 -0.976806 -0.212838 -0.001586 0.750000 0.291992 1 2 1.000000
2 -14.444908 -93.308784 -99.230545 -0.569791 -0.740939 -0.354769 0.833008 0.333496 1 2 1.000000
1fireff1_01_ne02_mesh1
2 -13.850543 -81.948920 -112.517491 -0.976806 -0.212838 -0.001586 0.750000 0.291992 1 2 1.000000
2 -8.734592 -87.697977 -114.752979 -0.563645 -0.798033 -0.211129 0.833008 0.291992 1 2 1.000000
2 -14.444908 -93.308784 -99.230545 -0.569791 -0.740939 -0.354769 0.833008 0.333496 1 2 1.000000
1fireff1_01_ne02_mesh1
2 -14.444908 -93.308784 -99.230545 -0.569791 -0.740939 -0.354769 0.833008 0.333496 1 2 1.000000
2 -8.734592 -87.697977 -114.752979 -0.563645 -0.798033 -0.211129 0.833008 0.291992 1 2 1.000000
2 -8.345300 -90.946624 -100.117153 -0.080794 -0.983116 -0.161725 0.916504 0.333496 1 2 1.000000
1fireff1_01_ne02_mesh1
2 -8.734592 -87.697977 -114.752979 -0.563645 -0.798033 -0.211129 0.833008 0.291992 1 2 1.000000
2 -3.689420 -91.155375 -115.088887 -0.082574 -0.966168 -0.243064 0.916504 0.291992 1 2 1.000000
2 -8.345300 -90.946624 -100.117153 -0.080794 -0.983116 -0.161725 0.916504 0.333496 1 2 1.000000
1fireff1_01_ne02_mesh1
2 -8.345300 -90.946624 -100.117153 -0.080794 -0.983116 -0.161725 0.916504 0.333496 1 2 1.000000
2 -3.689420 -91.155375 -115.088887 -0.082574 -0.966168 -0.243064 0.916504 0.291992 1 2 1.000000
2 0.763297 -92.423057 -100.431777 0.288487 -0.956194 -0.038417 1.000000 0.333496 1 2 1.000000
1fireff1_01_ne02_mesh1
2 -3.689420 -91.155375 -115.088887 -0.082574 -0.966168 -0.243064 0.916504 0.291992 1 2 1.000000
2 5.633380 -90.070859 -114.442059 0.433197 -0.876647 -0.207632 1.000000 0.291992 1 2 1.000000
2 0.763297 -92.423057 -100.431777 0.288487 -0.956194 -0.038417 1.000000 0.333496 1 2 1.000000
1fireff1_01_ne02_mesh1
2 -31.537546 17.576820 -160.907585 -0.119369 0.391113 -0.911983 0.000000 1.000000 1 2 1.000000
2 -34.518729 34.322038 -149.287629 -0.176574 0.710597 -0.680307 0.000000 0.958344 1 2 1.000000
2 -23.208325 18.519788 -158.974282 0.363288 0.500681 -0.784871 0.083313 1.000000 1 2 1.000000
1fireff1_01_ne02_mesh1
2 -34.518729 34.322038 -149.287629 -0.176574 0.710597 -0.680307 0.000000 0.958344 1 2 1.000000
2 -25.672284 33.582511 -147.692546 0.330500 0.714908 -0.615485 0.083313 0.958344 1 2 1.000000
2 -23.208325 18.519788 -158.974282 0.363288 0.500681 -0.784871 0.083313 1.000000 1 2 1.000000
1fireff1_01_ne02_mesh1
2 -23.208325 18.519788 -158.974282 0.363288 0.500681 -0.784871 0.083313 1.000000 1 2 1.000000
2 -25.672284 33.582511 -147.692546 0.330500 0.714908 -0.615485 0.083313 0.958344 1 2 1.000000
2 -17.987144 16.690950 -151.995542 0.750175 0.469979 -0.463432 0.166626 1.000000 1 2 1.000000
1fireff1_01_ne02_mesh1
2 -25.672284 33.582511 -147.692546 0.330500 0.714908 -0.615485 0.083313 0.958344 1 2 1.000000
2 -18.983990 33.556699 -145.020268 0.706677 0.585083 -0.396757 0.166626 0.958344 1 2 1.000000
2 -17.987144 16.690950 -151.995542 0.750175 0.469979 -0.463432 0.166626 1.000000 1 2 1.000000
1fireff1_01_ne02_mesh1
2 -17.987144 16.690950 -151.995542 0.750175 0.469979 -0.463432 0.166626 1.000000 1 2 1.000000
2 -18.983990 33.556699 -145.020268 0.706677 0.585083 -0.396757 0.166626 0.958344 1 2 1.000000
2 -15.038301 14.371974 -145.014385 0.969456 0.242620 0.020631 0.250000 1.000000 1 2 1.000000
1fireff1_01_ne02_mesh1
2 -18.983990 33.556699 -145.020268 0.706677 0.585083 -0.396757 0.166626 0.958344 1 2 1.000000
2 -15.541512 29.741846 -138.933517 0.954814 0.295845 -0.018141 0.250000 0.958344 1 2 1.000000
2 -15.038301 14.371974 -145.014385 0.969456 0.242620 0.020631 0.250000 1.000000 1 2 1.000000
1fireff1_01_ne02_mesh1
2 -15.038301 14.371974 -145.014385 0.969456 0.242620 0.020631 0.250000 1.000000 1 2 1.000000
2 -15.541512 29.741846 -138.933517 0.954814 0.295845 -0.018141 0.250000 0.958344 1 2 1.000000
2 -17.195853 8.070900 -139.544215 0.821442 -0.043827 0.568221 0.333252 1.000000 1 2 1.000000
1fireff1_01_ne02_mesh1
2 -15.541512 29.741846 -138.933517 0.954814 0.295845 -0.018141 0.250000 0.958344 1 2 1.000000
2 -15.819821 21.273145 -134.537901 0.948236 -0.104619 0.298664 0.333252 0.958344 1 2 1.000000
2 -17.195853 8.070900 -139.544215 0.821442 -0.043827 0.568221 0.333252 1.000000 1 2 1.000000
1fireff1_01_ne02_mesh1
2 -17.195853 8.070900 -139.544215 0.821442 -0.043827 0.568221 0.333252 1.000000 1 2 1.000000
2 -15.819821 21.273145 -134.537901 0.948236 -0.104619 0.298664 0.333252 0.958344 1 2 1.000000
2 -20.842155 4.480417 -137.100484 0.509164 -0.281996 0.812661 0.416504 1.000000 1 2 1.000000
1fireff1_01_ne02_mesh1
2 -15.819821 21.273145 -134.537901 0.948236 -0.104619 0.298664 0.333252 0.958344 1 2 1.000000
2 -21.610174 13.479935 -130.359535 0.634838 -0.480002 0.604740 0.416504 0.958344 1 2 1.000000
2 -20.842155 4.480417 -137.100484 0.509164 -0.281996 0.812661 0.416504 1.000000 1 2 1.000000
1fireff1_01_ne02_mesh1
2 -20.842155 4.480417 -137.100484 0.509164 -0.281996 0.812661 0.416504 1.000000 1 2 1.000000
2 -21.610174 13.479935 -130.359535 0.634838 -0.480002 0.604740 0.416504 0.958344 1 2 1.000000
2 -27.974220 1.066354 -135.966198 0.089961 -0.448537 0.888633 0.500000 1.000000 1 2 1.000000
1fireff1_01_ne02_mesh1
2 -21.610174 13.479935 -130.359535 0.634838 -0.480002 0.604740 0.416504 0.958344 1 2 1.000000
2 -30.073613 10.172253 -128.320608 0.089773 -0.690151 0.717563 0.500000 0.958344 1 2 1.000000
2 -27.974220 1.066354 -135.966198 0.089961 -0.448537 0.888633 0.500000 1.000000 1 2 1.000000
1fireff1_01_ne02_mesh1
2 -27.974220 1.066354 -135.966198 0.089961 -0.448537 0.888633 0.500000 1.000000 1 2 1.000000
2 -30.073613 10.172253 -128.320608 0.089773 -0.690151 0.717563 0.500000 0.958344 1 2 1.000000
2 -35.798349 1.922744 -137.599315 -0.400887 -0.516019 0.756238 0.583008 1.000000 1 2 1.000000
1fireff1_01_ne02_mesh1
2 -30.073613 10.172253 -128.320608 0.089773 -0.690151 0.717563 0.500000 0.958344 1 2 1.000000
2 -36.484661 10.676501 -128.625069 -0.428636 -0.645857 0.630740 0.583008 0.958344 1 2 1.000000
2 -35.798349 1.922744 -137.599315 -0.400887 -0.516019 0.756238 0.583008 1.000000 1 2 1.000000
1fireff1_01_ne02_mesh1
2 -35.798349 1.922744 -137.599315 -0.400887 -0.516019 0.756238 0.583008 1.000000 1 2 1.000000
2 -36.484661 10.676501 -128.625069 -0.428636 -0.645857 0.630740 0.583008 0.958344 1 2 1.000000
2 -42.019262 0.394707 -140.681597 -0.824351 -0.437294 0.358699 0.666504 1.000000 1 2 1.000000
1fireff1_01_ne02_mesh1
2 -36.484661 10.676501 -128.625069 -0.428636 -0.645857 0.630740 0.583008 0.958344 1 2 1.000000
2 -40.997432 14.659899 -134.516124 -0.823859 -0.463479 0.325605 0.666504 0.958344 1 2 1.000000
2 -42.019262 0.394707 -140.681597 -0.824351 -0.437294 0.358699 0.666504 1.000000 1 2 1.000000
1fireff1_01_ne02_mesh1
2 -42.019262 0.394707 -140.681597 -0.824351 -0.437294 0.358699 0.666504 1.000000 1 2 1.000000
2 -40.997432 14.659899 -134.516124 -0.823859 -0.463479 0.325605 0.666504 0.958344 1 2 1.000000
2 -43.067714 3.604880 -147.388619 -0.951408 -0.299873 -0.067832 0.750000 1.000000 1 2 1.000000
1fireff1_01_ne02_mesh1
2 -40.997432 14.659899 -134.516124 -0.823859 -0.463479 0.325605 0.666504 0.958344 1 2 1.000000
2 -43.772351 19.579217 -140.717628 -0.979920 -0.189578 -0.053930 0.750000 0.958344 1 2 1.000000
2 -43.067714 3.604880 -147.388619 -0.951408 -0.299873 -0.067832 0.750000 1.000000 1 2 1.000000
1fireff1_01_ne02_mesh1
2 -43.067714 3.604880 -147.388619 -0.951408 -0.299873 -0.067832 0.750000 1.000000 1 2 1.000000
2 -43.772351 19.579217 -140.717628 -0.979920 -0.189578 -0.053930 0.750000 0.958344 1 2 1.000000
2 -42.569883 8.292427 -153.573752 -0.901794 -0.124346 -0.413199 0.833008 1.000000 1 2 1.000000
1fireff1_01_ne02_mesh1
2 -43.772351 19.579217 -140.717628 -0.979920 -0.189578 -0.053930 0.750000 0.958344 1 2 1.000000
2 -43.500966 24.960664 -146.176668 -0.924227 0.142234 -0.353757 0.833008 0.958344 1 2 1.000000
2 -42.569883 8.292427 -153.573752 -0.901794 -0.124346 -0.413199 0.833008 1.000000 1 2 1.000000
1fireff1_01_ne02_mesh1
2 -42.569883 8.292427 -153.573752 -0.901794 -0.124346 -0.413199 0.833008 1.000000 1 2 1.000000
2 -43.500966 24.960664 -146.176668 -0.924227 0.142234 -0.353757 0.833008 0.958344 1 2 1.000000
2 -37.615527 14.314402 -160.478724 -0.578624 0.142946 -0.802447 0.916504 1.000000 1 2 1.000000
1fireff1_01_ne02_mesh1
2 -43.500966 24.960664 -146.176668 -0.924227 0.142234 -0.353757 0.833008 0.958344 1 2 1.000000
2 -40.380101 30.279404 -148.894327 -0.676889 0.445579 -0.584934 0.916504 0.958344 1 2 1.000000
2 -37.615527 14.314402 -160.478724 -0.578624 0.142946 -0.802447 0.916504 1.000000 1 2 1.000000
1fireff1_01_ne02_mesh1
2 -37.615527 14.314402 -160.478724 -0.578624 0.142946 -0.802447 0.916504 1.000000 1 2 1.000000
2 -40.380101 30.279404 -148.894327 -0.676889 0.445579 -0.584934 0.916504 0.958344 1 2 1.000000
2 -31.537546 17.576820 -160.907585 -0.119369 0.391113 -0.911983 1.000000 1.000000 1 2 1.000000
1fireff1_01_ne02_mesh1
2 -40.380101 30.279404 -148.894327 -0.676889 0.445579 -0.584934 0.916504 0.958344 1 2 1.000000
2 -34.518729 34.322038 -149.287629 -0.176574 0.710597 -0.680307 1.000000 0.958344 1 2 1.000000
2 -31.537546 17.576820 -160.907585 -0.119369 0.391113 -0.911983 1.000000 1.000000 1 2 1.000000
1fireff1_01_ne02_mesh1
2 -34.518729 34.322038 -149.287629 -0.176574 0.710597 -0.680307 0.000000 0.958344 1 2 1.000000
2 -40.163567 46.740467 -129.133251 -0.259441 0.865636 -0.427652 0.000000 0.916687 1 2 1.000000
2 -25.672284 33.582511 -147.692546 0.330500 0.714908 -0.615485 0.083313 0.958344 1 2 1.000000
1fireff1_01_ne02_mesh1
2 -40.163567 46.740467 -129.133251 -0.259441 0.865636 -0.427652 0.000000 0.916687 1 2 1.000000
2 -31.619566 45.154369 -128.861956 0.261589 0.903158 -0.339238 0.083313 0.916687 1 2 1.000000
2 -25.672284 33.582511 -147.692546 0.330500 0.714908 -0.615485 0.083313 0.958344 1 2 1.000000
1fireff1_01_ne02_mesh1
2 -25.672284 33.582511 -147.692546 0.330500 0.714908 -0.615485 0.083313 0.958344 1 2 1.000000
2 -31.619566 45.154369 -128.861956 0.261589 0.903158 -0.339238 0.083313 0.916687 1 2 1.000000
2 -18.983990 33.556699 -145.020268 0.706677 0.585083 -0.396757 0.166626 0.958344 1 2 1.000000
1fireff1_01_ne02_mesh1
2 -31.619566 45.154369 -128.861956 0.261589 0.903158 -0.339238 0.083313 0.916687 1 2 1.000000
2 -24.614673 41.961054 -127.730665 0.678819 0.727334 -0.096303 0.166626 0.916687 1 2 1.000000
2 -18.983990 33.556699 -145.020268 0.706677 0.585083 -0.396757 0.166626 0.958344 1 2 1.000000
1fireff1_01_ne02_mesh1
2 -18.983990 33.556699 -145.020268 0.706677 0.585083 -0.396757 0.166626 0.958344 1 2 1.000000
2 -24.614673 41.961054 -127.730665 0.678819 0.727334 -0.096303 0.166626 0.916687 1 2 1.000000
2 -15.541512 29.741846 -138.933517 0.954814 0.295845 -0.018141 0.250000 0.958344 1 2 1.000000
1fireff1_01_ne02_mesh1
2 -24.614673 41.961054 -127.730665 0.678819 0.727334 -0.096303 0.166626 0.916687 1 2 1.000000
2 -21.404307 36.020262 -126.251534 0.885394 0.437763 0.154456 0.250000 0.916687 1 2 1.000000
2 -15.541512 29.741846 -138.933517 0.954814 0.295845 -0.018141 0.250000 0.958344 1 2 1.000000
1fireff1_01_ne02_mesh1
2 -15.541512 29.741846 -138.933517 0.954814 0.295845 -0.018141 0.250000 0.958344 1 2 1.000000
2 -21.404307 36.020262 -126.251534 0.885394 0.437763 0.154456 0.250000 0.916687 1 2 1.000000
2 -15.819821 21.273145 -134.537901 0.948236 -0.104619 0.298664 0.333252 0.958344 1 2 1.000000
1fireff1_01_ne02_mesh1
2 -21.404307 36.020262 -126.251534 0.885394 0.437763 0.154456 0.250000 0.916687 1 2 1.000000
2 -19.182348 29.329314 -123.910402 0.960689 0.091248 0.261257 0.333252 0.916687 1 2 1.000000
2 -15.819821 21.273145 -134.537901 0.948236 -0.104619 0.298664 0.333252 0.958344 1 2 1.000000
1fireff1_01_ne02_mesh1
2 -15.819821 21.273145 -134.537901 0.948236 -0.104619 0.298664 0.333252 0.958344 1 2 1.000000
2 -19.182348 29.329314 -123.910402 0.960689 0.091248 0.261257 0.333252 0.916687 1 2 1.000000
2 -21.610174 13.479935 -130.359535 0.634838 -0.480002 0.604740 0.416504 0.958344 1 2 1.000000
1fireff1_01_ne02_mesh1
2 -19.182348 29.329314 -123.910402 0.960689 0.091248 0.261257 0.333252 0.916687 1 2 1.000000
2 -23.152172 20.006871 -120.240596 0.705105 -0.593559 0.387333 0.416504 0.916687 1 2 1.000000
2 -21.610174 13.479935 -130.359535 0.634838 -0.480002 0.604740 0.416504 0.958344 1 2 1.000000
1fireff1_01_ne02_mesh1
2 -21.610174 13.479935 -130.359535 0.634838 -0.480002 0.604740 0.416504 0.958344 1 2 1.000000
2 -23.152172 20.006871 -120.240596 0.705105 -0.593559 0.387333 0.416504 0.916687 1 2 1.000000
2 -30.073613 10.172253 -128.320608 0.089773 -0.690151 0.717563 0.500000 0.958344 1 2 1.000000
1fireff1_01_ne02_mesh1
2 -23.152172 20.006871 -120.240596 0.705105 -0.593559 0.387333 0.416504 0.916687 1 2 1.000000
2 -30.733661 17.866308 -119.852175 0.039546 -0.882241 0.468319 0.500000 0.916687 1 2 1.000000
2 -30.073613 10.172253 -128.320608 0.089773 -0.690151 0.717563 0.500000 0.958344 1 2 1.000000
1fireff1_01_ne02_mesh1
2 -30.073613 10.172253 -128.320608 0.089773 -0.690151 0.717563 0.500000 0.958344 1 2 1.000000
2 -30.733661 17.866308 -119.852175 0.039546 -0.882241 0.468319 0.500000 0.916687 1 2 1.000000
2 -36.484661 10.676501 -128.625069 -0.428636 -0.645857 0.630740 0.583008 0.958344 1 2 1.000000
1fireff1_01_ne02_mesh1
2 -30.733661 17.866308 -119.852175 0.039546 -0.882241 0.468319 0.500000 0.916687 1 2 1.000000
2 -38.554253 18.787863 -121.959781 -0.425136 -0.813863 0.394497 0.583008 0.916687 1 2 1.000000
2 -36.484661 10.676501 -128.625069 -0.428636 -0.645857 0.630740 0.583008 0.958344 1 2 1.000000
1fireff1_01_ne02_mesh1
2 -36.484661 10.676501 -128.625069 -0.428636 -0.645857 0.630740 0.583008 0.958344 1 2 1.000000
2 -38.554253 18.787863 -121.959781 -0.425136 -0.813863 0.394497 0.583008 0.916687 1 2 1.000000
2 -40.997432 14.659899 -134.516124 -0.823859 -0.463479 0.325605 0.666504 0.958344 1 2 1.000000
1fireff1_01_ne02_mesh1
2 -38.554253 18.787863 -121.959781 -0.425136 -0.813863 0.394497 0.583008 0.916687 1 2 1.000000
2 -44.192582 22.213413 -122.796870 -0.646311 -0.741521 0.178195 0.666504 0.916687 1 2 1.000000
2 -40.997432 14.659899 -134.516124 -0.823859 -0.463479 0.325605 0.666504 0.958344 1 2 1.000000
1fireff1_01_ne02_mesh1
2 -40.997432 14.659899 -134.516124 -0.823859 -0.463479 0.325605 0.666504 0.958344 1 2 1.000000
2 -44.192582 22.213413 -122.796870 -0.646311 -0.741521 0.178195 0.666504 0.916687 1 2 1.000000
2 -43.772351 19.579217 -140.717628 -0.979920 -0.189578 -0.053930 0.750000 0.958344 1 2 1.000000
1fireff1_01_ne02_mesh1
2 -44.192582 22.213413 -122.796870 -0.646311 -0.741521 0.178195 0.666504 0.916687 1 2 1.000000
2 -49.517137 25.503185 -127.036240 -0.935240 -0.337583 -0.101378 0.750000 0.916687 1 2 1.000000
2 -43.772351 19.579217 -140.717628 -0.979920 -0.189578 -0.053930 0.750000 0.958344 1 2 1.000000
1fireff1_01_ne02_mesh1
2 -43.772351 19.579217 -140.717628 -0.979920 -0.189578 -0.053930 0.750000 0.958344 1 2 1.000000
2 -49.517137 25.503185 -127.036240 -0.935240 -0.337583 -0.101378 0.750000 0.916687 1 2 1.000000
2 -43.500966 24.960664 -146.176668 -0.924227 0.142234 -0.353757 0.833008 0.958344 1 2 1.000000
1fireff1_01_ne02_mesh1
2 -49.517137 25.503185 -127.036240 -0.935240 -0.337583 -0.101378 0.750000 0.916687 1 2 1.000000
2 -48.484314 31.422119 -129.600956 -0.935858 0.160147 -0.312735 0.833008 0.916687 1 2 1.000000
2 -43.500966 24.960664 -146.176668 -0.924227 0.142234 -0.353757 0.833008 0.958344 1 2 1.000000
1fireff1_01_ne02_mesh1
2 -43.500966 24.960664 -146.176668 -0.924227 0.142234 -0.353757 0.833008 0.958344 1 2 1.000000
2 -48.484314 31.422119 -129.600956 -0.935858 0.160147 -0.312735 0.833008 0.916687 1 2 1.000000
2 -40.380101 30.279404 -148.894327 -0.676889 0.445579 -0.584934 0.916504 0.958344 1 2 1.000000
1fireff1_01_ne02_mesh1
2 -48.484314 31.422119 -129.600956 -0.935858 0.160147 -0.312735 0.833008 0.916687 1 2 1.000000
2 -44.976990 37.798168 -131.480303 -0.780193 0.469864 -0.412225 0.916504 0.916687 1 2 1.000000
2 -40.380101 30.279404 -148.894327 -0.676889 0.445579 -0.584934 0.916504 0.958344 1 2 1.000000
1fireff1_01_ne02_mesh1
2 -40.380101 30.279404 -148.894327 -0.676889 0.445579 -0.584934 0.916504 0.958344 1 2 1.000000
2 -44.976990 37.798168 -131.480303 -0.780193 0.469864 -0.412225 0.916504 0.916687 1 2 1.000000
2 -34.518729 34.322038 -149.287629 -0.176574 0.710597 -0.680307 1.000000 0.958344 1 2 1.000000
1fireff1_01_ne02_mesh1
2 -44.976990 37.798168 -131.480303 -0.780193 0.469864 -0.412225 0.916504 0.916687 1 2 1.000000
2 -40.163567 46.740467 -129.133251 -0.259441 0.865636 -0.427652 1.000000 0.916687 1 2 1.000000
2 -34.518729 34.322038 -149.287629 -0.176574 0.710597 -0.680307 1.000000 0.958344 1 2 1.000000
1fireff1_01_ne02_mesh1
2 -40.163567 46.740467 -129.133251 -0.259441 0.865636 -0.427652 0.000000 0.916687 1 2 1.000000
2 -43.614411 51.506466 -109.861305 -0.267566 0.958976 -0.091103 0.000000 0.875000 1 2 1.000000
2 -31.619566 45.154369 -128.861956 0.261589 0.903158 -0.339238 0.083313 0.916687 1 2 1.000000
1fireff1_01_ne02_mesh1
2 -43.614411 51.506466 -109.861305 -0.267566 0.958976 -0.091103 0.000000 0.875000 1 2 1.000000
2 -34.786904 50.083479 -114.375132 0.254481 0.952258 -0.165404 0.083313 0.875000 1 2 1.000000
2 -31.619566 45.154369 -128.861956 0.261589 0.903158 -0.339238 0.083313 0.916687 1 2 1.000000
1fireff1_01_ne02_mesh1
2 -31.619566 45.154369 -128.861956 0.261589 0.903158 -0.339238 0.083313 0.916687 1 2 1.000000
2 -34.786904 50.083479 -114.375132 0.254481 0.952258 -0.165404 0.083313 0.875000 1 2 1.000000
2 -24.614673 41.961054 -127.730665 0.678819 0.727334 -0.096303 0.166626 0.916687 1 2 1.000000
1fireff1_01_ne02_mesh1
2 -34.786904 50.083479 -114.375132 0.254481 0.952258 -0.165404 0.083313 0.875000 1 2 1.000000
2 -28.371733 47.059689 -113.451824 0.731938 0.672924 -0.100926 0.166626 0.875000 1 2 1.000000
2 -24.614673 41.961054 -127.730665 0.678819 0.727334 -0.096303 0.166626 0.916687 1 2 1.000000
1fireff1_01_ne02_mesh1
2 -24.614673 41.961054 -127.730665 0.678819 0.727334 -0.096303 0.166626 0.916687 1 2 1.000000
2 -28.371733 47.059689 -113.451824 0.731938 0.672924 -0.100926 0.166626 0.875000 1 2 1.000000
2 -21.404307 36.020262 -126.251534 0.885394 0.437763 0.154456 0.250000 0.916687 1 2 1.000000
1fireff1_01_ne02_mesh1
2 -28.371733 47.059689 -113.451824 0.731938 0.672924 -0.100926 0.166626 0.875000 1 2 1.000000
2 -25.852874 37.585282 -116.794032 0.905762 0.415258 0.082374 0.250000 0.875000 1 2 1.000000
2 -21.404307 36.020262 -126.251534 0.885394 0.437763 0.154456 0.250000 0.916687 1 2 1.000000
1fireff1_01_ne02_mesh1
2 -21.404307 36.020262 -126.251534 0.885394 0.437763 0.154456 0.250000 0.916687 1 2 1.000000
2 -25.852874 37.585282 -116.794032 0.905762 0.415258 0.082374 0.250000 0.875000 1 2 1.000000
2 -19.182348 29.329314 -123.910402 0.960689 0.091248 0.261257 0.333252 0.916687 1 2 1.000000
1fireff1_01_ne02_mesh1
2 -25.852874 37.585282 -116.794032 0.905762 0.415258 0.082374 0.250000 0.875000 1 2 1.000000
2 -21.570475 31.767995 -111.222625 0.990877 0.110346 0.074266 0.333252 0.875000 1 2 1.000000
2 -19.182348 29.329314 -123.910402 0.960689 0.091248 0.261257 0.333252 0.916687 1 2 1.000000
1fireff1_01_ne02_mesh1
2 -19.182348 29.329314 -123.910402 0.960689 0.091248 0.261257 0.333252 0.916687 1 2 1.000000
2 -21.570475 31.767995 -111.222625 0.990877 0.110346 0.074266 0.333252 0.875000 1 2 1.000000
2 -23.152172 20.006871 -120.240596 0.705105 -0.593559 0.387333 0.416504 0.916687 1 2 1.000000
1fireff1_01_ne02_mesh1
2 -21.570475 31.767995 -111.222625 0.990877 0.110346 0.074266 0.333252 0.875000 1 2 1.000000
2 -24.333296 23.953351 -104.593933 0.743366 -0.623418 0.240379 0.416504 0.875000 1 2 1.000000
2 -23.152172 20.006871 -120.240596 0.705105 -0.593559 0.387333 0.416504 0.916687 1 2 1.000000
1fireff1_01_ne02_mesh1
2 -23.152172 20.006871 -120.240596 0.705105 -0.593559 0.387333 0.416504 0.916687 1 2 1.000000
2 -24.333296 23.953351 -104.593933 0.743366 -0.623418 0.240379 0.416504 0.875000 1 2 1.000000
2 -30.733661 17.866308 -119.852175 0.039546 -0.882241 0.468319 0.500000 0.916687 1 2 1.000000
1fireff1_01_ne02_mesh1
2 -24.333296 23.953351 -104.593933 0.743366 -0.623418 0.240379 0.416504 0.875000 1 2 1.000000
2 -30.843323 20.272759 -106.453637 0.025277 -0.962551 0.267706 0.500000 0.875000 1 2 1.000000
2 -30.733661 17.866308 -119.852175 0.039546 -0.882241 0.468319 0.500000 0.916687 1 2 1.000000
1fireff1_01_ne02_mesh1
2 -30.733661 17.866308 -119.852175 0.039546 -0.882241 0.468319 0.500000 0.916687 1 2 1.000000
2 -30.843323 20.272759 -106.453637 0.025277 -0.962551 0.267706 0.500000 0.875000 1 2 1.000000
2 -38.554253 18.787863 -121.959781 -0.425136 -0.813863 0.394497 0.583008 0.916687 1 2 1.000000
1fireff1_01_ne02_mesh1
2 -30.843323 20.272759 -106.453637 0.025277 -0.962551 0.267706 0.500000 0.875000 1 2 1.000000
2 -37.139085 24.675147 -103.768718 -0.309233 -0.922310 0.229666 0.583008 0.875000 1 2 1.000000
2 -38.554253 18.787863 -121.959781 -0.425136 -0.813863 0.394497 0.583008 0.916687 1 2 1.000000
1fireff1_01_ne02_mesh1
2 -38.554253 18.787863 -121.959781 -0.425136 -0.813863 0.394497 0.583008 0.916687 1 2 1.000000
2 -37.139085 24.675147 -103.768718 -0.309233 -0.922310 0.229666 0.583008 0.875000 1 2 1.000000
2 -44.192582 22.213413 -122.796870 -0.646311 -0.741521 0.178195 0.666504 0.916687 1 2 1.000000
1fireff1_01_ne02_mesh1
2 -37.139085 24.675147 -103.768718 -0.309233 -0.922310 0.229666 0.583008 0.875000 1 2 1.000000
2 -46.354667 23.867961 -111.491336 -0.554949 -0.813410 0.171929 0.666504 0.875000 1 2 1.000000
2 -44.192582 22.213413 -122.796870 -0.646311 -0.741521 0.178195 0.666504 0.916687 1 2 1.000000
1fireff1_01_ne02_mesh1
2 -44.192582 22.213413 -122.796870 -0.646311 -0.741521 0.178195 0.666504 0.916687 1 2 1.000000
2 -46.354667 23.867961 -111.491336 -0.554949 -0.813410 0.171929 0.666504 0.875000 1 2 1.000000
2 -49.517137 25.503185 -127.036240 -0.935240 -0.337583 -0.101378 0.750000 0.916687 1 2 1.000000
1fireff1_01_ne02_mesh1
2 -46.354667 23.867961 -111.491336 -0.554949 -0.813410 0.171929 0.666504 0.875000 1 2 1.000000
2 -52.298296 33.231690 -113.740976 -0.990827 -0.130587 -0.026227 0.750000 0.875000 1 2 1.000000
2 -49.517137 25.503185 -127.036240 -0.935240 -0.337583 -0.101378 0.750000 0.916687 1 2 1.000000
1fireff1_01_ne02_mesh1
2 -49.517137 25.503185 -127.036240 -0.935240 -0.337583 -0.101378 0.750000 0.916687 1 2 1.000000
2 -52.298296 33.231690 -113.740976 -0.990827 -0.130587 -0.026227 0.750000 0.875000 1 2 1.000000
2 -48.484314 31.422119 -129.600956 -0.935858 0.160147 -0.312735 0.833008 0.916687 1 2 1.000000
1fireff1_01_ne02_mesh1
2 -52.298296 33.231690 -113.740976 -0.990827 -0.130587 -0.026227 0.750000 0.875000 1 2 1.000000
2 -50.452353 40.587210 -113.179419 -0.967983 0.224093 -0.108682 0.833008 0.875000 1 2 1.000000
2 -48.484314 31.422119 -129.600956 -0.935858 0.160147 -0.312735 0.833008 0.916687 1 2 1.000000
1fireff1_01_ne02_mesh1
2 -48.484314 31.422119 -129.600956 -0.935858 0.160147 -0.312735 0.833008 0.916687 1 2 1.000000
2 -50.452353 40.587210 -113.179419 -0.967983 0.224093 -0.108682 0.833008 0.875000 1 2 1.000000
2 -44.976990 37.798168 -131.480303 -0.780193 0.469864 -0.412225 0.916504 0.916687 1 2 1.000000
1fireff1_01_ne02_mesh1
2 -50.452353 40.587210 -113.179419 -0.967983 0.224093 -0.108682 0.833008 0.875000 1 2 1.000000
2 -50.013124 48.335556 -111.556780 -0.835161 0.535939 -0.119892 0.916504 0.875000 1 2 1.000000
2 -44.976990 37.798168 -131.480303 -0.780193 0.469864 -0.412225 0.916504 0.916687 1 2 1.000000
1fireff1_01_ne02_mesh1
2 -44.976990 37.798168 -131.480303 -0.780193 0.469864 -0.412225 0.916504 0.916687 1 2 1.000000
2 -50.013124 48.335556 -111.556780 -0.835161 0.535939 -0.119892 0.916504 0.875000 1 2 1.000000
2 -40.163567 46.740467 -129.133251 -0.259441 0.865636 -0.427652 1.000000 0.916687 1 2 1.000000
1fireff1_01_ne02_mesh1
2 -50.013124 48.335556 -111.556780 -0.835161 0.535939 -0.119892 0.916504 0.875000 1 2 1.000000
2 -43.614411 51.506466 -109.861305 -0.267566 0.958976 -0.091103 1.000000 0.875000 1 2 1.000000
2 -40.163567 46.740467 -129.133251 -0.259441 0.865636 -0.427652 1.000000 0.916687 1 2 1.000000
1fireff1_01_ne02_mesh1
2 -43.614411 51.506466 -109.861305 -0.267566 0.958976 -0.091103 0.000000 0.875000 1 2 1.000000
2 -39.025749 50.312969 -91.496333 -0.181158 0.982840 -0.018752 0.000000 0.833374 1 2 1.000000
2 -34.786904 50.083479 -114.375132 0.254481 0.952258 -0.165404 0.083313 0.875000 1 2 1.000000
1fireff1_01_ne02_mesh1
2 -39.025749 50.312969 -91.496333 -0.181158 0.982840 -0.018752 0.000000 0.833374 1 2 1.000000
2 -30.945665 51.011666 -94.807813 0.293299 0.954651 -0.040013 0.083313 0.833374 1 2 1.000000
2 -34.786904 50.083479 -114.375132 0.254481 0.952258 -0.165404 0.083313 0.875000 1 2 1.000000
1fireff1_01_ne02_mesh1
2 -34.786904 50.083479 -114.375132 0.254481 0.952258 -0.165404 0.083313 0.875000 1 2 1.000000
2 -30.945665 51.011666 -94.807813 0.293299 0.954651 -0.040013 0.083313 0.833374 1 2 1.000000
2 -28.371733 47.059689 -113.451824 0.731938 0.672924 -0.100926 0.166626 0.875000 1 2 1.000000
1fireff1_01_ne02_mesh1
2 -30.945665 51.011666 -94.807813 0.293299 0.954651 -0.040013 0.083313 0.833374 1 2 1.000000
2 -25.466401 47.090284 -95.025161 0.844317 0.533304 -0.047115 0.166626 0.833374 1 2 1.000000
2 -28.371733 47.059689 -113.451824 0.731938 0.672924 -0.100926 0.166626 0.875000 1 2 1.000000
1fireff1_01_ne02_mesh1
2 -28.371733 47.059689 -113.451824 0.731938 0.672924 -0.100926 0.166626 0.875000 1 2 1.000000
2 -25.466401 47.090284 -95.025161 0.844317 0.533304 -0.047115 0.166626 0.833374 1 2 1.000000
2 -25.086663 42.947477 -96.603296 0.947311 0.313743 -0.061812 0.250000 0.833374 1 2 1.000000
1fireff1_01_ne02_mesh1
2 -25.466401 47.090284 -95.025161 0.844317 0.533304 -0.047115 0.166626 0.833374 1 2 1.000000
2 -26.526698 48.309505 -77.317717 0.809888 0.567095 0.146143 0.166626 0.791748 1 2 1.000000
2 -25.086663 42.947477 -96.603296 0.947311 0.313743 -0.061812 0.250000 0.833374 1 2 1.000000
1fireff1_01_ne02_mesh1
2 -25.086663 42.947477 -96.603296 0.947311 0.313743 -0.061812 0.250000 0.833374 1 2 1.000000
2 -26.526698 48.309505 -77.317717 0.809888 0.567095 0.146143 0.166626 0.791748 1 2 1.000000
2 -25.247663 40.376598 -80.665994 0.940580 0.313825 0.125432 0.250000 0.791748 1 2 1.000000
1fireff1_01_ne02_mesh1
2 -26.526698 48.309505 -77.317717 0.809888 0.567095 0.146143 0.166626 0.791748 1 2 1.000000
2 -27.700265 40.821090 -60.453932 0.845763 0.454749 0.278157 0.166626 0.750000 1 2 1.000000
2 -25.247663 40.376598 -80.665994 0.940580 0.313825 0.125432 0.250000 0.791748 1 2 1.000000
1fireff1_01_ne02_mesh1
2 -25.247663 40.376598 -80.665994 0.940580 0.313825 0.125432 0.250000 0.791748 1 2 1.000000
2 -27.700265 40.821090 -60.453932 0.845763 0.454749 0.278157 0.166626 0.750000 1 2 1.000000
2 -27.091586 34.981247 -65.296402 0.935785 0.312765 0.159013 0.250000 0.750000 1 2 1.000000
1fireff1_01_ne02_mesh1
2 -27.700265 40.821090 -60.453932 0.845763 0.454749 0.278157 0.166626 0.750000 1 2 1.000000
2 -24.368078 25.146073 -49.880507 0.951691 0.159963 0.260595 0.154053 0.598633 1 2 1.000000
2 -27.091586 34.981247 -65.296402 0.935785 0.312765 0.159013 0.250000 0.750000 1 2 1.000000
1fireff1_01_ne02_mesh1
2 -27.091586 34.981247 -65.296402 0.935785 0.312765 0.159013 0.250000 0.750000 1 2 1.000000
2 -24.368078 25.146073 -49.880507 0.951691 0.159963 0.260595 0.154053 0.598633 1 2 1.000000
2 -24.136316 22.731563 -54.118994 0.894101 0.329729 0.302330 0.227905 0.592041 1 2 1.000000
1fireff1_01_ne02_mesh1
2 -39.025749 50.312969 -91.496333 -0.181158 0.982840 -0.018752 0.000000 0.833374 1 2 1.000000
2 -39.841078 52.209272 -74.818481 -0.179265 0.957797 0.223001 0.000000 0.791748 1 2 1.000000
2 -30.945665 51.011666 -94.807813 0.293299 0.954651 -0.040013 0.083313 0.833374 1 2 1.000000
1fireff1_01_ne02_mesh1
2 -39.841078 52.209272 -74.818481 -0.179265 0.957797 0.223001 0.000000 0.791748 1 2 1.000000
2 -33.053294 51.264279 -75.577844 0.256328 0.941997 0.213818 0.083313 0.791748 1 2 1.000000
2 -30.945665 51.011666 -94.807813 0.293299 0.954651 -0.040013 0.083313 0.833374 1 2 1.000000
1fireff1_01_ne02_mesh1
2 -30.945665 51.011666 -94.807813 0.293299 0.954651 -0.040013 0.083313 0.833374 1 2 1.000000
2 -33.053294 51.264279 -75.577844 0.256328 0.941997 0.213818 0.083313 0.791748 1 2 1.000000
2 -25.466401 47.090284 -95.025161 0.844317 0.533304 -0.047115 0.166626 0.833374 1 2 1.000000
1fireff1_01_ne02_mesh1
2 -33.053294 51.264279 -75.577844 0.256328 0.941997 0.213818 0.083313 0.791748 1 2 1.000000
2 -26.526698 48.309505 -77.317717 0.809888 0.567095 0.146143 0.166626 0.791748 1 2 1.000000
2 -25.466401 47.090284 -95.025161 0.844317 0.533304 -0.047115 0.166626 0.833374 1 2 1.000000
1fireff1_01_ne02_mesh1
2 -39.841078 52.209272 -74.818481 -0.179265 0.957797 0.223001 0.000000 0.791748 1 2 1.000000
2 -37.499258 43.074857 -60.072663 -0.134682 0.775812 0.615584 0.000000 0.750000 1 2 1.000000
2 -33.053294 51.264279 -75.577844 0.256328 0.941997 0.213818 0.083313 0.791748 1 2 1.000000
1fireff1_01_ne02_mesh1
2 -37.499258 43.074857 -60.072663 -0.134682 0.775812 0.615584 0.000000 0.750000 1 2 1.000000
2 -31.276446 43.337622 -60.053396 0.333586 0.781079 0.527373 0.083313 0.750000 1 2 1.000000
2 -33.053294 51.264279 -75.577844 0.256328 0.941997 0.213818 0.083313 0.791748 1 2 1.000000
1fireff1_01_ne02_mesh1
2 -33.053294 51.264279 -75.577844 0.256328 0.941997 0.213818 0.083313 0.791748 1 2 1.000000
2 -31.276446 43.337622 -60.053396 0.333586 0.781079 0.527373 0.083313 0.750000 1 2 1.000000
2 -26.526698 48.309505 -77.317717 0.809888 0.567095 0.146143 0.166626 0.791748 1 2 1.000000
1fireff1_01_ne02_mesh1
2 -31.276446 43.337622 -60.053396 0.333586 0.781079 0.527373 0.083313 0.750000 1 2 1.000000
2 -27.700265 40.821090 -60.453932 0.845763 0.454749 0.278157 0.166626 0.750000 1 2 1.000000
2 -26.526698 48.309505 -77.317717 0.809888 0.567095 0.146143 0.166626 0.791748 1 2 1.000000
1fireff1_01_ne02_mesh1
2 -37.499258 43.074857 -60.072663 -0.134682 0.775812 0.615584 0.000000 0.750000 1 2 1.000000
2 -33.408829 28.721027 -44.708126 -0.114704 0.573501 0.810803 0.000000 0.602539 1 2 1.000000
2 -31.276446 43.337622 -60.053396 0.333586 0.781079 0.527373 0.083313 0.750000 1 2 1.000000
1fireff1_01_ne02_mesh1
2 -33.408829 28.721027 -44.708126 -0.114704 0.573501 0.810803 0.000000 0.602539 1 2 1.000000
2 -27.652014 28.278479 -45.966313 0.503697 0.536109 0.676648 0.072083 0.596680 1 2 1.000000
2 -31.276446 43.337622 -60.053396 0.333586 0.781079 0.527373 0.083313 0.750000 1 2 1.000000
1fireff1_01_ne02_mesh1
2 -31.276446 43.337622 -60.053396 0.333586 0.781079 0.527373 0.083313 0.750000 1 2 1.000000
2 -27.652014 28.278479 -45.966313 0.503697 0.536109 0.676648 0.072083 0.596680 1 2 1.000000
2 -27.700265 40.821090 -60.453932 0.845763 0.454749 0.278157 0.166626 0.750000 1 2 1.000000
1fireff1_01_ne02_mesh1
2 -27.652014 28.278479 -45.966313 0.503697 0.536109 0.676648 0.072083 0.596680 1 2 1.000000
2 -24.368078 25.146073 -49.880507 0.951691 0.159963 0.260595 0.154053 0.598633 1 2 1.000000
2 -27.700265 40.821090 -60.453932 0.845763 0.454749 0.278157 0.166626 0.750000 1 2 1.000000
1fireff1_01_ne02_mesh1
2 -28.248531 13.608077 -42.348099 0.845852 0.245914 0.472724 0.112183 0.462402 1 2 1.000000
2 -24.368078 25.146073 -49.880507 0.951691 0.159963 0.260595 0.154053 0.598633 1 2 1.000000
2 -27.802587 15.994826 -39.287473 0.785612 0.157939 0.597606 0.075439 0.474609 1 2 1.000000
1fireff1_01_ne02_mesh1
2 -24.368078 25.146073 -49.880507 0.951691 0.159963 0.260595 0.154053 0.598633 1 2 1.000000
2 -27.652014 28.278479 -45.966313 0.503697 0.536109 0.676648 0.072083 0.596680 1 2 1.000000
2 -27.802587 15.994826 -39.287473 0.785612 0.157939 0.597606 0.075439 0.474609 1 2 1.000000
1fireff1_01_ne02_mesh1
2 -31.581657 1.383448 -30.235224 -0.017434 -0.655276 0.754629 -0.038239 0.306641 1 2 1.000000
2 -27.802587 15.994826 -39.287473 0.785612 0.157939 0.597606 0.040588 0.478516 1 2 1.000000
2 -31.818220 15.849538 -38.131191 -0.102393 0.459205 0.882011 0.006092 0.478027 1 2 1.000000
1fireff1_01_ne02_mesh1
2 -27.802587 15.994826 -39.287473 0.785612 0.157939 0.597606 0.040588 0.478516 1 2 1.000000
2 -33.408829 28.721027 -44.708126 -0.114704 0.573501 0.810803 0.000000 0.602539 1 2 1.000000
2 -31.818220 15.849538 -38.131191 -0.102393 0.459205 0.882011 0.006092 0.478027 1 2 1.000000
1fireff1_01_ne02_mesh1
2 -31.581657 1.383448 -30.235224 -0.017434 -0.655276 0.754629 0.878418 0.511475 1 2 1.000000
2 -35.022935 14.541193 -39.158500 -0.726072 0.243851 0.642165 0.880859 0.576416 1 2 1.000000
2 -37.296894 12.520085 -43.594026 -0.941113 -0.245886 0.231177 0.849121 0.569336 1 2 1.000000
1fireff1_01_ne02_mesh1
2 -35.022935 14.541193 -39.158500 -0.726072 0.243851 0.642165 0.880859 0.576416 1 2 1.000000
2 -39.758149 23.426556 -54.380708 -0.910731 0.004242 0.412265 0.831543 0.639404 1 2 1.000000
2 -37.296894 12.520085 -43.594026 -0.941113 -0.245886 0.231177 0.849121 0.569336 1 2 1.000000
1fireff1_01_ne02_mesh1
2 -25.623947 10.006537 -44.252762 0.854459 -0.508906 0.100750 0.535645 1.245239 1 2 1.000000
2 -28.988701 7.611596 -46.205454 0.091680 -0.960565 -0.260416 0.590820 1.264648 1 2 1.000000
2 -21.862105 11.557825 -55.487032 0.793175 -0.606042 -0.055095 0.552734 1.330322 1 2 1.000000
1fireff1_01_ne02_mesh1
2 -28.988701 7.611596 -46.205454 0.091680 -0.960565 -0.260416 0.590820 1.264648 1 2 1.000000
2 -28.886616 10.127273 -56.903398 -0.021123 -0.954444 -0.295953 0.610840 1.338379 1 2 1.000000
2 -21.862105 11.557825 -55.487032 0.793175 -0.606042 -0.055095 0.552734 1.330322 1 2 1.000000
1fireff1_01_ne02_mesh1
2 -31.581657 1.383448 -30.235224 -0.017434 -0.655276 0.754629 0.645508 0.337891 1 2 1.000000
2 -34.817075 9.384393 -46.533755 -0.440651 -0.866012 -0.235276 0.663574 0.492188 1 2 1.000000
2 -32.392530 8.769550 -46.415676 -0.268043 -0.895991 -0.353047 0.635742 0.485352 1 2 1.000000
1fireff1_01_ne02_mesh1
2 -34.817075 9.384393 -46.533755 -0.440651 -0.866012 -0.235276 0.663574 0.492188 1 2 1.000000
2 -33.840981 15.595069 -62.922326 -0.291305 -0.906498 -0.303719 0.586426 0.639648 1 2 1.000000
2 -32.392530 8.769550 -46.415676 -0.268043 -0.895991 -0.353047 0.635742 0.485352 1 2 1.000000
1fireff1_01_ne02_mesh1
2 -32.392530 8.769550 -46.415676 -0.268043 -0.895991 -0.353047 0.635742 0.485352 1 2 1.000000
2 -33.840981 15.595069 -62.922326 -0.291305 -0.906498 -0.303719 0.586426 0.639648 1 2 1.000000
2 -28.988701 7.611596 -46.205454 0.091680 -0.960565 -0.260416 0.595215 0.465820 1 2 1.000000
1fireff1_01_ne02_mesh1
2 -33.840981 15.595069 -62.922326 -0.291305 -0.906498 -0.303719 0.586426 0.639648 1 2 1.000000
2 -28.886616 10.127273 -56.903398 -0.021123 -0.954444 -0.295953 0.501465 0.547607 1 2 1.000000
2 -28.988701 7.611596 -46.205454 0.091680 -0.960565 -0.260416 0.595215 0.465820 1 2 1.000000
1fireff1_01_ne02_mesh1
2 -25.428787 12.472738 -42.538686 0.758149 0.317612 0.568485 0.404053 0.471680 1 2 1.000000
2 -25.623947 10.006537 -44.252762 0.854459 -0.508906 0.100750 0.447266 0.400879 1 2 1.000000
2 -21.238333 21.870237 -57.198568 0.896642 0.319013 0.306416 0.303223 0.595215 1 2 1.000000
1fireff1_01_ne02_mesh1
2 -25.623947 10.006537 -44.252762 0.854459 -0.508906 0.100750 0.447266 0.400879 1 2 1.000000
2 -20.393344 16.695751 -58.173876 0.983033 -0.178103 -0.026634 0.381836 0.585205 1 2 1.000000
2 -21.238333 21.870237 -57.198568 0.896642 0.319013 0.306416 0.303223 0.595215 1 2 1.000000
1fireff1_01_ne02_mesh1
2 -21.238333 21.870237 -57.198568 0.896642 0.319013 0.306416 0.303223 0.595215 1 2 1.000000
2 -20.393344 16.695751 -58.173876 0.983033 -0.178103 -0.026634 0.381836 0.585205 1 2 1.000000
2 -21.539116 30.027960 -69.336808 0.972615 0.219224 0.072187 0.333252 0.750000 1 2 1.000000
1fireff1_01_ne02_mesh1
2 -20.393344 16.695751 -58.173876 0.983033 -0.178103 -0.026634 0.381836 0.585205 1 2 1.000000
2 -24.241308 20.787149 -72.667641 0.793687 -0.493211 -0.354595 0.416504 0.750000 1 2 1.000000
2 -21.539116 30.027960 -69.336808 0.972615 0.219224 0.072187 0.333252 0.750000 1 2 1.000000
1fireff1_01_ne02_mesh1
2 -21.539116 30.027960 -69.336808 0.972615 0.219224 0.072187 0.333252 0.750000 1 2 1.000000
2 -24.241308 20.787149 -72.667641 0.793687 -0.493211 -0.354595 0.416504 0.750000 1 2 1.000000
2 -25.835975 28.097676 -83.398125 0.837842 -0.514573 -0.179584 0.416504 0.791748 1 2 1.000000
1fireff1_01_ne02_mesh1
2 -24.241308 20.787149 -72.667641 0.793687 -0.493211 -0.354595 0.416504 0.750000 1 2 1.000000
2 -29.977711 21.088735 -83.038042 0.305490 -0.875719 -0.372355 0.500000 0.791748 1 2 1.000000
2 -25.835975 28.097676 -83.398125 0.837842 -0.514573 -0.179584 0.416504 0.791748 1 2 1.000000
1fireff1_01_ne02_mesh1
2 -25.835975 28.097676 -83.398125 0.837842 -0.514573 -0.179584 0.416504 0.791748 1 2 1.000000
2 -29.977711 21.088735 -83.038042 0.305490 -0.875719 -0.372355 0.500000 0.791748 1 2 1.000000
2 -31.138114 23.739096 -94.237471 0.153654 -0.987173 0.033247 0.500000 0.833374 1 2 1.000000
1fireff1_01_ne02_mesh1
2 -29.977711 21.088735 -83.038042 0.305490 -0.875719 -0.372355 0.500000 0.791748 1 2 1.000000
2 -38.351251 26.991798 -94.174472 -0.231001 -0.970172 -0.062274 0.583008 0.833374 1 2 1.000000
2 -31.138114 23.739096 -94.237471 0.153654 -0.987173 0.033247 0.500000 0.833374 1 2 1.000000
1fireff1_01_ne02_mesh1
2 -31.138114 23.739096 -94.237471 0.153654 -0.987173 0.033247 0.500000 0.833374 1 2 1.000000
2 -38.351251 26.991798 -94.174472 -0.231001 -0.970172 -0.062274 0.583008 0.833374 1 2 1.000000
2 -37.139085 24.675147 -103.768718 -0.309233 -0.922310 0.229666 0.583008 0.875000 1 2 1.000000
1fireff1_01_ne02_mesh1
2 -38.351251 26.991798 -94.174472 -0.231001 -0.970172 -0.062274 0.583008 0.833374 1 2 1.000000
2 -46.354667 23.867961 -111.491336 -0.554949 -0.813410 0.171929 0.666504 0.875000 1 2 1.000000
2 -37.139085 24.675147 -103.768718 -0.309233 -0.922310 0.229666 0.583008 0.875000 1 2 1.000000
1fireff1_01_ne02_mesh1
2 -24.241308 20.787149 -72.667641 0.793687 -0.493211 -0.354595 0.416504 0.750000 1 2 1.000000
2 -20.393344 16.695751 -58.173876 0.983033 -0.178103 -0.026634 0.381836 0.585205 1 2 1.000000
2 -21.862105 11.557825 -55.487032 0.793175 -0.606042 -0.055095 0.445068 0.487305 1 2 1.000000
1fireff1_01_ne02_mesh1
2 -20.393344 16.695751 -58.173876 0.983033 -0.178103 -0.026634 0.381836 0.585205 1 2 1.000000
2 -25.623947 10.006537 -44.252762 0.854459 -0.508906 0.100750 0.447266 0.400879 1 2 1.000000
2 -21.862105 11.557825 -55.487032 0.793175 -0.606042 -0.055095 0.445068 0.487305 1 2 1.000000
1fireff1_01_ne02_mesh1
2 -37.139085 24.675147 -103.768718 -0.309233 -0.922310 0.229666 0.583008 0.875000 1 2 1.000000
2 -30.843323 20.272759 -106.453637 0.025277 -0.962551 0.267706 0.500000 0.875000 1 2 1.000000
2 -31.138114 23.739096 -94.237471 0.153654 -0.987173 0.033247 0.500000 0.833374 1 2 1.000000
1fireff1_01_ne02_mesh1
2 -30.843323 20.272759 -106.453637 0.025277 -0.962551 0.267706 0.500000 0.875000 1 2 1.000000
2 -25.175817 28.337314 -95.398286 0.821977 -0.561234 0.093737 0.416504 0.833374 1 2 1.000000
2 -31.138114 23.739096 -94.237471 0.153654 -0.987173 0.033247 0.500000 0.833374 1 2 1.000000
1fireff1_01_ne02_mesh1
2 -31.138114 23.739096 -94.237471 0.153654 -0.987173 0.033247 0.500000 0.833374 1 2 1.000000
2 -25.175817 28.337314 -95.398286 0.821977 -0.561234 0.093737 0.416504 0.833374 1 2 1.000000
2 -25.835975 28.097676 -83.398125 0.837842 -0.514573 -0.179584 0.416504 0.791748 1 2 1.000000
1fireff1_01_ne02_mesh1
2 -25.175817 28.337314 -95.398286 0.821977 -0.561234 0.093737 0.416504 0.833374 1 2 1.000000
2 -21.436981 34.264325 -82.553692 0.996223 0.080409 0.026376 0.333252 0.791748 1 2 1.000000
2 -25.835975 28.097676 -83.398125 0.837842 -0.514573 -0.179584 0.416504 0.791748 1 2 1.000000
1fireff1_01_ne02_mesh1
2 -25.835975 28.097676 -83.398125 0.837842 -0.514573 -0.179584 0.416504 0.791748 1 2 1.000000
2 -21.436981 34.264325 -82.553692 0.996223 0.080409 0.026376 0.333252 0.791748 1 2 1.000000
2 -21.539116 30.027960 -69.336808 0.972615 0.219224 0.072187 0.333252 0.750000 1 2 1.000000
1fireff1_01_ne02_mesh1
2 -21.436981 34.264325 -82.553692 0.996223 0.080409 0.026376 0.333252 0.791748 1 2 1.000000
2 -27.091586 34.981247 -65.296402 0.935785 0.312765 0.159013 0.250000 0.750000 1 2 1.000000
2 -21.539116 30.027960 -69.336808 0.972615 0.219224 0.072187 0.333252 0.750000 1 2 1.000000
1fireff1_01_ne02_mesh1
2 -21.539116 30.027960 -69.336808 0.972615 0.219224 0.072187 0.333252 0.750000 1 2 1.000000
2 -27.091586 34.981247 -65.296402 0.935785 0.312765 0.159013 0.250000 0.750000 1 2 1.000000
2 -24.136316 22.731563 -54.118994 0.894101 0.329729 0.302330 0.227905 0.592041 1 2 1.000000
1fireff1_01_ne02_mesh1
2 -21.539116 30.027960 -69.336808 0.972615 0.219224 0.072187 0.333252 0.750000 1 2 1.000000
2 -24.136316 22.731563 -54.118994 0.894101 0.329729 0.302330 0.227905 0.592041 1 2 1.000000
2 -21.238333 21.870237 -57.198568 0.896642 0.319013 0.306416 0.303223 0.595215 1 2 1.000000
1fireff1_01_ne02_mesh1
2 -24.136316 22.731563 -54.118994 0.894101 0.329729 0.302330 0.227905 0.592041 1 2 1.000000
2 -25.428787 12.472738 -42.538686 0.758149 0.317612 0.568485 0.303711 0.473145 1 2 1.000000
2 -21.238333 21.870237 -57.198568 0.896642 0.319013 0.306416 0.303223 0.595215 1 2 1.000000
1fireff1_01_ne02_mesh1
2 -27.091586 34.981247 -65.296402 0.935785 0.312765 0.159013 0.250000 0.750000 1 2 1.000000
2 -21.436981 34.264325 -82.553692 0.996223 0.080409 0.026376 0.333252 0.791748 1 2 1.000000
2 -25.247663 40.376598 -80.665994 0.940580 0.313825 0.125432 0.250000 0.791748 1 2 1.000000
1fireff1_01_ne02_mesh1
2 -21.436981 34.264325 -82.553692 0.996223 0.080409 0.026376 0.333252 0.791748 1 2 1.000000
2 -21.621086 37.090017 -95.476394 0.989993 0.139272 0.008866 0.333252 0.833374 1 2 1.000000
2 -25.247663 40.376598 -80.665994 0.940580 0.313825 0.125432 0.250000 0.791748 1 2 1.000000
1fireff1_01_ne02_mesh1
2 -25.247663 40.376598 -80.665994 0.940580 0.313825 0.125432 0.250000 0.791748 1 2 1.000000
2 -21.621086 37.090017 -95.476394 0.989993 0.139272 0.008866 0.333252 0.833374 1 2 1.000000
2 -25.086663 42.947477 -96.603296 0.947311 0.313743 -0.061812 0.250000 0.833374 1 2 1.000000
1fireff1_01_ne02_mesh1
2 -21.621086 37.090017 -95.476394 0.989993 0.139272 0.008866 0.333252 0.833374 1 2 1.000000
2 -21.570475 31.767995 -111.222625 0.990877 0.110346 0.074266 0.333252 0.875000 1 2 1.000000
2 -25.086663 42.947477 -96.603296 0.947311 0.313743 -0.061812 0.250000 0.833374 1 2 1.000000
1fireff1_01_ne02_mesh1
2 -25.086663 42.947477 -96.603296 0.947311 0.313743 -0.061812 0.250000 0.833374 1 2 1.000000
2 -21.570475 31.767995 -111.222625 0.990877 0.110346 0.074266 0.333252 0.875000 1 2 1.000000
2 -25.852874 37.585282 -116.794032 0.905762 0.415258 0.082374 0.250000 0.875000 1 2 1.000000
1fireff1_01_ne02_mesh1
2 -21.436981 34.264325 -82.553692 0.996223 0.080409 0.026376 0.333252 0.791748 1 2 1.000000
2 -25.175817 28.337314 -95.398286 0.821977 -0.561234 0.093737 0.416504 0.833374 1 2 1.000000
2 -21.621086 37.090017 -95.476394 0.989993 0.139272 0.008866 0.333252 0.833374 1 2 1.000000
1fireff1_01_ne02_mesh1
2 -25.175817 28.337314 -95.398286 0.821977 -0.561234 0.093737 0.416504 0.833374 1 2 1.000000
2 -24.333296 23.953351 -104.593933 0.743366 -0.623418 0.240379 0.416504 0.875000 1 2 1.000000
2 -21.621086 37.090017 -95.476394 0.989993 0.139272 0.008866 0.333252 0.833374 1 2 1.000000
1fireff1_01_ne02_mesh1
2 -21.621086 37.090017 -95.476394 0.989993 0.139272 0.008866 0.333252 0.833374 1 2 1.000000
2 -24.333296 23.953351 -104.593933 0.743366 -0.623418 0.240379 0.416504 0.875000 1 2 1.000000
2 -21.570475 31.767995 -111.222625 0.990877 0.110346 0.074266 0.333252 0.875000 1 2 1.000000
1fireff1_01_ne02_mesh1
2 -31.581657 1.383448 -30.235224 -0.017434 -0.655276 0.754629 0.678223 0.339355 1 2 1.000000
2 -37.296894 12.520085 -43.594026 -0.941113 -0.245886 0.231177 0.696777 0.497070 1 2 1.000000
2 -34.817075 9.384393 -46.533755 -0.440651 -0.866012 -0.235276 0.654785 0.492676 1 2 1.000000
1fireff1_01_ne02_mesh1
2 -37.296894 12.520085 -43.594026 -0.941113 -0.245886 0.231177 0.696777 0.497070 1 2 1.000000
2 -40.976436 15.835003 -63.629475 -0.405976 -0.878957 -0.248726 0.664062 0.675049 1 2 1.000000
2 -34.817075 9.384393 -46.533755 -0.440651 -0.866012 -0.235276 0.654785 0.492676 1 2 1.000000
1fireff1_01_ne02_mesh1
2 -31.581657 1.383448 -30.235224 -0.017434 -0.655276 0.754629 0.970703 0.518311 1 2 1.000000
2 -31.818220 15.849538 -38.131191 -0.102393 0.459205 0.882011 1.000000 0.560059 1 2 1.000000
2 -35.022935 14.541193 -39.158500 -0.726072 0.243851 0.642165 0.957031 0.561768 1 2 1.000000
1fireff1_01_ne02_mesh1
2 -31.818220 15.849538 -38.131191 -0.102393 0.459205 0.882011 1.000000 0.560059 1 2 1.000000
2 -38.904423 25.808795 -46.525283 -0.781189 0.172975 0.598634 0.937988 0.651123 1 2 1.000000
2 -35.022935 14.541193 -39.158500 -0.726072 0.243851 0.642165 0.957031 0.561768 1 2 1.000000
1fireff1_01_ne02_mesh1
2 -37.296894 12.520085 -43.594026 -0.941113 -0.245886 0.231177 0.772461 0.580078 1 2 1.000000
2 -39.758149 23.426556 -54.380708 -0.910731 0.004242 0.412265 0.831543 0.639404 1 2 1.000000
2 -44.691014 17.512948 -58.576170 -0.898504 -0.352164 0.260488 0.752930 0.639160 1 2 1.000000
1fireff1_01_ne02_mesh1
2 -39.758149 23.426556 -54.380708 -0.910731 0.004242 0.412265 0.831543 0.639404 1 2 1.000000
2 -45.622867 31.572923 -63.887118 -0.951033 -0.012235 0.306700 0.833008 0.750000 1 2 1.000000
2 -44.691014 17.512948 -58.576170 -0.898504 -0.352164 0.260488 0.752930 0.639160 1 2 1.000000
1fireff1_01_ne02_mesh1
2 -44.691014 17.512948 -58.576170 -0.898504 -0.352164 0.260488 0.752930 0.639160 1 2 1.000000
2 -45.622867 31.572923 -63.887118 -0.951033 -0.012235 0.306700 0.833008 0.750000 1 2 1.000000
2 -47.387732 24.680566 -64.863309 -0.954654 -0.143462 0.259598 0.750000 0.750000 1 2 1.000000
1fireff1_01_ne02_mesh1
2 -45.622867 31.572923 -63.887118 -0.951033 -0.012235 0.306700 0.833008 0.750000 1 2 1.000000
2 -48.879631 38.601292 -77.470738 -0.986443 0.135809 0.087238 0.833008 0.791748 1 2 1.000000
2 -47.387732 24.680566 -64.863309 -0.954654 -0.143462 0.259598 0.750000 0.750000 1 2 1.000000
1fireff1_01_ne02_mesh1
2 -47.387732 24.680566 -64.863309 -0.954654 -0.143462 0.259598 0.750000 0.750000 1 2 1.000000
2 -48.879631 38.601292 -77.470738 -0.986443 0.135809 0.087238 0.833008 0.791748 1 2 1.000000
2 -49.100928 31.662671 -77.466448 -0.992266 -0.079955 0.091205 0.750000 0.791748 1 2 1.000000
1fireff1_01_ne02_mesh1
2 -48.879631 38.601292 -77.470738 -0.986443 0.135809 0.087238 0.833008 0.791748 1 2 1.000000
2 -48.241812 38.717647 -93.413952 -0.965683 0.249587 0.069504 0.833008 0.833374 1 2 1.000000
2 -49.100928 31.662671 -77.466448 -0.992266 -0.079955 0.091205 0.750000 0.791748 1 2 1.000000
1fireff1_01_ne02_mesh1
2 -49.100928 31.662671 -77.466448 -0.992266 -0.079955 0.091205 0.750000 0.791748 1 2 1.000000
2 -48.241812 38.717647 -93.413952 -0.965683 0.249587 0.069504 0.833008 0.833374 1 2 1.000000
2 -51.367682 33.774494 -92.898802 -0.995193 -0.080427 0.045571 0.750000 0.833374 1 2 1.000000
1fireff1_01_ne02_mesh1
2 -48.241812 38.717647 -93.413952 -0.965683 0.249587 0.069504 0.833008 0.833374 1 2 1.000000
2 -50.452353 40.587210 -113.179419 -0.967983 0.224093 -0.108682 0.833008 0.875000 1 2 1.000000
2 -51.367682 33.774494 -92.898802 -0.995193 -0.080427 0.045571 0.750000 0.833374 1 2 1.000000
1fireff1_01_ne02_mesh1
2 -51.367682 33.774494 -92.898802 -0.995193 -0.080427 0.045571 0.750000 0.833374 1 2 1.000000
2 -50.452353 40.587210 -113.179419 -0.967983 0.224093 -0.108682 0.833008 0.875000 1 2 1.000000
2 -52.298296 33.231690 -113.740976 -0.990827 -0.130587 -0.026227 0.750000 0.875000 1 2 1.000000
1fireff1_01_ne02_mesh1
2 -50.452353 40.587210 -113.179419 -0.967983 0.224093 -0.108682 0.833008 0.875000 1 2 1.000000
2 -48.241812 38.717647 -93.413952 -0.965683 0.249587 0.069504 0.833008 0.833374 1 2 1.000000
2 -50.013124 48.335556 -111.556780 -0.835161 0.535939 -0.119892 0.916504 0.875000 1 2 1.000000
1fireff1_01_ne02_mesh1
2 -48.241812 38.717647 -93.413952 -0.965683 0.249587 0.069504 0.833008 0.833374 1 2 1.000000
2 -46.110219 47.478395 -91.782163 -0.772045 0.633755 0.034864 0.916504 0.833374 1 2 1.000000
2 -50.013124 48.335556 -111.556780 -0.835161 0.535939 -0.119892 0.916504 0.875000 1 2 1.000000
1fireff1_01_ne02_mesh1
2 -50.013124 48.335556 -111.556780 -0.835161 0.535939 -0.119892 0.916504 0.875000 1 2 1.000000
2 -46.110219 47.478395 -91.782163 -0.772045 0.633755 0.034864 0.916504 0.833374 1 2 1.000000
2 -43.614411 51.506466 -109.861305 -0.267566 0.958976 -0.091103 1.000000 0.875000 1 2 1.000000
1fireff1_01_ne02_mesh1
2 -46.110219 47.478395 -91.782163 -0.772045 0.633755 0.034864 0.916504 0.833374 1 2 1.000000
2 -39.025749 50.312969 -91.496333 -0.181158 0.982840 -0.018752 1.000000 0.833374 1 2 1.000000
2 -43.614411 51.506466 -109.861305 -0.267566 0.958976 -0.091103 1.000000 0.875000 1 2 1.000000
1fireff1_01_ne02_mesh1
2 -48.241812 38.717647 -93.413952 -0.965683 0.249587 0.069504 0.833008 0.833374 1 2 1.000000
2 -48.879631 38.601292 -77.470738 -0.986443 0.135809 0.087238 0.833008 0.791748 1 2 1.000000
2 -46.110219 47.478395 -91.782163 -0.772045 0.633755 0.034864 0.916504 0.833374 1 2 1.000000
1fireff1_01_ne02_mesh1
2 -48.879631 38.601292 -77.470738 -0.986443 0.135809 0.087238 0.833008 0.791748 1 2 1.000000
2 -47.964358 48.570862 -75.030871 -0.774605 0.608971 0.169532 0.916504 0.791748 1 2 1.000000
2 -46.110219 47.478395 -91.782163 -0.772045 0.633755 0.034864 0.916504 0.833374 1 2 1.000000
1fireff1_01_ne02_mesh1
2 -46.110219 47.478395 -91.782163 -0.772045 0.633755 0.034864 0.916504 0.833374 1 2 1.000000
2 -47.964358 48.570862 -75.030871 -0.774605 0.608971 0.169532 0.916504 0.791748 1 2 1.000000
2 -39.025749 50.312969 -91.496333 -0.181158 0.982840 -0.018752 1.000000 0.833374 1 2 1.000000
1fireff1_01_ne02_mesh1
2 -47.964358 48.570862 -75.030871 -0.774605 0.608971 0.169532 0.916504 0.791748 1 2 1.000000
2 -39.841078 52.209272 -74.818481 -0.179265 0.957797 0.223001 1.000000 0.791748 1 2 1.000000
2 -39.025749 50.312969 -91.496333 -0.181158 0.982840 -0.018752 1.000000 0.833374 1 2 1.000000
1fireff1_01_ne02_mesh1
2 -48.879631 38.601292 -77.470738 -0.986443 0.135809 0.087238 0.833008 0.791748 1 2 1.000000
2 -45.622867 31.572923 -63.887118 -0.951033 -0.012235 0.306700 0.833008 0.750000 1 2 1.000000
2 -47.964358 48.570862 -75.030871 -0.774605 0.608971 0.169532 0.916504 0.791748 1 2 1.000000
1fireff1_01_ne02_mesh1
2 -45.622867 31.572923 -63.887118 -0.951033 -0.012235 0.306700 0.833008 0.750000 1 2 1.000000
2 -45.800182 39.481554 -59.349548 -0.779989 0.348566 0.519138 0.916504 0.750000 1 2 1.000000
2 -47.964358 48.570862 -75.030871 -0.774605 0.608971 0.169532 0.916504 0.791748 1 2 1.000000
1fireff1_01_ne02_mesh1
2 -47.964358 48.570862 -75.030871 -0.774605 0.608971 0.169532 0.916504 0.791748 1 2 1.000000
2 -45.800182 39.481554 -59.349548 -0.779989 0.348566 0.519138 0.916504 0.750000 1 2 1.000000
2 -39.841078 52.209272 -74.818481 -0.179265 0.957797 0.223001 1.000000 0.791748 1 2 1.000000
1fireff1_01_ne02_mesh1
2 -45.800182 39.481554 -59.349548 -0.779989 0.348566 0.519138 0.916504 0.750000 1 2 1.000000
2 -37.499258 43.074857 -60.072663 -0.134682 0.775812 0.615584 1.000000 0.750000 1 2 1.000000
2 -39.841078 52.209272 -74.818481 -0.179265 0.957797 0.223001 1.000000 0.791748 1 2 1.000000
1fireff1_01_ne02_mesh1
2 -45.622867 31.572923 -63.887118 -0.951033 -0.012235 0.306700 0.833008 0.750000 1 2 1.000000
2 -39.758149 23.426556 -54.380708 -0.910731 0.004242 0.412265 0.831543 0.639404 1 2 1.000000
2 -45.800182 39.481554 -59.349548 -0.779989 0.348566 0.519138 0.916504 0.750000 1 2 1.000000
1fireff1_01_ne02_mesh1
2 -39.758149 23.426556 -54.380708 -0.910731 0.004242 0.412265 0.831543 0.639404 1 2 1.000000
2 -38.904423 25.808795 -46.525283 -0.781189 0.172975 0.598634 0.915527 0.652344 1 2 1.000000
2 -45.800182 39.481554 -59.349548 -0.779989 0.348566 0.519138 0.916504 0.750000 1 2 1.000000
1fireff1_01_ne02_mesh1
2 -45.800182 39.481554 -59.349548 -0.779989 0.348566 0.519138 0.916504 0.750000 1 2 1.000000
2 -38.904423 25.808795 -46.525283 -0.781189 0.172975 0.598634 0.937988 0.651123 1 2 1.000000
2 -37.499258 43.074857 -60.072663 -0.134682 0.775812 0.615584 1.000000 0.750000 1 2 1.000000
1fireff1_01_ne02_mesh1
2 -38.904423 25.808795 -46.525283 -0.781189 0.172975 0.598634 0.937988 0.651123 1 2 1.000000
2 -33.408829 28.721027 -44.708126 -0.114704 0.573501 0.810803 1.016602 0.644043 1 2 1.000000
2 -37.499258 43.074857 -60.072663 -0.134682 0.775812 0.615584 1.000000 0.750000 1 2 1.000000
1fireff1_01_ne02_mesh1
2 -28.248531 13.608077 -42.348099 0.845852 0.245914 0.472724 0.815918 0.533203 1 2 1.000000
2 -31.581657 1.383448 -30.235224 -0.017434 -0.655276 0.754629 0.843262 0.445312 1 2 1.000000
2 -25.428787 12.472738 -42.538686 0.758149 0.317612 0.568485 0.829102 0.527100 1 2 1.000000
1fireff1_01_ne02_mesh1
2 -31.581657 1.383448 -30.235224 -0.017434 -0.655276 0.754629 0.843262 0.445312 1 2 1.000000
2 -25.623947 10.006537 -44.252762 0.854459 -0.508906 0.100750 0.842285 0.520996 1 2 1.000000
2 -25.428787 12.472738 -42.538686 0.758149 0.317612 0.568485 0.829102 0.527100 1 2 1.000000
1fireff1_01_ne02_mesh1
2 -34.817075 9.384393 -46.533755 -0.440651 -0.866012 -0.235276 0.663574 0.492188 1 2 1.000000
2 -40.976436 15.835003 -63.629475 -0.405976 -0.878957 -0.248726 0.664062 0.675049 1 2 1.000000
2 -33.840981 15.595069 -62.922326 -0.291305 -0.906498 -0.303719 0.586426 0.639648 1 2 1.000000
1fireff1_01_ne02_mesh1
2 -40.976436 15.835003 -63.629475 -0.405976 -0.878957 -0.248726 0.664062 0.675049 1 2 1.000000
2 -44.005790 18.633851 -70.027840 -0.554958 -0.797847 -0.232996 0.666504 0.750000 1 2 1.000000
2 -33.840981 15.595069 -62.922326 -0.291305 -0.906498 -0.303719 0.586426 0.639648 1 2 1.000000
1fireff1_01_ne02_mesh1
2 -33.840981 15.595069 -62.922326 -0.291305 -0.906498 -0.303719 0.586426 0.639648 1 2 1.000000
2 -44.005790 18.633851 -70.027840 -0.554958 -0.797847 -0.232996 0.666504 0.750000 1 2 1.000000
2 -37.029892 18.859106 -71.092473 -0.251087 -0.919094 -0.302053 0.583008 0.750000 1 2 1.000000
1fireff1_01_ne02_mesh1
2 -44.005790 18.633851 -70.027840 -0.554958 -0.797847 -0.232996 0.666504 0.750000 1 2 1.000000
2 -47.122629 23.970280 -81.639005 -0.624376 -0.759400 -0.180918 0.666504 0.791748 1 2 1.000000
2 -37.029892 18.859106 -71.092473 -0.251087 -0.919094 -0.302053 0.583008 0.750000 1 2 1.000000
1fireff1_01_ne02_mesh1
2 -37.029892 18.859106 -71.092473 -0.251087 -0.919094 -0.302053 0.583008 0.750000 1 2 1.000000
2 -47.122629 23.970280 -81.639005 -0.624376 -0.759400 -0.180918 0.666504 0.791748 1 2 1.000000
2 -39.865390 22.757730 -81.971350 -0.170134 -0.932707 -0.316433 0.583008 0.791748 1 2 1.000000
1fireff1_01_ne02_mesh1
2 -47.122629 23.970280 -81.639005 -0.624376 -0.759400 -0.180918 0.666504 0.791748 1 2 1.000000
2 -45.823628 27.550458 -97.858708 -0.539717 -0.839024 0.060007 0.666504 0.833374 1 2 1.000000
2 -39.865390 22.757730 -81.971350 -0.170134 -0.932707 -0.316433 0.583008 0.791748 1 2 1.000000
1fireff1_01_ne02_mesh1
2 -39.865390 22.757730 -81.971350 -0.170134 -0.932707 -0.316433 0.583008 0.791748 1 2 1.000000
2 -45.823628 27.550458 -97.858708 -0.539717 -0.839024 0.060007 0.666504 0.833374 1 2 1.000000
2 -38.351251 26.991798 -94.174472 -0.231001 -0.970172 -0.062274 0.583008 0.833374 1 2 1.000000
1fireff1_01_ne02_mesh1
2 -45.823628 27.550458 -97.858708 -0.539717 -0.839024 0.060007 0.666504 0.833374 1 2 1.000000
2 -46.354667 23.867961 -111.491336 -0.554949 -0.813410 0.171929 0.666504 0.875000 1 2 1.000000
2 -38.351251 26.991798 -94.174472 -0.231001 -0.970172 -0.062274 0.583008 0.833374 1 2 1.000000
1fireff1_01_ne02_mesh1
2 -33.840981 15.595069 -62.922326 -0.291305 -0.906498 -0.303719 0.586426 0.639648 1 2 1.000000
2 -37.029892 18.859106 -71.092473 -0.251087 -0.919094 -0.302053 0.583008 0.750000 1 2 1.000000
2 -28.886616 10.127273 -56.903398 -0.021123 -0.954444 -0.295953 0.537109 0.540527 1 2 1.000000
1fireff1_01_ne02_mesh1
2 -37.029892 18.859106 -71.092473 -0.251087 -0.919094 -0.302053 0.583008 0.750000 1 2 1.000000
2 -29.561987 15.537324 -72.141264 0.078143 -0.916041 -0.392368 0.500000 0.750000 1 2 1.000000
2 -28.886616 10.127273 -56.903398 -0.021123 -0.954444 -0.295953 0.537109 0.540527 1 2 1.000000
1fireff1_01_ne02_mesh1
2 -28.886616 10.127273 -56.903398 -0.021123 -0.954444 -0.295953 0.537109 0.540527 1 2 1.000000
2 -29.561987 15.537324 -72.141264 0.078143 -0.916041 -0.392368 0.500000 0.750000 1 2 1.000000
2 -21.862105 11.557825 -55.487032 0.793175 -0.606042 -0.055095 0.490234 0.494629 1 2 1.000000
1fireff1_01_ne02_mesh1
2 -29.561987 15.537324 -72.141264 0.078143 -0.916041 -0.392368 0.500000 0.750000 1 2 1.000000
2 -24.241308 20.787149 -72.667641 0.793687 -0.493211 -0.354595 0.416504 0.750000 1 2 1.000000
2 -21.862105 11.557825 -55.487032 0.793175 -0.606042 -0.055095 0.490234 0.494629 1 2 1.000000
1fireff1_01_ne02_mesh1
2 -24.241308 20.787149 -72.667641 0.793687 -0.493211 -0.354595 0.416504 0.750000 1 2 1.000000
2 -29.561987 15.537324 -72.141264 0.078143 -0.916041 -0.392368 0.500000 0.750000 1 2 1.000000
2 -29.977711 21.088735 -83.038042 0.305490 -0.875719 -0.372355 0.500000 0.791748 1 2 1.000000
1fireff1_01_ne02_mesh1
2 -29.561987 15.537324 -72.141264 0.078143 -0.916041 -0.392368 0.500000 0.750000 1 2 1.000000
2 -39.865390 22.757730 -81.971350 -0.170134 -0.932707 -0.316433 0.583008 0.791748 1 2 1.000000
2 -29.977711 21.088735 -83.038042 0.305490 -0.875719 -0.372355 0.500000 0.791748 1 2 1.000000
1fireff1_01_ne02_mesh1
2 -29.977711 21.088735 -83.038042 0.305490 -0.875719 -0.372355 0.500000 0.791748 1 2 1.000000
2 -39.865390 22.757730 -81.971350 -0.170134 -0.932707 -0.316433 0.583008 0.791748 1 2 1.000000
2 -38.351251 26.991798 -94.174472 -0.231001 -0.970172 -0.062274 0.583008 0.833374 1 2 1.000000
1fireff1_01_ne02_mesh1
2 -46.354667 23.867961 -111.491336 -0.554949 -0.813410 0.171929 0.666504 0.875000 1 2 1.000000
2 -45.823628 27.550458 -97.858708 -0.539717 -0.839024 0.060007 0.666504 0.833374 1 2 1.000000
2 -52.298296 33.231690 -113.740976 -0.990827 -0.130587 -0.026227 0.750000 0.875000 1 2 1.000000
1fireff1_01_ne02_mesh1
2 -45.823628 27.550458 -97.858708 -0.539717 -0.839024 0.060007 0.666504 0.833374 1 2 1.000000
2 -51.367682 33.774494 -92.898802 -0.995193 -0.080427 0.045571 0.750000 0.833374 1 2 1.000000
2 -52.298296 33.231690 -113.740976 -0.990827 -0.130587 -0.026227 0.750000 0.875000 1 2 1.000000
1fireff1_01_ne02_mesh1
2 -45.823628 27.550458 -97.858708 -0.539717 -0.839024 0.060007 0.666504 0.833374 1 2 1.000000
2 -47.122629 23.970280 -81.639005 -0.624376 -0.759400 -0.180918 0.666504 0.791748 1 2 1.000000
2 -51.367682 33.774494 -92.898802 -0.995193 -0.080427 0.045571 0.750000 0.833374 1 2 1.000000
1fireff1_01_ne02_mesh1
2 -47.122629 23.970280 -81.639005 -0.624376 -0.759400 -0.180918 0.666504 0.791748 1 2 1.000000
2 -49.100928 31.662671 -77.466448 -0.992266 -0.079955 0.091205 0.750000 0.791748 1 2 1.000000
2 -51.367682 33.774494 -92.898802 -0.995193 -0.080427 0.045571 0.750000 0.833374 1 2 1.000000
1fireff1_01_ne02_mesh1
2 -47.122629 23.970280 -81.639005 -0.624376 -0.759400 -0.180918 0.666504 0.791748 1 2 1.000000
2 -44.005790 18.633851 -70.027840 -0.554958 -0.797847 -0.232996 0.666504 0.750000 1 2 1.000000
2 -49.100928 31.662671 -77.466448 -0.992266 -0.079955 0.091205 0.750000 0.791748 1 2 1.000000
1fireff1_01_ne02_mesh1
2 -44.005790 18.633851 -70.027840 -0.554958 -0.797847 -0.232996 0.666504 0.750000 1 2 1.000000
2 -47.387732 24.680566 -64.863309 -0.954654 -0.143462 0.259598 0.750000 0.750000 1 2 1.000000
2 -49.100928 31.662671 -77.466448 -0.992266 -0.079955 0.091205 0.750000 0.791748 1 2 1.000000
1fireff1_01_ne02_mesh1
2 -47.387732 24.680566 -64.863309 -0.954654 -0.143462 0.259598 0.750000 0.750000 1 2 1.000000
2 -44.005790 18.633851 -70.027840 -0.554958 -0.797847 -0.232996 0.666504 0.750000 1 2 1.000000
2 -44.691014 17.512948 -58.576170 -0.898504 -0.352164 0.260488 0.752930 0.639160 1 2 1.000000
1fireff1_01_ne02_mesh1
2 -44.005790 18.633851 -70.027840 -0.554958 -0.797847 -0.232996 0.666504 0.750000 1 2 1.000000
2 -40.976436 15.835003 -63.629475 -0.405976 -0.878957 -0.248726 0.664062 0.675049 1 2 1.000000
2 -44.691014 17.512948 -58.576170 -0.898504 -0.352164 0.260488 0.752930 0.639160 1 2 1.000000
1fireff1_01_ne02_mesh1
2 -44.691014 17.512948 -58.576170 -0.898504 -0.352164 0.260488 0.752930 0.639160 1 2 1.000000
2 -40.976436 15.835003 -63.629475 -0.405976 -0.878957 -0.248726 0.664062 0.675049 1 2 1.000000
2 -37.296894 12.520085 -43.594026 -0.941113 -0.245886 0.231177 0.696777 0.497070 1 2 1.000000
1fireff1_01_ne02_mesh1
2 -30.843323 20.272759 -106.453637 0.025277 -0.962551 0.267706 0.500000 0.875000 1 2 1.000000
2 -24.333296 23.953351 -104.593933 0.743366 -0.623418 0.240379 0.416504 0.875000 1 2 1.000000
2 -25.175817 28.337314 -95.398286 0.821977 -0.561234 0.093737 0.416504 0.833374 1 2 1.000000
1fireff1_01_ne02_mesh1
2 -24.368078 25.146073 -49.880507 0.951691 0.159963 0.260595 -0.214355 1.202271 1 2 1.000000
2 -28.248531 13.608077 -42.348099 0.845852 0.245914 0.472724 -0.304932 1.279541 1 2 1.000000
2 -24.136316 22.731563 -54.118994 0.894101 0.329729 0.302330 -0.286377 1.183350 1 2 1.000000
1fireff1_01_ne02_mesh1
2 -28.248531 13.608077 -42.348099 0.845852 0.245914 0.472724 -0.439453 -0.057617 1 2 1.000000
2 -25.428787 12.472738 -42.538686 0.758149 0.317612 0.568485 -0.124695 0.497070 1 2 1.000000
2 -24.136316 22.731563 -54.118994 0.894101 0.329729 0.302330 -0.473389 0.843384 1 2 1.000000
1fireff1_01_ne02_mesh1
2 -27.802587 15.994826 -39.287473 0.785612 0.157939 0.597606 0.040588 0.478516 1 2 1.000000
2 -27.652014 28.278479 -45.966313 0.503697 0.536109 0.676648 0.072083 0.596680 1 2 1.000000
2 -33.408829 28.721027 -44.708126 -0.114704 0.573501 0.810803 0.000000 0.602539 1 2 1.000000
1fireff1_01_ne02_mesh1
2 -31.818220 15.849538 -38.131191 -0.102393 0.459205 0.882011 1.000000 0.560059 1 2 1.000000
2 -33.408829 28.721027 -44.708126 -0.114704 0.573501 0.810803 1.016602 0.644043 1 2 1.000000
2 -38.904423 25.808795 -46.525283 -0.781189 0.172975 0.598634 0.937988 0.651123 1 2 1.000000
1fireff1_01_ne02_mesh1
2 -27.802587 15.994826 -39.287473 0.785612 0.157939 0.597606 0.075439 0.474609 1 2 1.000000
2 -31.581657 1.383448 -30.235224 -0.017434 -0.655276 0.754629 0.110596 0.288574 1 2 1.000000
2 -28.248531 13.608077 -42.348099 0.845852 0.245914 0.472724 0.113159 0.461914 1 2 1.000000
1fireff1_01_ne02_mesh1
2 -28.988701 7.611596 -46.205454 0.091680 -0.960565 -0.260416 0.595215 0.465820 1 2 1.000000
2 -31.581657 1.383448 -30.235224 -0.017434 -0.655276 0.754629 0.647461 0.338379 1 2 1.000000
2 -32.392530 8.769550 -46.415676 -0.268043 -0.895991 -0.353047 0.635742 0.485352 1 2 1.000000
1fireff1_01_ne02_mesh1
2 -29.561987 15.537324 -72.141264 0.078143 -0.916041 -0.392368 0.500000 0.750000 1 2 1.000000
2 -37.029892 18.859106 -71.092473 -0.251087 -0.919094 -0.302053 0.583008 0.750000 1 2 1.000000
2 -39.865390 22.757730 -81.971350 -0.170134 -0.932707 -0.316433 0.583008 0.791748 1 2 1.000000
1fireff1_01_ne02_mesh1
2 -25.086663 42.947477 -96.603296 0.947311 0.313743 -0.061812 0.250000 0.833374 1 2 1.000000
2 -25.852874 37.585282 -116.794032 0.905762 0.415258 0.082374 0.250000 0.875000 1 2 1.000000
2 -28.371733 47.059689 -113.451824 0.731938 0.672924 -0.100926 0.166626 0.875000 1 2 1.000000
1fireff1_01_ne02_mesh1
2 -31.581657 1.383448 -30.235224 -0.017434 -0.655276 0.754629 0.843262 0.445312 1 2 1.000000
2 -28.988701 7.611596 -46.205454 0.091680 -0.960565 -0.260416 0.865234 0.510498 1 2 1.000000
2 -25.623947 10.006537 -44.252762 0.854459 -0.508906 0.100750 0.842285 0.520996 1 2 1.000000
1fireff1_01_ne02_mesh1
2 -35.022935 14.541193 -39.158500 -0.726072 0.243851 0.642165 0.880859 0.576416 1 2 1.000000
2 -38.904423 25.808795 -46.525283 -0.781189 0.172975 0.598634 0.915527 0.652344 1 2 1.000000
2 -39.758149 23.426556 -54.380708 -0.910731 0.004242 0.412265 0.831543 0.639404 1 2 1.000000
1fireff1_01_ne03_mesh1
3 2.199410 48.466553 -33.439253 0.313606 0.638237 0.702856 1.000000 -0.976562 1 3 1.000000
3 14.120301 59.706966 -53.202734 0.393141 0.770693 0.501230 1.000000 -0.853516 1 3 1.000000
3 -2.652589 49.235725 -35.363608 -0.385524 0.751284 0.535404 0.916504 -0.976562 1 3 1.000000
1fireff1_01_ne03_mesh1
3 14.120301 59.706966 -53.202734 0.393141 0.770693 0.501230 1.000000 -0.853516 1 3 1.000000
3 9.432888 60.807120 -53.597127 -0.172263 0.926676 0.333868 0.916504 -0.853516 1 3 1.000000
3 -2.652589 49.235725 -35.363608 -0.385524 0.751284 0.535404 0.916504 -0.976562 1 3 1.000000
1fireff1_01_ne03_mesh1
3 -2.652589 49.235725 -35.363608 -0.385524 0.751284 0.535404 0.916504 -0.976562 1 3 1.000000
3 9.432888 60.807120 -53.597127 -0.172263 0.926676 0.333868 0.916504 -0.853516 1 3 1.000000
3 -5.685628 48.084519 -38.507866 -0.879070 0.470888 0.068232 0.833008 -0.976562 1 3 1.000000
1fireff1_01_ne03_mesh1
3 9.432888 60.807120 -53.597127 -0.172263 0.926676 0.333868 0.916504 -0.853516 1 3 1.000000
3 5.034222 59.326745 -55.150314 -0.686439 0.720802 0.090167 0.833008 -0.853516 1 3 1.000000
3 -5.685628 48.084519 -38.507866 -0.879070 0.470888 0.068232 0.833008 -0.976562 1 3 1.000000
1fireff1_01_ne03_mesh1
3 -5.685628 48.084519 -38.507866 -0.879070 0.470888 0.068232 0.833008 -0.976562 1 3 1.000000
3 5.034222 59.326745 -55.150314 -0.686439 0.720802 0.090167 0.833008 -0.853516 1 3 1.000000
3 -4.294851 43.539086 -41.120809 -0.943895 0.319059 -0.082632 0.750000 -0.976562 1 3 1.000000
1fireff1_01_ne03_mesh1
3 5.034222 59.326745 -55.150314 -0.686439 0.720802 0.090167 0.833008 -0.853516 1 3 1.000000
3 2.428564 53.495672 -58.452131 -0.898440 0.438079 -0.020520 0.750000 -0.853516 1 3 1.000000
3 -4.294851 43.539086 -41.120809 -0.943895 0.319059 -0.082632 0.750000 -0.976562 1 3 1.000000
1fireff1_01_ne03_mesh1
3 -4.294851 43.539086 -41.120809 -0.943895 0.319059 -0.082632 0.750000 -0.976562 1 3 1.000000
3 2.428564 53.495672 -58.452131 -0.898440 0.438079 -0.020520 0.750000 -0.853516 1 3 1.000000
3 -7.479584 39.151338 -45.137800 -0.964504 0.066393 -0.254229 0.666504 -0.976562 1 3 1.000000
1fireff1_01_ne03_mesh1
3 2.428564 53.495672 -58.452131 -0.898440 0.438079 -0.020520 0.750000 -0.853516 1 3 1.000000
3 -0.543717 51.724352 -59.770109 -0.972275 0.160087 -0.168549 0.666504 -0.853516 1 3 1.000000
3 -7.479584 39.151338 -45.137800 -0.964504 0.066393 -0.254229 0.666504 -0.976562 1 3 1.000000
1fireff1_01_ne03_mesh1
3 -7.479584 39.151338 -45.137800 -0.964504 0.066393 -0.254229 0.666504 -0.976562 1 3 1.000000
3 -0.543717 51.724352 -59.770109 -0.972275 0.160087 -0.168549 0.666504 -0.853516 1 3 1.000000
3 -3.508608 36.207557 -48.703530 -0.534031 -0.605867 -0.589547 0.583008 -0.976562 1 3 1.000000
1fireff1_01_ne03_mesh1
3 -0.543717 51.724352 -59.770109 -0.972275 0.160087 -0.168549 0.666504 -0.853516 1 3 1.000000
3 1.999679 47.885283 -63.301509 -0.674987 -0.592822 -0.437973 0.583008 -0.853516 1 3 1.000000
3 -3.508608 36.207557 -48.703530 -0.534031 -0.605867 -0.589547 0.583008 -0.976562 1 3 1.000000
1fireff1_01_ne03_mesh1
3 -3.508608 36.207557 -48.703530 -0.534031 -0.605867 -0.589547 0.583008 -0.976562 1 3 1.000000
3 1.999679 47.885283 -63.301509 -0.674987 -0.592822 -0.437973 0.583008 -0.853516 1 3 1.000000
3 3.473136 35.305386 -49.626872 -0.214849 -0.808581 -0.547428 0.500000 -0.976562 1 3 1.000000
1fireff1_01_ne03_mesh1
3 1.999679 47.885283 -63.301509 -0.674987 -0.592822 -0.437973 0.583008 -0.853516 1 3 1.000000
3 6.449051 44.767668 -65.355897 -0.304152 -0.839284 -0.449706 0.500000 -0.853516 1 3 1.000000
3 3.473136 35.305386 -49.626872 -0.214849 -0.808581 -0.547428 0.500000 -0.976562 1 3 1.000000
1fireff1_01_ne03_mesh1
3 3.473136 35.305386 -49.626872 -0.214849 -0.808581 -0.547428 0.500000 -0.976562 1 3 1.000000
3 6.449051 44.767668 -65.355897 -0.304152 -0.839284 -0.449706 0.500000 -0.853516 1 3 1.000000
3 9.544651 34.611937 -49.553270 0.223250 -0.860240 -0.457676 0.416504 -0.976562 1 3 1.000000
1fireff1_01_ne03_mesh1
3 6.449051 44.767668 -65.355897 -0.304152 -0.839284 -0.449706 0.500000 -0.853516 1 3 1.000000
3 11.234984 43.503994 -65.531339 0.156540 -0.909472 -0.384171 0.416504 -0.853516 1 3 1.000000
3 9.544651 34.611937 -49.553270 0.223250 -0.860240 -0.457676 0.416504 -0.976562 1 3 1.000000
1fireff1_01_ne03_mesh1
3 9.544651 34.611937 -49.553270 0.223250 -0.860240 -0.457676 0.416504 -0.976562 1 3 1.000000
3 11.234984 43.503994 -65.531339 0.156540 -0.909472 -0.384171 0.416504 -0.853516 1 3 1.000000
3 14.130627 37.896820 -46.912037 0.796856 -0.581977 -0.160432 0.333252 -0.976562 1 3 1.000000
1fireff1_01_ne03_mesh1
3 11.234984 43.503994 -65.531339 0.156540 -0.909472 -0.384171 0.416504 -0.853516 1 3 1.000000
3 15.700743 45.177219 -65.025492 0.665783 -0.725332 -0.171595 0.333252 -0.853516 1 3 1.000000
3 14.130627 37.896820 -46.912037 0.796856 -0.581977 -0.160432 0.333252 -0.976562 1 3 1.000000
1fireff1_01_ne03_mesh1
3 14.130627 37.896820 -46.912037 0.796856 -0.581977 -0.160432 0.333252 -0.976562 1 3 1.000000
3 15.700743 45.177219 -65.025492 0.665783 -0.725332 -0.171595 0.333252 -0.853516 1 3 1.000000
3 14.339346 42.059965 -44.121822 0.964393 -0.180501 0.190818 0.250000 -0.976562 1 3 1.000000
1fireff1_01_ne03_mesh1
3 15.700743 45.177219 -65.025492 0.665783 -0.725332 -0.171595 0.333252 -0.853516 1 3 1.000000
3 20.013694 49.224492 -63.993690 0.925211 -0.376349 0.041489 0.250000 -0.853516 1 3 1.000000
3 14.339346 42.059965 -44.121822 0.964393 -0.180501 0.190818 0.250000 -0.976562 1 3 1.000000
1fireff1_01_ne03_mesh1
3 14.339346 42.059965 -44.121822 0.964393 -0.180501 0.190818 0.250000 -0.976562 1 3 1.000000
3 20.013694 49.224492 -63.993690 0.925211 -0.376349 0.041489 0.250000 -0.853516 1 3 1.000000
3 11.907165 46.063878 -39.539625 0.851568 0.236699 0.466647 0.166626 -0.976562 1 3 1.000000
1fireff1_01_ne03_mesh1
3 20.013694 49.224492 -63.993690 0.925211 -0.376349 0.041489 0.250000 -0.853516 1 3 1.000000
3 21.523903 53.807592 -61.251439 0.963759 0.109367 0.242334 0.166626 -0.853516 1 3 1.000000
3 11.907165 46.063878 -39.539625 0.851568 0.236699 0.466647 0.166626 -0.976562 1 3 1.000000
1fireff1_01_ne03_mesh1
3 11.907165 46.063878 -39.539625 0.851568 0.236699 0.466647 0.166626 -0.976562 1 3 1.000000
3 21.523903 53.807592 -61.251439 0.963759 0.109367 0.242334 0.166626 -0.853516 1 3 1.000000
3 6.162272 46.506905 -36.662251 0.645400 0.409868 0.643931 0.083313 -0.976562 1 3 1.000000
1fireff1_01_ne03_mesh1
3 21.523903 53.807592 -61.251439 0.963759 0.109367 0.242334 0.166626 -0.853516 1 3 1.000000
3 18.874797 57.291947 -56.509236 0.703926 0.556309 0.441049 0.083313 -0.853516 1 3 1.000000
3 6.162272 46.506905 -36.662251 0.645400 0.409868 0.643931 0.083313 -0.976562 1 3 1.000000
1fireff1_01_ne03_mesh1
3 6.162272 46.506905 -36.662251 0.645400 0.409868 0.643931 0.083313 -0.976562 1 3 1.000000
3 18.874797 57.291947 -56.509236 0.703926 0.556309 0.441049 0.083313 -0.853516 1 3 1.000000
3 2.199410 48.466553 -33.439253 0.313606 0.638237 0.702856 0.000000 -0.976562 1 3 1.000000
1fireff1_01_ne03_mesh1
3 18.874797 57.291947 -56.509236 0.703926 0.556309 0.441049 0.083313 -0.853516 1 3 1.000000
3 14.120301 59.706966 -53.202734 0.393141 0.770693 0.501230 0.000000 -0.853516 1 3 1.000000
3 2.199410 48.466553 -33.439253 0.313606 0.638237 0.702856 0.000000 -0.976562 1 3 1.000000
1fireff1_01_ne03_mesh1
3 14.120301 59.706966 -53.202734 0.393141 0.770693 0.501230 1.000000 -0.853516 1 3 1.000000
3 16.229416 67.007557 -78.375702 0.311211 0.925154 0.216454 1.000000 -0.730469 1 3 1.000000
3 9.432888 60.807120 -53.597127 -0.172263 0.926676 0.333868 0.916504 -0.853516 1 3 1.000000
1fireff1_01_ne03_mesh1
3 16.229416 67.007557 -78.375702 0.311211 0.925154 0.216454 1.000000 -0.730469 1 3 1.000000
3 10.694600 66.281361 -77.365538 -0.205943 0.938047 0.277810 0.916504 -0.730469 1 3 1.000000
3 9.432888 60.807120 -53.597127 -0.172263 0.926676 0.333868 0.916504 -0.853516 1 3 1.000000
1fireff1_01_ne03_mesh1
3 9.432888 60.807120 -53.597127 -0.172263 0.926676 0.333868 0.916504 -0.853516 1 3 1.000000
3 10.694600 66.281361 -77.365538 -0.205943 0.938047 0.277810 0.916504 -0.730469 1 3 1.000000
3 5.034222 59.326745 -55.150314 -0.686439 0.720802 0.090167 0.833008 -0.853516 1 3 1.000000
1fireff1_01_ne03_mesh1
3 10.694600 66.281361 -77.365538 -0.205943 0.938047 0.277810 0.916504 -0.730469 1 3 1.000000
3 5.376994 63.485206 -78.685269 -0.705699 0.654798 0.269841 0.833008 -0.730469 1 3 1.000000
3 5.034222 59.326745 -55.150314 -0.686439 0.720802 0.090167 0.833008 -0.853516 1 3 1.000000
1fireff1_01_ne03_mesh1
3 5.034222 59.326745 -55.150314 -0.686439 0.720802 0.090167 0.833008 -0.853516 1 3 1.000000
3 5.376994 63.485206 -78.685269 -0.705699 0.654798 0.269841 0.833008 -0.730469 1 3 1.000000
3 2.428564 53.495672 -58.452131 -0.898440 0.438079 -0.020520 0.750000 -0.853516 1 3 1.000000
1fireff1_01_ne03_mesh1
3 5.376994 63.485206 -78.685269 -0.705699 0.654798 0.269841 0.833008 -0.730469 1 3 1.000000
3 2.185841 59.928064 -81.362964 -0.947909 0.245432 0.202818 0.750000 -0.730469 1 3 1.000000
3 2.428564 53.495672 -58.452131 -0.898440 0.438079 -0.020520 0.750000 -0.853516 1 3 1.000000
1fireff1_01_ne03_mesh1
3 2.428564 53.495672 -58.452131 -0.898440 0.438079 -0.020520 0.750000 -0.853516 1 3 1.000000
3 2.185841 59.928064 -81.362964 -0.947909 0.245432 0.202818 0.750000 -0.730469 1 3 1.000000
3 -0.543717 51.724352 -59.770109 -0.972275 0.160087 -0.168549 0.666504 -0.853516 1 3 1.000000
1fireff1_01_ne03_mesh1
3 2.185841 59.928064 -81.362964 -0.947909 0.245432 0.202818 0.750000 -0.730469 1 3 1.000000
3 2.979361 55.541005 -83.286381 -0.943995 -0.323213 0.059802 0.666504 -0.730469 1 3 1.000000
3 -0.543717 51.724352 -59.770109 -0.972275 0.160087 -0.168549 0.666504 -0.853516 1 3 1.000000
1fireff1_01_ne03_mesh1
3 -0.543717 51.724352 -59.770109 -0.972275 0.160087 -0.168549 0.666504 -0.853516 1 3 1.000000
3 2.979361 55.541005 -83.286381 -0.943995 -0.323213 0.059802 0.666504 -0.730469 1 3 1.000000
3 1.999679 47.885283 -63.301509 -0.674987 -0.592822 -0.437973 0.583008 -0.853516 1 3 1.000000
1fireff1_01_ne03_mesh1
3 2.979361 55.541005 -83.286381 -0.943995 -0.323213 0.059802 0.666504 -0.730469 1 3 1.000000
3 6.444359 51.923836 -83.681171 -0.628069 -0.773845 -0.078182 0.583008 -0.730469 1 3 1.000000
3 1.999679 47.885283 -63.301509 -0.674987 -0.592822 -0.437973 0.583008 -0.853516 1 3 1.000000
1fireff1_01_ne03_mesh1
3 1.999679 47.885283 -63.301509 -0.674987 -0.592822 -0.437973 0.583008 -0.853516 1 3 1.000000
3 6.444359 51.923836 -83.681171 -0.628069 -0.773845 -0.078182 0.583008 -0.730469 1 3 1.000000
3 6.449051 44.767668 -65.355897 -0.304152 -0.839284 -0.449706 0.500000 -0.853516 1 3 1.000000
1fireff1_01_ne03_mesh1
3 6.444359 51.923836 -83.681171 -0.628069 -0.773845 -0.078182 0.583008 -0.730469 1 3 1.000000
3 11.326518 50.324702 -82.969058 -0.246476 -0.952393 -0.177892 0.500000 -0.730469 1 3 1.000000
3 6.449051 44.767668 -65.355897 -0.304152 -0.839284 -0.449706 0.500000 -0.853516 1 3 1.000000
1fireff1_01_ne03_mesh1
3 6.449051 44.767668 -65.355897 -0.304152 -0.839284 -0.449706 0.500000 -0.853516 1 3 1.000000
3 11.326518 50.324702 -82.969058 -0.246476 -0.952393 -0.177892 0.500000 -0.730469 1 3 1.000000
3 11.234984 43.503994 -65.531339 0.156540 -0.909472 -0.384171 0.416504 -0.853516 1 3 1.000000
1fireff1_01_ne03_mesh1
3 11.326518 50.324702 -82.969058 -0.246476 -0.952393 -0.177892 0.500000 -0.730469 1 3 1.000000
3 16.275621 50.041333 -82.173506 0.244433 -0.935562 -0.254164 0.416504 -0.730469 1 3 1.000000
3 11.234984 43.503994 -65.531339 0.156540 -0.909472 -0.384171 0.416504 -0.853516 1 3 1.000000
1fireff1_01_ne03_mesh1
3 11.234984 43.503994 -65.531339 0.156540 -0.909472 -0.384171 0.416504 -0.853516 1 3 1.000000
3 16.275621 50.041333 -82.173506 0.244433 -0.935562 -0.254164 0.416504 -0.730469 1 3 1.000000
3 15.700743 45.177219 -65.025492 0.665783 -0.725332 -0.171595 0.333252 -0.853516 1 3 1.000000
1fireff1_01_ne03_mesh1
3 16.275621 50.041333 -82.173506 0.244433 -0.935562 -0.254164 0.416504 -0.730469 1 3 1.000000
3 19.774626 51.303611 -81.380973 0.705041 -0.670180 -0.230758 0.333252 -0.730469 1 3 1.000000
3 15.700743 45.177219 -65.025492 0.665783 -0.725332 -0.171595 0.333252 -0.853516 1 3 1.000000
1fireff1_01_ne03_mesh1
3 15.700743 45.177219 -65.025492 0.665783 -0.725332 -0.171595 0.333252 -0.853516 1 3 1.000000
3 19.774626 51.303611 -81.380973 0.705041 -0.670180 -0.230758 0.333252 -0.730469 1 3 1.000000
3 20.013694 49.224492 -63.993690 0.925211 -0.376349 0.041489 0.250000 -0.853516 1 3 1.000000
1fireff1_01_ne03_mesh1
3 19.774626 51.303611 -81.380973 0.705041 -0.670180 -0.230758 0.333252 -0.730469 1 3 1.000000
3 21.602406 55.131710 -80.806544 0.941899 -0.287461 -0.173575 0.250000 -0.730469 1 3 1.000000
3 20.013694 49.224492 -63.993690 0.925211 -0.376349 0.041489 0.250000 -0.853516 1 3 1.000000
1fireff1_01_ne03_mesh1
3 20.013694 49.224492 -63.993690 0.925211 -0.376349 0.041489 0.250000 -0.853516 1 3 1.000000
3 21.602406 55.131710 -80.806544 0.941899 -0.287461 -0.173575 0.250000 -0.730469 1 3 1.000000
3 21.523903 53.807592 -61.251439 0.963759 0.109367 0.242334 0.166626 -0.853516 1 3 1.000000
1fireff1_01_ne03_mesh1
3 21.602406 55.131710 -80.806544 0.941899 -0.287461 -0.173575 0.250000 -0.730469 1 3 1.000000
3 22.568733 60.909629 -81.472927 0.973383 0.198090 -0.114658 0.166626 -0.730469 1 3 1.000000
3 21.523903 53.807592 -61.251439 0.963759 0.109367 0.242334 0.166626 -0.853516 1 3 1.000000
1fireff1_01_ne03_mesh1
3 21.523903 53.807592 -61.251439 0.963759 0.109367 0.242334 0.166626 -0.853516 1 3 1.000000
3 22.568733 60.909629 -81.472927 0.973383 0.198090 -0.114658 0.166626 -0.730469 1 3 1.000000
3 18.874797 57.291947 -56.509236 0.703926 0.556309 0.441049 0.083313 -0.853516 1 3 1.000000
1fireff1_01_ne03_mesh1
3 22.568733 60.909629 -81.472927 0.973383 0.198090 -0.114658 0.166626 -0.730469 1 3 1.000000
3 20.748135 65.330337 -80.771715 0.751066 0.659210 0.022806 0.083313 -0.730469 1 3 1.000000
3 18.874797 57.291947 -56.509236 0.703926 0.556309 0.441049 0.083313 -0.853516 1 3 1.000000
1fireff1_01_ne03_mesh1
3 18.874797 57.291947 -56.509236 0.703926 0.556309 0.441049 0.083313 -0.853516 1 3 1.000000
3 20.748135 65.330337 -80.771715 0.751066 0.659210 0.022806 0.083313 -0.730469 1 3 1.000000
3 14.120301 59.706966 -53.202734 0.393141 0.770693 0.501230 0.000000 -0.853516 1 3 1.000000
1fireff1_01_ne03_mesh1
3 20.748135 65.330337 -80.771715 0.751066 0.659210 0.022806 0.083313 -0.730469 1 3 1.000000
3 16.229416 67.007557 -78.375702 0.311211 0.925154 0.216454 0.000000 -0.730469 1 3 1.000000
3 14.120301 59.706966 -53.202734 0.393141 0.770693 0.501230 0.000000 -0.853516 1 3 1.000000
1fireff1_01_ne03_mesh1
3 16.229416 67.007557 -78.375702 0.311211 0.925154 0.216454 1.000000 -0.730469 1 3 1.000000
3 6.441162 73.346297 -102.216738 0.196259 0.977479 -0.071784 1.000000 -0.607422 1 3 1.000000
3 10.694600 66.281361 -77.365538 -0.205943 0.938047 0.277810 0.916504 -0.730469 1 3 1.000000
1fireff1_01_ne03_mesh1
3 6.441162 73.346297 -102.216738 0.196259 0.977479 -0.071784 1.000000 -0.607422 1 3 1.000000
3 1.349128 73.622789 -102.139995 -0.319849 0.946615 -0.011021 0.916504 -0.607422 1 3 1.000000
3 10.694600 66.281361 -77.365538 -0.205943 0.938047 0.277810 0.916504 -0.730469 1 3 1.000000
1fireff1_01_ne03_mesh1
3 10.694600 66.281361 -77.365538 -0.205943 0.938047 0.277810 0.916504 -0.730469 1 3 1.000000
3 1.349128 73.622789 -102.139995 -0.319849 0.946615 -0.011021 0.916504 -0.607422 1 3 1.000000
3 5.376994 63.485206 -78.685269 -0.705699 0.654798 0.269841 0.833008 -0.730469 1 3 1.000000
1fireff1_01_ne03_mesh1
3 1.349128 73.622789 -102.139995 -0.319849 0.946615 -0.011021 0.916504 -0.607422 1 3 1.000000
3 -2.500805 70.664317 -101.822466 -0.748947 0.658664 0.064255 0.833008 -0.607422 1 3 1.000000
3 5.376994 63.485206 -78.685269 -0.705699 0.654798 0.269841 0.833008 -0.730469 1 3 1.000000
1fireff1_01_ne03_mesh1
3 5.376994 63.485206 -78.685269 -0.705699 0.654798 0.269841 0.833008 -0.730469 1 3 1.000000
3 -2.500805 70.664317 -101.822466 -0.748947 0.658664 0.064255 0.833008 -0.607422 1 3 1.000000
3 2.185841 59.928064 -81.362964 -0.947909 0.245432 0.202818 0.750000 -0.730469 1 3 1.000000
1fireff1_01_ne03_mesh1
3 -2.500805 70.664317 -101.822466 -0.748947 0.658664 0.064255 0.833008 -0.607422 1 3 1.000000
3 -3.681093 64.603407 -101.302894 -0.965618 0.198541 0.165298 0.750000 -0.607422 1 3 1.000000
3 2.185841 59.928064 -81.362964 -0.947909 0.245432 0.202818 0.750000 -0.730469 1 3 1.000000
1fireff1_01_ne03_mesh1
3 2.185841 59.928064 -81.362964 -0.947909 0.245432 0.202818 0.750000 -0.730469 1 3 1.000000
3 -3.681093 64.603407 -101.302894 -0.965618 0.198541 0.165298 0.750000 -0.607422 1 3 1.000000
3 2.979361 55.541005 -83.286381 -0.943995 -0.323213 0.059802 0.666504 -0.730469 1 3 1.000000
1fireff1_01_ne03_mesh1
3 -3.681093 64.603407 -101.302894 -0.965618 0.198541 0.165298 0.750000 -0.607422 1 3 1.000000
3 -2.611634 58.374796 -100.813483 -0.919763 -0.312102 0.236338 0.666504 -0.607422 1 3 1.000000
3 2.979361 55.541005 -83.286381 -0.943995 -0.323213 0.059802 0.666504 -0.730469 1 3 1.000000
1fireff1_01_ne03_mesh1
3 2.979361 55.541005 -83.286381 -0.943995 -0.323213 0.059802 0.666504 -0.730469 1 3 1.000000
3 -2.611634 58.374796 -100.813483 -0.919763 -0.312102 0.236338 0.666504 -0.607422 1 3 1.000000
3 6.444359 51.923836 -83.681171 -0.628069 -0.773845 -0.078182 0.583008 -0.730469 1 3 1.000000
1fireff1_01_ne03_mesh1
3 -2.611634 58.374796 -100.813483 -0.919763 -0.312102 0.236338 0.666504 -0.607422 1 3 1.000000
3 0.200638 54.299598 -100.534507 -0.639619 -0.740174 0.204786 0.583008 -0.607422 1 3 1.000000
3 6.444359 51.923836 -83.681171 -0.628069 -0.773845 -0.078182 0.583008 -0.730469 1 3 1.000000
1fireff1_01_ne03_mesh1
3 6.444359 51.923836 -83.681171 -0.628069 -0.773845 -0.078182 0.583008 -0.730469 1 3 1.000000
3 0.200638 54.299598 -100.534507 -0.639619 -0.740174 0.204786 0.583008 -0.607422 1 3 1.000000
3 11.326518 50.324702 -82.969058 -0.246476 -0.952393 -0.177892 0.500000 -0.730469 1 3 1.000000
1fireff1_01_ne03_mesh1
3 0.200638 54.299598 -100.534507 -0.639619 -0.740174 0.204786 0.583008 -0.607422 1 3 1.000000
3 4.451053 51.416499 -100.381269 -0.267344 -0.958380 0.096553 0.500000 -0.607422 1 3 1.000000
3 11.326518 50.324702 -82.969058 -0.246476 -0.952393 -0.177892 0.500000 -0.730469 1 3 1.000000
1fireff1_01_ne03_mesh1
3 11.326518 50.324702 -82.969058 -0.246476 -0.952393 -0.177892 0.500000 -0.730469 1 3 1.000000
3 4.451053 51.416499 -100.381269 -0.267344 -0.958380 0.096553 0.500000 -0.607422 1 3 1.000000
3 16.275621 50.041333 -82.173506 0.244433 -0.935562 -0.254164 0.416504 -0.730469 1 3 1.000000
1fireff1_01_ne03_mesh1
3 4.451053 51.416499 -100.381269 -0.267344 -0.958380 0.096553 0.500000 -0.607422 1 3 1.000000
3 9.712888 51.079552 -100.456366 0.218075 -0.974503 -0.040145 0.416504 -0.607422 1 3 1.000000
3 16.275621 50.041333 -82.173506 0.244433 -0.935562 -0.254164 0.416504 -0.730469 1 3 1.000000
1fireff1_01_ne03_mesh1
3 16.275621 50.041333 -82.173506 0.244433 -0.935562 -0.254164 0.416504 -0.730469 1 3 1.000000
3 9.712888 51.079552 -100.456366 0.218075 -0.974503 -0.040145 0.416504 -0.607422 1 3 1.000000
3 19.774626 51.303611 -81.380973 0.705041 -0.670180 -0.230758 0.333252 -0.730469 1 3 1.000000
1fireff1_01_ne03_mesh1
3 9.712888 51.079552 -100.456366 0.218075 -0.974503 -0.040145 0.416504 -0.607422 1 3 1.000000
3 14.361323 54.882220 -100.858615 0.743526 -0.649827 -0.155045 0.333252 -0.607422 1 3 1.000000
3 19.774626 51.303611 -81.380973 0.705041 -0.670180 -0.230758 0.333252 -0.730469 1 3 1.000000
1fireff1_01_ne03_mesh1
3 19.774626 51.303611 -81.380973 0.705041 -0.670180 -0.230758 0.333252 -0.730469 1 3 1.000000
3 14.361323 54.882220 -100.858615 0.743526 -0.649827 -0.155045 0.333252 -0.607422 1 3 1.000000
3 21.602406 55.131710 -80.806544 0.941899 -0.287461 -0.173575 0.250000 -0.730469 1 3 1.000000
1fireff1_01_ne03_mesh1
3 14.361323 54.882220 -100.858615 0.743526 -0.649827 -0.155045 0.333252 -0.607422 1 3 1.000000
3 15.822028 60.169884 -101.320328 0.969351 -0.161847 -0.184272 0.250000 -0.607422 1 3 1.000000
3 21.602406 55.131710 -80.806544 0.941899 -0.287461 -0.173575 0.250000 -0.730469 1 3 1.000000
1fireff1_01_ne03_mesh1
3 21.602406 55.131710 -80.806544 0.941899 -0.287461 -0.173575 0.250000 -0.730469 1 3 1.000000
3 15.822028 60.169884 -101.320328 0.969351 -0.161847 -0.184272 0.250000 -0.607422 1 3 1.000000
3 22.568733 60.909629 -81.472927 0.973383 0.198090 -0.114658 0.166626 -0.730469 1 3 1.000000
1fireff1_01_ne03_mesh1
3 15.822028 60.169884 -101.320328 0.969351 -0.161847 -0.184272 0.250000 -0.607422 1 3 1.000000
3 14.000131 65.192822 -101.696273 0.939103 0.294281 -0.174967 0.166626 -0.607422 1 3 1.000000
3 22.568733 60.909629 -81.472927 0.973383 0.198090 -0.114658 0.166626 -0.730469 1 3 1.000000
1fireff1_01_ne03_mesh1
3 22.568733 60.909629 -81.472927 0.973383 0.198090 -0.114658 0.166626 -0.730469 1 3 1.000000
3 14.000131 65.192822 -101.696273 0.939103 0.294281 -0.174967 0.166626 -0.607422 1 3 1.000000
3 20.748135 65.330337 -80.771715 0.751066 0.659210 0.022806 0.083313 -0.730469 1 3 1.000000
1fireff1_01_ne03_mesh1
3 14.000131 65.192822 -101.696273 0.939103 0.294281 -0.174967 0.166626 -0.607422 1 3 1.000000
3 10.784843 70.081853 -102.034062 0.665116 0.734485 -0.130324 0.083313 -0.607422 1 3 1.000000
3 20.748135 65.330337 -80.771715 0.751066 0.659210 0.022806 0.083313 -0.730469 1 3 1.000000
1fireff1_01_ne03_mesh1
3 20.748135 65.330337 -80.771715 0.751066 0.659210 0.022806 0.083313 -0.730469 1 3 1.000000
3 10.784843 70.081853 -102.034062 0.665116 0.734485 -0.130324 0.083313 -0.607422 1 3 1.000000
3 16.229416 67.007557 -78.375702 0.311211 0.925154 0.216454 0.000000 -0.730469 1 3 1.000000
1fireff1_01_ne03_mesh1
3 10.784843 70.081853 -102.034062 0.665116 0.734485 -0.130324 0.083313 -0.607422 1 3 1.000000
3 6.441162 73.346297 -102.216738 0.196259 0.977479 -0.071784 0.000000 -0.607422 1 3 1.000000
3 16.229416 67.007557 -78.375702 0.311211 0.925154 0.216454 0.000000 -0.730469 1 3 1.000000
1fireff1_01_ne03_mesh1
3 6.441162 73.346297 -102.216738 0.196259 0.977479 -0.071784 1.000000 -0.607422 1 3 1.000000
3 9.343513 64.606295 -125.070087 0.270892 0.884451 -0.379012 1.000000 -0.483398 1 3 1.000000
3 1.349128 73.622789 -102.139995 -0.319849 0.946615 -0.011021 0.916504 -0.607422 1 3 1.000000
1fireff1_01_ne03_mesh1
3 9.343513 64.606295 -125.070087 0.270892 0.884451 -0.379012 1.000000 -0.483398 1 3 1.000000
3 3.571868 63.791659 -125.733340 -0.253030 0.879484 -0.402682 0.916504 -0.483398 1 3 1.000000
3 1.349128 73.622789 -102.139995 -0.319849 0.946615 -0.011021 0.916504 -0.607422 1 3 1.000000
1fireff1_01_ne03_mesh1
3 1.349128 73.622789 -102.139995 -0.319849 0.946615 -0.011021 0.916504 -0.607422 1 3 1.000000
3 3.571868 63.791659 -125.733340 -0.253030 0.879484 -0.402682 0.916504 -0.483398 1 3 1.000000
3 -2.500805 70.664317 -101.822466 -0.748947 0.658664 0.064255 0.833008 -0.607422 1 3 1.000000
1fireff1_01_ne03_mesh1
3 3.571868 63.791659 -125.733340 -0.253030 0.879484 -0.402682 0.916504 -0.483398 1 3 1.000000
3 -2.196951 61.387316 -123.771171 -0.697811 0.639422 -0.321495 0.833008 -0.483398 1 3 1.000000
3 -2.500805 70.664317 -101.822466 -0.748947 0.658664 0.064255 0.833008 -0.607422 1 3 1.000000
1fireff1_01_ne03_mesh1
3 -2.500805 70.664317 -101.822466 -0.748947 0.658664 0.064255 0.833008 -0.607422 1 3 1.000000
3 -2.196951 61.387316 -123.771171 -0.697811 0.639422 -0.321495 0.833008 -0.483398 1 3 1.000000
3 -3.681093 64.603407 -101.302894 -0.965618 0.198541 0.165298 0.750000 -0.607422 1 3 1.000000
1fireff1_01_ne03_mesh1
3 -2.196951 61.387316 -123.771171 -0.697811 0.639422 -0.321495 0.833008 -0.483398 1 3 1.000000
3 -5.907343 58.475351 -120.428791 -0.947874 0.285539 -0.140670 0.750000 -0.483398 1 3 1.000000
3 -3.681093 64.603407 -101.302894 -0.965618 0.198541 0.165298 0.750000 -0.607422 1 3 1.000000
1fireff1_01_ne03_mesh1
3 -3.681093 64.603407 -101.302894 -0.965618 0.198541 0.165298 0.750000 -0.607422 1 3 1.000000
3 -5.907343 58.475351 -120.428791 -0.947874 0.285539 -0.140670 0.750000 -0.483398 1 3 1.000000
3 -2.611634 58.374796 -100.813483 -0.919763 -0.312102 0.236338 0.666504 -0.607422 1 3 1.000000
1fireff1_01_ne03_mesh1
3 -5.907343 58.475351 -120.428791 -0.947874 0.285539 -0.140670 0.750000 -0.483398 1 3 1.000000
3 -6.908295 54.906216 -117.849518 -0.974605 -0.201110 0.095959 0.666504 -0.483398 1 3 1.000000
3 -2.611634 58.374796 -100.813483 -0.919763 -0.312102 0.236338 0.666504 -0.607422 1 3 1.000000
1fireff1_01_ne03_mesh1
3 -2.611634 58.374796 -100.813483 -0.919763 -0.312102 0.236338 0.666504 -0.607422 1 3 1.000000
3 -6.908295 54.906216 -117.849518 -0.974605 -0.201110 0.095959 0.666504 -0.483398 1 3 1.000000
3 0.200638 54.299598 -100.534507 -0.639619 -0.740174 0.204786 0.583008 -0.607422 1 3 1.000000
1fireff1_01_ne03_mesh1
3 -6.908295 54.906216 -117.849518 -0.974605 -0.201110 0.095959 0.666504 -0.483398 1 3 1.000000
3 -4.470194 51.641208 -117.006114 -0.693754 -0.677766 0.241615 0.583008 -0.483398 1 3 1.000000
3 0.200638 54.299598 -100.534507 -0.639619 -0.740174 0.204786 0.583008 -0.607422 1 3 1.000000
1fireff1_01_ne03_mesh1
3 0.200638 54.299598 -100.534507 -0.639619 -0.740174 0.204786 0.583008 -0.607422 1 3 1.000000
3 -4.470194 51.641208 -117.006114 -0.693754 -0.677766 0.241615 0.583008 -0.483398 1 3 1.000000
3 4.451053 51.416499 -100.381269 -0.267344 -0.958380 0.096553 0.500000 -0.607422 1 3 1.000000
1fireff1_01_ne03_mesh1
3 -4.470194 51.641208 -117.006114 -0.693754 -0.677766 0.241615 0.583008 -0.483398 1 3 1.000000
3 0.315533 49.948745 -117.637257 -0.299127 -0.901552 0.311495 0.500000 -0.483398 1 3 1.000000
3 4.451053 51.416499 -100.381269 -0.267344 -0.958380 0.096553 0.500000 -0.607422 1 3 1.000000
1fireff1_01_ne03_mesh1
3 4.451053 51.416499 -100.381269 -0.267344 -0.958380 0.096553 0.500000 -0.607422 1 3 1.000000
3 0.315533 49.948745 -117.637257 -0.299127 -0.901552 0.311495 0.500000 -0.483398 1 3 1.000000
3 9.712888 51.079552 -100.456366 0.218075 -0.974503 -0.040145 0.416504 -0.607422 1 3 1.000000
1fireff1_01_ne03_mesh1
3 0.315533 49.948745 -117.637257 -0.299127 -0.901552 0.311495 0.500000 -0.483398 1 3 1.000000
3 5.301136 49.507242 -118.567320 0.131573 -0.928860 0.345344 0.416504 -0.483398 1 3 1.000000
3 9.712888 51.079552 -100.456366 0.218075 -0.974503 -0.040145 0.416504 -0.607422 1 3 1.000000
1fireff1_01_ne03_mesh1
3 9.712888 51.079552 -100.456366 0.218075 -0.974503 -0.040145 0.416504 -0.607422 1 3 1.000000
3 5.301136 49.507242 -118.567320 0.131573 -0.928860 0.345344 0.416504 -0.483398 1 3 1.000000
3 14.361323 54.882220 -100.858615 0.743526 -0.649827 -0.155045 0.333252 -0.607422 1 3 1.000000
1fireff1_01_ne03_mesh1
3 5.301136 49.507242 -118.567320 0.131573 -0.928860 0.345344 0.416504 -0.483398 1 3 1.000000
3 9.813834 50.361927 -119.689654 0.594041 -0.731441 0.333571 0.333252 -0.483398 1 3 1.000000
3 14.361323 54.882220 -100.858615 0.743526 -0.649827 -0.155045 0.333252 -0.607422 1 3 1.000000
1fireff1_01_ne03_mesh1
3 14.361323 54.882220 -100.858615 0.743526 -0.649827 -0.155045 0.333252 -0.607422 1 3 1.000000
3 9.813834 50.361927 -119.689654 0.594041 -0.731441 0.333571 0.333252 -0.483398 1 3 1.000000
3 15.822028 60.169884 -101.320328 0.969351 -0.161847 -0.184272 0.250000 -0.607422 1 3 1.000000
1fireff1_01_ne03_mesh1
3 9.813834 50.361927 -119.689654 0.594041 -0.731441 0.333571 0.333252 -0.483398 1 3 1.000000
3 13.488189 53.590728 -120.949623 0.929504 -0.297308 0.216400 0.250000 -0.483398 1 3 1.000000
3 15.822028 60.169884 -101.320328 0.969351 -0.161847 -0.184272 0.250000 -0.607422 1 3 1.000000
1fireff1_01_ne03_mesh1
3 15.822028 60.169884 -101.320328 0.969351 -0.161847 -0.184272 0.250000 -0.607422 1 3 1.000000
3 13.488189 53.590728 -120.949623 0.929504 -0.297308 0.216400 0.250000 -0.483398 1 3 1.000000
3 14.000131 65.192822 -101.696273 0.939103 0.294281 -0.174967 0.166626 -0.607422 1 3 1.000000
1fireff1_01_ne03_mesh1
3 13.488189 53.590728 -120.949623 0.929504 -0.297308 0.216400 0.250000 -0.483398 1 3 1.000000
3 15.098064 59.245118 -121.270099 0.968789 0.244073 -0.033360 0.166626 -0.483398 1 3 1.000000
3 14.000131 65.192822 -101.696273 0.939103 0.294281 -0.174967 0.166626 -0.607422 1 3 1.000000
1fireff1_01_ne03_mesh1
3 14.000131 65.192822 -101.696273 0.939103 0.294281 -0.174967 0.166626 -0.607422 1 3 1.000000
3 15.098064 59.245118 -121.270099 0.968789 0.244073 -0.033360 0.166626 -0.483398 1 3 1.000000
3 10.784843 70.081853 -102.034062 0.665116 0.734485 -0.130324 0.083313 -0.607422 1 3 1.000000
1fireff1_01_ne03_mesh1
3 15.098064 59.245118 -121.270099 0.968789 0.244073 -0.033360 0.166626 -0.483398 1 3 1.000000
3 13.752908 63.375671 -122.610102 0.718080 0.659795 -0.219655 0.083313 -0.483398 1 3 1.000000
3 10.784843 70.081853 -102.034062 0.665116 0.734485 -0.130324 0.083313 -0.607422 1 3 1.000000
1fireff1_01_ne03_mesh1
3 10.784843 70.081853 -102.034062 0.665116 0.734485 -0.130324 0.083313 -0.607422 1 3 1.000000
3 13.752908 63.375671 -122.610102 0.718080 0.659795 -0.219655 0.083313 -0.483398 1 3 1.000000
3 6.441162 73.346297 -102.216738 0.196259 0.977479 -0.071784 0.000000 -0.607422 1 3 1.000000
1fireff1_01_ne03_mesh1
3 13.752908 63.375671 -122.610102 0.718080 0.659795 -0.219655 0.083313 -0.483398 1 3 1.000000
3 9.343513 64.606295 -125.070087 0.270892 0.884451 -0.379012 0.000000 -0.483398 1 3 1.000000
3 6.441162 73.346297 -102.216738 0.196259 0.977479 -0.071784 0.000000 -0.607422 1 3 1.000000
1fireff1_01_ne03_mesh1
3 9.343513 64.606295 -125.070087 0.270892 0.884451 -0.379012 1.000000 -0.483398 1 3 1.000000
3 9.241865 52.607686 -148.618820 0.286480 0.749073 -0.596471 1.000000 -0.360352 1 3 1.000000
3 3.571868 63.791659 -125.733340 -0.253030 0.879484 -0.402682 0.916504 -0.483398 1 3 1.000000
1fireff1_01_ne03_mesh1
3 9.241865 52.607686 -148.618820 0.286480 0.749073 -0.596471 1.000000 -0.360352 1 3 1.000000
3 4.751595 53.728856 -148.227291 -0.218496 0.834854 -0.504163 0.916504 -0.360352 1 3 1.000000
3 3.571868 63.791659 -125.733340 -0.253030 0.879484 -0.402682 0.916504 -0.483398 1 3 1.000000
1fireff1_01_ne03_mesh1
3 3.571868 63.791659 -125.733340 -0.253030 0.879484 -0.402682 0.916504 -0.483398 1 3 1.000000
3 4.751595 53.728856 -148.227291 -0.218496 0.834854 -0.504163 0.916504 -0.360352 1 3 1.000000
3 -2.196951 61.387316 -123.771171 -0.697811 0.639422 -0.321495 0.833008 -0.483398 1 3 1.000000
1fireff1_01_ne03_mesh1
3 4.751595 53.728856 -148.227291 -0.218496 0.834854 -0.504163 0.916504 -0.360352 1 3 1.000000
3 1.378633 52.306592 -146.284605 -0.669898 0.676480 -0.304113 0.833008 -0.360352 1 3 1.000000
3 -2.196951 61.387316 -123.771171 -0.697811 0.639422 -0.321495 0.833008 -0.483398 1 3 1.000000
1fireff1_01_ne03_mesh1
3 -2.196951 61.387316 -123.771171 -0.697811 0.639422 -0.321495 0.833008 -0.483398 1 3 1.000000
3 1.378633 52.306592 -146.284605 -0.669898 0.676480 -0.304113 0.833008 -0.360352 1 3 1.000000
3 -5.907343 58.475351 -120.428791 -0.947874 0.285539 -0.140670 0.750000 -0.483398 1 3 1.000000
1fireff1_01_ne03_mesh1
3 1.378633 52.306592 -146.284605 -0.669898 0.676480 -0.304113 0.833008 -0.360352 1 3 1.000000
3 -1.353144 48.797649 -143.860603 -0.923708 0.372124 -0.087168 0.750000 -0.360352 1 3 1.000000
3 -5.907343 58.475351 -120.428791 -0.947874 0.285539 -0.140670 0.750000 -0.483398 1 3 1.000000
1fireff1_01_ne03_mesh1
3 -5.907343 58.475351 -120.428791 -0.947874 0.285539 -0.140670 0.750000 -0.483398 1 3 1.000000
3 -1.353144 48.797649 -143.860603 -0.923708 0.372124 -0.087168 0.750000 -0.360352 1 3 1.000000
3 -6.908295 54.906216 -117.849518 -0.974605 -0.201110 0.095959 0.666504 -0.483398 1 3 1.000000
1fireff1_01_ne03_mesh1
3 -1.353144 48.797649 -143.860603 -0.923708 0.372124 -0.087168 0.750000 -0.360352 1 3 1.000000
3 -2.932191 45.322307 -140.276796 -0.991843 -0.050303 0.115817 0.666504 -0.360352 1 3 1.000000
3 -6.908295 54.906216 -117.849518 -0.974605 -0.201110 0.095959 0.666504 -0.483398 1 3 1.000000
1fireff1_01_ne03_mesh1
3 -6.908295 54.906216 -117.849518 -0.974605 -0.201110 0.095959 0.666504 -0.483398 1 3 1.000000
3 -2.932191 45.322307 -140.276796 -0.991843 -0.050303 0.115817 0.666504 -0.360352 1 3 1.000000
3 -4.470194 51.641208 -117.006114 -0.693754 -0.677766 0.241615 0.583008 -0.483398 1 3 1.000000
1fireff1_01_ne03_mesh1
3 -2.932191 45.322307 -140.276796 -0.991843 -0.050303 0.115817 0.666504 -0.360352 1 3 1.000000
3 -1.376707 42.371735 -136.269145 -0.731438 -0.562160 0.384812 0.583008 -0.360352 1 3 1.000000
3 -4.470194 51.641208 -117.006114 -0.693754 -0.677766 0.241615 0.583008 -0.483398 1 3 1.000000
1fireff1_01_ne03_mesh1
3 -4.470194 51.641208 -117.006114 -0.693754 -0.677766 0.241615 0.583008 -0.483398 1 3 1.000000
3 -1.376707 42.371735 -136.269145 -0.731438 -0.562160 0.384812 0.583008 -0.360352 1 3 1.000000
3 0.315533 49.948745 -117.637257 -0.299127 -0.901552 0.311495 0.500000 -0.483398 1 3 1.000000
1fireff1_01_ne03_mesh1
3 -1.376707 42.371735 -136.269145 -0.731438 -0.562160 0.384812 0.583008 -0.360352 1 3 1.000000
3 2.900987 39.677345 -133.908948 -0.277323 -0.779078 0.562110 0.500000 -0.360352 1 3 1.000000
3 0.315533 49.948745 -117.637257 -0.299127 -0.901552 0.311495 0.500000 -0.483398 1 3 1.000000
1fireff1_01_ne03_mesh1
3 0.315533 49.948745 -117.637257 -0.299127 -0.901552 0.311495 0.500000 -0.483398 1 3 1.000000
3 2.900987 39.677345 -133.908948 -0.277323 -0.779078 0.562110 0.500000 -0.360352 1 3 1.000000
3 5.301136 49.507242 -118.567320 0.131573 -0.928860 0.345344 0.416504 -0.483398 1 3 1.000000
1fireff1_01_ne03_mesh1
3 2.900987 39.677345 -133.908948 -0.277323 -0.779078 0.562110 0.500000 -0.360352 1 3 1.000000
3 7.952001 38.382377 -133.715883 0.170625 -0.801951 0.572305 0.416504 -0.360352 1 3 1.000000
3 5.301136 49.507242 -118.567320 0.131573 -0.928860 0.345344 0.416504 -0.483398 1 3 1.000000
1fireff1_01_ne03_mesh1
3 5.301136 49.507242 -118.567320 0.131573 -0.928860 0.345344 0.416504 -0.483398 1 3 1.000000
3 7.952001 38.382377 -133.715883 0.170625 -0.801951 0.572305 0.416504 -0.360352 1 3 1.000000
3 9.813834 50.361927 -119.689654 0.594041 -0.731441 0.333571 0.333252 -0.483398 1 3 1.000000
1fireff1_01_ne03_mesh1
3 7.952001 38.382377 -133.715883 0.170625 -0.801951 0.572305 0.416504 -0.360352 1 3 1.000000
3 13.524579 39.666055 -134.659900 0.602681 -0.674167 0.426418 0.333252 -0.360352 1 3 1.000000
3 9.813834 50.361927 -119.689654 0.594041 -0.731441 0.333571 0.333252 -0.483398 1 3 1.000000
1fireff1_01_ne03_mesh1
3 9.813834 50.361927 -119.689654 0.594041 -0.731441 0.333571 0.333252 -0.483398 1 3 1.000000
3 13.524579 39.666055 -134.659900 0.602681 -0.674167 0.426418 0.333252 -0.360352 1 3 1.000000
3 13.488189 53.590728 -120.949623 0.929504 -0.297308 0.216400 0.250000 -0.483398 1 3 1.000000
1fireff1_01_ne03_mesh1
3 13.524579 39.666055 -134.659900 0.602681 -0.674167 0.426418 0.333252 -0.360352 1 3 1.000000
3 17.929989 43.442341 -136.502803 0.928799 -0.329730 0.166935 0.250000 -0.360352 1 3 1.000000
3 13.488189 53.590728 -120.949623 0.929504 -0.297308 0.216400 0.250000 -0.483398 1 3 1.000000
1fireff1_01_ne03_mesh1
3 13.488189 53.590728 -120.949623 0.929504 -0.297308 0.216400 0.250000 -0.483398 1 3 1.000000
3 17.929989 43.442341 -136.502803 0.928799 -0.329730 0.166935 0.250000 -0.360352 1 3 1.000000
3 15.098064 59.245118 -121.270099 0.968789 0.244073 -0.033360 0.166626 -0.483398 1 3 1.000000
1fireff1_01_ne03_mesh1
3 17.929989 43.442341 -136.502803 0.928799 -0.329730 0.166935 0.250000 -0.360352 1 3 1.000000
3 18.109967 47.801463 -140.010630 0.969268 0.153475 -0.190786 0.166626 -0.360352 1 3 1.000000
3 15.098064 59.245118 -121.270099 0.968789 0.244073 -0.033360 0.166626 -0.483398 1 3 1.000000
1fireff1_01_ne03_mesh1
3 15.098064 59.245118 -121.270099 0.968789 0.244073 -0.033360 0.166626 -0.483398 1 3 1.000000
3 18.109967 47.801463 -140.010630 0.969268 0.153475 -0.190786 0.166626 -0.360352 1 3 1.000000
3 13.752908 63.375671 -122.610102 0.718080 0.659795 -0.219655 0.083313 -0.483398 1 3 1.000000
1fireff1_01_ne03_mesh1
3 18.109967 47.801463 -140.010630 0.969268 0.153475 -0.190786 0.166626 -0.360352 1 3 1.000000
3 14.310462 50.704448 -145.150256 0.697032 0.527341 -0.484712 0.083313 -0.360352 1 3 1.000000
3 13.752908 63.375671 -122.610102 0.718080 0.659795 -0.219655 0.083313 -0.483398 1 3 1.000000
1fireff1_01_ne03_mesh1
3 13.752908 63.375671 -122.610102 0.718080 0.659795 -0.219655 0.083313 -0.483398 1 3 1.000000
3 14.310462 50.704448 -145.150256 0.697032 0.527341 -0.484712 0.083313 -0.360352 1 3 1.000000
3 9.343513 64.606295 -125.070087 0.270892 0.884451 -0.379012 0.000000 -0.483398 1 3 1.000000
1fireff1_01_ne03_mesh1
3 14.310462 50.704448 -145.150256 0.697032 0.527341 -0.484712 0.083313 -0.360352 1 3 1.000000
3 9.241865 52.607686 -148.618820 0.286480 0.749073 -0.596471 0.000000 -0.360352 1 3 1.000000
3 9.343513 64.606295 -125.070087 0.270892 0.884451 -0.379012 0.000000 -0.483398 1 3 1.000000
1fireff1_01_ne03_mesh1
3 9.241865 52.607686 -148.618820 0.286480 0.749073 -0.596471 1.000000 -0.360352 1 3 1.000000
3 -0.306551 37.600961 -165.812945 0.028719 0.590958 -0.805649 1.000000 -0.237305 1 3 1.000000
3 4.751595 53.728856 -148.227291 -0.218496 0.834854 -0.504163 0.916504 -0.360352 1 3 1.000000
1fireff1_01_ne03_mesh1
3 -0.306551 37.600961 -165.812945 0.028719 0.590958 -0.805649 1.000000 -0.237305 1 3 1.000000
3 -4.941881 38.654830 -163.852796 -0.450983 0.617766 -0.643713 0.916504 -0.237305 1 3 1.000000
3 4.751595 53.728856 -148.227291 -0.218496 0.834854 -0.504163 0.916504 -0.360352 1 3 1.000000
1fireff1_01_ne03_mesh1
3 4.751595 53.728856 -148.227291 -0.218496 0.834854 -0.504163 0.916504 -0.360352 1 3 1.000000
3 -4.941881 38.654830 -163.852796 -0.450983 0.617766 -0.643713 0.916504 -0.237305 1 3 1.000000
3 1.378633 52.306592 -146.284605 -0.669898 0.676480 -0.304113 0.833008 -0.360352 1 3 1.000000
1fireff1_01_ne03_mesh1
3 -4.941881 38.654830 -163.852796 -0.450983 0.617766 -0.643713 0.916504 -0.237305 1 3 1.000000
3 -7.908722 38.054977 -160.447974 -0.804698 0.519605 -0.286530 0.833008 -0.237305 1 3 1.000000
3 1.378633 52.306592 -146.284605 -0.669898 0.676480 -0.304113 0.833008 -0.360352 1 3 1.000000
1fireff1_01_ne03_mesh1
3 1.378633 52.306592 -146.284605 -0.669898 0.676480 -0.304113 0.833008 -0.360352 1 3 1.000000
3 -7.908722 38.054977 -160.447974 -0.804698 0.519605 -0.286530 0.833008 -0.237305 1 3 1.000000
3 -1.353144 48.797649 -143.860603 -0.923708 0.372124 -0.087168 0.750000 -0.360352 1 3 1.000000
1fireff1_01_ne03_mesh1
3 -7.908722 38.054977 -160.447974 -0.804698 0.519605 -0.286530 0.833008 -0.237305 1 3 1.000000
3 -8.689820 34.536286 -157.186263 -0.952497 0.291425 0.087074 0.750000 -0.237305 1 3 1.000000
3 -1.353144 48.797649 -143.860603 -0.923708 0.372124 -0.087168 0.750000 -0.360352 1 3 1.000000
1fireff1_01_ne03_mesh1
3 -1.353144 48.797649 -143.860603 -0.923708 0.372124 -0.087168 0.750000 -0.360352 1 3 1.000000
3 -8.689820 34.536286 -157.186263 -0.952497 0.291425 0.087074 0.750000 -0.237305 1 3 1.000000
3 -2.932191 45.322307 -140.276796 -0.991843 -0.050303 0.115817 0.666504 -0.360352 1 3 1.000000
1fireff1_01_ne03_mesh1
3 -8.689820 34.536286 -157.186263 -0.952497 0.291425 0.087074 0.750000 -0.237305 1 3 1.000000
3 -7.105912 30.593399 -153.331513 -0.886448 0.038031 0.460541 0.666504 -0.237305 1 3 1.000000
3 -2.932191 45.322307 -140.276796 -0.991843 -0.050303 0.115817 0.666504 -0.360352 1 3 1.000000
1fireff1_01_ne03_mesh1
3 -2.932191 45.322307 -140.276796 -0.991843 -0.050303 0.115817 0.666504 -0.360352 1 3 1.000000
3 -7.105912 30.593399 -153.331513 -0.886448 0.038031 0.460541 0.666504 -0.237305 1 3 1.000000
3 -1.376707 42.371735 -136.269145 -0.731438 -0.562160 0.384812 0.583008 -0.360352 1 3 1.000000
1fireff1_01_ne03_mesh1
3 -7.105912 30.593399 -153.331513 -0.886448 0.038031 0.460541 0.666504 -0.237305 1 3 1.000000
3 -3.376912 28.273134 -149.403981 -0.596470 -0.326694 0.732540 0.583008 -0.237305 1 3 1.000000
3 -1.376707 42.371735 -136.269145 -0.731438 -0.562160 0.384812 0.583008 -0.360352 1 3 1.000000
1fireff1_01_ne03_mesh1
3 -1.376707 42.371735 -136.269145 -0.731438 -0.562160 0.384812 0.583008 -0.360352 1 3 1.000000
3 -3.376912 28.273134 -149.403981 -0.596470 -0.326694 0.732540 0.583008 -0.237305 1 3 1.000000
3 2.900987 39.677345 -133.908948 -0.277323 -0.779078 0.562110 0.500000 -0.360352 1 3 1.000000
1fireff1_01_ne03_mesh1
3 -3.376912 28.273134 -149.403981 -0.596470 -0.326694 0.732540 0.583008 -0.237305 1 3 1.000000
3 1.640204 27.244294 -147.761477 -0.091612 -0.627878 0.772578 0.500000 -0.237305 1 3 1.000000
3 2.900987 39.677345 -133.908948 -0.277323 -0.779078 0.562110 0.500000 -0.360352 1 3 1.000000
1fireff1_01_ne03_mesh1
3 2.900987 39.677345 -133.908948 -0.277323 -0.779078 0.562110 0.500000 -0.360352 1 3 1.000000
3 1.640204 27.244294 -147.761477 -0.091612 -0.627878 0.772578 0.500000 -0.237305 1 3 1.000000
3 7.952001 38.382377 -133.715883 0.170625 -0.801951 0.572305 0.416504 -0.360352 1 3 1.000000
1fireff1_01_ne03_mesh1
3 1.640204 27.244294 -147.761477 -0.091612 -0.627878 0.772578 0.500000 -0.237305 1 3 1.000000
3 6.728430 27.539628 -148.852010 0.400470 -0.701172 0.589577 0.416504 -0.237305 1 3 1.000000
3 7.952001 38.382377 -133.715883 0.170625 -0.801951 0.572305 0.416504 -0.360352 1 3 1.000000
1fireff1_01_ne03_mesh1
3 7.952001 38.382377 -133.715883 0.170625 -0.801951 0.572305 0.416504 -0.360352 1 3 1.000000
3 6.728430 27.539628 -148.852010 0.400470 -0.701172 0.589577 0.416504 -0.237305 1 3 1.000000
3 13.524579 39.666055 -134.659900 0.602681 -0.674167 0.426418 0.333252 -0.360352 1 3 1.000000
1fireff1_01_ne03_mesh1
3 6.728430 27.539628 -148.852010 0.400470 -0.701172 0.589577 0.416504 -0.237305 1 3 1.000000
3 10.493391 29.726902 -151.272817 0.775725 -0.575838 0.256383 0.333252 -0.237305 1 3 1.000000
3 13.524579 39.666055 -134.659900 0.602681 -0.674167 0.426418 0.333252 -0.360352 1 3 1.000000
1fireff1_01_ne03_mesh1
3 13.524579 39.666055 -134.659900 0.602681 -0.674167 0.426418 0.333252 -0.360352 1 3 1.000000
3 10.493391 29.726902 -151.272817 0.775725 -0.575838 0.256383 0.333252 -0.237305 1 3 1.000000
3 17.929989 43.442341 -136.502803 0.928799 -0.329730 0.166935 0.250000 -0.360352 1 3 1.000000
1fireff1_01_ne03_mesh1
3 10.493391 29.726902 -151.272817 0.775725 -0.575838 0.256383 0.333252 -0.237305 1 3 1.000000
3 11.540318 33.150918 -154.709107 0.956314 -0.252276 -0.144559 0.250000 -0.237305 1 3 1.000000
3 17.929989 43.442341 -136.502803 0.928799 -0.329730 0.166935 0.250000 -0.360352 1 3 1.000000
1fireff1_01_ne03_mesh1
3 17.929989 43.442341 -136.502803 0.928799 -0.329730 0.166935 0.250000 -0.360352 1 3 1.000000
3 11.540318 33.150918 -154.709107 0.956314 -0.252276 -0.144559 0.250000 -0.237305 1 3 1.000000
3 18.109967 47.801463 -140.010630 0.969268 0.153475 -0.190786 0.166626 -0.360352 1 3 1.000000
1fireff1_01_ne03_mesh1
3 11.540318 33.150918 -154.709107 0.956314 -0.252276 -0.144559 0.250000 -0.237305 1 3 1.000000
3 9.396295 35.954594 -159.460656 0.877287 0.127693 -0.461358 0.166626 -0.237305 1 3 1.000000
3 18.109967 47.801463 -140.010630 0.969268 0.153475 -0.190786 0.166626 -0.360352 1 3 1.000000
1fireff1_01_ne03_mesh1
3 18.109967 47.801463 -140.010630 0.969268 0.153475 -0.190786 0.166626 -0.360352 1 3 1.000000
3 9.396295 35.954594 -159.460656 0.877287 0.127693 -0.461358 0.166626 -0.237305 1 3 1.000000
3 14.310462 50.704448 -145.150256 0.697032 0.527341 -0.484712 0.083313 -0.360352 1 3 1.000000
1fireff1_01_ne03_mesh1
3 9.396295 35.954594 -159.460656 0.877287 0.127693 -0.461358 0.166626 -0.237305 1 3 1.000000
3 4.948562 37.020293 -164.083199 0.575871 0.427634 -0.696469 0.083313 -0.237305 1 3 1.000000
3 14.310462 50.704448 -145.150256 0.697032 0.527341 -0.484712 0.083313 -0.360352 1 3 1.000000
1fireff1_01_ne03_mesh1
3 14.310462 50.704448 -145.150256 0.697032 0.527341 -0.484712 0.083313 -0.360352 1 3 1.000000
3 4.948562 37.020293 -164.083199 0.575871 0.427634 -0.696469 0.083313 -0.237305 1 3 1.000000
3 9.241865 52.607686 -148.618820 0.286480 0.749073 -0.596471 0.000000 -0.360352 1 3 1.000000
1fireff1_01_ne03_mesh1
3 4.948562 37.020293 -164.083199 0.575871 0.427634 -0.696469 0.083313 -0.237305 1 3 1.000000
3 -0.306551 37.600961 -165.812945 0.028719 0.590958 -0.805649 0.000000 -0.237305 1 3 1.000000
3 9.241865 52.607686 -148.618820 0.286480 0.749073 -0.596471 0.000000 -0.360352 1 3 1.000000
1fireff1_01_ne03_mesh1
3 -0.306551 37.600961 -165.812945 0.028719 0.590958 -0.805649 1.000000 -0.237305 1 3 1.000000
3 -2.483476 17.800780 -177.511681 -0.036088 0.405796 -0.912952 1.000000 -0.114258 1 3 1.000000
3 -4.941881 38.654830 -163.852796 -0.450983 0.617766 -0.643713 0.916504 -0.237305 1 3 1.000000
1fireff1_01_ne03_mesh1
3 -2.483476 17.800780 -177.511681 -0.036088 0.405796 -0.912952 1.000000 -0.114258 1 3 1.000000
3 -7.916132 17.351291 -173.977715 -0.528873 0.411165 -0.741793 0.916504 -0.114258 1 3 1.000000
3 -4.941881 38.654830 -163.852796 -0.450983 0.617766 -0.643713 0.916504 -0.237305 1 3 1.000000
1fireff1_01_ne03_mesh1
3 -4.941881 38.654830 -163.852796 -0.450983 0.617766 -0.643713 0.916504 -0.237305 1 3 1.000000
3 -7.916132 17.351291 -173.977715 -0.528873 0.411165 -0.741793 0.916504 -0.114258 1 3 1.000000
3 -7.908722 38.054977 -160.447974 -0.804698 0.519605 -0.286530 0.833008 -0.237305 1 3 1.000000
1fireff1_01_ne03_mesh1
3 -7.916132 17.351291 -173.977715 -0.528873 0.411165 -0.741793 0.916504 -0.114258 1 3 1.000000
3 -12.411101 16.239461 -169.148135 -0.870810 0.271890 -0.408411 0.833008 -0.114258 1 3 1.000000
3 -7.908722 38.054977 -160.447974 -0.804698 0.519605 -0.286530 0.833008 -0.237305 1 3 1.000000
1fireff1_01_ne03_mesh1
3 -7.908722 38.054977 -160.447974 -0.804698 0.519605 -0.286530 0.833008 -0.237305 1 3 1.000000
3 -12.411101 16.239461 -169.148135 -0.870810 0.271890 -0.408411 0.833008 -0.114258 1 3 1.000000
3 -8.689820 34.536286 -157.186263 -0.952497 0.291425 0.087074 0.750000 -0.237305 1 3 1.000000
1fireff1_01_ne03_mesh1
3 -12.411101 16.239461 -169.148135 -0.870810 0.271890 -0.408411 0.833008 -0.114258 1 3 1.000000
3 -14.648057 14.173597 -164.510931 -0.998401 0.010587 0.047117 0.750000 -0.114258 1 3 1.000000
3 -8.689820 34.536286 -157.186263 -0.952497 0.291425 0.087074 0.750000 -0.237305 1 3 1.000000
1fireff1_01_ne03_mesh1
3 -8.689820 34.536286 -157.186263 -0.952497 0.291425 0.087074 0.750000 -0.237305 1 3 1.000000
3 -14.648057 14.173597 -164.510931 -0.998401 0.010587 0.047117 0.750000 -0.114258 1 3 1.000000
3 -7.105912 30.593399 -153.331513 -0.886448 0.038031 0.460541 0.666504 -0.237305 1 3 1.000000
1fireff1_01_ne03_mesh1
3 -14.648057 14.173597 -164.510931 -0.998401 0.010587 0.047117 0.750000 -0.114258 1 3 1.000000
3 -13.356175 12.358437 -159.616561 -0.856101 -0.213543 0.469756 0.666504 -0.114258 1 3 1.000000
3 -7.105912 30.593399 -153.331513 -0.886448 0.038031 0.460541 0.666504 -0.237305 1 3 1.000000
1fireff1_01_ne03_mesh1
3 -7.105912 30.593399 -153.331513 -0.886448 0.038031 0.460541 0.666504 -0.237305 1 3 1.000000
3 -13.356175 12.358437 -159.616561 -0.856101 -0.213543 0.469756 0.666504 -0.114258 1 3 1.000000
3 -3.376912 28.273134 -149.403981 -0.596470 -0.326694 0.732540 0.583008 -0.237305 1 3 1.000000
1fireff1_01_ne03_mesh1
3 -13.356175 12.358437 -159.616561 -0.856101 -0.213543 0.469756 0.666504 -0.114258 1 3 1.000000
3 -8.848346 11.797262 -156.235222 -0.485671 -0.368294 0.792298 0.583008 -0.114258 1 3 1.000000
3 -3.376912 28.273134 -149.403981 -0.596470 -0.326694 0.732540 0.583008 -0.237305 1 3 1.000000
1fireff1_01_ne03_mesh1
3 -3.376912 28.273134 -149.403981 -0.596470 -0.326694 0.732540 0.583008 -0.237305 1 3 1.000000
3 -8.848346 11.797262 -156.235222 -0.485671 -0.368294 0.792298 0.583008 -0.114258 1 3 1.000000
3 1.640204 27.244294 -147.761477 -0.091612 -0.627878 0.772578 0.500000 -0.237305 1 3 1.000000
1fireff1_01_ne03_mesh1
3 -8.848346 11.797262 -156.235222 -0.485671 -0.368294 0.792298 0.583008 -0.114258 1 3 1.000000
3 -3.303389 11.852917 -156.315357 0.043585 -0.483803 0.873980 0.500000 -0.114258 1 3 1.000000
3 1.640204 27.244294 -147.761477 -0.091612 -0.627878 0.772578 0.500000 -0.237305 1 3 1.000000
1fireff1_01_ne03_mesh1
3 1.640204 27.244294 -147.761477 -0.091612 -0.627878 0.772578 0.500000 -0.237305 1 3 1.000000
3 -3.303389 11.852917 -156.315357 0.043585 -0.483803 0.873980 0.500000 -0.114258 1 3 1.000000
3 6.728430 27.539628 -148.852010 0.400470 -0.701172 0.589577 0.416504 -0.237305 1 3 1.000000
1fireff1_01_ne03_mesh1
3 -3.303389 11.852917 -156.315357 0.043585 -0.483803 0.873980 0.500000 -0.114258 1 3 1.000000
3 1.530667 12.210865 -159.041017 0.512414 -0.450706 0.730369 0.416504 -0.114258 1 3 1.000000
3 6.728430 27.539628 -148.852010 0.400470 -0.701172 0.589577 0.416504 -0.237305 1 3 1.000000
1fireff1_01_ne03_mesh1
3 6.728430 27.539628 -148.852010 0.400470 -0.701172 0.589577 0.416504 -0.237305 1 3 1.000000
3 1.530667 12.210865 -159.041017 0.512414 -0.450706 0.730369 0.416504 -0.114258 1 3 1.000000
3 10.493391 29.726902 -151.272817 0.775725 -0.575838 0.256383 0.333252 -0.237305 1 3 1.000000
1fireff1_01_ne03_mesh1
3 1.530667 12.210865 -159.041017 0.512414 -0.450706 0.730369 0.416504 -0.114258 1 3 1.000000
3 4.759556 13.656683 -162.464318 0.856961 -0.306799 0.413447 0.333252 -0.114258 1 3 1.000000
3 10.493391 29.726902 -151.272817 0.775725 -0.575838 0.256383 0.333252 -0.237305 1 3 1.000000
1fireff1_01_ne03_mesh1
3 10.493391 29.726902 -151.272817 0.775725 -0.575838 0.256383 0.333252 -0.237305 1 3 1.000000
3 4.759556 13.656683 -162.464318 0.856961 -0.306799 0.413447 0.333252 -0.114258 1 3 1.000000
3 11.540318 33.150918 -154.709107 0.956314 -0.252276 -0.144559 0.250000 -0.237305 1 3 1.000000
1fireff1_01_ne03_mesh1
3 4.759556 13.656683 -162.464318 0.856961 -0.306799 0.413447 0.333252 -0.114258 1 3 1.000000
3 6.404936 16.237703 -166.183667 0.994680 -0.097737 -0.023577 0.250000 -0.114258 1 3 1.000000
3 11.540318 33.150918 -154.709107 0.956314 -0.252276 -0.144559 0.250000 -0.237305 1 3 1.000000
1fireff1_01_ne03_mesh1
3 11.540318 33.150918 -154.709107 0.956314 -0.252276 -0.144559 0.250000 -0.237305 1 3 1.000000
3 6.404936 16.237703 -166.183667 0.994680 -0.097737 -0.023577 0.250000 -0.114258 1 3 1.000000
3 9.396295 35.954594 -159.460656 0.877287 0.127693 -0.461358 0.166626 -0.237305 1 3 1.000000
1fireff1_01_ne03_mesh1
3 6.404936 16.237703 -166.183667 0.994680 -0.097737 -0.023577 0.250000 -0.114258 1 3 1.000000
3 5.918004 18.432307 -171.026615 0.886434 0.147104 -0.438505 0.166626 -0.114258 1 3 1.000000
3 9.396295 35.954594 -159.460656 0.877287 0.127693 -0.461358 0.166626 -0.237305 1 3 1.000000
1fireff1_01_ne03_mesh1
3 9.396295 35.954594 -159.460656 0.877287 0.127693 -0.461358 0.166626 -0.237305 1 3 1.000000
3 5.918004 18.432307 -171.026615 0.886434 0.147104 -0.438505 0.166626 -0.114258 1 3 1.000000
3 4.948562 37.020293 -164.083199 0.575871 0.427634 -0.696469 0.083313 -0.237305 1 3 1.000000
1fireff1_01_ne03_mesh1
3 5.918004 18.432307 -171.026615 0.886434 0.147104 -0.438505 0.166626 -0.114258 1 3 1.000000
3 2.661702 18.598451 -176.099833 0.508267 0.333604 -0.793361 0.083313 -0.114258 1 3 1.000000
3 4.948562 37.020293 -164.083199 0.575871 0.427634 -0.696469 0.083313 -0.237305 1 3 1.000000
1fireff1_01_ne03_mesh1
3 4.948562 37.020293 -164.083199 0.575871 0.427634 -0.696469 0.083313 -0.237305 1 3 1.000000
3 2.661702 18.598451 -176.099833 0.508267 0.333604 -0.793361 0.083313 -0.114258 1 3 1.000000
3 -0.306551 37.600961 -165.812945 0.028719 0.590958 -0.805649 0.000000 -0.237305 1 3 1.000000
1fireff1_01_ne03_mesh1
3 2.661702 18.598451 -176.099833 0.508267 0.333604 -0.793361 0.083313 -0.114258 1 3 1.000000
3 -2.483476 17.800780 -177.511681 -0.036088 0.405796 -0.912952 0.000000 -0.114258 1 3 1.000000
3 -0.306551 37.600961 -165.812945 0.028719 0.590958 -0.805649 0.000000 -0.237305 1 3 1.000000
1fireff1_01_ne03_mesh1
3 -2.483476 17.800780 -177.511681 -0.036088 0.405796 -0.912952 1.000000 -0.114258 1 3 1.000000
3 -3.036788 -2.594594 -183.754901 0.060684 0.034160 -0.997347 1.000000 0.009277 1 3 1.000000
3 -7.916132 17.351291 -173.977715 -0.528873 0.411165 -0.741793 0.916504 -0.114258 1 3 1.000000
1fireff1_01_ne03_mesh1
3 -3.036788 -2.594594 -183.754901 0.060684 0.034160 -0.997347 1.000000 0.009277 1 3 1.000000
3 -7.754047 -2.022996 -184.227898 -0.367625 0.137006 -0.919455 0.916504 0.009277 1 3 1.000000
3 -7.916132 17.351291 -173.977715 -0.528873 0.411165 -0.741793 0.916504 -0.114258 1 3 1.000000
1fireff1_01_ne03_mesh1
3 -7.916132 17.351291 -173.977715 -0.528873 0.411165 -0.741793 0.916504 -0.114258 1 3 1.000000
3 -7.754047 -2.022996 -184.227898 -0.367625 0.137006 -0.919455 0.916504 0.009277 1 3 1.000000
3 -12.411101 16.239461 -169.148135 -0.870810 0.271890 -0.408411 0.833008 -0.114258 1 3 1.000000
1fireff1_01_ne03_mesh1
3 -7.754047 -2.022996 -184.227898 -0.367625 0.137006 -0.919455 0.916504 0.009277 1 3 1.000000
3 -10.458991 -0.569615 -181.877540 -0.786697 0.289906 -0.544577 0.833008 0.009277 1 3 1.000000
3 -12.411101 16.239461 -169.148135 -0.870810 0.271890 -0.408411 0.833008 -0.114258 1 3 1.000000
1fireff1_01_ne03_mesh1
3 -12.411101 16.239461 -169.148135 -0.870810 0.271890 -0.408411 0.833008 -0.114258 1 3 1.000000
3 -10.458991 -0.569615 -181.877540 -0.786697 0.289906 -0.544577 0.833008 0.009277 1 3 1.000000
3 -14.648057 14.173597 -164.510931 -0.998401 0.010587 0.047117 0.750000 -0.114258 1 3 1.000000
1fireff1_01_ne03_mesh1
3 -10.458991 -0.569615 -181.877540 -0.786697 0.289906 -0.544577 0.833008 0.009277 1 3 1.000000
3 -11.172896 0.658277 -176.377069 -0.988207 0.148017 -0.030714 0.750000 0.009277 1 3 1.000000
3 -14.648057 14.173597 -164.510931 -0.998401 0.010587 0.047117 0.750000 -0.114258 1 3 1.000000
1fireff1_01_ne03_mesh1
3 -14.648057 14.173597 -164.510931 -0.998401 0.010587 0.047117 0.750000 -0.114258 1 3 1.000000
3 -11.172896 0.658277 -176.377069 -0.988207 0.148017 -0.030714 0.750000 0.009277 1 3 1.000000
3 -13.356175 12.358437 -159.616561 -0.856101 -0.213543 0.469756 0.666504 -0.114258 1 3 1.000000
1fireff1_01_ne03_mesh1
3 -11.172896 0.658277 -176.377069 -0.988207 0.148017 -0.030714 0.750000 0.009277 1 3 1.000000
3 -10.282714 0.251355 -170.210263 -0.914668 -0.078178 0.395967 0.666504 0.009277 1 3 1.000000
3 -13.356175 12.358437 -159.616561 -0.856101 -0.213543 0.469756 0.666504 -0.114258 1 3 1.000000
1fireff1_01_ne03_mesh1
3 -13.356175 12.358437 -159.616561 -0.856101 -0.213543 0.469756 0.666504 -0.114258 1 3 1.000000
3 -10.282714 0.251355 -170.210263 -0.914668 -0.078178 0.395967 0.666504 0.009277 1 3 1.000000
3 -8.848346 11.797262 -156.235222 -0.485671 -0.368294 0.792298 0.583008 -0.114258 1 3 1.000000
1fireff1_01_ne03_mesh1
3 -10.282714 0.251355 -170.210263 -0.914668 -0.078178 0.395967 0.666504 0.009277 1 3 1.000000
3 -7.493162 -1.274404 -165.793969 -0.559141 -0.189128 0.806858 0.583008 0.009277 1 3 1.000000
3 -8.848346 11.797262 -156.235222 -0.485671 -0.368294 0.792298 0.583008 -0.114258 1 3 1.000000
1fireff1_01_ne03_mesh1
3 -8.848346 11.797262 -156.235222 -0.485671 -0.368294 0.792298 0.583008 -0.114258 1 3 1.000000
3 -7.493162 -1.274404 -165.793969 -0.559141 -0.189128 0.806858 0.583008 0.009277 1 3 1.000000
3 -3.303389 11.852917 -156.315357 0.043585 -0.483803 0.873980 0.500000 -0.114258 1 3 1.000000
1fireff1_01_ne03_mesh1
3 -7.493162 -1.274404 -165.793969 -0.559141 -0.189128 0.806858 0.583008 0.009277 1 3 1.000000
3 -3.007312 -2.920250 -164.320190 0.057499 -0.213173 0.975058 0.500000 0.009277 1 3 1.000000
3 -3.303389 11.852917 -156.315357 0.043585 -0.483803 0.873980 0.500000 -0.114258 1 3 1.000000
1fireff1_01_ne03_mesh1
3 -3.303389 11.852917 -156.315357 0.043585 -0.483803 0.873980 0.500000 -0.114258 1 3 1.000000
3 -3.007312 -2.920250 -164.320190 0.057499 -0.213173 0.975058 0.500000 0.009277 1 3 1.000000
3 1.530667 12.210865 -159.041017 0.512414 -0.450706 0.730369 0.416504 -0.114258 1 3 1.000000
1fireff1_01_ne03_mesh1
3 -3.007312 -2.920250 -164.320190 0.057499 -0.213173 0.975058 0.500000 0.009277 1 3 1.000000
3 1.925500 -4.886806 -165.555689 0.512820 -0.177518 0.839210 0.416504 0.009277 1 3 1.000000
3 1.530667 12.210865 -159.041017 0.512414 -0.450706 0.730369 0.416504 -0.114258 1 3 1.000000
1fireff1_01_ne03_mesh1
3 1.530667 12.210865 -159.041017 0.512414 -0.450706 0.730369 0.416504 -0.114258 1 3 1.000000
3 1.925500 -4.886806 -165.555689 0.512820 -0.177518 0.839210 0.416504 0.009277 1 3 1.000000
3 4.759556 13.656683 -162.464318 0.856961 -0.306799 0.413447 0.333252 -0.114258 1 3 1.000000
1fireff1_01_ne03_mesh1
3 1.925500 -4.886806 -165.555689 0.512820 -0.177518 0.839210 0.416504 0.009277 1 3 1.000000
3 5.931158 -6.423579 -169.457080 0.839333 -0.159726 0.518679 0.333252 0.009277 1 3 1.000000
3 4.759556 13.656683 -162.464318 0.856961 -0.306799 0.413447 0.333252 -0.114258 1 3 1.000000
1fireff1_01_ne03_mesh1
3 4.759556 13.656683 -162.464318 0.856961 -0.306799 0.413447 0.333252 -0.114258 1 3 1.000000
3 5.931158 -6.423579 -169.457080 0.839333 -0.159726 0.518679 0.333252 0.009277 1 3 1.000000
3 6.404936 16.237703 -166.183667 0.994680 -0.097737 -0.023577 0.250000 -0.114258 1 3 1.000000
1fireff1_01_ne03_mesh1
3 5.931158 -6.423579 -169.457080 0.839333 -0.159726 0.518679 0.333252 0.009277 1 3 1.000000
3 7.796031 -6.014706 -174.721214 0.979880 -0.182937 -0.076742 0.250000 0.009277 1 3 1.000000
3 6.404936 16.237703 -166.183667 0.994680 -0.097737 -0.023577 0.250000 -0.114258 1 3 1.000000
1fireff1_01_ne03_mesh1
3 6.404936 16.237703 -166.183667 0.994680 -0.097737 -0.023577 0.250000 -0.114258 1 3 1.000000
3 7.796031 -6.014706 -174.721214 0.979880 -0.182937 -0.076742 0.250000 0.009277 1 3 1.000000
3 5.918004 18.432307 -171.026615 0.886434 0.147104 -0.438505 0.166626 -0.114258 1 3 1.000000
1fireff1_01_ne03_mesh1
3 7.796031 -6.014706 -174.721214 0.979880 -0.182937 -0.076742 0.250000 0.009277 1 3 1.000000
3 6.688111 -3.331878 -178.621767 0.831856 -0.056465 -0.551256 0.166626 0.009277 1 3 1.000000
3 5.918004 18.432307 -171.026615 0.886434 0.147104 -0.438505 0.166626 -0.114258 1 3 1.000000
1fireff1_01_ne03_mesh1
3 5.918004 18.432307 -171.026615 0.886434 0.147104 -0.438505 0.166626 -0.114258 1 3 1.000000
3 6.688111 -3.331878 -178.621767 0.831856 -0.056465 -0.551256 0.166626 0.009277 1 3 1.000000
3 2.661702 18.598451 -176.099833 0.508267 0.333604 -0.793361 0.083313 -0.114258 1 3 1.000000
1fireff1_01_ne03_mesh1
3 6.688111 -3.331878 -178.621767 0.831856 -0.056465 -0.551256 0.166626 0.009277 1 3 1.000000
3 2.518851 -2.053902 -181.573408 0.472299 0.014443 -0.881111 0.083313 0.009277 1 3 1.000000
3 2.661702 18.598451 -176.099833 0.508267 0.333604 -0.793361 0.083313 -0.114258 1 3 1.000000
1fireff1_01_ne03_mesh1
3 2.661702 18.598451 -176.099833 0.508267 0.333604 -0.793361 0.083313 -0.114258 1 3 1.000000
3 2.518851 -2.053902 -181.573408 0.472299 0.014443 -0.881111 0.083313 0.009277 1 3 1.000000
3 -2.483476 17.800780 -177.511681 -0.036088 0.405796 -0.912952 0.000000 -0.114258 1 3 1.000000
1fireff1_01_ne03_mesh1
3 2.518851 -2.053902 -181.573408 0.472299 0.014443 -0.881111 0.083313 0.009277 1 3 1.000000
3 -3.036788 -2.594594 -183.754901 0.060684 0.034160 -0.997347 0.000000 0.009277 1 3 1.000000
3 -2.483476 17.800780 -177.511681 -0.036088 0.405796 -0.912952 0.000000 -0.114258 1 3 1.000000
1fireff1_01_ne03_mesh1
3 -3.036788 -2.594594 -183.754901 0.060684 0.034160 -0.997347 1.000000 0.009277 1 3 1.000000
3 -13.507749 -26.378433 -179.140059 -0.032434 -0.136049 -0.989901 1.000000 0.132324 1 3 1.000000
3 -7.754047 -2.022996 -184.227898 -0.367625 0.137006 -0.919455 0.916504 0.009277 1 3 1.000000
1fireff1_01_ne03_mesh1
3 -13.507749 -26.378433 -179.140059 -0.032434 -0.136049 -0.989901 1.000000 0.132324 1 3 1.000000
3 -17.999349 -23.769635 -178.977920 -0.466498 -0.078641 -0.880802 0.916504 0.132324 1 3 1.000000
3 -7.754047 -2.022996 -184.227898 -0.367625 0.137006 -0.919455 0.916504 0.009277 1 3 1.000000
1fireff1_01_ne03_mesh1
3 -7.754047 -2.022996 -184.227898 -0.367625 0.137006 -0.919455 0.916504 0.009277 1 3 1.000000
3 -17.999349 -23.769635 -178.977920 -0.466498 -0.078641 -0.880802 0.916504 0.132324 1 3 1.000000
3 -10.458991 -0.569615 -181.877540 -0.786697 0.289906 -0.544577 0.833008 0.009277 1 3 1.000000
1fireff1_01_ne03_mesh1
3 -17.999349 -23.769635 -178.977920 -0.466498 -0.078641 -0.880802 0.916504 0.132324 1 3 1.000000
3 -20.557443 -21.882032 -176.574120 -0.902806 0.125119 -0.410314 0.833008 0.132324 1 3 1.000000
3 -10.458991 -0.569615 -181.877540 -0.786697 0.289906 -0.544577 0.833008 0.009277 1 3 1.000000
1fireff1_01_ne03_mesh1
3 -10.458991 -0.569615 -181.877540 -0.786697 0.289906 -0.544577 0.833008 0.009277 1 3 1.000000
3 -20.557443 -21.882032 -176.574120 -0.902806 0.125119 -0.410314 0.833008 0.132324 1 3 1.000000
3 -11.172896 0.658277 -176.377069 -0.988207 0.148017 -0.030714 0.750000 0.009277 1 3 1.000000
1fireff1_01_ne03_mesh1
3 -20.557443 -21.882032 -176.574120 -0.902806 0.125119 -0.410314 0.833008 0.132324 1 3 1.000000
3 -20.366050 -21.937795 -172.388746 -0.971451 0.205651 0.117188 0.750000 0.132324 1 3 1.000000
3 -11.172896 0.658277 -176.377069 -0.988207 0.148017 -0.030714 0.750000 0.009277 1 3 1.000000
1fireff1_01_ne03_mesh1
3 -11.172896 0.658277 -176.377069 -0.988207 0.148017 -0.030714 0.750000 0.009277 1 3 1.000000
3 -20.366050 -21.937795 -172.388746 -0.971451 0.205651 0.117188 0.750000 0.132324 1 3 1.000000
3 -10.282714 0.251355 -170.210263 -0.914668 -0.078178 0.395967 0.666504 0.009277 1 3 1.000000
1fireff1_01_ne03_mesh1
3 -20.366050 -21.937795 -172.388746 -0.971451 0.205651 0.117188 0.750000 0.132324 1 3 1.000000
3 -16.868193 -22.784533 -167.806015 -0.875511 0.258552 0.407700 0.666504 0.132324 1 3 1.000000
3 -10.282714 0.251355 -170.210263 -0.914668 -0.078178 0.395967 0.666504 0.009277 1 3 1.000000
1fireff1_01_ne03_mesh1
3 -10.282714 0.251355 -170.210263 -0.914668 -0.078178 0.395967 0.666504 0.009277 1 3 1.000000
3 -16.868193 -22.784533 -167.806015 -0.875511 0.258552 0.407700 0.666504 0.132324 1 3 1.000000
3 -7.493162 -1.274404 -165.793969 -0.559141 -0.189128 0.806858 0.583008 0.009277 1 3 1.000000
1fireff1_01_ne03_mesh1
3 -16.868193 -22.784533 -167.806015 -0.875511 0.258552 0.407700 0.666504 0.132324 1 3 1.000000
3 -14.121009 -23.210123 -163.690147 -0.600474 0.281549 0.747969 0.583008 0.132324 1 3 1.000000
3 -7.493162 -1.274404 -165.793969 -0.559141 -0.189128 0.806858 0.583008 0.009277 1 3 1.000000
1fireff1_01_ne03_mesh1
3 -7.493162 -1.274404 -165.793969 -0.559141 -0.189128 0.806858 0.583008 0.009277 1 3 1.000000
3 -14.121009 -23.210123 -163.690147 -0.600474 0.281549 0.747969 0.583008 0.132324 1 3 1.000000
3 -3.007312 -2.920250 -164.320190 0.057499 -0.213173 0.975058 0.500000 0.009277 1 3 1.000000
1fireff1_01_ne03_mesh1
3 -14.121009 -23.210123 -163.690147 -0.600474 0.281549 0.747969 0.583008 0.132324 1 3 1.000000
3 -9.680310 -24.579156 -162.396562 0.000478 0.203971 0.978724 0.500000 0.132324 1 3 1.000000
3 -3.007312 -2.920250 -164.320190 0.057499 -0.213173 0.975058 0.500000 0.009277 1 3 1.000000
1fireff1_01_ne03_mesh1
3 -3.007312 -2.920250 -164.320190 0.057499 -0.213173 0.975058 0.500000 0.009277 1 3 1.000000
3 -9.680310 -24.579156 -162.396562 0.000478 0.203971 0.978724 0.500000 0.132324 1 3 1.000000
3 1.925500 -4.886806 -165.555689 0.512820 -0.177518 0.839210 0.416504 0.009277 1 3 1.000000
1fireff1_01_ne03_mesh1
3 -9.680310 -24.579156 -162.396562 0.000478 0.203971 0.978724 0.500000 0.132324 1 3 1.000000
3 -4.471400 -25.854345 -164.312857 0.509671 0.038669 0.858980 0.416504 0.132324 1 3 1.000000
3 1.925500 -4.886806 -165.555689 0.512820 -0.177518 0.839210 0.416504 0.009277 1 3 1.000000
1fireff1_01_ne03_mesh1
3 1.925500 -4.886806 -165.555689 0.512820 -0.177518 0.839210 0.416504 0.009277 1 3 1.000000
3 -4.471400 -25.854345 -164.312857 0.509671 0.038669 0.858980 0.416504 0.132324 1 3 1.000000
3 5.931158 -6.423579 -169.457080 0.839333 -0.159726 0.518679 0.333252 0.009277 1 3 1.000000
1fireff1_01_ne03_mesh1
3 -4.471400 -25.854345 -164.312857 0.509671 0.038669 0.858980 0.416504 0.132324 1 3 1.000000
3 -0.032172 -26.851147 -167.152461 0.829060 -0.124931 0.544614 0.333252 0.132324 1 3 1.000000
3 5.931158 -6.423579 -169.457080 0.839333 -0.159726 0.518679 0.333252 0.009277 1 3 1.000000
1fireff1_01_ne03_mesh1
3 5.931158 -6.423579 -169.457080 0.839333 -0.159726 0.518679 0.333252 0.009277 1 3 1.000000
3 -0.032172 -26.851147 -167.152461 0.829060 -0.124931 0.544614 0.333252 0.132324 1 3 1.000000
3 7.796031 -6.014706 -174.721214 0.979880 -0.182937 -0.076742 0.250000 0.009277 1 3 1.000000
1fireff1_01_ne03_mesh1
3 -0.032172 -26.851147 -167.152461 0.829060 -0.124931 0.544614 0.333252 0.132324 1 3 1.000000
3 0.795607 -28.137784 -170.827396 0.973810 -0.223114 -0.040357 0.250000 0.132324 1 3 1.000000
3 7.796031 -6.014706 -174.721214 0.979880 -0.182937 -0.076742 0.250000 0.009277 1 3 1.000000
1fireff1_01_ne03_mesh1
3 7.796031 -6.014706 -174.721214 0.979880 -0.182937 -0.076742 0.250000 0.009277 1 3 1.000000
3 0.795607 -28.137784 -170.827396 0.973810 -0.223114 -0.040357 0.250000 0.132324 1 3 1.000000
3 6.688111 -3.331878 -178.621767 0.831856 -0.056465 -0.551256 0.166626 0.009277 1 3 1.000000
1fireff1_01_ne03_mesh1
3 0.795607 -28.137784 -170.827396 0.973810 -0.223114 -0.040357 0.250000 0.132324 1 3 1.000000
3 -2.306455 -28.736339 -175.336086 0.734465 -0.182778 -0.653346 0.166626 0.132324 1 3 1.000000
3 6.688111 -3.331878 -178.621767 0.831856 -0.056465 -0.551256 0.166626 0.009277 1 3 1.000000
1fireff1_01_ne03_mesh1
3 6.688111 -3.331878 -178.621767 0.831856 -0.056465 -0.551256 0.166626 0.009277 1 3 1.000000
3 -2.306455 -28.736339 -175.336086 0.734465 -0.182778 -0.653346 0.166626 0.132324 1 3 1.000000
3 2.518851 -2.053902 -181.573408 0.472299 0.014443 -0.881111 0.083313 0.009277 1 3 1.000000
1fireff1_01_ne03_mesh1
3 -2.306455 -28.736339 -175.336086 0.734465 -0.182778 -0.653346 0.166626 0.132324 1 3 1.000000
3 -6.723318 -28.315005 -178.220736 0.316911 -0.134047 -0.938328 0.083313 0.132324 1 3 1.000000
3 2.518851 -2.053902 -181.573408 0.472299 0.014443 -0.881111 0.083313 0.009277 1 3 1.000000
1fireff1_01_ne03_mesh1
3 2.518851 -2.053902 -181.573408 0.472299 0.014443 -0.881111 0.083313 0.009277 1 3 1.000000
3 -6.723318 -28.315005 -178.220736 0.316911 -0.134047 -0.938328 0.083313 0.132324 1 3 1.000000
3 -3.036788 -2.594594 -183.754901 0.060684 0.034160 -0.997347 0.000000 0.009277 1 3 1.000000
1fireff1_01_ne03_mesh1
3 -6.723318 -28.315005 -178.220736 0.316911 -0.134047 -0.938328 0.083313 0.132324 1 3 1.000000
3 -13.507749 -26.378433 -179.140059 -0.032434 -0.136049 -0.989901 0.000000 0.132324 1 3 1.000000
3 -3.036788 -2.594594 -183.754901 0.060684 0.034160 -0.997347 0.000000 0.009277 1 3 1.000000
1fireff1_01_ne03_mesh1
3 -13.507749 -26.378433 -179.140059 -0.032434 -0.136049 -0.989901 1.000000 0.132324 1 3 1.000000
3 -12.482811 -49.291708 -178.135027 -0.186143 -0.219094 -0.957230 1.000000 0.255859 1 3 1.000000
3 -17.999349 -23.769635 -178.977920 -0.466498 -0.078641 -0.880802 0.916504 0.132324 1 3 1.000000
1fireff1_01_ne03_mesh1
3 -12.482811 -49.291708 -178.135027 -0.186143 -0.219094 -0.957230 1.000000 0.255859 1 3 1.000000
3 -16.909272 -47.840182 -176.341036 -0.568813 -0.139302 -0.810082 0.916504 0.255859 1 3 1.000000
3 -17.999349 -23.769635 -178.977920 -0.466498 -0.078641 -0.880802 0.916504 0.132324 1 3 1.000000
1fireff1_01_ne03_mesh1
3 -17.999349 -23.769635 -178.977920 -0.466498 -0.078641 -0.880802 0.916504 0.132324 1 3 1.000000
3 -16.909272 -47.840182 -176.341036 -0.568813 -0.139302 -0.810082 0.916504 0.255859 1 3 1.000000
3 -20.557443 -21.882032 -176.574120 -0.902806 0.125119 -0.410314 0.833008 0.132324 1 3 1.000000
1fireff1_01_ne03_mesh1
3 -16.909272 -47.840182 -176.341036 -0.568813 -0.139302 -0.810082 0.916504 0.255859 1 3 1.000000
3 -19.347425 -45.882068 -174.101898 -0.877709 -0.022205 -0.478339 0.833008 0.255859 1 3 1.000000
3 -20.557443 -21.882032 -176.574120 -0.902806 0.125119 -0.410314 0.833008 0.132324 1 3 1.000000
1fireff1_01_ne03_mesh1
3 -20.557443 -21.882032 -176.574120 -0.902806 0.125119 -0.410314 0.833008 0.132324 1 3 1.000000
3 -19.347425 -45.882068 -174.101898 -0.877709 -0.022205 -0.478339 0.833008 0.255859 1 3 1.000000
3 -20.366050 -21.937795 -172.388746 -0.971451 0.205651 0.117188 0.750000 0.132324 1 3 1.000000
1fireff1_01_ne03_mesh1
3 -19.347425 -45.882068 -174.101898 -0.877709 -0.022205 -0.478339 0.833008 0.255859 1 3 1.000000
3 -19.951650 -43.793426 -170.570900 -0.988750 0.103645 -0.104321 0.750000 0.255859 1 3 1.000000
3 -20.366050 -21.937795 -172.388746 -0.971451 0.205651 0.117188 0.750000 0.132324 1 3 1.000000
1fireff1_01_ne03_mesh1
3 -20.366050 -21.937795 -172.388746 -0.971451 0.205651 0.117188 0.750000 0.132324 1 3 1.000000
3 -19.951650 -43.793426 -170.570900 -0.988750 0.103645 -0.104321 0.750000 0.255859 1 3 1.000000
3 -16.868193 -22.784533 -167.806015 -0.875511 0.258552 0.407700 0.666504 0.132324 1 3 1.000000
1fireff1_01_ne03_mesh1
3 -19.951650 -43.793426 -170.570900 -0.988750 0.103645 -0.104321 0.750000 0.255859 1 3 1.000000
3 -21.369272 -42.381487 -165.144271 -0.935754 0.302700 0.179309 0.666504 0.255859 1 3 1.000000
3 -16.868193 -22.784533 -167.806015 -0.875511 0.258552 0.407700 0.666504 0.132324 1 3 1.000000
1fireff1_01_ne03_mesh1
3 -16.868193 -22.784533 -167.806015 -0.875511 0.258552 0.407700 0.666504 0.132324 1 3 1.000000
3 -21.369272 -42.381487 -165.144271 -0.935754 0.302700 0.179309 0.666504 0.255859 1 3 1.000000
3 -14.121009 -23.210123 -163.690147 -0.600474 0.281549 0.747969 0.583008 0.132324 1 3 1.000000
1fireff1_01_ne03_mesh1
3 -21.369272 -42.381487 -165.144271 -0.935754 0.302700 0.179309 0.666504 0.255859 1 3 1.000000
3 -18.743975 -42.785392 -159.184028 -0.553410 0.480963 0.679434 0.583008 0.255859 1 3 1.000000
3 -14.121009 -23.210123 -163.690147 -0.600474 0.281549 0.747969 0.583008 0.132324 1 3 1.000000
1fireff1_01_ne03_mesh1
3 -14.121009 -23.210123 -163.690147 -0.600474 0.281549 0.747969 0.583008 0.132324 1 3 1.000000
3 -18.743975 -42.785392 -159.184028 -0.553410 0.480963 0.679434 0.583008 0.255859 1 3 1.000000
3 -9.680310 -24.579156 -162.396562 0.000478 0.203971 0.978724 0.500000 0.132324 1 3 1.000000
1fireff1_01_ne03_mesh1
3 -18.743975 -42.785392 -159.184028 -0.553410 0.480963 0.679434 0.583008 0.255859 1 3 1.000000
3 -14.147915 -43.761459 -155.514706 0.079946 0.368330 0.925768 0.500000 0.255859 1 3 1.000000
3 -9.680310 -24.579156 -162.396562 0.000478 0.203971 0.978724 0.500000 0.132324 1 3 1.000000
1fireff1_01_ne03_mesh1
3 -9.680310 -24.579156 -162.396562 0.000478 0.203971 0.978724 0.500000 0.132324 1 3 1.000000
3 -14.147915 -43.761459 -155.514706 0.079946 0.368330 0.925768 0.500000 0.255859 1 3 1.000000
3 -4.471400 -25.854345 -164.312857 0.509671 0.038669 0.858980 0.416504 0.132324 1 3 1.000000
1fireff1_01_ne03_mesh1
3 -14.147915 -43.761459 -155.514706 0.079946 0.368330 0.925768 0.500000 0.255859 1 3 1.000000
3 -9.049893 -45.242953 -156.976417 0.643112 0.103552 0.758203 0.416504 0.255859 1 3 1.000000
3 -4.471400 -25.854345 -164.312857 0.509671 0.038669 0.858980 0.416504 0.132324 1 3 1.000000
1fireff1_01_ne03_mesh1
3 -4.471400 -25.854345 -164.312857 0.509671 0.038669 0.858980 0.416504 0.132324 1 3 1.000000
3 -9.049893 -45.242953 -156.976417 0.643112 0.103552 0.758203 0.416504 0.255859 1 3 1.000000
3 -0.032172 -26.851147 -167.152461 0.829060 -0.124931 0.544614 0.333252 0.132324 1 3 1.000000
1fireff1_01_ne03_mesh1
3 -9.049893 -45.242953 -156.976417 0.643112 0.103552 0.758203 0.416504 0.255859 1 3 1.000000
3 -4.639652 -46.894073 -162.903908 0.874415 -0.105247 0.473166 0.333252 0.255859 1 3 1.000000
3 -0.032172 -26.851147 -167.152461 0.829060 -0.124931 0.544614 0.333252 0.132324 1 3 1.000000
1fireff1_01_ne03_mesh1
3 -0.032172 -26.851147 -167.152461 0.829060 -0.124931 0.544614 0.333252 0.132324 1 3 1.000000
3 -4.639652 -46.894073 -162.903908 0.874415 -0.105247 0.473166 0.333252 0.255859 1 3 1.000000
3 0.795607 -28.137784 -170.827396 0.973810 -0.223114 -0.040357 0.250000 0.132324 1 3 1.000000
1fireff1_01_ne03_mesh1
3 -4.639652 -46.894073 -162.903908 0.874415 -0.105247 0.473166 0.333252 0.255859 1 3 1.000000
3 -2.472111 -47.990777 -170.172286 0.977089 -0.196729 0.076434 0.250000 0.255859 1 3 1.000000
3 0.795607 -28.137784 -170.827396 0.973810 -0.223114 -0.040357 0.250000 0.132324 1 3 1.000000
1fireff1_01_ne03_mesh1
3 0.795607 -28.137784 -170.827396 0.973810 -0.223114 -0.040357 0.250000 0.132324 1 3 1.000000
3 -2.472111 -47.990777 -170.172286 0.977089 -0.196729 0.076434 0.250000 0.255859 1 3 1.000000
3 -2.306455 -28.736339 -175.336086 0.734465 -0.182778 -0.653346 0.166626 0.132324 1 3 1.000000
1fireff1_01_ne03_mesh1
3 -2.472111 -47.990777 -170.172286 0.977089 -0.196729 0.076434 0.250000 0.255859 1 3 1.000000
3 -2.425884 -49.590323 -175.510926 0.787903 -0.268093 -0.553503 0.166626 0.255859 1 3 1.000000
3 -2.306455 -28.736339 -175.336086 0.734465 -0.182778 -0.653346 0.166626 0.132324 1 3 1.000000
1fireff1_01_ne03_mesh1
3 -2.306455 -28.736339 -175.336086 0.734465 -0.182778 -0.653346 0.166626 0.132324 1 3 1.000000
3 -2.425884 -49.590323 -175.510926 0.787903 -0.268093 -0.553503 0.166626 0.255859 1 3 1.000000
3 -6.723318 -28.315005 -178.220736 0.316911 -0.134047 -0.938328 0.083313 0.132324 1 3 1.000000
1fireff1_01_ne03_mesh1
3 -2.425884 -49.590323 -175.510926 0.787903 -0.268093 -0.553503 0.166626 0.255859 1 3 1.000000
3 -7.162179 -50.075824 -178.183657 0.251366 -0.280467 -0.925746 0.083313 0.255859 1 3 1.000000
3 -6.723318 -28.315005 -178.220736 0.316911 -0.134047 -0.938328 0.083313 0.132324 1 3 1.000000
1fireff1_01_ne03_mesh1
3 -6.723318 -28.315005 -178.220736 0.316911 -0.134047 -0.938328 0.083313 0.132324 1 3 1.000000
3 -7.162179 -50.075824 -178.183657 0.251366 -0.280467 -0.925746 0.083313 0.255859 1 3 1.000000
3 -13.507749 -26.378433 -179.140059 -0.032434 -0.136049 -0.989901 0.000000 0.132324 1 3 1.000000
1fireff1_01_ne03_mesh1
3 -7.162179 -50.075824 -178.183657 0.251366 -0.280467 -0.925746 0.083313 0.255859 1 3 1.000000
3 -12.482811 -49.291708 -178.135027 -0.186143 -0.219094 -0.957230 0.000000 0.255859 1 3 1.000000
3 -13.507749 -26.378433 -179.140059 -0.032434 -0.136049 -0.989901 0.000000 0.132324 1 3 1.000000
1fireff1_01_ne03_mesh1
3 -12.482811 -49.291708 -178.135027 -0.186143 -0.219094 -0.957230 1.000000 0.255859 1 3 1.000000
3 -19.511715 -65.844681 -168.822867 -0.329688 -0.474177 -0.816246 1.000000 0.378906 1 3 1.000000
3 -16.909272 -47.840182 -176.341036 -0.568813 -0.139302 -0.810082 0.916504 0.255859 1 3 1.000000
1fireff1_01_ne03_mesh1
3 -19.511715 -65.844681 -168.822867 -0.329688 -0.474177 -0.816246 1.000000 0.378906 1 3 1.000000
3 -23.774869 -64.183009 -165.969418 -0.719897 -0.286568 -0.631529 0.916504 0.378906 1 3 1.000000
3 -16.909272 -47.840182 -176.341036 -0.568813 -0.139302 -0.810082 0.916504 0.255859 1 3 1.000000
1fireff1_01_ne03_mesh1
3 -16.909272 -47.840182 -176.341036 -0.568813 -0.139302 -0.810082 0.916504 0.255859 1 3 1.000000
3 -23.774869 -64.183009 -165.969418 -0.719897 -0.286568 -0.631529 0.916504 0.378906 1 3 1.000000
3 -19.347425 -45.882068 -174.101898 -0.877709 -0.022205 -0.478339 0.833008 0.255859 1 3 1.000000
1fireff1_01_ne03_mesh1
3 -23.774869 -64.183009 -165.969418 -0.719897 -0.286568 -0.631529 0.916504 0.378906 1 3 1.000000
3 -26.171160 -61.655812 -161.729522 -0.921956 -0.073013 -0.379676 0.833008 0.378906 1 3 1.000000
3 -19.347425 -45.882068 -174.101898 -0.877709 -0.022205 -0.478339 0.833008 0.255859 1 3 1.000000
1fireff1_01_ne03_mesh1
3 -19.347425 -45.882068 -174.101898 -0.877709 -0.022205 -0.478339 0.833008 0.255859 1 3 1.000000
3 -26.171160 -61.655812 -161.729522 -0.921956 -0.073013 -0.379676 0.833008 0.378906 1 3 1.000000
3 -19.951650 -43.793426 -170.570900 -0.988750 0.103645 -0.104321 0.750000 0.255859 1 3 1.000000
1fireff1_01_ne03_mesh1
3 -26.171160 -61.655812 -161.729522 -0.921956 -0.073013 -0.379676 0.833008 0.378906 1 3 1.000000
3 -27.310370 -58.130806 -157.423866 -0.973276 0.088543 -0.211306 0.750000 0.378906 1 3 1.000000
3 -19.951650 -43.793426 -170.570900 -0.988750 0.103645 -0.104321 0.750000 0.255859 1 3 1.000000
1fireff1_01_ne03_mesh1
3 -19.951650 -43.793426 -170.570900 -0.988750 0.103645 -0.104321 0.750000 0.255859 1 3 1.000000
3 -27.310370 -58.130806 -157.423866 -0.973276 0.088543 -0.211306 0.750000 0.378906 1 3 1.000000
3 -21.369272 -42.381487 -165.144271 -0.935754 0.302700 0.179309 0.666504 0.255859 1 3 1.000000
1fireff1_01_ne03_mesh1
3 -27.310370 -58.130806 -157.423866 -0.973276 0.088543 -0.211306 0.750000 0.378906 1 3 1.000000
3 -27.119126 -55.535657 -153.485842 -0.904907 0.385728 0.178131 0.666504 0.378906 1 3 1.000000
3 -21.369272 -42.381487 -165.144271 -0.935754 0.302700 0.179309 0.666504 0.255859 1 3 1.000000
1fireff1_01_ne03_mesh1
3 -21.369272 -42.381487 -165.144271 -0.935754 0.302700 0.179309 0.666504 0.255859 1 3 1.000000
3 -27.119126 -55.535657 -153.485842 -0.904907 0.385728 0.178131 0.666504 0.378906 1 3 1.000000
3 -18.743975 -42.785392 -159.184028 -0.553410 0.480963 0.679434 0.583008 0.255859 1 3 1.000000
1fireff1_01_ne03_mesh1
3 -27.119126 -55.535657 -153.485842 -0.904907 0.385728 0.178131 0.666504 0.378906 1 3 1.000000
3 -24.304086 -55.939850 -150.089282 -0.440818 0.586821 0.678699 0.583008 0.378906 1 3 1.000000
3 -18.743975 -42.785392 -159.184028 -0.553410 0.480963 0.679434 0.583008 0.255859 1 3 1.000000
1fireff1_01_ne03_mesh1
3 -18.743975 -42.785392 -159.184028 -0.553410 0.480963 0.679434 0.583008 0.255859 1 3 1.000000
3 -24.304086 -55.939850 -150.089282 -0.440818 0.586821 0.678699 0.583008 0.378906 1 3 1.000000
3 -14.147915 -43.761459 -155.514706 0.079946 0.368330 0.925768 0.500000 0.255859 1 3 1.000000
1fireff1_01_ne03_mesh1
3 -24.304086 -55.939850 -150.089282 -0.440818 0.586821 0.678699 0.583008 0.378906 1 3 1.000000
3 -16.892650 -59.302870 -148.663609 0.246865 0.521536 0.816235 0.500000 0.378906 1 3 1.000000
3 -14.147915 -43.761459 -155.514706 0.079946 0.368330 0.925768 0.500000 0.255859 1 3 1.000000
1fireff1_01_ne03_mesh1
3 -14.147915 -43.761459 -155.514706 0.079946 0.368330 0.925768 0.500000 0.255859 1 3 1.000000
3 -16.892650 -59.302870 -148.663609 0.246865 0.521536 0.816235 0.500000 0.378906 1 3 1.000000
3 -9.049893 -45.242953 -156.976417 0.643112 0.103552 0.758203 0.416504 0.255859 1 3 1.000000
1fireff1_01_ne03_mesh1
3 -16.892650 -59.302870 -148.663609 0.246865 0.521536 0.816235 0.500000 0.378906 1 3 1.000000
3 -12.225749 -61.503146 -151.738699 0.757752 0.253760 0.600649 0.416504 0.378906 1 3 1.000000
3 -9.049893 -45.242953 -156.976417 0.643112 0.103552 0.758203 0.416504 0.255859 1 3 1.000000
1fireff1_01_ne03_mesh1
3 -9.049893 -45.242953 -156.976417 0.643112 0.103552 0.758203 0.416504 0.255859 1 3 1.000000
3 -12.225749 -61.503146 -151.738699 0.757752 0.253760 0.600649 0.416504 0.378906 1 3 1.000000
3 -4.639652 -46.894073 -162.903908 0.874415 -0.105247 0.473166 0.333252 0.255859 1 3 1.000000
1fireff1_01_ne03_mesh1
3 -12.225749 -61.503146 -151.738699 0.757752 0.253760 0.600649 0.416504 0.378906 1 3 1.000000
3 -11.088299 -62.978355 -157.651189 0.921068 0.067188 0.382466 0.333252 0.378906 1 3 1.000000
3 -4.639652 -46.894073 -162.903908 0.874415 -0.105247 0.473166 0.333252 0.255859 1 3 1.000000
1fireff1_01_ne03_mesh1
3 -4.639652 -46.894073 -162.903908 0.874415 -0.105247 0.473166 0.333252 0.255859 1 3 1.000000
3 -11.088299 -62.978355 -157.651189 0.921068 0.067188 0.382466 0.333252 0.378906 1 3 1.000000
3 -2.472111 -47.990777 -170.172286 0.977089 -0.196729 0.076434 0.250000 0.255859 1 3 1.000000
1fireff1_01_ne03_mesh1
3 -11.088299 -62.978355 -157.651189 0.921068 0.067188 0.382466 0.333252 0.378906 1 3 1.000000
3 -8.659252 -66.136700 -162.772973 0.983991 -0.140435 0.108837 0.250000 0.378906 1 3 1.000000
3 -2.472111 -47.990777 -170.172286 0.977089 -0.196729 0.076434 0.250000 0.255859 1 3 1.000000
1fireff1_01_ne03_mesh1
3 -2.472111 -47.990777 -170.172286 0.977089 -0.196729 0.076434 0.250000 0.255859 1 3 1.000000
3 -8.659252 -66.136700 -162.772973 0.983991 -0.140435 0.108837 0.250000 0.378906 1 3 1.000000
3 -2.425884 -49.590323 -175.510926 0.787903 -0.268093 -0.553503 0.166626 0.255859 1 3 1.000000
1fireff1_01_ne03_mesh1
3 -8.659252 -66.136700 -162.772973 0.983991 -0.140435 0.108837 0.250000 0.378906 1 3 1.000000
3 -9.984801 -68.446492 -166.283038 0.722745 -0.513899 -0.461757 0.166626 0.378906 1 3 1.000000
3 -2.425884 -49.590323 -175.510926 0.787903 -0.268093 -0.553503 0.166626 0.255859 1 3 1.000000
1fireff1_01_ne03_mesh1
3 -2.425884 -49.590323 -175.510926 0.787903 -0.268093 -0.553503 0.166626 0.255859 1 3 1.000000
3 -9.984801 -68.446492 -166.283038 0.722745 -0.513899 -0.461757 0.166626 0.378906 1 3 1.000000
3 -7.162179 -50.075824 -178.183657 0.251366 -0.280467 -0.925746 0.083313 0.255859 1 3 1.000000
1fireff1_01_ne03_mesh1
3 -9.984801 -68.446492 -166.283038 0.722745 -0.513899 -0.461757 0.166626 0.378906 1 3 1.000000
3 -14.370532 -67.855691 -168.689853 0.154865 -0.598746 -0.785441 0.083313 0.378906 1 3 1.000000
3 -7.162179 -50.075824 -178.183657 0.251366 -0.280467 -0.925746 0.083313 0.255859 1 3 1.000000
1fireff1_01_ne03_mesh1
3 -7.162179 -50.075824 -178.183657 0.251366 -0.280467 -0.925746 0.083313 0.255859 1 3 1.000000
3 -14.370532 -67.855691 -168.689853 0.154865 -0.598746 -0.785441 0.083313 0.378906 1 3 1.000000
3 -12.482811 -49.291708 -178.135027 -0.186143 -0.219094 -0.957230 0.000000 0.255859 1 3 1.000000
1fireff1_01_ne03_mesh1
3 -14.370532 -67.855691 -168.689853 0.154865 -0.598746 -0.785441 0.083313 0.378906 1 3 1.000000
3 -19.511715 -65.844681 -168.822867 -0.329688 -0.474177 -0.816246 0.000000 0.378906 1 3 1.000000
3 -12.482811 -49.291708 -178.135027 -0.186143 -0.219094 -0.957230 0.000000 0.255859 1 3 1.000000
1fireff1_01_ne03_mesh1
3 -19.511715 -65.844681 -168.822867 -0.329688 -0.474177 -0.816246 1.000000 0.378906 1 3 1.000000
3 -19.516938 -83.990899 -153.884139 -0.131832 -0.755561 -0.641125 1.000000 0.502197 1 3 1.000000
3 -23.774869 -64.183009 -165.969418 -0.719897 -0.286568 -0.631529 0.916504 0.378906 1 3 1.000000
1fireff1_01_ne03_mesh1
3 -19.516938 -83.990899 -153.884139 -0.131832 -0.755561 -0.641125 1.000000 0.502197 1 3 1.000000
3 -24.016976 -82.913137 -152.108039 -0.580292 -0.526233 -0.620878 0.916504 0.502197 1 3 1.000000
3 -23.774869 -64.183009 -165.969418 -0.719897 -0.286568 -0.631529 0.916504 0.378906 1 3 1.000000
1fireff1_01_ne03_mesh1
3 -23.774869 -64.183009 -165.969418 -0.719897 -0.286568 -0.631529 0.916504 0.378906 1 3 1.000000
3 -24.016976 -82.913137 -152.108039 -0.580292 -0.526233 -0.620878 0.916504 0.502197 1 3 1.000000
3 -26.171160 -61.655812 -161.729522 -0.921956 -0.073013 -0.379676 0.833008 0.378906 1 3 1.000000
1fireff1_01_ne03_mesh1
3 -24.016976 -82.913137 -152.108039 -0.580292 -0.526233 -0.620878 0.916504 0.502197 1 3 1.000000
3 -26.760710 -80.030703 -148.632203 -0.887549 -0.120277 -0.444039 0.833008 0.502197 1 3 1.000000
3 -26.171160 -61.655812 -161.729522 -0.921956 -0.073013 -0.379676 0.833008 0.378906 1 3 1.000000
1fireff1_01_ne03_mesh1
3 -26.171160 -61.655812 -161.729522 -0.921956 -0.073013 -0.379676 0.833008 0.378906 1 3 1.000000
3 -26.760710 -80.030703 -148.632203 -0.887549 -0.120277 -0.444039 0.833008 0.502197 1 3 1.000000
3 -27.310370 -58.130806 -157.423866 -0.973276 0.088543 -0.211306 0.750000 0.378906 1 3 1.000000
1fireff1_01_ne03_mesh1
3 -26.760710 -80.030703 -148.632203 -0.887549 -0.120277 -0.444039 0.833008 0.502197 1 3 1.000000
3 -28.452419 -75.783445 -145.027189 -0.965304 0.077769 -0.247436 0.750000 0.502197 1 3 1.000000
3 -27.310370 -58.130806 -157.423866 -0.973276 0.088543 -0.211306 0.750000 0.378906 1 3 1.000000
1fireff1_01_ne03_mesh1
3 -27.310370 -58.130806 -157.423866 -0.973276 0.088543 -0.211306 0.750000 0.378906 1 3 1.000000
3 -28.452419 -75.783445 -145.027189 -0.965304 0.077769 -0.247436 0.750000 0.502197 1 3 1.000000
3 -27.119126 -55.535657 -153.485842 -0.904907 0.385728 0.178131 0.666504 0.378906 1 3 1.000000
1fireff1_01_ne03_mesh1
3 -28.452419 -75.783445 -145.027189 -0.965304 0.077769 -0.247436 0.750000 0.502197 1 3 1.000000
3 -28.780684 -72.092761 -141.721719 -0.911326 0.379857 0.158089 0.666504 0.502197 1 3 1.000000
3 -27.119126 -55.535657 -153.485842 -0.904907 0.385728 0.178131 0.666504 0.378906 1 3 1.000000
1fireff1_01_ne03_mesh1
3 -27.119126 -55.535657 -153.485842 -0.904907 0.385728 0.178131 0.666504 0.378906 1 3 1.000000
3 -28.780684 -72.092761 -141.721719 -0.911326 0.379857 0.158089 0.666504 0.502197 1 3 1.000000
3 -24.304086 -55.939850 -150.089282 -0.440818 0.586821 0.678699 0.583008 0.378906 1 3 1.000000
1fireff1_01_ne03_mesh1
3 -28.780684 -72.092761 -141.721719 -0.911326 0.379857 0.158089 0.666504 0.502197 1 3 1.000000
3 -26.231237 -70.896184 -138.496892 -0.431936 0.691394 0.578531 0.583008 0.502197 1 3 1.000000
3 -24.304086 -55.939850 -150.089282 -0.440818 0.586821 0.678699 0.583008 0.378906 1 3 1.000000
1fireff1_01_ne03_mesh1
3 -24.304086 -55.939850 -150.089282 -0.440818 0.586821 0.678699 0.583008 0.378906 1 3 1.000000
3 -26.231237 -70.896184 -138.496892 -0.431936 0.691394 0.578531 0.583008 0.502197 1 3 1.000000
3 -16.892650 -59.302870 -148.663609 0.246865 0.521536 0.816235 0.500000 0.378906 1 3 1.000000
1fireff1_01_ne03_mesh1
3 -26.231237 -70.896184 -138.496892 -0.431936 0.691394 0.578531 0.583008 0.502197 1 3 1.000000
3 -21.459852 -71.650041 -136.568018 0.096079 0.745618 0.659368 0.500000 0.502197 1 3 1.000000
3 -16.892650 -59.302870 -148.663609 0.246865 0.521536 0.816235 0.500000 0.378906 1 3 1.000000
1fireff1_01_ne03_mesh1
3 -16.892650 -59.302870 -148.663609 0.246865 0.521536 0.816235 0.500000 0.378906 1 3 1.000000
3 -21.459852 -71.650041 -136.568018 0.096079 0.745618 0.659368 0.500000 0.502197 1 3 1.000000
3 -12.225749 -61.503146 -151.738699 0.757752 0.253760 0.600649 0.416504 0.378906 1 3 1.000000
1fireff1_01_ne03_mesh1
3 -21.459852 -71.650041 -136.568018 0.096079 0.745618 0.659368 0.500000 0.502197 1 3 1.000000
3 -16.346083 -72.552829 -138.326274 0.607089 0.551239 0.571856 0.416504 0.502197 1 3 1.000000
3 -12.225749 -61.503146 -151.738699 0.757752 0.253760 0.600649 0.416504 0.378906 1 3 1.000000
1fireff1_01_ne03_mesh1
3 -12.225749 -61.503146 -151.738699 0.757752 0.253760 0.600649 0.416504 0.378906 1 3 1.000000
3 -16.346083 -72.552829 -138.326274 0.607089 0.551239 0.571856 0.416504 0.502197 1 3 1.000000
3 -11.088299 -62.978355 -157.651189 0.921068 0.067188 0.382466 0.333252 0.378906 1 3 1.000000
1fireff1_01_ne03_mesh1
3 -16.346083 -72.552829 -138.326274 0.607089 0.551239 0.571856 0.416504 0.502197 1 3 1.000000
3 -11.597474 -74.703927 -142.630789 0.874856 0.290133 0.386606 0.333252 0.502197 1 3 1.000000
3 -11.088299 -62.978355 -157.651189 0.921068 0.067188 0.382466 0.333252 0.378906 1 3 1.000000
1fireff1_01_ne03_mesh1
3 -11.088299 -62.978355 -157.651189 0.921068 0.067188 0.382466 0.333252 0.378906 1 3 1.000000
3 -11.597474 -74.703927 -142.630789 0.874856 0.290133 0.386606 0.333252 0.502197 1 3 1.000000
3 -8.659252 -66.136700 -162.772973 0.983991 -0.140435 0.108837 0.250000 0.378906 1 3 1.000000
1fireff1_01_ne03_mesh1
3 -11.597474 -74.703927 -142.630789 0.874856 0.290133 0.386606 0.333252 0.502197 1 3 1.000000
3 -8.697452 -79.161214 -146.149503 0.984043 -0.074972 0.159614 0.250000 0.502197 1 3 1.000000
3 -8.659252 -66.136700 -162.772973 0.983991 -0.140435 0.108837 0.250000 0.378906 1 3 1.000000
1fireff1_01_ne03_mesh1
3 -8.659252 -66.136700 -162.772973 0.983991 -0.140435 0.108837 0.250000 0.378906 1 3 1.000000
3 -8.697452 -79.161214 -146.149503 0.984043 -0.074972 0.159614 0.250000 0.502197 1 3 1.000000
3 -9.984801 -68.446492 -166.283038 0.722745 -0.513899 -0.461757 0.166626 0.378906 1 3 1.000000
1fireff1_01_ne03_mesh1
3 -8.697452 -79.161214 -146.149503 0.984043 -0.074972 0.159614 0.250000 0.502197 1 3 1.000000
3 -9.661263 -82.993029 -149.113860 0.752292 -0.615189 -0.234799 0.166626 0.502197 1 3 1.000000
3 -9.984801 -68.446492 -166.283038 0.722745 -0.513899 -0.461757 0.166626 0.378906 1 3 1.000000
1fireff1_01_ne03_mesh1
3 -9.984801 -68.446492 -166.283038 0.722745 -0.513899 -0.461757 0.166626 0.378906 1 3 1.000000
3 -9.661263 -82.993029 -149.113860 0.752292 -0.615189 -0.234799 0.166626 0.502197 1 3 1.000000
3 -14.370532 -67.855691 -168.689853 0.154865 -0.598746 -0.785441 0.083313 0.378906 1 3 1.000000
1fireff1_01_ne03_mesh1
3 -9.661263 -82.993029 -149.113860 0.752292 -0.615189 -0.234799 0.166626 0.502197 1 3 1.000000
3 -14.032766 -84.154567 -152.442848 0.277659 -0.800496 -0.530829 0.083313 0.502197 1 3 1.000000
3 -14.370532 -67.855691 -168.689853 0.154865 -0.598746 -0.785441 0.083313 0.378906 1 3 1.000000
1fireff1_01_ne03_mesh1
3 -14.370532 -67.855691 -168.689853 0.154865 -0.598746 -0.785441 0.083313 0.378906 1 3 1.000000
3 -14.032766 -84.154567 -152.442848 0.277659 -0.800496 -0.530829 0.083313 0.502197 1 3 1.000000
3 -19.511715 -65.844681 -168.822867 -0.329688 -0.474177 -0.816246 0.000000 0.378906 1 3 1.000000
1fireff1_01_ne03_mesh1
3 -14.032766 -84.154567 -152.442848 0.277659 -0.800496 -0.530829 0.083313 0.502197 1 3 1.000000
3 -19.516938 -83.990899 -153.884139 -0.131832 -0.755561 -0.641125 0.000000 0.502197 1 3 1.000000
3 -19.511715 -65.844681 -168.822867 -0.329688 -0.474177 -0.816246 0.000000 0.378906 1 3 1.000000
1fireff1_01_ne03_mesh1
3 -19.516938 -83.990899 -153.884139 -0.131832 -0.755561 -0.641125 1.000000 0.502197 1 3 1.000000
3 -29.963736 -95.456646 -134.219639 -0.043030 -0.903318 -0.425736 1.000000 0.625488 1 3 1.000000
3 -24.016976 -82.913137 -152.108039 -0.580292 -0.526233 -0.620878 0.916504 0.502197 1 3 1.000000
1fireff1_01_ne03_mesh1
3 -29.963736 -95.456646 -134.219639 -0.043030 -0.903318 -0.425736 1.000000 0.625488 1 3 1.000000
3 -34.664029 -96.001292 -134.172263 -0.636894 -0.627782 -0.446766 0.916504 0.625488 1 3 1.000000
3 -24.016976 -82.913137 -152.108039 -0.580292 -0.526233 -0.620878 0.916504 0.502197 1 3 1.000000
1fireff1_01_ne03_mesh1
3 -24.016976 -82.913137 -152.108039 -0.580292 -0.526233 -0.620878 0.916504 0.502197 1 3 1.000000
3 -34.664029 -96.001292 -134.172263 -0.636894 -0.627782 -0.446766 0.916504 0.625488 1 3 1.000000
3 -26.760710 -80.030703 -148.632203 -0.887549 -0.120277 -0.444039 0.833008 0.502197 1 3 1.000000
1fireff1_01_ne03_mesh1
3 -34.664029 -96.001292 -134.172263 -0.636894 -0.627782 -0.446766 0.916504 0.625488 1 3 1.000000
3 -36.712350 -94.011338 -132.785585 -0.941149 -0.178724 -0.286337 0.833008 0.625488 1 3 1.000000
3 -26.760710 -80.030703 -148.632203 -0.887549 -0.120277 -0.444039 0.833008 0.502197 1 3 1.000000
1fireff1_01_ne03_mesh1
3 -26.760710 -80.030703 -148.632203 -0.887549 -0.120277 -0.444039 0.833008 0.502197 1 3 1.000000
3 -36.712350 -94.011338 -132.785585 -0.941149 -0.178724 -0.286337 0.833008 0.625488 1 3 1.000000
3 -28.452419 -75.783445 -145.027189 -0.965304 0.077769 -0.247436 0.750000 0.502197 1 3 1.000000
1fireff1_01_ne03_mesh1
3 -36.712350 -94.011338 -132.785585 -0.941149 -0.178724 -0.286337 0.833008 0.625488 1 3 1.000000
3 -36.700570 -89.602380 -130.915888 -0.965663 0.154133 -0.207776 0.750000 0.625488 1 3 1.000000
3 -28.452419 -75.783445 -145.027189 -0.965304 0.077769 -0.247436 0.750000 0.502197 1 3 1.000000
1fireff1_01_ne03_mesh1
3 -28.452419 -75.783445 -145.027189 -0.965304 0.077769 -0.247436 0.750000 0.502197 1 3 1.000000
3 -36.700570 -89.602380 -130.915888 -0.965663 0.154133 -0.207776 0.750000 0.625488 1 3 1.000000
3 -28.780684 -72.092761 -141.721719 -0.911326 0.379857 0.158089 0.666504 0.502197 1 3 1.000000
1fireff1_01_ne03_mesh1
3 -36.700570 -89.602380 -130.915888 -0.965663 0.154133 -0.207776 0.750000 0.625488 1 3 1.000000
3 -35.104518 -85.255744 -128.651355 -0.833089 0.552118 -0.011648 0.666504 0.625488 1 3 1.000000
3 -28.780684 -72.092761 -141.721719 -0.911326 0.379857 0.158089 0.666504 0.502197 1 3 1.000000
1fireff1_01_ne03_mesh1
3 -28.780684 -72.092761 -141.721719 -0.911326 0.379857 0.158089 0.666504 0.502197 1 3 1.000000
3 -35.104518 -85.255744 -128.651355 -0.833089 0.552118 -0.011648 0.666504 0.625488 1 3 1.000000
3 -26.231237 -70.896184 -138.496892 -0.431936 0.691394 0.578531 0.583008 0.502197 1 3 1.000000
1fireff1_01_ne03_mesh1
3 -35.104518 -85.255744 -128.651355 -0.833089 0.552118 -0.011648 0.666504 0.625488 1 3 1.000000
3 -31.095514 -82.787014 -125.140541 -0.359790 0.897033 0.254548 0.583008 0.625488 1 3 1.000000
3 -26.231237 -70.896184 -138.496892 -0.431936 0.691394 0.578531 0.583008 0.502197 1 3 1.000000
1fireff1_01_ne03_mesh1
3 -26.231237 -70.896184 -138.496892 -0.431936 0.691394 0.578531 0.583008 0.502197 1 3 1.000000
3 -31.095514 -82.787014 -125.140541 -0.359790 0.897033 0.254548 0.583008 0.625488 1 3 1.000000
3 -21.459852 -71.650041 -136.568018 0.096079 0.745618 0.659368 0.500000 0.502197 1 3 1.000000
1fireff1_01_ne03_mesh1
3 -31.095514 -82.787014 -125.140541 -0.359790 0.897033 0.254548 0.583008 0.625488 1 3 1.000000
3 -25.759399 -82.226082 -121.805539 0.085641 0.933591 0.346631 0.500000 0.625488 1 3 1.000000
3 -21.459852 -71.650041 -136.568018 0.096079 0.745618 0.659368 0.500000 0.502197 1 3 1.000000
1fireff1_01_ne03_mesh1
3 -21.459852 -71.650041 -136.568018 0.096079 0.745618 0.659368 0.500000 0.502197 1 3 1.000000
3 -25.759399 -82.226082 -121.805539 0.085641 0.933591 0.346631 0.500000 0.625488 1 3 1.000000
3 -16.346083 -72.552829 -138.326274 0.607089 0.551239 0.571856 0.416504 0.502197 1 3 1.000000
1fireff1_01_ne03_mesh1
3 -25.759399 -82.226082 -121.805539 0.085641 0.933591 0.346631 0.500000 0.625488 1 3 1.000000
3 -20.730599 -82.432113 -122.263536 0.536791 0.737379 0.409337 0.416504 0.625488 1 3 1.000000
3 -16.346083 -72.552829 -138.326274 0.607089 0.551239 0.571856 0.416504 0.502197 1 3 1.000000
1fireff1_01_ne03_mesh1
3 -16.346083 -72.552829 -138.326274 0.607089 0.551239 0.571856 0.416504 0.502197 1 3 1.000000
3 -20.730599 -82.432113 -122.263536 0.536791 0.737379 0.409337 0.416504 0.625488 1 3 1.000000
3 -11.597474 -74.703927 -142.630789 0.874856 0.290133 0.386606 0.333252 0.502197 1 3 1.000000
1fireff1_01_ne03_mesh1
3 -20.730599 -82.432113 -122.263536 0.536791 0.737379 0.409337 0.416504 0.625488 1 3 1.000000
3 -17.109823 -84.464516 -125.667079 0.872283 0.325642 0.363825 0.333252 0.625488 1 3 1.000000
3 -11.597474 -74.703927 -142.630789 0.874856 0.290133 0.386606 0.333252 0.502197 1 3 1.000000
1fireff1_01_ne03_mesh1
3 -11.597474 -74.703927 -142.630789 0.874856 0.290133 0.386606 0.333252 0.502197 1 3 1.000000
3 -17.109823 -84.464516 -125.667079 0.872283 0.325642 0.363825 0.333252 0.625488 1 3 1.000000
3 -8.697452 -79.161214 -146.149503 0.984043 -0.074972 0.159614 0.250000 0.502197 1 3 1.000000
1fireff1_01_ne03_mesh1
3 -17.109823 -84.464516 -125.667079 0.872283 0.325642 0.363825 0.333252 0.625488 1 3 1.000000
3 -15.954290 -88.823865 -128.637376 0.959930 -0.207631 0.186588 0.250000 0.625488 1 3 1.000000
3 -8.697452 -79.161214 -146.149503 0.984043 -0.074972 0.159614 0.250000 0.502197 1 3 1.000000
1fireff1_01_ne03_mesh1
3 -8.697452 -79.161214 -146.149503 0.984043 -0.074972 0.159614 0.250000 0.502197 1 3 1.000000
3 -15.954290 -88.823865 -128.637376 0.959930 -0.207631 0.186588 0.250000 0.625488 1 3 1.000000
3 -9.661263 -82.993029 -149.113860 0.752292 -0.615189 -0.234799 0.166626 0.502197 1 3 1.000000
1fireff1_01_ne03_mesh1
3 -15.954290 -88.823865 -128.637376 0.959930 -0.207631 0.186588 0.250000 0.625488 1 3 1.000000
3 -18.634558 -92.871789 -130.453181 0.677908 -0.724999 -0.118934 0.166626 0.625488 1 3 1.000000
3 -9.661263 -82.993029 -149.113860 0.752292 -0.615189 -0.234799 0.166626 0.502197 1 3 1.000000
1fireff1_01_ne03_mesh1
3 -9.661263 -82.993029 -149.113860 0.752292 -0.615189 -0.234799 0.166626 0.502197 1 3 1.000000
3 -18.634558 -92.871789 -130.453181 0.677908 -0.724999 -0.118934 0.166626 0.625488 1 3 1.000000
3 -14.032766 -84.154567 -152.442848 0.277659 -0.800496 -0.530829 0.083313 0.502197 1 3 1.000000
1fireff1_01_ne03_mesh1
3 -18.634558 -92.871789 -130.453181 0.677908 -0.724999 -0.118934 0.166626 0.625488 1 3 1.000000
3 -24.053445 -94.616535 -132.501262 0.305949 -0.899689 -0.310103 0.083313 0.625488 1 3 1.000000
3 -14.032766 -84.154567 -152.442848 0.277659 -0.800496 -0.530829 0.083313 0.502197 1 3 1.000000
1fireff1_01_ne03_mesh1
3 -14.032766 -84.154567 -152.442848 0.277659 -0.800496 -0.530829 0.083313 0.502197 1 3 1.000000
3 -24.053445 -94.616535 -132.501262 0.305949 -0.899689 -0.310103 0.083313 0.625488 1 3 1.000000
3 -19.516938 -83.990899 -153.884139 -0.131832 -0.755561 -0.641125 0.000000 0.502197 1 3 1.000000
1fireff1_01_ne03_mesh1
3 -24.053445 -94.616535 -132.501262 0.305949 -0.899689 -0.310103 0.083313 0.625488 1 3 1.000000
3 -29.963736 -95.456646 -134.219639 -0.043030 -0.903318 -0.425736 0.000000 0.625488 1 3 1.000000
3 -19.516938 -83.990899 -153.884139 -0.131832 -0.755561 -0.641125 0.000000 0.502197 1 3 1.000000
1fireff1_01_ne03_mesh1
3 -29.963736 -95.456646 -134.219639 -0.043030 -0.903318 -0.425736 1.000000 0.625488 1 3 1.000000
3 -31.284970 -103.880150 -108.863976 -0.188637 -0.935290 -0.298226 1.000000 0.748779 1 3 1.000000
3 -34.664029 -96.001292 -134.172263 -0.636894 -0.627782 -0.446766 0.916504 0.625488 1 3 1.000000
1fireff1_01_ne03_mesh1
3 -31.284970 -103.880150 -108.863976 -0.188637 -0.935290 -0.298226 1.000000 0.748779 1 3 1.000000
3 -35.487115 -100.900223 -107.523962 -0.769239 -0.621769 -0.146441 0.916504 0.748779 1 3 1.000000
3 -34.664029 -96.001292 -134.172263 -0.636894 -0.627782 -0.446766 0.916504 0.625488 1 3 1.000000
1fireff1_01_ne03_mesh1
3 -34.664029 -96.001292 -134.172263 -0.636894 -0.627782 -0.446766 0.916504 0.625488 1 3 1.000000
3 -35.487115 -100.900223 -107.523962 -0.769239 -0.621769 -0.146441 0.916504 0.748779 1 3 1.000000
3 -36.712350 -94.011338 -132.785585 -0.941149 -0.178724 -0.286337 0.833008 0.625488 1 3 1.000000
1fireff1_01_ne03_mesh1
3 -35.487115 -100.900223 -107.523962 -0.769239 -0.621769 -0.146441 0.916504 0.748779 1 3 1.000000
3 -37.523468 -94.580840 -106.414024 -0.969275 -0.237701 -0.054812 0.833008 0.748779 1 3 1.000000
3 -36.712350 -94.011338 -132.785585 -0.941149 -0.178724 -0.286337 0.833008 0.625488 1 3 1.000000
1fireff1_01_ne03_mesh1
3 -36.712350 -94.011338 -132.785585 -0.941149 -0.178724 -0.286337 0.833008 0.625488 1 3 1.000000
3 -37.523468 -94.580840 -106.414024 -0.969275 -0.237701 -0.054812 0.833008 0.748779 1 3 1.000000
3 -36.700570 -89.602380 -130.915888 -0.965663 0.154133 -0.207776 0.750000 0.625488 1 3 1.000000
1fireff1_01_ne03_mesh1
3 -37.523468 -94.580840 -106.414024 -0.969275 -0.237701 -0.054812 0.833008 0.748779 1 3 1.000000
3 -38.090207 -88.086138 -105.800469 -0.981374 0.191399 -0.011988 0.750000 0.748779 1 3 1.000000
3 -36.700570 -89.602380 -130.915888 -0.965663 0.154133 -0.207776 0.750000 0.625488 1 3 1.000000
1fireff1_01_ne03_mesh1
3 -36.700570 -89.602380 -130.915888 -0.965663 0.154133 -0.207776 0.750000 0.625488 1 3 1.000000
3 -38.090207 -88.086138 -105.800469 -0.981374 0.191399 -0.011988 0.750000 0.748779 1 3 1.000000
3 -35.104518 -85.255744 -128.651355 -0.833089 0.552118 -0.011648 0.666504 0.625488 1 3 1.000000
1fireff1_01_ne03_mesh1
3 -38.090207 -88.086138 -105.800469 -0.981374 0.191399 -0.011988 0.750000 0.748779 1 3 1.000000
3 -36.202126 -84.517230 -104.498570 -0.648732 0.756823 0.077298 0.666504 0.748779 1 3 1.000000
3 -35.104518 -85.255744 -128.651355 -0.833089 0.552118 -0.011648 0.666504 0.625488 1 3 1.000000
1fireff1_01_ne03_mesh1
3 -35.104518 -85.255744 -128.651355 -0.833089 0.552118 -0.011648 0.666504 0.625488 1 3 1.000000
3 -36.202126 -84.517230 -104.498570 -0.648732 0.756823 0.077298 0.666504 0.748779 1 3 1.000000
3 -31.095514 -82.787014 -125.140541 -0.359790 0.897033 0.254548 0.583008 0.625488 1 3 1.000000
1fireff1_01_ne03_mesh1
3 -36.202126 -84.517230 -104.498570 -0.648732 0.756823 0.077298 0.666504 0.748779 1 3 1.000000
3 -31.660921 -84.195152 -102.357456 -0.114859 0.978977 0.166309 0.583008 0.748779 1 3 1.000000
3 -31.095514 -82.787014 -125.140541 -0.359790 0.897033 0.254548 0.583008 0.625488 1 3 1.000000
1fireff1_01_ne03_mesh1
3 -31.095514 -82.787014 -125.140541 -0.359790 0.897033 0.254548 0.583008 0.625488 1 3 1.000000
3 -31.660921 -84.195152 -102.357456 -0.114859 0.978977 0.166309 0.583008 0.748779 1 3 1.000000
3 -25.759399 -82.226082 -121.805539 0.085641 0.933591 0.346631 0.500000 0.625488 1 3 1.000000
1fireff1_01_ne03_mesh1
3 -31.660921 -84.195152 -102.357456 -0.114859 0.978977 0.166309 0.583008 0.748779 1 3 1.000000
3 -26.491397 -85.694549 -100.759327 0.248130 0.951632 0.179828 0.500000 0.748779 1 3 1.000000
3 -25.759399 -82.226082 -121.805539 0.085641 0.933591 0.346631 0.500000 0.625488 1 3 1.000000
1fireff1_01_ne03_mesh1
3 -25.759399 -82.226082 -121.805539 0.085641 0.933591 0.346631 0.500000 0.625488 1 3 1.000000
3 -26.491397 -85.694549 -100.759327 0.248130 0.951632 0.179828 0.500000 0.748779 1 3 1.000000
3 -20.730599 -82.432113 -122.263536 0.536791 0.737379 0.409337 0.416504 0.625488 1 3 1.000000
1fireff1_01_ne03_mesh1
3 -26.491397 -85.694549 -100.759327 0.248130 0.951632 0.179828 0.500000 0.748779 1 3 1.000000
3 -22.384328 -88.403134 -101.669755 0.655132 0.736844 0.165573 0.416504 0.748779 1 3 1.000000
3 -20.730599 -82.432113 -122.263536 0.536791 0.737379 0.409337 0.416504 0.625488 1 3 1.000000
1fireff1_01_ne03_mesh1
3 -20.730599 -82.432113 -122.263536 0.536791 0.737379 0.409337 0.416504 0.625488 1 3 1.000000
3 -22.384328 -88.403134 -101.669755 0.655132 0.736844 0.165573 0.416504 0.748779 1 3 1.000000
3 -17.109823 -84.464516 -125.667079 0.872283 0.325642 0.363825 0.333252 0.625488 1 3 1.000000
1fireff1_01_ne03_mesh1
3 -22.384328 -88.403134 -101.669755 0.655132 0.736844 0.165573 0.416504 0.748779 1 3 1.000000
3 -20.074178 -91.552441 -104.448622 0.931312 0.333192 0.145958 0.333252 0.748779 1 3 1.000000
3 -17.109823 -84.464516 -125.667079 0.872283 0.325642 0.363825 0.333252 0.625488 1 3 1.000000
1fireff1_01_ne03_mesh1
3 -17.109823 -84.464516 -125.667079 0.872283 0.325642 0.363825 0.333252 0.625488 1 3 1.000000
3 -20.074178 -91.552441 -104.448622 0.931312 0.333192 0.145958 0.333252 0.748779 1 3 1.000000
3 -15.954290 -88.823865 -128.637376 0.959930 -0.207631 0.186588 0.250000 0.625488 1 3 1.000000
1fireff1_01_ne03_mesh1
3 -20.074178 -91.552441 -104.448622 0.931312 0.333192 0.145958 0.333252 0.748779 1 3 1.000000
3 -19.147730 -94.870239 -107.240335 0.991484 -0.119549 0.041202 0.250000 0.748779 1 3 1.000000
3 -15.954290 -88.823865 -128.637376 0.959930 -0.207631 0.186588 0.250000 0.625488 1 3 1.000000
1fireff1_01_ne03_mesh1
3 -15.954290 -88.823865 -128.637376 0.959930 -0.207631 0.186588 0.250000 0.625488 1 3 1.000000
3 -19.147730 -94.870239 -107.240335 0.991484 -0.119549 0.041202 0.250000 0.748779 1 3 1.000000
3 -18.634558 -92.871789 -130.453181 0.677908 -0.724999 -0.118934 0.166626 0.625488 1 3 1.000000
1fireff1_01_ne03_mesh1
3 -19.147730 -94.870239 -107.240335 0.991484 -0.119549 0.041202 0.250000 0.748779 1 3 1.000000
3 -20.777028 -99.023243 -108.460512 0.783449 -0.598202 -0.165684 0.166626 0.748779 1 3 1.000000
3 -18.634558 -92.871789 -130.453181 0.677908 -0.724999 -0.118934 0.166626 0.625488 1 3 1.000000
1fireff1_01_ne03_mesh1
3 -18.634558 -92.871789 -130.453181 0.677908 -0.724999 -0.118934 0.166626 0.625488 1 3 1.000000
3 -20.777028 -99.023243 -108.460512 0.783449 -0.598202 -0.165684 0.166626 0.748779 1 3 1.000000
3 -24.053445 -94.616535 -132.501262 0.305949 -0.899689 -0.310103 0.083313 0.625488 1 3 1.000000
1fireff1_01_ne03_mesh1
3 -20.777028 -99.023243 -108.460512 0.783449 -0.598202 -0.165684 0.166626 0.748779 1 3 1.000000
3 -25.631276 -102.679905 -108.970688 0.369402 -0.875678 -0.310537 0.083313 0.748779 1 3 1.000000
3 -24.053445 -94.616535 -132.501262 0.305949 -0.899689 -0.310103 0.083313 0.625488 1 3 1.000000
1fireff1_01_ne03_mesh1
3 -24.053445 -94.616535 -132.501262 0.305949 -0.899689 -0.310103 0.083313 0.625488 1 3 1.000000
3 -25.631276 -102.679905 -108.970688 0.369402 -0.875678 -0.310537 0.083313 0.748779 1 3 1.000000
3 -29.963736 -95.456646 -134.219639 -0.043030 -0.903318 -0.425736 0.000000 0.625488 1 3 1.000000
1fireff1_01_ne03_mesh1
3 -25.631276 -102.679905 -108.970688 0.369402 -0.875678 -0.310537 0.083313 0.748779 1 3 1.000000
3 -31.284970 -103.880150 -108.863976 -0.188637 -0.935290 -0.298226 0.000000 0.748779 1 3 1.000000
3 -29.963736 -95.456646 -134.219639 -0.043030 -0.903318 -0.425736 0.000000 0.625488 1 3 1.000000
1fireff1_01_ne03_mesh1
3 -31.284970 -103.880150 -108.863976 -0.188637 -0.935290 -0.298226 1.000000 0.748779 1 3 1.000000
3 -29.985066 -112.230177 -86.302377 -0.252824 -0.963206 0.089043 1.000000 0.871948 1 3 1.000000
3 -35.487115 -100.900223 -107.523962 -0.769239 -0.621769 -0.146441 0.916504 0.748779 1 3 1.000000
1fireff1_01_ne03_mesh1
3 -29.985066 -112.230177 -86.302377 -0.252824 -0.963206 0.089043 1.000000 0.871948 1 3 1.000000
3 -33.960223 -107.318635 -86.627185 -0.813302 -0.581309 -0.000082 0.916504 0.871948 1 3 1.000000
3 -35.487115 -100.900223 -107.523962 -0.769239 -0.621769 -0.146441 0.916504 0.748779 1 3 1.000000
1fireff1_01_ne03_mesh1
3 -35.487115 -100.900223 -107.523962 -0.769239 -0.621769 -0.146441 0.916504 0.748779 1 3 1.000000
3 -33.960223 -107.318635 -86.627185 -0.813302 -0.581309 -0.000082 0.916504 0.871948 1 3 1.000000
3 -37.523468 -94.580840 -106.414024 -0.969275 -0.237701 -0.054812 0.833008 0.748779 1 3 1.000000
1fireff1_01_ne03_mesh1
3 -33.960223 -107.318635 -86.627185 -0.813302 -0.581309 -0.000082 0.916504 0.871948 1 3 1.000000
3 -36.840290 -100.631438 -87.118794 -0.967408 -0.244606 -0.059480 0.833008 0.871948 1 3 1.000000
3 -37.523468 -94.580840 -106.414024 -0.969275 -0.237701 -0.054812 0.833008 0.748779 1 3 1.000000
1fireff1_01_ne03_mesh1
3 -37.523468 -94.580840 -106.414024 -0.969275 -0.237701 -0.054812 0.833008 0.748779 1 3 1.000000
3 -36.840290 -100.631438 -87.118794 -0.967408 -0.244606 -0.059480 0.833008 0.871948 1 3 1.000000
3 -38.090207 -88.086138 -105.800469 -0.981374 0.191399 -0.011988 0.750000 0.748779 1 3 1.000000
1fireff1_01_ne03_mesh1
3 -36.840290 -100.631438 -87.118794 -0.967408 -0.244606 -0.059480 0.833008 0.871948 1 3 1.000000
3 -38.457841 -94.643092 -87.577820 -0.984578 0.152706 -0.080526 0.750000 0.871948 1 3 1.000000
3 -38.090207 -88.086138 -105.800469 -0.981374 0.191399 -0.011988 0.750000 0.748779 1 3 1.000000
1fireff1_01_ne03_mesh1
3 -38.090207 -88.086138 -105.800469 -0.981374 0.191399 -0.011988 0.750000 0.748779 1 3 1.000000
3 -38.457841 -94.643092 -87.577820 -0.984578 0.152706 -0.080526 0.750000 0.871948 1 3 1.000000
3 -36.202126 -84.517230 -104.498570 -0.648732 0.756823 0.077298 0.666504 0.748779 1 3 1.000000
1fireff1_01_ne03_mesh1
3 -38.457841 -94.643092 -87.577820 -0.984578 0.152706 -0.080526 0.750000 0.871948 1 3 1.000000
3 -36.680752 -89.906262 -88.000567 -0.666582 0.743009 -0.053232 0.666504 0.871948 1 3 1.000000
3 -36.202126 -84.517230 -104.498570 -0.648732 0.756823 0.077298 0.666504 0.748779 1 3 1.000000
1fireff1_01_ne03_mesh1
3 -36.202126 -84.517230 -104.498570 -0.648732 0.756823 0.077298 0.666504 0.748779 1 3 1.000000
3 -36.680752 -89.906262 -88.000567 -0.666582 0.743009 -0.053232 0.666504 0.871948 1 3 1.000000
3 -31.660921 -84.195152 -102.357456 -0.114859 0.978977 0.166309 0.583008 0.748779 1 3 1.000000
1fireff1_01_ne03_mesh1
3 -36.680752 -89.906262 -88.000567 -0.666582 0.743009 -0.053232 0.666504 0.871948 1 3 1.000000
3 -31.949840 -87.881975 -88.258739 -0.117695 0.991275 -0.049116 0.583008 0.871948 1 3 1.000000
3 -31.660921 -84.195152 -102.357456 -0.114859 0.978977 0.166309 0.583008 0.748779 1 3 1.000000
1fireff1_01_ne03_mesh1
3 -31.660921 -84.195152 -102.357456 -0.114859 0.978977 0.166309 0.583008 0.748779 1 3 1.000000
3 -31.949840 -87.881975 -88.258739 -0.117695 0.991275 -0.049116 0.583008 0.871948 1 3 1.000000
3 -26.491397 -85.694549 -100.759327 0.248130 0.951632 0.179828 0.500000 0.748779 1 3 1.000000
1fireff1_01_ne03_mesh1
3 -31.949840 -87.881975 -88.258739 -0.117695 0.991275 -0.049116 0.583008 0.871948 1 3 1.000000
3 -26.573907 -88.132694 -88.343125 0.299313 0.949433 -0.091247 0.500000 0.871948 1 3 1.000000
3 -26.491397 -85.694549 -100.759327 0.248130 0.951632 0.179828 0.500000 0.748779 1 3 1.000000
1fireff1_01_ne03_mesh1
3 -26.491397 -85.694549 -100.759327 0.248130 0.951632 0.179828 0.500000 0.748779 1 3 1.000000
3 -26.573907 -88.132694 -88.343125 0.299313 0.949433 -0.091247 0.500000 0.871948 1 3 1.000000
3 -22.384328 -88.403134 -101.669755 0.655132 0.736844 0.165573 0.416504 0.748779 1 3 1.000000
1fireff1_01_ne03_mesh1
3 -26.573907 -88.132694 -88.343125 0.299313 0.949433 -0.091247 0.500000 0.871948 1 3 1.000000
3 -22.137622 -89.844427 -88.289494 0.713644 0.689611 -0.119972 0.416504 0.871948 1 3 1.000000
3 -22.384328 -88.403134 -101.669755 0.655132 0.736844 0.165573 0.416504 0.748779 1 3 1.000000
1fireff1_01_ne03_mesh1
3 -22.384328 -88.403134 -101.669755 0.655132 0.736844 0.165573 0.416504 0.748779 1 3 1.000000
3 -22.137622 -89.844427 -88.289494 0.713644 0.689611 -0.119972 0.416504 0.871948 1 3 1.000000
3 -20.074178 -91.552441 -104.448622 0.931312 0.333192 0.145958 0.333252 0.748779 1 3 1.000000
1fireff1_01_ne03_mesh1
3 -22.137622 -89.844427 -88.289494 0.713644 0.689611 -0.119972 0.416504 0.871948 1 3 1.000000
3 -20.006843 -94.652519 -87.937172 0.984957 0.166649 -0.041712 0.333252 0.871948 1 3 1.000000
3 -20.074178 -91.552441 -104.448622 0.931312 0.333192 0.145958 0.333252 0.748779 1 3 1.000000
1fireff1_01_ne03_mesh1
3 -20.074178 -91.552441 -104.448622 0.931312 0.333192 0.145958 0.333252 0.748779 1 3 1.000000
3 -20.006843 -94.652519 -87.937172 0.984957 0.166649 -0.041712 0.333252 0.871948 1 3 1.000000
3 -19.147730 -94.870239 -107.240335 0.991484 -0.119549 0.041202 0.250000 0.748779 1 3 1.000000
1fireff1_01_ne03_mesh1
3 -20.006843 -94.652519 -87.937172 0.984957 0.166649 -0.041712 0.333252 0.871948 1 3 1.000000
3 -19.630415 -101.909411 -87.349985 0.966891 -0.241590 0.081760 0.250000 0.871948 1 3 1.000000
3 -19.147730 -94.870239 -107.240335 0.991484 -0.119549 0.041202 0.250000 0.748779 1 3 1.000000
1fireff1_01_ne03_mesh1
3 -19.147730 -94.870239 -107.240335 0.991484 -0.119549 0.041202 0.250000 0.748779 1 3 1.000000
3 -19.630415 -101.909411 -87.349985 0.966891 -0.241590 0.081760 0.250000 0.871948 1 3 1.000000
3 -20.777028 -99.023243 -108.460512 0.783449 -0.598202 -0.165684 0.166626 0.748779 1 3 1.000000
1fireff1_01_ne03_mesh1
3 -19.630415 -101.909411 -87.349985 0.966891 -0.241590 0.081760 0.250000 0.871948 1 3 1.000000
3 -20.815190 -108.097856 -86.819892 0.786965 -0.606589 0.112207 0.166626 0.871948 1 3 1.000000
3 -20.777028 -99.023243 -108.460512 0.783449 -0.598202 -0.165684 0.166626 0.748779 1 3 1.000000
1fireff1_01_ne03_mesh1
3 -20.777028 -99.023243 -108.460512 0.783449 -0.598202 -0.165684 0.166626 0.748779 1 3 1.000000
3 -20.815190 -108.097856 -86.819892 0.786965 -0.606589 0.112207 0.166626 0.871948 1 3 1.000000
3 -25.631276 -102.679905 -108.970688 0.369402 -0.875678 -0.310537 0.083313 0.748779 1 3 1.000000
1fireff1_01_ne03_mesh1
3 -20.815190 -108.097856 -86.819892 0.786965 -0.606589 0.112207 0.166626 0.871948 1 3 1.000000
3 -24.803235 -112.028108 -86.420072 0.398332 -0.910091 0.110095 0.083313 0.871948 1 3 1.000000
3 -25.631276 -102.679905 -108.970688 0.369402 -0.875678 -0.310537 0.083313 0.748779 1 3 1.000000
1fireff1_01_ne03_mesh1
3 -25.631276 -102.679905 -108.970688 0.369402 -0.875678 -0.310537 0.083313 0.748779 1 3 1.000000
3 -24.803235 -112.028108 -86.420072 0.398332 -0.910091 0.110095 0.083313 0.871948 1 3 1.000000
3 -31.284970 -103.880150 -108.863976 -0.188637 -0.935290 -0.298226 0.000000 0.748779 1 3 1.000000
1fireff1_01_ne03_mesh1
3 -24.803235 -112.028108 -86.420072 0.398332 -0.910091 0.110095 0.083313 0.871948 1 3 1.000000
3 -29.985066 -112.230177 -86.302377 -0.252824 -0.963206 0.089043 0.000000 0.871948 1 3 1.000000
3 -31.284970 -103.880150 -108.863976 -0.188637 -0.935290 -0.298226 0.000000 0.748779 1 3 1.000000
1fireff1_01_ne03_mesh1
3 -29.985066 -112.230177 -86.302377 -0.252824 -0.963206 0.089043 1.000000 0.871948 1 3 1.000000
3 -34.812531 -99.272039 -65.366843 -0.206426 -0.882381 0.422107 1.000000 0.995125 1 3 1.000000
3 -33.960223 -107.318635 -86.627185 -0.813302 -0.581309 -0.000082 0.916504 0.871948 1 3 1.000000
1fireff1_01_ne03_mesh1
3 -34.812531 -99.272039 -65.366843 -0.206426 -0.882381 0.422107 1.000000 0.995125 1 3 1.000000
3 -39.086835 -96.533229 -67.009931 -0.776981 -0.593169 0.209803 0.916504 0.995125 1 3 1.000000
3 -33.960223 -107.318635 -86.627185 -0.813302 -0.581309 -0.000082 0.916504 0.871948 1 3 1.000000
1fireff1_01_ne03_mesh1
3 -33.960223 -107.318635 -86.627185 -0.813302 -0.581309 -0.000082 0.916504 0.871948 1 3 1.000000
3 -39.086835 -96.533229 -67.009931 -0.776981 -0.593169 0.209803 0.916504 0.995125 1 3 1.000000
3 -36.840290 -100.631438 -87.118794 -0.967408 -0.244606 -0.059480 0.833008 0.871948 1 3 1.000000
1fireff1_01_ne03_mesh1
3 -39.086835 -96.533229 -67.009931 -0.776981 -0.593169 0.209803 0.916504 0.995125 1 3 1.000000
3 -40.366464 -90.667404 -69.053403 -0.993117 -0.112474 0.028858 0.833008 0.995125 1 3 1.000000
3 -36.840290 -100.631438 -87.118794 -0.967408 -0.244606 -0.059480 0.833008 0.871948 1 3 1.000000
1fireff1_01_ne03_mesh1
3 -36.840290 -100.631438 -87.118794 -0.967408 -0.244606 -0.059480 0.833008 0.871948 1 3 1.000000
3 -40.366464 -90.667404 -69.053403 -0.993117 -0.112474 0.028858 0.833008 0.995125 1 3 1.000000
3 -38.457841 -94.643092 -87.577820 -0.984578 0.152706 -0.080526 0.750000 0.871948 1 3 1.000000
1fireff1_01_ne03_mesh1
3 -40.366464 -90.667404 -69.053403 -0.993117 -0.112474 0.028858 0.833008 0.995125 1 3 1.000000
3 -38.374751 -84.978015 -70.692982 -0.856097 0.501949 -0.120649 0.750000 0.995125 1 3 1.000000
3 -38.457841 -94.643092 -87.577820 -0.984578 0.152706 -0.080526 0.750000 0.871948 1 3 1.000000
1fireff1_01_ne03_mesh1
3 -38.457841 -94.643092 -87.577820 -0.984578 0.152706 -0.080526 0.750000 0.871948 1 3 1.000000
3 -38.374751 -84.978015 -70.692982 -0.856097 0.501949 -0.120649 0.750000 0.995125 1 3 1.000000
3 -36.680752 -89.906262 -88.000567 -0.666582 0.743009 -0.053232 0.666504 0.871948 1 3 1.000000
1fireff1_01_ne03_mesh1
3 -38.374751 -84.978015 -70.692982 -0.856097 0.501949 -0.120649 0.750000 0.995125 1 3 1.000000
3 -32.777174 -82.574415 -72.630291 -0.501120 0.834809 -0.225962 0.666504 0.995125 1 3 1.000000
3 -36.680752 -89.906262 -88.000567 -0.666582 0.743009 -0.053232 0.666504 0.871948 1 3 1.000000
1fireff1_01_ne03_mesh1
3 -36.680752 -89.906262 -88.000567 -0.666582 0.743009 -0.053232 0.666504 0.871948 1 3 1.000000
3 -32.777174 -82.574415 -72.630291 -0.501120 0.834809 -0.225962 0.666504 0.995125 1 3 1.000000
3 -31.949840 -87.881975 -88.258739 -0.117695 0.991275 -0.049116 0.583008 0.871948 1 3 1.000000
1fireff1_01_ne03_mesh1
3 -32.777174 -82.574415 -72.630291 -0.501120 0.834809 -0.225962 0.666504 0.995125 1 3 1.000000
3 -28.740205 -82.520063 -74.969656 -0.132461 0.940923 -0.311321 0.583008 0.995125 1 3 1.000000
3 -31.949840 -87.881975 -88.258739 -0.117695 0.991275 -0.049116 0.583008 0.871948 1 3 1.000000
1fireff1_01_ne03_mesh1
3 -31.949840 -87.881975 -88.258739 -0.117695 0.991275 -0.049116 0.583008 0.871948 1 3 1.000000
3 -28.740205 -82.520063 -74.969656 -0.132461 0.940923 -0.311321 0.583008 0.995125 1 3 1.000000
3 -26.573907 -88.132694 -88.343125 0.299313 0.949433 -0.091247 0.500000 0.871948 1 3 1.000000
1fireff1_01_ne03_mesh1
3 -28.740205 -82.520063 -74.969656 -0.132461 0.940923 -0.311321 0.583008 0.995125 1 3 1.000000
3 -24.132664 -84.156471 -76.501691 0.242116 0.904679 -0.350137 0.500000 0.995125 1 3 1.000000
3 -26.573907 -88.132694 -88.343125 0.299313 0.949433 -0.091247 0.500000 0.871948 1 3 1.000000
1fireff1_01_ne03_mesh1
3 -26.573907 -88.132694 -88.343125 0.299313 0.949433 -0.091247 0.500000 0.871948 1 3 1.000000
3 -24.132664 -84.156471 -76.501691 0.242116 0.904679 -0.350137 0.500000 0.995125 1 3 1.000000
3 -22.137622 -89.844427 -88.289494 0.713644 0.689611 -0.119972 0.416504 0.871948 1 3 1.000000
1fireff1_01_ne03_mesh1
3 -24.132664 -84.156471 -76.501691 0.242116 0.904679 -0.350137 0.500000 0.995125 1 3 1.000000
3 -19.483933 -86.813310 -75.322602 0.636845 0.687498 -0.347671 0.416504 0.995125 1 3 1.000000
3 -22.137622 -89.844427 -88.289494 0.713644 0.689611 -0.119972 0.416504 0.871948 1 3 1.000000
1fireff1_01_ne03_mesh1
3 -22.137622 -89.844427 -88.289494 0.713644 0.689611 -0.119972 0.416504 0.871948 1 3 1.000000
3 -19.483933 -86.813310 -75.322602 0.636845 0.687498 -0.347671 0.416504 0.995125 1 3 1.000000
3 -20.006843 -94.652519 -87.937172 0.984957 0.166649 -0.041712 0.333252 0.871948 1 3 1.000000
1fireff1_01_ne03_mesh1
3 -19.483933 -86.813310 -75.322602 0.636845 0.687498 -0.347671 0.416504 0.995125 1 3 1.000000
3 -16.641016 -89.575183 -72.160034 0.983935 0.107641 -0.141842 0.333252 0.995125 1 3 1.000000
3 -20.006843 -94.652519 -87.937172 0.984957 0.166649 -0.041712 0.333252 0.871948 1 3 1.000000
1fireff1_01_ne03_mesh1
3 -20.006843 -94.652519 -87.937172 0.984957 0.166649 -0.041712 0.333252 0.871948 1 3 1.000000
3 -16.641016 -89.575183 -72.160034 0.983935 0.107641 -0.141842 0.333252 0.995125 1 3 1.000000
3 -19.630415 -101.909411 -87.349985 0.966891 -0.241590 0.081760 0.250000 0.871948 1 3 1.000000
1fireff1_01_ne03_mesh1
3 -16.641016 -89.575183 -72.160034 0.983935 0.107641 -0.141842 0.333252 0.995125 1 3 1.000000
3 -19.369222 -91.497545 -68.903863 0.871344 -0.456963 0.177213 0.250000 0.995125 1 3 1.000000
3 -19.630415 -101.909411 -87.349985 0.966891 -0.241590 0.081760 0.250000 0.871948 1 3 1.000000
1fireff1_01_ne03_mesh1
3 -19.630415 -101.909411 -87.349985 0.966891 -0.241590 0.081760 0.250000 0.871948 1 3 1.000000
3 -19.369222 -91.497545 -68.903863 0.871344 -0.456963 0.177213 0.250000 0.995125 1 3 1.000000
3 -20.815190 -108.097856 -86.819892 0.786965 -0.606589 0.112207 0.166626 0.871948 1 3 1.000000
1fireff1_01_ne03_mesh1
3 -19.369222 -91.497545 -68.903863 0.871344 -0.456963 0.177213 0.250000 0.995125 1 3 1.000000
3 -23.539222 -94.770757 -66.962094 0.694239 -0.641772 0.324615 0.166626 0.995125 1 3 1.000000
3 -20.815190 -108.097856 -86.819892 0.786965 -0.606589 0.112207 0.166626 0.871948 1 3 1.000000
1fireff1_01_ne03_mesh1
3 -20.815190 -108.097856 -86.819892 0.786965 -0.606589 0.112207 0.166626 0.871948 1 3 1.000000
3 -23.539222 -94.770757 -66.962094 0.694239 -0.641772 0.324615 0.166626 0.995125 1 3 1.000000
3 -24.803235 -112.028108 -86.420072 0.398332 -0.910091 0.110095 0.083313 0.871948 1 3 1.000000
1fireff1_01_ne03_mesh1
3 -23.539222 -94.770757 -66.962094 0.694239 -0.641772 0.324615 0.166626 0.995125 1 3 1.000000
3 -29.176698 -98.085084 -65.676034 0.366029 -0.816108 0.446217 0.083313 0.995125 1 3 1.000000
3 -24.803235 -112.028108 -86.420072 0.398332 -0.910091 0.110095 0.083313 0.871948 1 3 1.000000
1fireff1_01_ne03_mesh1
3 -24.803235 -112.028108 -86.420072 0.398332 -0.910091 0.110095 0.083313 0.871948 1 3 1.000000
3 -29.176698 -98.085084 -65.676034 0.366029 -0.816108 0.446217 0.083313 0.995125 1 3 1.000000
3 -29.985066 -112.230177 -86.302377 -0.252824 -0.963206 0.089043 0.000000 0.871948 1 3 1.000000
1fireff1_01_ne03_mesh1
3 -29.176698 -98.085084 -65.676034 0.366029 -0.816108 0.446217 0.083313 0.995125 1 3 1.000000
3 -34.812531 -99.272039 -65.366843 -0.206426 -0.882381 0.422107 0.000000 0.995125 1 3 1.000000
3 -29.985066 -112.230177 -86.302377 -0.252824 -0.963206 0.089043 0.000000 0.871948 1 3 1.000000
1fireff1_01_ne03_mesh1
3 -28.130676 -87.889627 -41.790002 0.004211 -0.913548 0.405824 0.000000 1.118347 1 3 1.000000
3 -34.812531 -99.272039 -65.366843 -0.206426 -0.882381 0.422107 0.000000 0.995125 1 3 1.000000
3 -23.186411 -87.146303 -43.849968 0.394553 -0.860683 0.320594 0.083313 1.118347 1 3 1.000000
1fireff1_01_ne03_mesh1
3 -34.812531 -99.272039 -65.366843 -0.206426 -0.882381 0.422107 0.000000 0.995125 1 3 1.000000
3 -29.176698 -98.085084 -65.676034 0.366029 -0.816108 0.446217 0.083313 0.995125 1 3 1.000000
3 -23.186411 -87.146303 -43.849968 0.394553 -0.860683 0.320594 0.083313 1.118347 1 3 1.000000
1fireff1_01_ne03_mesh1
3 -23.186411 -87.146303 -43.849968 0.394553 -0.860683 0.320594 0.083313 1.118347 1 3 1.000000
3 -29.176698 -98.085084 -65.676034 0.366029 -0.816108 0.446217 0.083313 0.995125 1 3 1.000000
3 -19.629990 -85.352351 -46.363097 0.645696 -0.729544 0.223179 0.166626 1.118347 1 3 1.000000
1fireff1_01_ne03_mesh1
3 -29.176698 -98.085084 -65.676034 0.366029 -0.816108 0.446217 0.083313 0.995125 1 3 1.000000
3 -23.539222 -94.770757 -66.962094 0.694239 -0.641772 0.324615 0.166626 0.995125 1 3 1.000000
3 -19.629990 -85.352351 -46.363097 0.645696 -0.729544 0.223179 0.166626 1.118347 1 3 1.000000
1fireff1_01_ne03_mesh1
3 -19.629990 -85.352351 -46.363097 0.645696 -0.729544 0.223179 0.166626 1.118347 1 3 1.000000
3 -23.539222 -94.770757 -66.962094 0.694239 -0.641772 0.324615 0.166626 0.995125 1 3 1.000000
3 -16.812754 -81.715397 -48.915777 0.808763 -0.561495 0.173659 0.250000 1.118347 1 3 1.000000
1fireff1_01_ne03_mesh1
3 -23.539222 -94.770757 -66.962094 0.694239 -0.641772 0.324615 0.166626 0.995125 1 3 1.000000
3 -19.369222 -91.497545 -68.903863 0.871344 -0.456963 0.177213 0.250000 0.995125 1 3 1.000000
3 -16.812754 -81.715397 -48.915777 0.808763 -0.561495 0.173659 0.250000 1.118347 1 3 1.000000
1fireff1_01_ne03_mesh1
3 -16.812754 -81.715397 -48.915777 0.808763 -0.561495 0.173659 0.250000 1.118347 1 3 1.000000
3 -19.369222 -91.497545 -68.903863 0.871344 -0.456963 0.177213 0.250000 0.995125 1 3 1.000000
3 -15.643376 -78.478921 -52.508653 0.996930 -0.063049 -0.035861 0.333252 1.118347 1 3 1.000000
1fireff1_01_ne03_mesh1
3 -19.369222 -91.497545 -68.903863 0.871344 -0.456963 0.177213 0.250000 0.995125 1 3 1.000000
3 -16.641016 -89.575183 -72.160034 0.983935 0.107641 -0.141842 0.333252 0.995125 1 3 1.000000
3 -15.643376 -78.478921 -52.508653 0.996930 -0.063049 -0.035861 0.333252 1.118347 1 3 1.000000
1fireff1_01_ne03_mesh1
3 -15.643376 -78.478921 -52.508653 0.996930 -0.063049 -0.035861 0.333252 1.118347 1 3 1.000000
3 -16.641016 -89.575183 -72.160034 0.983935 0.107641 -0.141842 0.333252 0.995125 1 3 1.000000
3 -19.867448 -76.904432 -56.054578 0.548897 0.750195 -0.367722 0.416504 1.118347 1 3 1.000000
1fireff1_01_ne03_mesh1
3 -16.641016 -89.575183 -72.160034 0.983935 0.107641 -0.141842 0.333252 0.995125 1 3 1.000000
3 -19.483933 -86.813310 -75.322602 0.636845 0.687498 -0.347671 0.416504 0.995125 1 3 1.000000
3 -19.867448 -76.904432 -56.054578 0.548897 0.750195 -0.367722 0.416504 1.118347 1 3 1.000000
1fireff1_01_ne03_mesh1
3 -19.867448 -76.904432 -56.054578 0.548897 0.750195 -0.367722 0.416504 1.118347 1 3 1.000000
3 -19.483933 -86.813310 -75.322602 0.636845 0.687498 -0.347671 0.416504 0.995125 1 3 1.000000
3 -24.763778 -76.794804 -56.344733 0.138879 0.931823 -0.333368 0.500000 1.118347 1 3 1.000000
1fireff1_01_ne03_mesh1
3 -19.483933 -86.813310 -75.322602 0.636845 0.687498 -0.347671 0.416504 0.995125 1 3 1.000000
3 -24.132664 -84.156471 -76.501691 0.242116 0.904679 -0.350137 0.500000 0.995125 1 3 1.000000
3 -24.763778 -76.794804 -56.344733 0.138879 0.931823 -0.333368 0.500000 1.118347 1 3 1.000000
1fireff1_01_ne03_mesh1
3 -24.763778 -76.794804 -56.344733 0.138879 0.931823 -0.333368 0.500000 1.118347 1 3 1.000000
3 -24.132664 -84.156471 -76.501691 0.242116 0.904679 -0.350137 0.500000 0.995125 1 3 1.000000
3 -30.111822 -76.753539 -52.758610 -0.296359 0.925124 -0.235625 0.583008 1.118347 1 3 1.000000
1fireff1_01_ne03_mesh1
3 -24.132664 -84.156471 -76.501691 0.242116 0.904679 -0.350137 0.500000 0.995125 1 3 1.000000
3 -28.740205 -82.520063 -74.969656 -0.132461 0.940923 -0.311321 0.583008 0.995125 1 3 1.000000
3 -30.111822 -76.753539 -52.758610 -0.296359 0.925124 -0.235625 0.583008 1.118347 1 3 1.000000
1fireff1_01_ne03_mesh1
3 -30.111822 -76.753539 -52.758610 -0.296359 0.925124 -0.235625 0.583008 1.118347 1 3 1.000000
3 -28.740205 -82.520063 -74.969656 -0.132461 0.940923 -0.311321 0.583008 0.995125 1 3 1.000000
3 -33.506214 -78.716842 -48.740202 -0.514595 0.845663 -0.139795 0.666504 1.118347 1 3 1.000000
1fireff1_01_ne03_mesh1
3 -28.740205 -82.520063 -74.969656 -0.132461 0.940923 -0.311321 0.583008 0.995125 1 3 1.000000
3 -32.777174 -82.574415 -72.630291 -0.501120 0.834809 -0.225962 0.666504 0.995125 1 3 1.000000
3 -33.506214 -78.716842 -48.740202 -0.514595 0.845663 -0.139795 0.666504 1.118347 1 3 1.000000
1fireff1_01_ne03_mesh1
3 -33.506214 -78.716842 -48.740202 -0.514595 0.845663 -0.139795 0.666504 1.118347 1 3 1.000000
3 -32.777174 -82.574415 -72.630291 -0.501120 0.834809 -0.225962 0.666504 0.995125 1 3 1.000000
3 -37.452493 -82.046864 -45.738593 -0.878090 0.477096 -0.018830 0.750000 1.118347 1 3 1.000000
1fireff1_01_ne03_mesh1
3 -32.777174 -82.574415 -72.630291 -0.501120 0.834809 -0.225962 0.666504 0.995125 1 3 1.000000
3 -38.374751 -84.978015 -70.692982 -0.856097 0.501949 -0.120649 0.750000 0.995125 1 3 1.000000
3 -37.452493 -82.046864 -45.738593 -0.878090 0.477096 -0.018830 0.750000 1.118347 1 3 1.000000
1fireff1_01_ne03_mesh1
3 -37.452493 -82.046864 -45.738593 -0.878090 0.477096 -0.018830 0.750000 1.118347 1 3 1.000000
3 -38.374751 -84.978015 -70.692982 -0.856097 0.501949 -0.120649 0.750000 0.995125 1 3 1.000000
3 -37.600033 -86.039749 -43.177471 -0.963580 -0.196973 0.178214 0.833008 1.118347 1 3 1.000000
1fireff1_01_ne03_mesh1
3 -38.374751 -84.978015 -70.692982 -0.856097 0.501949 -0.120649 0.750000 0.995125 1 3 1.000000
3 -40.366464 -90.667404 -69.053403 -0.993117 -0.112474 0.028858 0.833008 0.995125 1 3 1.000000
3 -37.600033 -86.039749 -43.177471 -0.963580 -0.196973 0.178214 0.833008 1.118347 1 3 1.000000
1fireff1_01_ne03_mesh1
3 -37.600033 -86.039749 -43.177471 -0.963580 -0.196973 0.178214 0.833008 1.118347 1 3 1.000000
3 -40.366464 -90.667404 -69.053403 -0.993117 -0.112474 0.028858 0.833008 0.995125 1 3 1.000000
3 -33.719766 -88.206973 -41.565945 -0.554364 -0.743655 0.372664 0.916504 1.118347 1 3 1.000000
1fireff1_01_ne03_mesh1
3 -40.366464 -90.667404 -69.053403 -0.993117 -0.112474 0.028858 0.833008 0.995125 1 3 1.000000
3 -39.086835 -96.533229 -67.009931 -0.776981 -0.593169 0.209803 0.916504 0.995125 1 3 1.000000
3 -33.719766 -88.206973 -41.565945 -0.554364 -0.743655 0.372664 0.916504 1.118347 1 3 1.000000
1fireff1_01_ne03_mesh1
3 -33.719766 -88.206973 -41.565945 -0.554364 -0.743655 0.372664 0.916504 1.118347 1 3 1.000000
3 -39.086835 -96.533229 -67.009931 -0.776981 -0.593169 0.209803 0.916504 0.995125 1 3 1.000000
3 -28.130676 -87.889627 -41.790002 0.004211 -0.913548 0.405824 1.000000 1.118347 1 3 1.000000
1fireff1_01_ne03_mesh1
3 -39.086835 -96.533229 -67.009931 -0.776981 -0.593169 0.209803 0.916504 0.995125 1 3 1.000000
3 -34.812531 -99.272039 -65.366843 -0.206426 -0.882381 0.422107 1.000000 0.995125 1 3 1.000000
3 -28.130676 -87.889627 -41.790002 0.004211 -0.913548 0.405824 1.000000 1.118347 1 3 1.000000
1fireff1_01_ne03_mesh1
3 10.693773 36.789545 -32.558272 0.699422 0.369083 0.611743 0.166626 1.906738 1 3 1.000000
3 11.907165 46.063878 -39.539625 0.475776 0.566826 0.672452 0.166626 1.980957 1 3 1.000000
3 7.893269 38.768256 -30.550979 0.615330 0.454265 0.643436 0.083313 1.916504 1 3 1.000000
1fireff1_01_ne03_mesh1
3 11.907165 46.063878 -39.539625 0.475776 0.566826 0.672452 0.166626 1.980957 1 3 1.000000
3 6.162272 46.506905 -36.662251 0.388016 0.622951 0.678835 0.083313 1.980957 1 3 1.000000
3 7.893269 38.768256 -30.550979 0.615330 0.454265 0.643436 0.083313 1.916504 1 3 1.000000
1fireff1_01_ne03_mesh1
3 3.473136 35.305386 -49.626872 -0.214849 -0.808581 -0.547428 0.500000 1.980957 1 3 1.000000
3 1.115324 29.780419 -38.862373 -0.142824 -0.849120 -0.507659 0.750000 1.857910 1 3 1.000000
3 -3.508608 36.207557 -48.703530 -0.534031 -0.605867 -0.589547 0.583008 1.980957 1 3 1.000000
1fireff1_01_ne03_mesh1
3 1.115324 29.780419 -38.862373 -0.142824 -0.849120 -0.507659 0.750000 1.857910 1 3 1.000000
3 -4.111997 29.299640 -39.094829 -0.297233 -0.827112 -0.476218 0.583008 1.925781 1 3 1.000000
3 -3.508608 36.207557 -48.703530 -0.534031 -0.605867 -0.589547 0.583008 1.980957 1 3 1.000000
1fireff1_01_ne03_mesh1
3 -3.508608 36.207557 -48.703530 -0.534031 -0.605867 -0.589547 0.583008 1.980957 1 3 1.000000
3 -4.111997 29.299640 -39.094829 -0.297233 -0.827112 -0.476218 0.583008 1.925781 1 3 1.000000
3 -7.479584 39.151338 -45.137800 -0.964504 0.066393 -0.254229 0.666504 1.980957 1 3 1.000000
1fireff1_01_ne03_mesh1
3 -4.111997 29.299640 -39.094829 -0.297233 -0.827112 -0.476218 0.583008 1.925781 1 3 1.000000
3 -8.930827 31.512619 -37.137722 -0.933554 -0.308922 -0.179345 0.666504 1.923340 1 3 1.000000
3 -7.479584 39.151338 -45.137800 -0.964504 0.066393 -0.254229 0.666504 1.980957 1 3 1.000000
1fireff1_01_ne03_mesh1
3 -7.479584 39.151338 -45.137800 -0.964504 0.066393 -0.254229 0.666504 1.980957 1 3 1.000000
3 -8.930827 31.512619 -37.137722 -0.933554 -0.308922 -0.179345 0.666504 1.923340 1 3 1.000000
3 -8.320823 34.692124 -33.891522 -0.787396 0.449090 0.421727 0.750000 1.917969 1 3 1.000000
1fireff1_01_ne03_mesh1
3 -8.930827 31.512619 -37.137722 -0.933554 -0.308922 -0.179345 0.666504 1.923340 1 3 1.000000
3 -6.244028 28.708423 -26.496485 -0.736285 0.389798 0.552399 0.703613 1.884766 1 3 1.000000
3 -8.320823 34.692124 -33.891522 -0.787396 0.449090 0.421727 0.750000 1.917969 1 3 1.000000
1fireff1_01_ne03_mesh1
3 -8.320823 34.692124 -33.891522 -0.787396 0.449090 0.421727 0.750000 1.917969 1 3 1.000000
3 -6.244028 28.708423 -26.496485 -0.736285 0.389798 0.552399 0.703613 1.884766 1 3 1.000000
3 -5.816554 35.450359 -33.243484 -0.854850 0.340963 0.389977 0.785645 1.917969 1 3 1.000000
1fireff1_01_ne03_mesh1
3 -6.244028 28.708423 -26.496485 -0.736285 0.389798 0.552399 0.703613 1.884766 1 3 1.000000
3 -2.771882 29.950264 -26.331591 -0.418004 -0.544437 0.726675 0.706543 1.871582 1 3 1.000000
3 -5.816554 35.450359 -33.243484 -0.854850 0.340963 0.389977 0.785645 1.917969 1 3 1.000000
1fireff1_01_ne03_mesh1
3 -7.479584 39.151338 -45.137800 -0.964504 0.066393 -0.254229 0.666504 1.980957 1 3 1.000000
3 -8.320823 34.692124 -33.891522 -0.787396 0.449090 0.421727 0.750000 1.917969 1 3 1.000000
3 -4.294851 43.539086 -41.120809 -0.943895 0.319059 -0.082632 0.750000 1.980957 1 3 1.000000
1fireff1_01_ne03_mesh1
3 -8.320823 34.692124 -33.891522 -0.787396 0.449090 0.421727 0.750000 1.917969 1 3 1.000000
3 -5.816554 35.450359 -33.243484 -0.854850 0.340963 0.389977 0.785645 1.917969 1 3 1.000000
3 -4.294851 43.539086 -41.120809 -0.943895 0.319059 -0.082632 0.750000 1.980957 1 3 1.000000
1fireff1_01_ne03_mesh1
3 -4.294851 43.539086 -41.120809 -0.943895 0.319059 -0.082632 0.750000 1.980957 1 3 1.000000
3 -5.816554 35.450359 -33.243484 -0.854850 0.340963 0.389977 0.785645 1.917969 1 3 1.000000
3 -6.446002 38.164301 -30.853053 -0.977754 0.059275 0.198697 0.833008 1.917480 1 3 1.000000
1fireff1_01_ne03_mesh1
3 7.893269 38.768256 -30.550979 0.306094 0.361587 0.880502 0.083313 1.916504 1 3 1.000000
3 6.162272 46.506905 -36.662251 0.645400 0.409868 0.643931 0.083313 1.980957 1 3 1.000000
3 3.862071 38.886755 -29.943020 0.462210 0.409998 0.785655 0.000000 1.915527 1 3 1.000000
1fireff1_01_ne03_mesh1
3 6.162272 46.506905 -36.662251 0.645400 0.409868 0.643931 0.083313 1.980957 1 3 1.000000
3 2.199410 48.466553 -33.439253 0.313606 0.638237 0.702856 0.000000 1.980957 1 3 1.000000
3 3.862071 38.886755 -29.943020 0.462210 0.409998 0.785655 0.000000 1.915527 1 3 1.000000
1fireff1_01_ne03_mesh1
3 -4.294851 43.539086 -41.120809 -0.943895 0.319059 -0.082632 0.750000 1.980957 1 3 1.000000
3 -6.446002 38.164301 -30.853053 -0.977754 0.059275 0.198697 0.833008 1.917480 1 3 1.000000
3 -5.685628 48.084519 -38.507866 -0.879070 0.470888 0.068232 0.833008 1.980957 1 3 1.000000
1fireff1_01_ne03_mesh1
3 -6.446002 38.164301 -30.853053 -0.977754 0.059275 0.198697 0.833008 1.917480 1 3 1.000000
3 -2.652589 49.235725 -35.363608 -0.385524 0.751284 0.535404 0.916504 1.980957 1 3 1.000000
3 -5.685628 48.084519 -38.507866 -0.879070 0.470888 0.068232 0.833008 1.980957 1 3 1.000000
1fireff1_01_ne03_mesh1
3 3.862071 38.886755 -29.943020 0.462210 0.409998 0.785655 0.553711 1.876953 1 3 1.000000
3 1.558426 31.339535 -26.684890 0.635854 0.016305 0.771383 0.166626 1.857910 1 3 1.000000
3 7.893269 38.768256 -30.550979 0.306094 0.361587 0.880502 0.083313 1.916504 1 3 1.000000
1fireff1_01_ne03_mesh1
3 1.558426 31.339535 -26.684890 0.635854 0.016305 0.771383 0.166626 1.857910 1 3 1.000000
3 10.693773 36.789545 -32.558272 0.764466 0.060942 0.641521 0.166626 1.906738 1 3 1.000000
3 7.893269 38.768256 -30.550979 0.306094 0.361587 0.880502 0.083313 1.916504 1 3 1.000000
1fireff1_01_ne03_mesh1
3 3.862071 38.886755 -29.943020 0.462210 0.409998 0.785655 0.000000 1.915527 1 3 1.000000
3 0.704379 34.392633 -23.842606 0.597395 0.242289 0.763841 0.445068 1.887695 1 3 1.000000
3 1.558426 31.339535 -26.684890 0.635854 0.016305 0.771383 0.733398 1.867676 1 3 1.000000
1fireff1_01_ne03_mesh1
3 0.704379 34.392633 -23.842606 0.597395 0.242289 0.763841 0.445068 1.887695 1 3 1.000000
3 -3.074227 25.697024 -18.898679 -0.161813 -0.706357 0.688593 0.916504 1.857910 1 3 1.000000
3 1.558426 31.339535 -26.684890 0.635854 0.016305 0.771383 0.733398 1.867676 1 3 1.000000
1fireff1_01_ne03_mesh1
3 1.558426 31.339535 -26.684890 0.635854 0.016305 0.771383 0.733398 1.867676 1 3 1.000000
3 -3.074227 25.697024 -18.898679 -0.161813 -0.706357 0.688593 0.916504 1.857910 1 3 1.000000
3 -2.771882 29.950264 -26.331591 -0.418004 -0.544437 0.726675 0.874512 1.857910 1 3 1.000000
1fireff1_01_ne03_mesh1
3 14.339346 42.059965 -44.121822 0.964393 -0.180501 0.190818 0.250000 1.980957 1 3 1.000000
3 11.907165 46.063878 -39.539625 0.851568 0.236699 0.466647 0.166626 1.980957 1 3 1.000000
3 12.665417 33.339588 -35.275105 0.909954 -0.208797 0.357348 0.250000 1.902832 1 3 1.000000
1fireff1_01_ne03_mesh1
3 11.907165 46.063878 -39.539625 0.851568 0.236699 0.466647 0.166626 1.980957 1 3 1.000000
3 10.693773 36.789545 -32.558272 0.764466 0.060942 0.641521 0.166626 1.906738 1 3 1.000000
3 12.665417 33.339588 -35.275105 0.909954 -0.208797 0.357348 0.250000 1.902832 1 3 1.000000
1fireff1_01_ne03_mesh1
3 12.665417 33.339588 -35.275105 0.909954 -0.208797 0.357348 0.250000 1.902832 1 3 1.000000
3 10.693773 36.789545 -32.558272 0.764466 0.060942 0.641521 0.166626 1.906738 1 3 1.000000
3 4.492730 28.979743 -27.359135 0.753791 -0.080616 0.651594 0.250000 1.878906 1 3 1.000000
1fireff1_01_ne03_mesh1
3 10.693773 36.789545 -32.558272 0.764466 0.060942 0.641521 0.166626 1.906738 1 3 1.000000
3 1.558426 31.339535 -26.684890 0.635854 0.016305 0.771383 0.166626 1.857910 1 3 1.000000
3 4.492730 28.979743 -27.359135 0.753791 -0.080616 0.651594 0.250000 1.878906 1 3 1.000000
1fireff1_01_ne03_mesh1
3 4.492730 28.979743 -27.359135 0.753791 -0.080616 0.651594 0.250000 1.878906 1 3 1.000000
3 1.558426 31.339535 -26.684890 0.635854 0.016305 0.771383 0.166626 1.857910 1 3 1.000000
3 -1.445159 21.975196 -17.898218 -0.240435 -0.426587 0.871718 0.250000 1.857910 1 3 1.000000
1fireff1_01_ne03_mesh1
3 1.558426 31.339535 -26.684890 0.635854 0.016305 0.771383 0.166626 1.857910 1 3 1.000000
3 -1.807210 26.151032 -28.089699 -0.200650 -0.970302 0.134341 0.333252 1.857910 1 3 1.000000
3 -1.445159 21.975196 -17.898218 -0.240435 -0.426587 0.871718 0.250000 1.857910 1 3 1.000000
1fireff1_01_ne03_mesh1
3 -1.445159 21.975196 -17.898218 -0.240435 -0.426587 0.871718 0.250000 1.857910 1 3 1.000000
3 -1.807210 26.151032 -28.089699 -0.200650 -0.970302 0.134341 0.333252 1.857910 1 3 1.000000
3 0.200688 23.693746 -29.906264 -0.325611 -0.890831 -0.316346 0.307617 1.870605 1 3 1.000000
1fireff1_01_ne03_mesh1
3 -1.807210 26.151032 -28.089699 -0.200650 -0.970302 0.134341 0.333252 1.857910 1 3 1.000000
3 1.115324 29.780419 -38.862373 -0.142824 -0.849120 -0.507659 0.428223 1.895508 1 3 1.000000
3 0.200688 23.693746 -29.906264 -0.325611 -0.890831 -0.316346 0.307617 1.870605 1 3 1.000000
1fireff1_01_ne03_mesh1
3 0.200688 23.693746 -29.906264 -0.325611 -0.890831 -0.316346 0.307617 1.870605 1 3 1.000000
3 1.115324 29.780419 -38.862373 -0.142824 -0.849120 -0.507659 0.428223 1.895508 1 3 1.000000
3 6.120883 28.595473 -39.858347 0.130460 -0.888335 -0.439185 0.386719 1.902832 1 3 1.000000
1fireff1_01_ne03_mesh1
3 1.115324 29.780419 -38.862373 -0.142824 -0.849120 -0.507659 0.428223 1.895508 1 3 1.000000
3 3.473136 35.305386 -49.626872 -0.214849 -0.808581 -0.547428 0.500000 1.980957 1 3 1.000000
3 6.120883 28.595473 -39.858347 0.130460 -0.888335 -0.439185 0.386719 1.902832 1 3 1.000000
1fireff1_01_ne03_mesh1
3 6.120883 28.595473 -39.858347 0.130460 -0.888335 -0.439185 0.386719 1.902832 1 3 1.000000
3 3.473136 35.305386 -49.626872 -0.214849 -0.808581 -0.547428 0.500000 1.980957 1 3 1.000000
3 9.544651 34.611937 -49.553270 0.223250 -0.860240 -0.457676 0.416504 1.980957 1 3 1.000000
1fireff1_01_ne03_mesh1
3 14.339346 42.059965 -44.121822 0.964393 -0.180501 0.190818 0.250000 1.980957 1 3 1.000000
3 12.665417 33.339588 -35.275105 0.909954 -0.208797 0.357348 0.250000 1.902832 1 3 1.000000
3 14.130627 37.896820 -46.912037 0.796856 -0.581977 -0.160432 0.333252 1.980957 1 3 1.000000
1fireff1_01_ne03_mesh1
3 12.665417 33.339588 -35.275105 0.909954 -0.208797 0.357348 0.250000 1.902832 1 3 1.000000
3 10.740621 30.088828 -38.593281 0.737944 -0.671120 -0.067697 0.333252 1.910156 1 3 1.000000
3 14.130627 37.896820 -46.912037 0.796856 -0.581977 -0.160432 0.333252 1.980957 1 3 1.000000
1fireff1_01_ne03_mesh1
3 14.130627 37.896820 -46.912037 0.796856 -0.581977 -0.160432 0.333252 1.980957 1 3 1.000000
3 10.740621 30.088828 -38.593281 0.737944 -0.671120 -0.067697 0.333252 1.910156 1 3 1.000000
3 9.544651 34.611937 -49.553270 0.223250 -0.860240 -0.457676 0.416504 1.980957 1 3 1.000000
1fireff1_01_ne03_mesh1
3 10.740621 30.088828 -38.593281 0.737944 -0.671120 -0.067697 0.333252 1.910156 1 3 1.000000
3 6.120883 28.595473 -39.858347 0.130460 -0.888335 -0.439185 0.386719 1.902832 1 3 1.000000
3 9.544651 34.611937 -49.553270 0.223250 -0.860240 -0.457676 0.416504 1.980957 1 3 1.000000
1fireff1_01_ne03_mesh1
3 12.665417 33.339588 -35.275105 0.909954 -0.208797 0.357348 0.250000 1.902832 1 3 1.000000
3 4.492730 28.979743 -27.359135 0.753791 -0.080616 0.651594 0.250000 1.878906 1 3 1.000000
3 10.740621 30.088828 -38.593281 0.737944 -0.671120 -0.067697 0.333252 1.910156 1 3 1.000000
1fireff1_01_ne03_mesh1
3 4.492730 28.979743 -27.359135 0.753791 -0.080616 0.651594 0.250000 1.878906 1 3 1.000000
3 4.032810 24.980674 -29.553498 0.632261 -0.771153 0.069720 0.286865 1.880859 1 3 1.000000
3 10.740621 30.088828 -38.593281 0.737944 -0.671120 -0.067697 0.333252 1.910156 1 3 1.000000
1fireff1_01_ne03_mesh1
3 10.740621 30.088828 -38.593281 0.737944 -0.671120 -0.067697 0.333252 1.910156 1 3 1.000000
3 4.032810 24.980674 -29.553498 0.632261 -0.771153 0.069720 0.286865 1.880859 1 3 1.000000
3 0.200688 23.693746 -29.906264 -0.325611 -0.890831 -0.316346 0.307617 1.870605 1 3 1.000000
1fireff1_01_ne03_mesh1
3 4.032810 24.980674 -29.553498 0.632261 -0.771153 0.069720 0.286865 1.880859 1 3 1.000000
3 -1.445159 21.975196 -17.898218 -0.240435 -0.426587 0.871718 0.250000 1.857910 1 3 1.000000
3 0.200688 23.693746 -29.906264 -0.325611 -0.890831 -0.316346 0.307617 1.870605 1 3 1.000000
1fireff1_01_ne03_mesh1
3 -2.771882 29.950264 -26.331591 -0.418004 -0.544437 0.726675 0.874512 1.857910 1 3 1.000000
3 -3.074227 25.697024 -18.898679 -0.161813 -0.706357 0.688593 0.916504 1.857910 1 3 1.000000
3 -4.501674 31.806051 -25.066855 -0.969167 -0.087811 0.228455 0.877930 1.885254 1 3 1.000000
1fireff1_01_ne03_mesh1
3 -3.074227 25.697024 -18.898679 -0.161813 -0.706357 0.688593 0.916504 1.857910 1 3 1.000000
3 -2.370866 34.456980 -23.710435 -0.378702 0.452660 0.807061 0.916504 1.889648 1 3 1.000000
3 -4.501674 31.806051 -25.066855 -0.969167 -0.087811 0.228455 0.877930 1.885254 1 3 1.000000
1fireff1_01_ne03_mesh1
3 -4.501674 31.806051 -25.066855 -0.969167 -0.087811 0.228455 0.877930 1.885254 1 3 1.000000
3 -2.370866 34.456980 -23.710435 -0.378702 0.452660 0.807061 0.916504 1.889648 1 3 1.000000
3 -2.698708 41.302362 -27.573820 -0.411201 0.534217 0.737954 0.916504 1.914062 1 3 1.000000
1fireff1_01_ne03_mesh1
3 -2.370866 34.456980 -23.710435 -0.378702 0.452660 0.807061 0.916504 1.889648 1 3 1.000000
3 0.374428 40.978327 -27.705398 0.317833 0.524960 0.789016 0.960449 1.915039 1 3 1.000000
3 -2.698708 41.302362 -27.573820 -0.411201 0.534217 0.737954 0.916504 1.914062 1 3 1.000000
1fireff1_01_ne03_mesh1
3 -2.698708 41.302362 -27.573820 -0.411201 0.534217 0.737954 0.916504 1.914062 1 3 1.000000
3 0.374428 40.978327 -27.705398 0.317833 0.524960 0.789016 0.960449 1.915039 1 3 1.000000
3 2.199410 48.466553 -33.439253 0.313606 0.638237 0.702856 1.000000 1.980957 1 3 1.000000
1fireff1_01_ne03_mesh1
3 0.374428 40.978327 -27.705398 0.317833 0.524960 0.789016 0.960449 1.915039 1 3 1.000000
3 3.862071 38.886755 -29.943020 0.462210 0.409998 0.785655 1.000000 1.915527 1 3 1.000000
3 2.199410 48.466553 -33.439253 0.313606 0.638237 0.702856 1.000000 1.980957 1 3 1.000000
1fireff1_01_ne03_mesh1
3 2.199410 48.466553 -33.439253 0.313606 0.638237 0.702856 1.000000 1.980957 1 3 1.000000
3 -2.652589 49.235725 -35.363608 -0.385524 0.751284 0.535404 0.916504 1.980957 1 3 1.000000
3 -2.698708 41.302362 -27.573820 -0.411201 0.534217 0.737954 0.916504 1.914062 1 3 1.000000
1fireff1_01_ne03_mesh1
3 -2.652589 49.235725 -35.363608 -0.385524 0.751284 0.535404 0.916504 1.980957 1 3 1.000000
3 -6.446002 38.164301 -30.853053 -0.977754 0.059275 0.198697 0.833008 1.917480 1 3 1.000000
3 -2.698708 41.302362 -27.573820 -0.411201 0.534217 0.737954 0.916504 1.914062 1 3 1.000000
1fireff1_01_ne03_mesh1
3 -2.698708 41.302362 -27.573820 -0.411201 0.534217 0.737954 0.916504 1.914062 1 3 1.000000
3 -6.446002 38.164301 -30.853053 -0.977754 0.059275 0.198697 0.833008 1.917480 1 3 1.000000
3 -4.501674 31.806051 -25.066855 -0.969167 -0.087811 0.228455 0.877930 1.885254 1 3 1.000000
1fireff1_01_ne03_mesh1
3 -6.446002 38.164301 -30.853053 -0.977754 0.059275 0.198697 0.833008 1.917480 1 3 1.000000
3 -5.816554 35.450359 -33.243484 -0.854850 0.340963 0.389977 0.812500 1.867676 1 3 1.000000
3 -4.501674 31.806051 -25.066855 -0.969167 -0.087811 0.228455 0.877930 1.885254 1 3 1.000000
1fireff1_01_ne03_mesh1
3 -4.501674 31.806051 -25.066855 -0.969167 -0.087811 0.228455 0.877930 1.885254 1 3 1.000000
3 -5.816554 35.450359 -33.243484 -0.854850 0.340963 0.389977 0.812500 1.867676 1 3 1.000000
3 -2.771882 29.950264 -26.331591 -0.418004 -0.544437 0.726675 0.874512 1.857910 1 3 1.000000
1fireff1_01_ne03_mesh1
3 -3.074227 25.697024 -18.898679 -0.161813 -0.706357 0.688593 0.916504 1.857910 1 3 1.000000
3 0.704379 34.392633 -23.842606 0.597395 0.242289 0.763841 0.959473 1.887695 1 3 1.000000
3 -2.370866 34.456980 -23.710435 -0.378702 0.452660 0.807061 0.916504 1.889648 1 3 1.000000
1fireff1_01_ne03_mesh1
3 0.704379 34.392633 -23.842606 0.597395 0.242289 0.763841 0.959473 1.887695 1 3 1.000000
3 0.374428 40.978327 -27.705398 0.317833 0.524960 0.789016 0.960449 1.915039 1 3 1.000000
3 -2.370866 34.456980 -23.710435 -0.378702 0.452660 0.807061 0.916504 1.889648 1 3 1.000000
1fireff1_01_ne03_mesh1
3 -8.930827 31.512619 -37.137722 -0.933554 -0.308922 -0.179345 0.666504 1.923340 1 3 1.000000
3 -4.111997 29.299640 -39.094829 -0.297233 -0.827112 -0.476218 0.583008 1.925781 1 3 1.000000
3 -3.735952 25.034417 -28.844459 0.032908 -0.962693 -0.267736 0.622070 1.894043 1 3 1.000000
1fireff1_01_ne03_mesh1
3 -4.111997 29.299640 -39.094829 -0.297233 -0.827112 -0.476218 0.583008 1.925781 1 3 1.000000
3 1.115324 29.780419 -38.862373 -0.142824 -0.849120 -0.507659 0.750000 1.857910 1 3 1.000000
3 -3.735952 25.034417 -28.844459 0.032908 -0.962693 -0.267736 0.622070 1.894043 1 3 1.000000
1fireff1_01_ne03_mesh1
3 -3.735952 25.034417 -28.844459 0.032908 -0.962693 -0.267736 0.622070 1.894043 1 3 1.000000
3 1.115324 29.780419 -38.862373 -0.142824 -0.849120 -0.507659 0.750000 1.857910 1 3 1.000000
3 -1.807210 26.151032 -28.089699 -0.200650 -0.970302 0.134341 0.709473 1.857910 1 3 1.000000
1fireff1_01_ne03_mesh1
3 -3.735952 25.034417 -28.844459 0.032908 -0.962693 -0.267736 0.622070 1.894043 1 3 1.000000
3 -6.585656 26.168557 -27.879855 -0.848951 -0.526635 -0.036608 0.666504 1.902832 1 3 1.000000
3 -8.930827 31.512619 -37.137722 -0.933554 -0.308922 -0.179345 0.666504 1.923340 1 3 1.000000
1fireff1_01_ne03_mesh1
3 -6.585656 26.168557 -27.879855 -0.848951 -0.526635 -0.036608 0.666504 1.902832 1 3 1.000000
3 -6.244028 28.708423 -26.496485 -0.736285 0.389798 0.552399 0.703613 1.884766 1 3 1.000000
3 -8.930827 31.512619 -37.137722 -0.933554 -0.308922 -0.179345 0.666504 1.923340 1 3 1.000000
1fireff1_01_ne03_mesh1
3 -6.585656 26.168557 -27.879855 -0.848951 -0.526635 -0.036608 0.666504 1.902832 1 3 1.000000
3 -4.602534 23.048414 -20.580846 -0.043351 -0.524189 0.849968 0.666504 1.857910 1 3 1.000000
3 -6.244028 28.708423 -26.496485 -0.736285 0.389798 0.552399 0.703613 1.884766 1 3 1.000000
1fireff1_01_ne03_mesh1
3 -4.602534 23.048414 -20.580846 -0.043351 -0.524189 0.849968 0.666504 1.857910 1 3 1.000000
3 -2.771882 29.950264 -26.331591 -0.418004 -0.544437 0.726675 0.706543 1.871582 1 3 1.000000
3 -6.244028 28.708423 -26.496485 -0.736285 0.389798 0.552399 0.703613 1.884766 1 3 1.000000
1fireff1_01_ne03_mesh1
3 -2.771882 29.950264 -26.331591 -0.418004 -0.544437 0.726675 0.706543 1.871582 1 3 1.000000
3 -4.602534 23.048414 -20.580846 -0.043351 -0.524189 0.849968 0.666504 1.857910 1 3 1.000000
3 -1.807210 26.151032 -28.089699 -0.200650 -0.970302 0.134341 0.709473 1.857910 1 3 1.000000
1fireff1_01_ne03_mesh1
3 -4.602534 23.048414 -20.580846 -0.043351 -0.524189 0.849968 0.666504 1.857910 1 3 1.000000
3 -3.735952 25.034417 -28.844459 0.032908 -0.962693 -0.267736 0.622070 1.894043 1 3 1.000000
3 -1.807210 26.151032 -28.089699 -0.200650 -0.970302 0.134341 0.709473 1.857910 1 3 1.000000
1fireff1_01_ne03_mesh1
3 0.200688 23.693746 -29.906264 -0.325611 -0.890831 -0.316346 0.307617 1.870605 1 3 1.000000
3 6.120883 28.595473 -39.858347 0.130460 -0.888335 -0.439185 0.386719 1.902832 1 3 1.000000
3 10.740621 30.088828 -38.593281 0.737944 -0.671120 -0.067697 0.333252 1.910156 1 3 1.000000
1fireff1_01_ne03_mesh1
3 4.492730 28.979743 -27.359135 0.753791 -0.080616 0.651594 0.250000 1.878906 1 3 1.000000
3 -1.445159 21.975196 -17.898218 -0.240435 -0.426587 0.871718 0.250000 1.857910 1 3 1.000000
3 4.032810 24.980674 -29.553498 0.632261 -0.771153 0.069720 0.286865 1.880859 1 3 1.000000
1fireff1_01_ne03_mesh1
3 -3.735952 25.034417 -28.844459 0.032908 -0.962693 -0.267736 0.622070 1.894043 1 3 1.000000
3 -4.602534 23.048414 -20.580846 -0.043351 -0.524189 0.849968 0.666504 1.857910 1 3 1.000000
3 -6.585656 26.168557 -27.879855 -0.848951 -0.526635 -0.036608 0.666504 1.902832 1 3 1.000000
1fireff1_01_ne03_mesh1
3 0.704379 34.392633 -23.842606 0.597395 0.242289 0.763841 0.959473 1.887695 1 3 1.000000
3 3.862071 38.886755 -29.943020 0.462210 0.409998 0.785655 1.000000 1.915527 1 3 1.000000
3 0.374428 40.978327 -27.705398 0.317833 0.524960 0.789016 0.960449 1.915039 1 3 1.000000
1fireff1_01_ne03_mesh1
3 -2.771882 29.950264 -26.331591 -0.418004 -0.544437 0.726675 0.874512 1.857910 1 3 1.000000
3 -1.807210 26.151032 -28.089699 -0.200650 -0.970302 0.134341 0.816895 1.861816 1 3 1.000000
3 1.558426 31.339535 -26.684890 0.635854 0.016305 0.771383 0.733398 1.867676 1 3 1.000000
1fireff1_01_ne04_mesh1
4 51.819457 80.969957 -93.059252 -0.151801 0.860611 0.485378 1.000000 0.000000 1 4 1.000000
4 40.479745 94.487589 -109.670146 -0.331675 0.923177 0.192323 1.000000 0.041992 1 4 1.000000
4 46.435495 77.844035 -87.266577 -0.558852 0.588093 0.583862 0.937500 0.000000 1 4 1.000000
1fireff1_01_ne04_mesh1
4 40.479745 94.487589 -109.670146 -0.331675 0.923177 0.192323 1.000000 0.041992 1 4 1.000000
4 35.244111 86.323490 -105.098613 -0.675925 0.636788 0.370583 0.937500 0.041992 1 4 1.000000
4 46.435495 77.844035 -87.266577 -0.558852 0.588093 0.583862 0.937500 0.000000 1 4 1.000000
1fireff1_01_ne04_mesh1
4 46.435495 77.844035 -87.266577 -0.558852 0.588093 0.583862 0.937500 0.000000 1 4 1.000000
4 35.244111 86.323490 -105.098613 -0.675925 0.636788 0.370583 0.937500 0.041992 1 4 1.000000
4 42.252423 72.070811 -86.668580 -0.736489 0.270315 0.619355 0.875000 0.000000 1 4 1.000000
1fireff1_01_ne04_mesh1
4 35.244111 86.323490 -105.098613 -0.675925 0.636788 0.370583 0.937500 0.041992 1 4 1.000000
4 30.418100 76.327090 -105.183477 -0.882893 0.324110 0.339336 0.875000 0.041992 1 4 1.000000
4 42.252423 72.070811 -86.668580 -0.736489 0.270315 0.619355 0.875000 0.000000 1 4 1.000000
1fireff1_01_ne04_mesh1
4 42.252423 72.070811 -86.668580 -0.736489 0.270315 0.619355 0.875000 0.000000 1 4 1.000000
4 30.418100 76.327090 -105.183477 -0.882893 0.324110 0.339336 0.875000 0.041992 1 4 1.000000
4 39.789346 65.577995 -89.862579 -0.812238 -0.003153 0.583117 0.812500 0.000000 1 4 1.000000
1fireff1_01_ne04_mesh1
4 30.418100 76.327090 -105.183477 -0.882893 0.324110 0.339336 0.875000 0.041992 1 4 1.000000
4 28.020333 66.706822 -106.284558 -0.936694 0.025146 0.347891 0.812500 0.041992 1 4 1.000000
4 39.789346 65.577995 -89.862579 -0.812238 -0.003153 0.583117 0.812500 0.000000 1 4 1.000000
1fireff1_01_ne04_mesh1
4 39.789346 65.577995 -89.862579 -0.812238 -0.003153 0.583117 0.812500 0.000000 1 4 1.000000
4 28.020333 66.706822 -106.284558 -0.936694 0.025146 0.347891 0.812500 0.041992 1 4 1.000000
4 41.384564 55.309517 -88.971019 -0.701770 -0.441903 0.557951 0.750000 0.000000 1 4 1.000000
1fireff1_01_ne04_mesh1
4 28.020333 66.706822 -106.284558 -0.936694 0.025146 0.347891 0.812500 0.041992 1 4 1.000000
4 31.522740 57.044589 -102.997988 -0.829170 -0.340182 0.442956 0.750000 0.041992 1 4 1.000000
4 41.384564 55.309517 -88.971019 -0.701770 -0.441903 0.557951 0.750000 0.000000 1 4 1.000000
1fireff1_01_ne04_mesh1
4 41.384564 55.309517 -88.971019 -0.701770 -0.441903 0.557951 0.750000 0.000000 1 4 1.000000
4 31.522740 57.044589 -102.997988 -0.829170 -0.340182 0.442956 0.750000 0.041992 1 4 1.000000
4 49.664297 50.655093 -89.668987 -0.499576 -0.727782 0.469714 0.687500 0.000000 1 4 1.000000
1fireff1_01_ne04_mesh1
4 31.522740 57.044589 -102.997988 -0.829170 -0.340182 0.442956 0.750000 0.041992 1 4 1.000000
4 37.857327 48.709938 -101.732358 -0.567358 -0.710901 0.415092 0.687500 0.041992 1 4 1.000000
4 49.664297 50.655093 -89.668987 -0.499576 -0.727782 0.469714 0.687500 0.000000 1 4 1.000000
1fireff1_01_ne04_mesh1
4 49.664297 50.655093 -89.668987 -0.499576 -0.727782 0.469714 0.687500 0.000000 1 4 1.000000
4 37.857327 48.709938 -101.732358 -0.567358 -0.710901 0.415092 0.687500 0.041992 1 4 1.000000
4 51.670713 47.704537 -91.892252 -0.327435 -0.885634 0.327490 0.625000 0.000000 1 4 1.000000
1fireff1_01_ne04_mesh1
4 37.857327 48.709938 -101.732358 -0.567358 -0.710901 0.415092 0.687500 0.041992 1 4 1.000000
4 44.598851 43.602462 -105.396702 -0.188220 -0.945085 0.265646 0.625000 0.041992 1 4 1.000000
4 51.670713 47.704537 -91.892252 -0.327435 -0.885634 0.327490 0.625000 0.000000 1 4 1.000000
1fireff1_01_ne04_mesh1
4 51.670713 47.704537 -91.892252 -0.327435 -0.885634 0.327490 0.625000 0.000000 1 4 1.000000
4 44.598851 43.602462 -105.396702 -0.188220 -0.945085 0.265646 0.625000 0.041992 1 4 1.000000
4 57.982079 46.566751 -96.367066 0.011768 -0.996916 0.075982 0.562500 0.000000 1 4 1.000000
1fireff1_01_ne04_mesh1
4 44.598851 43.602462 -105.396702 -0.188220 -0.945085 0.265646 0.625000 0.041992 1 4 1.000000
4 52.003311 43.684938 -109.311240 0.140422 -0.989167 0.040069 0.562500 0.041992 1 4 1.000000
4 57.982079 46.566751 -96.367066 0.011768 -0.996916 0.075982 0.562500 0.000000 1 4 1.000000
1fireff1_01_ne04_mesh1
4 57.982079 46.566751 -96.367066 0.011768 -0.996916 0.075982 0.562500 0.000000 1 4 1.000000
4 52.003311 43.684938 -109.311240 0.140422 -0.989167 0.040069 0.562500 0.041992 1 4 1.000000
4 65.630876 46.148713 -98.971841 0.157730 -0.987013 -0.025606 0.500000 0.000000 1 4 1.000000
1fireff1_01_ne04_mesh1
4 52.003311 43.684938 -109.311240 0.140422 -0.989167 0.040069 0.562500 0.041992 1 4 1.000000
4 60.751252 45.499345 -112.181353 0.259764 -0.953300 -0.152380 0.500000 0.041992 1 4 1.000000
4 65.630876 46.148713 -98.971841 0.157730 -0.987013 -0.025606 0.500000 0.000000 1 4 1.000000
1fireff1_01_ne04_mesh1
4 65.630876 46.148713 -98.971841 0.157730 -0.987013 -0.025606 0.500000 0.000000 1 4 1.000000
4 60.751252 45.499345 -112.181353 0.259764 -0.953300 -0.152380 0.500000 0.041992 1 4 1.000000
4 72.659707 47.888557 -100.169615 0.562639 -0.813737 -0.143975 0.437500 0.000000 1 4 1.000000
1fireff1_01_ne04_mesh1
4 60.751252 45.499345 -112.181353 0.259764 -0.953300 -0.152380 0.500000 0.041992 1 4 1.000000
4 69.127055 48.493833 -114.724839 0.554886 -0.764145 -0.328043 0.437500 0.041992 1 4 1.000000
4 72.659707 47.888557 -100.169615 0.562639 -0.813737 -0.143975 0.437500 0.000000 1 4 1.000000
1fireff1_01_ne04_mesh1
4 72.659707 47.888557 -100.169615 0.562639 -0.813737 -0.143975 0.437500 0.000000 1 4 1.000000
4 69.127055 48.493833 -114.724839 0.554886 -0.764145 -0.328043 0.437500 0.041992 1 4 1.000000
4 77.123576 56.013029 -101.114483 0.901775 -0.370356 -0.220623 0.375000 0.000000 1 4 1.000000
1fireff1_01_ne04_mesh1
4 69.127055 48.493833 -114.724839 0.554886 -0.764145 -0.328043 0.437500 0.041992 1 4 1.000000
4 74.194581 55.840910 -116.733954 0.838823 -0.377394 -0.391376 0.375000 0.041992 1 4 1.000000
4 77.123576 56.013029 -101.114483 0.901775 -0.370356 -0.220623 0.375000 0.000000 1 4 1.000000
1fireff1_01_ne04_mesh1
4 77.123576 56.013029 -101.114483 0.901775 -0.370356 -0.220623 0.375000 0.000000 1 4 1.000000
4 74.194581 55.840910 -116.733954 0.838823 -0.377394 -0.391376 0.375000 0.041992 1 4 1.000000
4 78.045399 61.406338 -100.730691 0.968508 -0.077834 -0.234489 0.312500 0.000000 1 4 1.000000
1fireff1_01_ne04_mesh1
4 74.194581 55.840910 -116.733954 0.838823 -0.377394 -0.391376 0.375000 0.041992 1 4 1.000000
4 75.452221 66.499470 -117.207253 0.945756 -0.006417 -0.323840 0.312500 0.041992 1 4 1.000000
4 78.045399 61.406338 -100.730691 0.968508 -0.077834 -0.234489 0.312500 0.000000 1 4 1.000000
1fireff1_01_ne04_mesh1
4 78.045399 61.406338 -100.730691 0.968508 -0.077834 -0.234489 0.312500 0.000000 1 4 1.000000
4 75.452221 66.499470 -117.207253 0.945756 -0.006417 -0.323840 0.312500 0.041992 1 4 1.000000
4 77.895791 69.717059 -100.188736 0.932912 0.340339 -0.114596 0.250000 0.000000 1 4 1.000000
1fireff1_01_ne04_mesh1
4 75.452221 66.499470 -117.207253 0.945756 -0.006417 -0.323840 0.312500 0.041992 1 4 1.000000
4 72.954684 77.428935 -116.925552 0.896045 0.407911 -0.174138 0.250000 0.041992 1 4 1.000000
4 77.895791 69.717059 -100.188736 0.932912 0.340339 -0.114596 0.250000 0.000000 1 4 1.000000
1fireff1_01_ne04_mesh1
4 77.895791 69.717059 -100.188736 0.932912 0.340339 -0.114596 0.250000 0.000000 1 4 1.000000
4 72.954684 77.428935 -116.925552 0.896045 0.407911 -0.174138 0.250000 0.041992 1 4 1.000000
4 72.934082 74.603700 -97.946181 0.757062 0.652213 0.025709 0.187500 0.000000 1 4 1.000000
1fireff1_01_ne04_mesh1
4 72.954684 77.428935 -116.925552 0.896045 0.407911 -0.174138 0.250000 0.041992 1 4 1.000000
4 66.966114 86.919580 -116.243398 0.682060 0.728582 -0.055417 0.187500 0.041992 1 4 1.000000
4 72.934082 74.603700 -97.946181 0.757062 0.652213 0.025709 0.187500 0.000000 1 4 1.000000
1fireff1_01_ne04_mesh1
4 72.934082 74.603700 -97.946181 0.757062 0.652213 0.025709 0.187500 0.000000 1 4 1.000000
4 66.966114 86.919580 -116.243398 0.682060 0.728582 -0.055417 0.187500 0.041992 1 4 1.000000
4 67.229105 77.998138 -96.463111 0.505683 0.852249 0.132105 0.125000 0.000000 1 4 1.000000
1fireff1_01_ne04_mesh1
4 66.966114 86.919580 -116.243398 0.682060 0.728582 -0.055417 0.187500 0.041992 1 4 1.000000
4 58.573094 93.699444 -114.691286 0.366080 0.929917 0.024086 0.125000 0.041992 1 4 1.000000
4 67.229105 77.998138 -96.463111 0.505683 0.852249 0.132105 0.125000 0.000000 1 4 1.000000
1fireff1_01_ne04_mesh1
4 67.229105 77.998138 -96.463111 0.505683 0.852249 0.132105 0.125000 0.000000 1 4 1.000000
4 58.573094 93.699444 -114.691286 0.366080 0.929917 0.024086 0.125000 0.041992 1 4 1.000000
4 59.573614 80.299189 -95.684378 0.189790 0.930270 0.313123 0.062500 0.000000 1 4 1.000000
1fireff1_01_ne04_mesh1
4 58.573094 93.699444 -114.691286 0.366080 0.929917 0.024086 0.125000 0.041992 1 4 1.000000
4 48.892779 96.785411 -112.824451 0.080763 0.994934 0.053882 0.062500 0.041992 1 4 1.000000
4 59.573614 80.299189 -95.684378 0.189790 0.930270 0.313123 0.062500 0.000000 1 4 1.000000
1fireff1_01_ne04_mesh1
4 59.573614 80.299189 -95.684378 0.189790 0.930270 0.313123 0.062500 0.000000 1 4 1.000000
4 48.892779 96.785411 -112.824451 0.080763 0.994934 0.053882 0.062500 0.041992 1 4 1.000000
4 51.819457 80.969957 -93.059252 -0.151801 0.860611 0.485378 0.000000 0.000000 1 4 1.000000
1fireff1_01_ne04_mesh1
4 48.892779 96.785411 -112.824451 0.080763 0.994934 0.053882 0.062500 0.041992 1 4 1.000000
4 40.479745 94.487589 -109.670146 -0.331675 0.923177 0.192323 0.000000 0.041992 1 4 1.000000
4 51.819457 80.969957 -93.059252 -0.151801 0.860611 0.485378 0.000000 0.000000 1 4 1.000000
1fireff1_01_ne04_mesh1
4 40.479745 94.487589 -109.670146 -0.331675 0.923177 0.192323 1.000000 0.041992 1 4 1.000000
4 36.534213 85.623208 -133.651210 -0.464579 0.866396 -0.181621 1.000000 0.083496 1 4 1.000000
4 35.244111 86.323490 -105.098613 -0.675925 0.636788 0.370583 0.937500 0.041992 1 4 1.000000
1fireff1_01_ne04_mesh1
4 36.534213 85.623208 -133.651210 -0.464579 0.866396 -0.181621 1.000000 0.083496 1 4 1.000000
4 30.583649 78.553709 -129.040905 -0.887444 0.459324 0.024082 0.937500 0.083496 1 4 1.000000
4 35.244111 86.323490 -105.098613 -0.675925 0.636788 0.370583 0.937500 0.041992 1 4 1.000000
1fireff1_01_ne04_mesh1
4 35.244111 86.323490 -105.098613 -0.675925 0.636788 0.370583 0.937500 0.041992 1 4 1.000000
4 30.583649 78.553709 -129.040905 -0.887444 0.459324 0.024082 0.937500 0.083496 1 4 1.000000
4 30.418100 76.327090 -105.183477 -0.882893 0.324110 0.339336 0.875000 0.041992 1 4 1.000000
1fireff1_01_ne04_mesh1
4 30.583649 78.553709 -129.040905 -0.887444 0.459324 0.024082 0.937500 0.083496 1 4 1.000000
4 26.594076 71.270367 -129.830060 -0.972592 0.229916 0.024866 0.875000 0.083496 1 4 1.000000
4 30.418100 76.327090 -105.183477 -0.882893 0.324110 0.339336 0.875000 0.041992 1 4 1.000000
1fireff1_01_ne04_mesh1
4 30.418100 76.327090 -105.183477 -0.882893 0.324110 0.339336 0.875000 0.041992 1 4 1.000000
4 26.594076 71.270367 -129.830060 -0.972592 0.229916 0.024866 0.875000 0.083496 1 4 1.000000
4 28.020333 66.706822 -106.284558 -0.936694 0.025146 0.347891 0.812500 0.041992 1 4 1.000000
1fireff1_01_ne04_mesh1
4 26.594076 71.270367 -129.830060 -0.972592 0.229916 0.024866 0.875000 0.083496 1 4 1.000000
4 24.334616 60.605677 -125.539308 -0.994049 0.022584 0.102721 0.812500 0.083496 1 4 1.000000
4 28.020333 66.706822 -106.284558 -0.936694 0.025146 0.347891 0.812500 0.041992 1 4 1.000000
1fireff1_01_ne04_mesh1
4 28.020333 66.706822 -106.284558 -0.936694 0.025146 0.347891 0.812500 0.041992 1 4 1.000000
4 24.334616 60.605677 -125.539308 -0.994049 0.022584 0.102721 0.812500 0.083496 1 4 1.000000
4 31.522740 57.044589 -102.997988 -0.829170 -0.340182 0.442956 0.750000 0.041992 1 4 1.000000
1fireff1_01_ne04_mesh1
4 24.334616 60.605677 -125.539308 -0.994049 0.022584 0.102721 0.812500 0.083496 1 4 1.000000
4 27.822909 51.916013 -119.630951 -0.877301 -0.369309 0.305189 0.750000 0.083496 1 4 1.000000
4 31.522740 57.044589 -102.997988 -0.829170 -0.340182 0.442956 0.750000 0.041992 1 4 1.000000
1fireff1_01_ne04_mesh1
4 31.522740 57.044589 -102.997988 -0.829170 -0.340182 0.442956 0.750000 0.041992 1 4 1.000000
4 27.822909 51.916013 -119.630951 -0.877301 -0.369309 0.305189 0.750000 0.083496 1 4 1.000000
4 37.857327 48.709938 -101.732358 -0.567358 -0.710901 0.415092 0.687500 0.041992 1 4 1.000000
1fireff1_01_ne04_mesh1
4 27.822909 51.916013 -119.630951 -0.877301 -0.369309 0.305189 0.750000 0.083496 1 4 1.000000
4 33.181945 45.529693 -117.583552 -0.601724 -0.700923 0.381818 0.687500 0.083496 1 4 1.000000
4 37.857327 48.709938 -101.732358 -0.567358 -0.710901 0.415092 0.687500 0.041992 1 4 1.000000
1fireff1_01_ne04_mesh1
4 37.857327 48.709938 -101.732358 -0.567358 -0.710901 0.415092 0.687500 0.041992 1 4 1.000000
4 33.181945 45.529693 -117.583552 -0.601724 -0.700923 0.381818 0.687500 0.083496 1 4 1.000000
4 44.598851 43.602462 -105.396702 -0.188220 -0.945085 0.265646 0.625000 0.041992 1 4 1.000000
1fireff1_01_ne04_mesh1
4 33.181945 45.529693 -117.583552 -0.601724 -0.700923 0.381818 0.687500 0.083496 1 4 1.000000
4 39.802121 42.263343 -119.294967 -0.100433 -0.937369 0.331657 0.625000 0.083496 1 4 1.000000
4 44.598851 43.602462 -105.396702 -0.188220 -0.945085 0.265646 0.625000 0.041992 1 4 1.000000
1fireff1_01_ne04_mesh1
4 44.598851 43.602462 -105.396702 -0.188220 -0.945085 0.265646 0.625000 0.041992 1 4 1.000000
4 39.802121 42.263343 -119.294967 -0.100433 -0.937369 0.331657 0.625000 0.083496 1 4 1.000000
4 52.003311 43.684938 -109.311240 0.140422 -0.989167 0.040069 0.562500 0.041992 1 4 1.000000
1fireff1_01_ne04_mesh1
4 39.802121 42.263343 -119.294967 -0.100433 -0.937369 0.331657 0.625000 0.083496 1 4 1.000000
4 47.518159 43.172030 -121.422159 0.325561 -0.936852 0.126766 0.562500 0.083496 1 4 1.000000
4 52.003311 43.684938 -109.311240 0.140422 -0.989167 0.040069 0.562500 0.041992 1 4 1.000000
1fireff1_01_ne04_mesh1
4 52.003311 43.684938 -109.311240 0.140422 -0.989167 0.040069 0.562500 0.041992 1 4 1.000000
4 47.518159 43.172030 -121.422159 0.325561 -0.936852 0.126766 0.562500 0.083496 1 4 1.000000
4 60.751252 45.499345 -112.181353 0.259764 -0.953300 -0.152380 0.500000 0.041992 1 4 1.000000
1fireff1_01_ne04_mesh1
4 47.518159 43.172030 -121.422159 0.325561 -0.936852 0.126766 0.562500 0.083496 1 4 1.000000
4 55.219510 47.513753 -124.160049 0.504211 -0.859831 -0.077803 0.500000 0.083496 1 4 1.000000
4 60.751252 45.499345 -112.181353 0.259764 -0.953300 -0.152380 0.500000 0.041992 1 4 1.000000
1fireff1_01_ne04_mesh1
4 60.751252 45.499345 -112.181353 0.259764 -0.953300 -0.152380 0.500000 0.041992 1 4 1.000000
4 55.219510 47.513753 -124.160049 0.504211 -0.859831 -0.077803 0.500000 0.083496 1 4 1.000000
4 69.127055 48.493833 -114.724839 0.554886 -0.764145 -0.328043 0.437500 0.041992 1 4 1.000000
1fireff1_01_ne04_mesh1
4 55.219510 47.513753 -124.160049 0.504211 -0.859831 -0.077803 0.500000 0.083496 1 4 1.000000
4 62.483131 53.229147 -126.559522 0.662681 -0.707587 -0.244709 0.437500 0.083496 1 4 1.000000
4 69.127055 48.493833 -114.724839 0.554886 -0.764145 -0.328043 0.437500 0.041992 1 4 1.000000
1fireff1_01_ne04_mesh1
4 69.127055 48.493833 -114.724839 0.554886 -0.764145 -0.328043 0.437500 0.041992 1 4 1.000000
4 62.483131 53.229147 -126.559522 0.662681 -0.707587 -0.244709 0.437500 0.083496 1 4 1.000000
4 74.194581 55.840910 -116.733954 0.838823 -0.377394 -0.391376 0.375000 0.041992 1 4 1.000000
1fireff1_01_ne04_mesh1
4 62.483131 53.229147 -126.559522 0.662681 -0.707587 -0.244709 0.437500 0.083496 1 4 1.000000
4 67.372095 61.558735 -128.192743 0.862035 -0.427861 -0.269876 0.375000 0.083496 1 4 1.000000
4 74.194581 55.840910 -116.733954 0.838823 -0.377394 -0.391376 0.375000 0.041992 1 4 1.000000
1fireff1_01_ne04_mesh1
4 74.194581 55.840910 -116.733954 0.838823 -0.377394 -0.391376 0.375000 0.041992 1 4 1.000000
4 67.372095 61.558735 -128.192743 0.862035 -0.427861 -0.269876 0.375000 0.083496 1 4 1.000000
4 75.452221 66.499470 -117.207253 0.945756 -0.006417 -0.323840 0.312500 0.041992 1 4 1.000000
1fireff1_01_ne04_mesh1
4 67.372095 61.558735 -128.192743 0.862035 -0.427861 -0.269876 0.375000 0.083496 1 4 1.000000
4 69.299027 70.172094 -129.597002 0.964351 -0.023078 -0.262456 0.312500 0.083496 1 4 1.000000
4 75.452221 66.499470 -117.207253 0.945756 -0.006417 -0.323840 0.312500 0.041992 1 4 1.000000
1fireff1_01_ne04_mesh1
4 75.452221 66.499470 -117.207253 0.945756 -0.006417 -0.323840 0.312500 0.041992 1 4 1.000000
4 69.299027 70.172094 -129.597002 0.964351 -0.023078 -0.262456 0.312500 0.083496 1 4 1.000000
4 72.954684 77.428935 -116.925552 0.896045 0.407911 -0.174138 0.250000 0.041992 1 4 1.000000
1fireff1_01_ne04_mesh1
4 69.299027 70.172094 -129.597002 0.964351 -0.023078 -0.262456 0.312500 0.083496 1 4 1.000000
4 67.995865 76.948871 -131.428994 0.859920 0.390360 -0.327616 0.250000 0.083496 1 4 1.000000
4 72.954684 77.428935 -116.925552 0.896045 0.407911 -0.174138 0.250000 0.041992 1 4 1.000000
1fireff1_01_ne04_mesh1
4 72.954684 77.428935 -116.925552 0.896045 0.407911 -0.174138 0.250000 0.041992 1 4 1.000000
4 67.995865 76.948871 -131.428994 0.859920 0.390360 -0.327616 0.250000 0.083496 1 4 1.000000
4 66.966114 86.919580 -116.243398 0.682060 0.728582 -0.055417 0.187500 0.041992 1 4 1.000000
1fireff1_01_ne04_mesh1
4 67.995865 76.948871 -131.428994 0.859920 0.390360 -0.327616 0.250000 0.083496 1 4 1.000000
4 62.827489 82.056141 -134.417601 0.607550 0.671945 -0.422742 0.187500 0.083496 1 4 1.000000
4 66.966114 86.919580 -116.243398 0.682060 0.728582 -0.055417 0.187500 0.041992 1 4 1.000000
1fireff1_01_ne04_mesh1
4 66.966114 86.919580 -116.243398 0.682060 0.728582 -0.055417 0.187500 0.041992 1 4 1.000000
4 62.827489 82.056141 -134.417601 0.607550 0.671945 -0.422742 0.187500 0.083496 1 4 1.000000
4 58.573094 93.699444 -114.691286 0.366080 0.929917 0.024086 0.125000 0.041992 1 4 1.000000
1fireff1_01_ne04_mesh1
4 62.827489 82.056141 -134.417601 0.607550 0.671945 -0.422742 0.187500 0.083496 1 4 1.000000
4 54.876186 84.422446 -137.597927 0.327522 0.821569 -0.465811 0.125000 0.083496 1 4 1.000000
4 58.573094 93.699444 -114.691286 0.366080 0.929917 0.024086 0.125000 0.041992 1 4 1.000000
1fireff1_01_ne04_mesh1
4 58.573094 93.699444 -114.691286 0.366080 0.929917 0.024086 0.125000 0.041992 1 4 1.000000
4 54.876186 84.422446 -137.597927 0.327522 0.821569 -0.465811 0.125000 0.083496 1 4 1.000000
4 48.892779 96.785411 -112.824451 0.080763 0.994934 0.053882 0.062500 0.041992 1 4 1.000000
1fireff1_01_ne04_mesh1
4 54.876186 84.422446 -137.597927 0.327522 0.821569 -0.465811 0.125000 0.083496 1 4 1.000000
4 46.939231 83.339084 -136.312109 0.109999 0.917382 -0.381636 0.062500 0.083496 1 4 1.000000
4 48.892779 96.785411 -112.824451 0.080763 0.994934 0.053882 0.062500 0.041992 1 4 1.000000
1fireff1_01_ne04_mesh1
4 48.892779 96.785411 -112.824451 0.080763 0.994934 0.053882 0.062500 0.041992 1 4 1.000000
4 46.939231 83.339084 -136.312109 0.109999 0.917382 -0.381636 0.062500 0.083496 1 4 1.000000
4 40.479745 94.487589 -109.670146 -0.331675 0.923177 0.192323 0.000000 0.041992 1 4 1.000000
1fireff1_01_ne04_mesh1
4 46.939231 83.339084 -136.312109 0.109999 0.917382 -0.381636 0.062500 0.083496 1 4 1.000000
4 36.534213 85.623208 -133.651210 -0.464579 0.866396 -0.181621 0.000000 0.083496 1 4 1.000000
4 40.479745 94.487589 -109.670146 -0.331675 0.923177 0.192323 0.000000 0.041992 1 4 1.000000
1fireff1_01_ne04_mesh1
4 36.534213 85.623208 -133.651210 -0.464579 0.866396 -0.181621 1.000000 0.083496 1 4 1.000000
4 29.698213 80.261266 -159.635420 -0.456028 0.745313 -0.485384 1.000000 0.125000 1 4 1.000000
4 30.583649 78.553709 -129.040905 -0.887444 0.459324 0.024082 0.937500 0.083496 1 4 1.000000
1fireff1_01_ne04_mesh1
4 29.698213 80.261266 -159.635420 -0.456028 0.745313 -0.485384 1.000000 0.125000 1 4 1.000000
4 24.905907 71.454022 -153.708427 -0.936417 0.312576 -0.157489 0.937500 0.125000 1 4 1.000000
4 30.583649 78.553709 -129.040905 -0.887444 0.459324 0.024082 0.937500 0.083496 1 4 1.000000
1fireff1_01_ne04_mesh1
4 30.583649 78.553709 -129.040905 -0.887444 0.459324 0.024082 0.937500 0.083496 1 4 1.000000
4 24.905907 71.454022 -153.708427 -0.936417 0.312576 -0.157489 0.937500 0.125000 1 4 1.000000
4 26.594076 71.270367 -129.830060 -0.972592 0.229916 0.024866 0.875000 0.083496 1 4 1.000000
1fireff1_01_ne04_mesh1
4 24.905907 71.454022 -153.708427 -0.936417 0.312576 -0.157489 0.937500 0.125000 1 4 1.000000
4 27.515414 61.191493 -148.754735 -0.988618 0.145609 -0.025511 0.875000 0.125000 1 4 1.000000
4 26.594076 71.270367 -129.830060 -0.972592 0.229916 0.024866 0.875000 0.083496 1 4 1.000000
1fireff1_01_ne04_mesh1
4 26.594076 71.270367 -129.830060 -0.972592 0.229916 0.024866 0.875000 0.083496 1 4 1.000000
4 27.515414 61.191493 -148.754735 -0.988618 0.145609 -0.025511 0.875000 0.125000 1 4 1.000000
4 24.334616 60.605677 -125.539308 -0.994049 0.022584 0.102721 0.812500 0.083496 1 4 1.000000
1fireff1_01_ne04_mesh1
4 27.515414 61.191493 -148.754735 -0.988618 0.145609 -0.025511 0.875000 0.125000 1 4 1.000000
4 23.331408 49.887176 -140.934455 -0.997159 0.008159 0.068941 0.812500 0.125000 1 4 1.000000
4 24.334616 60.605677 -125.539308 -0.994049 0.022584 0.102721 0.812500 0.083496 1 4 1.000000
1fireff1_01_ne04_mesh1
4 24.334616 60.605677 -125.539308 -0.994049 0.022584 0.102721 0.812500 0.083496 1 4 1.000000
4 23.331408 49.887176 -140.934455 -0.997159 0.008159 0.068941 0.812500 0.125000 1 4 1.000000
4 27.822909 51.916013 -119.630951 -0.877301 -0.369309 0.305189 0.750000 0.083496 1 4 1.000000
1fireff1_01_ne04_mesh1
4 23.331408 49.887176 -140.934455 -0.997159 0.008159 0.068941 0.812500 0.125000 1 4 1.000000
4 26.510502 41.466617 -135.604745 -0.869022 -0.378029 0.318916 0.750000 0.125000 1 4 1.000000
4 27.822909 51.916013 -119.630951 -0.877301 -0.369309 0.305189 0.750000 0.083496 1 4 1.000000
1fireff1_01_ne04_mesh1
4 27.822909 51.916013 -119.630951 -0.877301 -0.369309 0.305189 0.750000 0.083496 1 4 1.000000
4 26.510502 41.466617 -135.604745 -0.869022 -0.378029 0.318916 0.750000 0.125000 1 4 1.000000
4 33.181945 45.529693 -117.583552 -0.601724 -0.700923 0.381818 0.687500 0.083496 1 4 1.000000
1fireff1_01_ne04_mesh1
4 26.510502 41.466617 -135.604745 -0.869022 -0.378029 0.318916 0.750000 0.125000 1 4 1.000000
4 31.538044 36.581587 -132.763417 -0.528448 -0.687520 0.497192 0.687500 0.125000 1 4 1.000000
4 33.181945 45.529693 -117.583552 -0.601724 -0.700923 0.381818 0.687500 0.083496 1 4 1.000000
1fireff1_01_ne04_mesh1
4 33.181945 45.529693 -117.583552 -0.601724 -0.700923 0.381818 0.687500 0.083496 1 4 1.000000
4 31.538044 36.581587 -132.763417 -0.528448 -0.687520 0.497192 0.687500 0.125000 1 4 1.000000
4 39.802121 42.263343 -119.294967 -0.100433 -0.937369 0.331657 0.625000 0.083496 1 4 1.000000
1fireff1_01_ne04_mesh1
4 31.538044 36.581587 -132.763417 -0.528448 -0.687520 0.497192 0.687500 0.125000 1 4 1.000000
4 38.113336 35.222374 -132.380356 0.014972 -0.833965 0.551456 0.625000 0.125000 1 4 1.000000
4 39.802121 42.263343 -119.294967 -0.100433 -0.937369 0.331657 0.625000 0.083496 1 4 1.000000
1fireff1_01_ne04_mesh1
4 39.802121 42.263343 -119.294967 -0.100433 -0.937369 0.331657 0.625000 0.083496 1 4 1.000000
4 38.113336 35.222374 -132.380356 0.014972 -0.833965 0.551456 0.625000 0.125000 1 4 1.000000
4 47.518159 43.172030 -121.422159 0.325561 -0.936852 0.126766 0.562500 0.083496 1 4 1.000000
1fireff1_01_ne04_mesh1
4 38.113336 35.222374 -132.380356 0.014972 -0.833965 0.551456 0.625000 0.125000 1 4 1.000000
4 45.506069 37.157000 -134.244320 0.467011 -0.753485 0.462539 0.562500 0.125000 1 4 1.000000
4 47.518159 43.172030 -121.422159 0.325561 -0.936852 0.126766 0.562500 0.083496 1 4 1.000000
1fireff1_01_ne04_mesh1
4 47.518159 43.172030 -121.422159 0.325561 -0.936852 0.126766 0.562500 0.083496 1 4 1.000000
4 45.506069 37.157000 -134.244320 0.467011 -0.753485 0.462539 0.562500 0.125000 1 4 1.000000
4 55.219510 47.513753 -124.160049 0.504211 -0.859831 -0.077803 0.500000 0.083496 1 4 1.000000
1fireff1_01_ne04_mesh1
4 45.506069 37.157000 -134.244320 0.467011 -0.753485 0.462539 0.562500 0.125000 1 4 1.000000
4 52.364775 42.457304 -138.296545 0.683719 -0.631443 0.364608 0.500000 0.125000 1 4 1.000000
4 55.219510 47.513753 -124.160049 0.504211 -0.859831 -0.077803 0.500000 0.083496 1 4 1.000000
1fireff1_01_ne04_mesh1
4 55.219510 47.513753 -124.160049 0.504211 -0.859831 -0.077803 0.500000 0.083496 1 4 1.000000
4 52.364775 42.457304 -138.296545 0.683719 -0.631443 0.364608 0.500000 0.125000 1 4 1.000000
4 62.483131 53.229147 -126.559522 0.662681 -0.707587 -0.244709 0.437500 0.083496 1 4 1.000000
1fireff1_01_ne04_mesh1
4 52.364775 42.457304 -138.296545 0.683719 -0.631443 0.364608 0.500000 0.125000 1 4 1.000000
4 58.722872 48.569284 -142.847228 0.802436 -0.523617 0.283810 0.437500 0.125000 1 4 1.000000
4 62.483131 53.229147 -126.559522 0.662681 -0.707587 -0.244709 0.437500 0.083496 1 4 1.000000
1fireff1_01_ne04_mesh1
4 62.483131 53.229147 -126.559522 0.662681 -0.707587 -0.244709 0.437500 0.083496 1 4 1.000000
4 58.722872 48.569284 -142.847228 0.802436 -0.523617 0.283810 0.437500 0.125000 1 4 1.000000
4 67.372095 61.558735 -128.192743 0.862035 -0.427861 -0.269876 0.375000 0.083496 1 4 1.000000
1fireff1_01_ne04_mesh1
4 58.722872 48.569284 -142.847228 0.802436 -0.523617 0.283810 0.437500 0.125000 1 4 1.000000
4 63.864593 54.153480 -146.952438 0.891481 -0.405656 0.198632 0.375000 0.125000 1 4 1.000000
4 67.372095 61.558735 -128.192743 0.862035 -0.427861 -0.269876 0.375000 0.083496 1 4 1.000000
1fireff1_01_ne04_mesh1
4 67.372095 61.558735 -128.192743 0.862035 -0.427861 -0.269876 0.375000 0.083496 1 4 1.000000
4 63.864593 54.153480 -146.952438 0.891481 -0.405656 0.198632 0.375000 0.125000 1 4 1.000000
4 69.299027 70.172094 -129.597002 0.964351 -0.023078 -0.262456 0.312500 0.083496 1 4 1.000000
1fireff1_01_ne04_mesh1
4 63.864593 54.153480 -146.952438 0.891481 -0.405656 0.198632 0.375000 0.125000 1 4 1.000000
4 67.619918 57.366346 -149.377099 0.991188 -0.128203 0.006926 0.312500 0.125000 1 4 1.000000
4 69.299027 70.172094 -129.597002 0.964351 -0.023078 -0.262456 0.312500 0.083496 1 4 1.000000
1fireff1_01_ne04_mesh1
4 69.299027 70.172094 -129.597002 0.964351 -0.023078 -0.262456 0.312500 0.083496 1 4 1.000000
4 67.619918 57.366346 -149.377099 0.991188 -0.128203 0.006926 0.312500 0.125000 1 4 1.000000
4 67.995865 76.948871 -131.428994 0.859920 0.390360 -0.327616 0.250000 0.083496 1 4 1.000000
1fireff1_01_ne04_mesh1
4 67.619918 57.366346 -149.377099 0.991188 -0.128203 0.006926 0.312500 0.125000 1 4 1.000000
4 66.939899 61.735117 -152.218559 0.897977 0.330212 -0.289509 0.250000 0.125000 1 4 1.000000
4 67.995865 76.948871 -131.428994 0.859920 0.390360 -0.327616 0.250000 0.083496 1 4 1.000000
1fireff1_01_ne04_mesh1
4 67.995865 76.948871 -131.428994 0.859920 0.390360 -0.327616 0.250000 0.083496 1 4 1.000000
4 66.939899 61.735117 -152.218559 0.897977 0.330212 -0.289509 0.250000 0.125000 1 4 1.000000
4 62.827489 82.056141 -134.417601 0.607550 0.671945 -0.422742 0.187500 0.083496 1 4 1.000000
1fireff1_01_ne04_mesh1
4 66.939899 61.735117 -152.218559 0.897977 0.330212 -0.289509 0.250000 0.125000 1 4 1.000000
4 62.447438 65.752607 -154.527126 0.616638 0.632707 -0.467813 0.187500 0.125000 1 4 1.000000
4 62.827489 82.056141 -134.417601 0.607550 0.671945 -0.422742 0.187500 0.083496 1 4 1.000000
1fireff1_01_ne04_mesh1
4 62.827489 82.056141 -134.417601 0.607550 0.671945 -0.422742 0.187500 0.083496 1 4 1.000000
4 62.447438 65.752607 -154.527126 0.616638 0.632707 -0.467813 0.187500 0.125000 1 4 1.000000
4 54.876186 84.422446 -137.597927 0.327522 0.821569 -0.465811 0.125000 0.083496 1 4 1.000000
1fireff1_01_ne04_mesh1
4 62.447438 65.752607 -154.527126 0.616638 0.632707 -0.467813 0.187500 0.125000 1 4 1.000000
4 54.126615 69.941874 -156.648163 0.403762 0.746019 -0.528632 0.125000 0.125000 1 4 1.000000
4 54.876186 84.422446 -137.597927 0.327522 0.821569 -0.465811 0.125000 0.083496 1 4 1.000000
1fireff1_01_ne04_mesh1
4 54.876186 84.422446 -137.597927 0.327522 0.821569 -0.465811 0.125000 0.083496 1 4 1.000000
4 54.126615 69.941874 -156.648163 0.403762 0.746019 -0.528632 0.125000 0.125000 1 4 1.000000
4 46.939231 83.339084 -136.312109 0.109999 0.917382 -0.381636 0.062500 0.083496 1 4 1.000000
1fireff1_01_ne04_mesh1
4 54.126615 69.941874 -156.648163 0.403762 0.746019 -0.528632 0.125000 0.125000 1 4 1.000000
4 40.484719 79.036731 -159.959573 0.150233 0.808367 -0.568253 0.062500 0.125000 1 4 1.000000
4 46.939231 83.339084 -136.312109 0.109999 0.917382 -0.381636 0.062500 0.083496 1 4 1.000000
1fireff1_01_ne04_mesh1
4 46.939231 83.339084 -136.312109 0.109999 0.917382 -0.381636 0.062500 0.083496 1 4 1.000000
4 40.484719 79.036731 -159.959573 0.150233 0.808367 -0.568253 0.062500 0.125000 1 4 1.000000
4 36.534213 85.623208 -133.651210 -0.464579 0.866396 -0.181621 0.000000 0.083496 1 4 1.000000
1fireff1_01_ne04_mesh1
4 40.484719 79.036731 -159.959573 0.150233 0.808367 -0.568253 0.062500 0.125000 1 4 1.000000
4 29.698213 80.261266 -159.635420 -0.456028 0.745313 -0.485384 0.000000 0.125000 1 4 1.000000
4 36.534213 85.623208 -133.651210 -0.464579 0.866396 -0.181621 0.000000 0.083496 1 4 1.000000
1fireff1_01_ne04_mesh1
4 29.698213 80.261266 -159.635420 -0.456028 0.745313 -0.485384 1.000000 0.125000 1 4 1.000000
4 35.151853 53.163851 -175.494084 -0.508177 0.565793 -0.648931 1.000000 0.166992 1 4 1.000000
4 24.905907 71.454022 -153.708427 -0.936417 0.312576 -0.157489 0.937500 0.125000 1 4 1.000000
1fireff1_01_ne04_mesh1
4 35.151853 53.163851 -175.494084 -0.508177 0.565793 -0.648931 1.000000 0.166992 1 4 1.000000
4 27.156723 49.704551 -172.575154 -0.871016 0.294210 -0.392459 0.937500 0.166992 1 4 1.000000
4 24.905907 71.454022 -153.708427 -0.936417 0.312576 -0.157489 0.937500 0.125000 1 4 1.000000
1fireff1_01_ne04_mesh1
4 24.905907 71.454022 -153.708427 -0.936417 0.312576 -0.157489 0.937500 0.125000 1 4 1.000000
4 27.156723 49.704551 -172.575154 -0.871016 0.294210 -0.392459 0.937500 0.166992 1 4 1.000000
4 27.515414 61.191493 -148.754735 -0.988618 0.145609 -0.025511 0.875000 0.125000 1 4 1.000000
1fireff1_01_ne04_mesh1
4 27.156723 49.704551 -172.575154 -0.871016 0.294210 -0.392459 0.937500 0.166992 1 4 1.000000
4 24.411928 48.100564 -165.366582 -0.983650 0.138446 -0.113719 0.875000 0.166992 1 4 1.000000
4 27.515414 61.191493 -148.754735 -0.988618 0.145609 -0.025511 0.875000 0.125000 1 4 1.000000
1fireff1_01_ne04_mesh1
4 27.515414 61.191493 -148.754735 -0.988618 0.145609 -0.025511 0.875000 0.125000 1 4 1.000000
4 24.411928 48.100564 -165.366582 -0.983650 0.138446 -0.113719 0.875000 0.166992 1 4 1.000000
4 23.331408 49.887176 -140.934455 -0.997159 0.008159 0.068941 0.812500 0.125000 1 4 1.000000
1fireff1_01_ne04_mesh1
4 24.411928 48.100564 -165.366582 -0.983650 0.138446 -0.113719 0.875000 0.166992 1 4 1.000000
4 21.875367 39.902877 -156.780453 -0.998847 -0.002468 0.037306 0.812500 0.166992 1 4 1.000000
4 23.331408 49.887176 -140.934455 -0.997159 0.008159 0.068941 0.812500 0.125000 1 4 1.000000
1fireff1_01_ne04_mesh1
4 23.331408 49.887176 -140.934455 -0.997159 0.008159 0.068941 0.812500 0.125000 1 4 1.000000
4 21.875367 39.902877 -156.780453 -0.998847 -0.002468 0.037306 0.812500 0.166992 1 4 1.000000
4 26.510502 41.466617 -135.604745 -0.869022 -0.378029 0.318916 0.750000 0.125000 1 4 1.000000
1fireff1_01_ne04_mesh1
4 21.875367 39.902877 -156.780453 -0.998847 -0.002468 0.037306 0.812500 0.166992 1 4 1.000000
4 25.317407 30.823773 -151.459752 -0.880312 -0.357245 0.310568 0.750000 0.166992 1 4 1.000000
4 26.510502 41.466617 -135.604745 -0.869022 -0.378029 0.318916 0.750000 0.125000 1 4 1.000000
1fireff1_01_ne04_mesh1
4 26.510502 41.466617 -135.604745 -0.869022 -0.378029 0.318916 0.750000 0.125000 1 4 1.000000
4 25.317407 30.823773 -151.459752 -0.880312 -0.357245 0.310568 0.750000 0.166992 1 4 1.000000
4 31.538044 36.581587 -132.763417 -0.528448 -0.687520 0.497192 0.687500 0.125000 1 4 1.000000
1fireff1_01_ne04_mesh1
4 25.317407 30.823773 -151.459752 -0.880312 -0.357245 0.310568 0.750000 0.166992 1 4 1.000000
4 30.868443 26.053831 -146.973208 -0.591188 -0.579869 0.559782 0.687500 0.166992 1 4 1.000000
4 31.538044 36.581587 -132.763417 -0.528448 -0.687520 0.497192 0.687500 0.125000 1 4 1.000000
1fireff1_01_ne04_mesh1
4 31.538044 36.581587 -132.763417 -0.528448 -0.687520 0.497192 0.687500 0.125000 1 4 1.000000
4 30.868443 26.053831 -146.973208 -0.591188 -0.579869 0.559782 0.687500 0.166992 1 4 1.000000
4 38.113336 35.222374 -132.380356 0.014972 -0.833965 0.551456 0.625000 0.125000 1 4 1.000000
1fireff1_01_ne04_mesh1
4 30.868443 26.053831 -146.973208 -0.591188 -0.579869 0.559782 0.687500 0.166992 1 4 1.000000
4 37.854050 25.863743 -144.042432 -0.067783 -0.666538 0.741731 0.625000 0.166992 1 4 1.000000
4 38.113336 35.222374 -132.380356 0.014972 -0.833965 0.551456 0.625000 0.125000 1 4 1.000000
1fireff1_01_ne04_mesh1
4 38.113336 35.222374 -132.380356 0.014972 -0.833965 0.551456 0.625000 0.125000 1 4 1.000000
4 37.854050 25.863743 -144.042432 -0.067783 -0.666538 0.741731 0.625000 0.166992 1 4 1.000000
4 45.506069 37.157000 -134.244320 0.467011 -0.753485 0.462539 0.562500 0.125000 1 4 1.000000
1fireff1_01_ne04_mesh1
4 37.854050 25.863743 -144.042432 -0.067783 -0.666538 0.741731 0.625000 0.166992 1 4 1.000000
4 45.670039 27.613875 -144.899864 0.374786 -0.510142 0.773644 0.562500 0.166992 1 4 1.000000
4 45.506069 37.157000 -134.244320 0.467011 -0.753485 0.462539 0.562500 0.125000 1 4 1.000000
1fireff1_01_ne04_mesh1
4 45.506069 37.157000 -134.244320 0.467011 -0.753485 0.462539 0.562500 0.125000 1 4 1.000000
4 45.670039 27.613875 -144.899864 0.374786 -0.510142 0.773644 0.562500 0.166992 1 4 1.000000
4 52.364775 42.457304 -138.296545 0.683719 -0.631443 0.364608 0.500000 0.125000 1 4 1.000000
1fireff1_01_ne04_mesh1
4 45.670039 27.613875 -144.899864 0.374786 -0.510142 0.773644 0.562500 0.166992 1 4 1.000000
4 53.290192 31.272020 -148.669286 0.570554 -0.303348 0.762637 0.500000 0.166992 1 4 1.000000
4 52.364775 42.457304 -138.296545 0.683719 -0.631443 0.364608 0.500000 0.125000 1 4 1.000000
1fireff1_01_ne04_mesh1
4 52.364775 42.457304 -138.296545 0.683719 -0.631443 0.364608 0.500000 0.125000 1 4 1.000000
4 53.290192 31.272020 -148.669286 0.570554 -0.303348 0.762637 0.500000 0.166992 1 4 1.000000
4 58.722872 48.569284 -142.847228 0.802436 -0.523617 0.283810 0.437500 0.125000 1 4 1.000000
1fireff1_01_ne04_mesh1
4 53.290192 31.272020 -148.669286 0.570554 -0.303348 0.762637 0.500000 0.166992 1 4 1.000000
4 60.340333 35.190390 -153.780537 0.739371 -0.108052 0.663828 0.437500 0.166992 1 4 1.000000
4 58.722872 48.569284 -142.847228 0.802436 -0.523617 0.283810 0.437500 0.125000 1 4 1.000000
1fireff1_01_ne04_mesh1
4 58.722872 48.569284 -142.847228 0.802436 -0.523617 0.283810 0.437500 0.125000 1 4 1.000000
4 60.340333 35.190390 -153.780537 0.739371 -0.108052 0.663828 0.437500 0.166992 1 4 1.000000
4 63.864593 54.153480 -146.952438 0.891481 -0.405656 0.198632 0.375000 0.125000 1 4 1.000000
1fireff1_01_ne04_mesh1
4 60.340333 35.190390 -153.780537 0.739371 -0.108052 0.663828 0.437500 0.166992 1 4 1.000000
4 64.764038 39.603180 -161.324294 0.918518 0.002472 0.394991 0.375000 0.166992 1 4 1.000000
4 63.864593 54.153480 -146.952438 0.891481 -0.405656 0.198632 0.375000 0.125000 1 4 1.000000
1fireff1_01_ne04_mesh1
4 63.864593 54.153480 -146.952438 0.891481 -0.405656 0.198632 0.375000 0.125000 1 4 1.000000
4 64.764038 39.603180 -161.324294 0.918518 0.002472 0.394991 0.375000 0.166992 1 4 1.000000
4 67.619918 57.366346 -149.377099 0.991188 -0.128203 0.006926 0.312500 0.125000 1 4 1.000000
1fireff1_01_ne04_mesh1
4 64.764038 39.603180 -161.324294 0.918518 0.002472 0.394991 0.375000 0.166992 1 4 1.000000
4 66.205676 44.131198 -168.893464 0.988020 0.150709 0.016506 0.312500 0.166992 1 4 1.000000
4 67.619918 57.366346 -149.377099 0.991188 -0.128203 0.006926 0.312500 0.125000 1 4 1.000000
1fireff1_01_ne04_mesh1
4 67.619918 57.366346 -149.377099 0.991188 -0.128203 0.006926 0.312500 0.125000 1 4 1.000000
4 66.205676 44.131198 -168.893464 0.988020 0.150709 0.016506 0.312500 0.166992 1 4 1.000000
4 66.939899 61.735117 -152.218559 0.897977 0.330212 -0.289509 0.250000 0.125000 1 4 1.000000
1fireff1_01_ne04_mesh1
4 66.205676 44.131198 -168.893464 0.988020 0.150709 0.016506 0.312500 0.166992 1 4 1.000000
4 64.624091 48.564031 -174.262535 0.863791 0.385574 -0.323621 0.250000 0.166992 1 4 1.000000
4 66.939899 61.735117 -152.218559 0.897977 0.330212 -0.289509 0.250000 0.125000 1 4 1.000000
1fireff1_01_ne04_mesh1
4 66.939899 61.735117 -152.218559 0.897977 0.330212 -0.289509 0.250000 0.125000 1 4 1.000000
4 64.624091 48.564031 -174.262535 0.863791 0.385574 -0.323621 0.250000 0.166992 1 4 1.000000
4 62.447438 65.752607 -154.527126 0.616638 0.632707 -0.467813 0.187500 0.125000 1 4 1.000000
1fireff1_01_ne04_mesh1
4 64.624091 48.564031 -174.262535 0.863791 0.385574 -0.323621 0.250000 0.166992 1 4 1.000000
4 59.456921 53.681485 -177.235787 0.605365 0.602990 -0.519042 0.187500 0.166992 1 4 1.000000
4 62.447438 65.752607 -154.527126 0.616638 0.632707 -0.467813 0.187500 0.125000 1 4 1.000000
1fireff1_01_ne04_mesh1
4 62.447438 65.752607 -154.527126 0.616638 0.632707 -0.467813 0.187500 0.125000 1 4 1.000000
4 59.456921 53.681485 -177.235787 0.605365 0.602990 -0.519042 0.187500 0.166992 1 4 1.000000
4 54.126615 69.941874 -156.648163 0.403762 0.746019 -0.528632 0.125000 0.125000 1 4 1.000000
1fireff1_01_ne04_mesh1
4 59.456921 53.681485 -177.235787 0.605365 0.602990 -0.519042 0.187500 0.166992 1 4 1.000000
4 51.749420 58.100231 -177.318930 0.320253 0.723520 -0.610712 0.125000 0.166992 1 4 1.000000
4 54.126615 69.941874 -156.648163 0.403762 0.746019 -0.528632 0.125000 0.125000 1 4 1.000000
1fireff1_01_ne04_mesh1
4 54.126615 69.941874 -156.648163 0.403762 0.746019 -0.528632 0.125000 0.125000 1 4 1.000000
4 51.749420 58.100231 -177.318930 0.320253 0.723520 -0.610712 0.125000 0.166992 1 4 1.000000
4 40.484719 79.036731 -159.959573 0.150233 0.808367 -0.568253 0.062500 0.125000 1 4 1.000000
1fireff1_01_ne04_mesh1
4 51.749420 58.100231 -177.318930 0.320253 0.723520 -0.610712 0.125000 0.166992 1 4 1.000000
4 43.818653 57.069026 -175.954404 -0.012037 0.701792 -0.711489 0.062500 0.166992 1 4 1.000000
4 40.484719 79.036731 -159.959573 0.150233 0.808367 -0.568253 0.062500 0.125000 1 4 1.000000
1fireff1_01_ne04_mesh1
4 40.484719 79.036731 -159.959573 0.150233 0.808367 -0.568253 0.062500 0.125000 1 4 1.000000
4 43.818653 57.069026 -175.954404 -0.012037 0.701792 -0.711489 0.062500 0.166992 1 4 1.000000
4 29.698213 80.261266 -159.635420 -0.456028 0.745313 -0.485384 0.000000 0.125000 1 4 1.000000
1fireff1_01_ne04_mesh1
4 43.818653 57.069026 -175.954404 -0.012037 0.701792 -0.711489 0.062500 0.166992 1 4 1.000000
4 35.151853 53.163851 -175.494084 -0.508177 0.565793 -0.648931 0.000000 0.166992 1 4 1.000000
4 29.698213 80.261266 -159.635420 -0.456028 0.745313 -0.485384 0.000000 0.125000 1 4 1.000000
1fireff1_01_ne04_mesh1
4 35.151853 53.163851 -175.494084 -0.508177 0.565793 -0.648931 1.000000 0.166992 1 4 1.000000
4 34.308794 37.748789 -195.903928 -0.428752 0.358162 -0.829217 1.000000 0.208496 1 4 1.000000
4 27.156723 49.704551 -172.575154 -0.871016 0.294210 -0.392459 0.937500 0.166992 1 4 1.000000
1fireff1_01_ne04_mesh1
4 34.308794 37.748789 -195.903928 -0.428752 0.358162 -0.829217 1.000000 0.208496 1 4 1.000000
4 28.778398 31.268932 -189.393239 -0.764470 0.157630 -0.624972 0.937500 0.208496 1 4 1.000000
4 27.156723 49.704551 -172.575154 -0.871016 0.294210 -0.392459 0.937500 0.166992 1 4 1.000000
1fireff1_01_ne04_mesh1
4 27.156723 49.704551 -172.575154 -0.871016 0.294210 -0.392459 0.937500 0.166992 1 4 1.000000
4 28.778398 31.268932 -189.393239 -0.764470 0.157630 -0.624972 0.937500 0.208496 1 4 1.000000
4 24.411928 48.100564 -165.366582 -0.983650 0.138446 -0.113719 0.875000 0.166992 1 4 1.000000
1fireff1_01_ne04_mesh1
4 28.778398 31.268932 -189.393239 -0.764470 0.157630 -0.624972 0.937500 0.208496 1 4 1.000000
4 24.557465 28.317725 -179.559767 -0.947139 0.040495 -0.317337 0.875000 0.208496 1 4 1.000000
4 24.411928 48.100564 -165.366582 -0.983650 0.138446 -0.113719 0.875000 0.166992 1 4 1.000000
1fireff1_01_ne04_mesh1
4 24.411928 48.100564 -165.366582 -0.983650 0.138446 -0.113719 0.875000 0.166992 1 4 1.000000
4 24.557465 28.317725 -179.559767 -0.947139 0.040495 -0.317337 0.875000 0.208496 1 4 1.000000
4 21.875367 39.902877 -156.780453 -0.998847 -0.002468 0.037306 0.812500 0.166992 1 4 1.000000
1fireff1_01_ne04_mesh1
4 24.557465 28.317725 -179.559767 -0.947139 0.040495 -0.317337 0.875000 0.208496 1 4 1.000000
4 22.882549 26.089751 -169.981675 -0.992683 -0.113903 -0.030151 0.812500 0.208496 1 4 1.000000
4 21.875367 39.902877 -156.780453 -0.998847 -0.002468 0.037306 0.812500 0.166992 1 4 1.000000
1fireff1_01_ne04_mesh1
4 21.875367 39.902877 -156.780453 -0.998847 -0.002468 0.037306 0.812500 0.166992 1 4 1.000000
4 22.882549 26.089751 -169.981675 -0.992683 -0.113903 -0.030151 0.812500 0.208496 1 4 1.000000
4 25.317407 30.823773 -151.459752 -0.880312 -0.357245 0.310568 0.750000 0.166992 1 4 1.000000
1fireff1_01_ne04_mesh1
4 22.882549 26.089751 -169.981675 -0.992683 -0.113903 -0.030151 0.812500 0.208496 1 4 1.000000
4 26.245153 18.975881 -162.598475 -0.887238 -0.352152 0.296514 0.750000 0.208496 1 4 1.000000
4 25.317407 30.823773 -151.459752 -0.880312 -0.357245 0.310568 0.750000 0.166992 1 4 1.000000
1fireff1_01_ne04_mesh1
4 25.317407 30.823773 -151.459752 -0.880312 -0.357245 0.310568 0.750000 0.166992 1 4 1.000000
4 26.245153 18.975881 -162.598475 -0.887238 -0.352152 0.296514 0.750000 0.208496 1 4 1.000000
4 30.868443 26.053831 -146.973208 -0.591188 -0.579869 0.559782 0.687500 0.166992 1 4 1.000000
1fireff1_01_ne04_mesh1
4 26.245153 18.975881 -162.598475 -0.887238 -0.352152 0.296514 0.750000 0.208496 1 4 1.000000
4 32.677920 13.802778 -156.037068 -0.635658 -0.493167 0.593203 0.687500 0.208496 1 4 1.000000
4 30.868443 26.053831 -146.973208 -0.591188 -0.579869 0.559782 0.687500 0.166992 1 4 1.000000
1fireff1_01_ne04_mesh1
4 30.868443 26.053831 -146.973208 -0.591188 -0.579869 0.559782 0.687500 0.166992 1 4 1.000000
4 32.677920 13.802778 -156.037068 -0.635658 -0.493167 0.593203 0.687500 0.208496 1 4 1.000000
4 37.854050 25.863743 -144.042432 -0.067783 -0.666538 0.741731 0.625000 0.166992 1 4 1.000000
1fireff1_01_ne04_mesh1
4 32.677920 13.802778 -156.037068 -0.635658 -0.493167 0.593203 0.687500 0.208496 1 4 1.000000
4 40.207336 14.293326 -150.742919 -0.207694 -0.505922 0.836522 0.625000 0.208496 1 4 1.000000
4 37.854050 25.863743 -144.042432 -0.067783 -0.666538 0.741731 0.625000 0.166992 1 4 1.000000
1fireff1_01_ne04_mesh1
4 37.854050 25.863743 -144.042432 -0.067783 -0.666538 0.741731 0.625000 0.166992 1 4 1.000000
4 40.207336 14.293326 -150.742919 -0.207694 -0.505922 0.836522 0.625000 0.208496 1 4 1.000000
4 45.670039 27.613875 -144.899864 0.374786 -0.510142 0.773644 0.562500 0.166992 1 4 1.000000
1fireff1_01_ne04_mesh1
4 40.207336 14.293326 -150.742919 -0.207694 -0.505922 0.836522 0.625000 0.208496 1 4 1.000000
4 48.167682 16.850437 -150.242613 0.131914 -0.335993 0.932480 0.562500 0.208496 1 4 1.000000
4 45.670039 27.613875 -144.899864 0.374786 -0.510142 0.773644 0.562500 0.166992 1 4 1.000000
1fireff1_01_ne04_mesh1
4 45.670039 27.613875 -144.899864 0.374786 -0.510142 0.773644 0.562500 0.166992 1 4 1.000000
4 48.167682 16.850437 -150.242613 0.131914 -0.335993 0.932480 0.562500 0.208496 1 4 1.000000
4 53.290192 31.272020 -148.669286 0.570554 -0.303348 0.762637 0.500000 0.166992 1 4 1.000000
1fireff1_01_ne04_mesh1
4 48.167682 16.850437 -150.242613 0.131914 -0.335993 0.932480 0.562500 0.208496 1 4 1.000000
4 57.178373 18.901828 -151.872143 0.276096 -0.088446 0.957004 0.500000 0.208496 1 4 1.000000
4 53.290192 31.272020 -148.669286 0.570554 -0.303348 0.762637 0.500000 0.166992 1 4 1.000000
1fireff1_01_ne04_mesh1
4 53.290192 31.272020 -148.669286 0.570554 -0.303348 0.762637 0.500000 0.166992 1 4 1.000000
4 57.178373 18.901828 -151.872143 0.276096 -0.088446 0.957004 0.500000 0.208496 1 4 1.000000
4 60.340333 35.190390 -153.780537 0.739371 -0.108052 0.663828 0.437500 0.166992 1 4 1.000000
1fireff1_01_ne04_mesh1
4 57.178373 18.901828 -151.872143 0.276096 -0.088446 0.957004 0.500000 0.208496 1 4 1.000000
4 65.705920 21.146509 -154.670853 0.531631 0.169199 0.829768 0.437500 0.208496 1 4 1.000000
4 60.340333 35.190390 -153.780537 0.739371 -0.108052 0.663828 0.437500 0.166992 1 4 1.000000
1fireff1_01_ne04_mesh1
4 60.340333 35.190390 -153.780537 0.739371 -0.108052 0.663828 0.437500 0.166992 1 4 1.000000
4 65.705920 21.146509 -154.670853 0.531631 0.169199 0.829768 0.437500 0.208496 1 4 1.000000
4 64.764038 39.603180 -161.324294 0.918518 0.002472 0.394991 0.375000 0.166992 1 4 1.000000
1fireff1_01_ne04_mesh1
4 65.705920 21.146509 -154.670853 0.531631 0.169199 0.829768 0.437500 0.208496 1 4 1.000000
4 70.665144 24.996703 -161.324945 0.819871 0.329330 0.467482 0.375000 0.208496 1 4 1.000000
4 64.764038 39.603180 -161.324294 0.918518 0.002472 0.394991 0.375000 0.166992 1 4 1.000000
1fireff1_01_ne04_mesh1
4 64.764038 39.603180 -161.324294 0.918518 0.002472 0.394991 0.375000 0.166992 1 4 1.000000
4 70.665144 24.996703 -161.324945 0.819871 0.329330 0.467482 0.375000 0.208496 1 4 1.000000
4 66.205676 44.131198 -168.893464 0.988020 0.150709 0.016506 0.312500 0.166992 1 4 1.000000
1fireff1_01_ne04_mesh1
4 70.665144 24.996703 -161.324945 0.819871 0.329330 0.467482 0.375000 0.208496 1 4 1.000000
4 71.440987 29.218546 -171.172908 0.930592 0.359589 0.064001 0.312500 0.208496 1 4 1.000000
4 66.205676 44.131198 -168.893464 0.988020 0.150709 0.016506 0.312500 0.166992 1 4 1.000000
1fireff1_01_ne04_mesh1
4 66.205676 44.131198 -168.893464 0.988020 0.150709 0.016506 0.312500 0.166992 1 4 1.000000
4 71.440987 29.218546 -171.172908 0.930592 0.359589 0.064001 0.312500 0.208496 1 4 1.000000
4 64.624091 48.564031 -174.262535 0.863791 0.385574 -0.323621 0.250000 0.166992 1 4 1.000000
1fireff1_01_ne04_mesh1
4 71.440987 29.218546 -171.172908 0.930592 0.359589 0.064001 0.312500 0.208496 1 4 1.000000
4 68.378661 33.388060 -181.122984 0.871440 0.356433 -0.335524 0.250000 0.208496 1 4 1.000000
4 64.624091 48.564031 -174.262535 0.863791 0.385574 -0.323621 0.250000 0.166992 1 4 1.000000
1fireff1_01_ne04_mesh1
4 64.624091 48.564031 -174.262535 0.863791 0.385574 -0.323621 0.250000 0.166992 1 4 1.000000
4 68.378661 33.388060 -181.122984 0.871440 0.356433 -0.335524 0.250000 0.208496 1 4 1.000000
4 59.456921 53.681485 -177.235787 0.605365 0.602990 -0.519042 0.187500 0.166992 1 4 1.000000
1fireff1_01_ne04_mesh1
4 68.378661 33.388060 -181.122984 0.871440 0.356433 -0.335524 0.250000 0.208496 1 4 1.000000
4 61.887002 37.155882 -189.493163 0.645987 0.364161 -0.670722 0.187500 0.208496 1 4 1.000000
4 59.456921 53.681485 -177.235787 0.605365 0.602990 -0.519042 0.187500 0.166992 1 4 1.000000
1fireff1_01_ne04_mesh1
4 59.456921 53.681485 -177.235787 0.605365 0.602990 -0.519042 0.187500 0.166992 1 4 1.000000
4 61.887002 37.155882 -189.493163 0.645987 0.364161 -0.670722 0.187500 0.208496 1 4 1.000000
4 51.749420 58.100231 -177.318930 0.320253 0.723520 -0.610712 0.125000 0.166992 1 4 1.000000
1fireff1_01_ne04_mesh1
4 61.887002 37.155882 -189.493163 0.645987 0.364161 -0.670722 0.187500 0.208496 1 4 1.000000
4 53.017302 39.461902 -195.394635 0.315603 0.379247 -0.869151 0.125000 0.208496 1 4 1.000000
4 51.749420 58.100231 -177.318930 0.320253 0.723520 -0.610712 0.125000 0.166992 1 4 1.000000
1fireff1_01_ne04_mesh1
4 51.749420 58.100231 -177.318930 0.320253 0.723520 -0.610712 0.125000 0.166992 1 4 1.000000
4 53.017302 39.461902 -195.394635 0.315603 0.379247 -0.869151 0.125000 0.208496 1 4 1.000000
4 43.818653 57.069026 -175.954404 -0.012037 0.701792 -0.711489 0.062500 0.166992 1 4 1.000000
1fireff1_01_ne04_mesh1
4 53.017302 39.461902 -195.394635 0.315603 0.379247 -0.869151 0.125000 0.208496 1 4 1.000000
4 43.015164 40.288830 -197.842022 -0.049656 0.419919 -0.906107 0.062500 0.208496 1 4 1.000000
4 43.818653 57.069026 -175.954404 -0.012037 0.701792 -0.711489 0.062500 0.166992 1 4 1.000000
1fireff1_01_ne04_mesh1
4 43.818653 57.069026 -175.954404 -0.012037 0.701792 -0.711489 0.062500 0.166992 1 4 1.000000
4 43.015164 40.288830 -197.842022 -0.049656 0.419919 -0.906107 0.062500 0.208496 1 4 1.000000
4 35.151853 53.163851 -175.494084 -0.508177 0.565793 -0.648931 0.000000 0.166992 1 4 1.000000
1fireff1_01_ne04_mesh1
4 43.015164 40.288830 -197.842022 -0.049656 0.419919 -0.906107 0.062500 0.208496 1 4 1.000000
4 34.308794 37.748789 -195.903928 -0.428752 0.358162 -0.829217 0.000000 0.208496 1 4 1.000000
4 35.151853 53.163851 -175.494084 -0.508177 0.565793 -0.648931 0.000000 0.166992 1 4 1.000000
1fireff1_01_ne04_mesh1
4 34.308794 37.748789 -195.903928 -0.428752 0.358162 -0.829217 1.000000 0.208496 1 4 1.000000
4 43.038219 15.908776 -196.176440 -0.295302 0.027633 -0.954938 1.000000 0.250000 1 4 1.000000
4 28.778398 31.268932 -189.393239 -0.764470 0.157630 -0.624972 0.937500 0.208496 1 4 1.000000
1fireff1_01_ne04_mesh1
4 43.038219 15.908776 -196.176440 -0.295302 0.027633 -0.954938 1.000000 0.250000 1 4 1.000000
4 35.380601 9.683082 -195.509334 -0.637917 -0.131818 -0.758486 0.937500 0.250000 1 4 1.000000
4 28.778398 31.268932 -189.393239 -0.764470 0.157630 -0.624972 0.937500 0.208496 1 4 1.000000
1fireff1_01_ne04_mesh1
4 28.778398 31.268932 -189.393239 -0.764470 0.157630 -0.624972 0.937500 0.208496 1 4 1.000000
4 35.380601 9.683082 -195.509334 -0.637917 -0.131818 -0.758486 0.937500 0.250000 1 4 1.000000
4 24.557465 28.317725 -179.559767 -0.947139 0.040495 -0.317337 0.875000 0.208496 1 4 1.000000
1fireff1_01_ne04_mesh1
4 35.380601 9.683082 -195.509334 -0.637917 -0.131818 -0.758486 0.937500 0.250000 1 4 1.000000
4 29.875382 7.170954 -188.870766 -0.862424 -0.238365 -0.445909 0.875000 0.250000 1 4 1.000000
4 24.557465 28.317725 -179.559767 -0.947139 0.040495 -0.317337 0.875000 0.208496 1 4 1.000000
1fireff1_01_ne04_mesh1
4 24.557465 28.317725 -179.559767 -0.947139 0.040495 -0.317337 0.875000 0.208496 1 4 1.000000
4 29.875382 7.170954 -188.870766 -0.862424 -0.238365 -0.445909 0.875000 0.250000 1 4 1.000000
4 22.882549 26.089751 -169.981675 -0.992683 -0.113903 -0.030151 0.812500 0.208496 1 4 1.000000
1fireff1_01_ne04_mesh1
4 29.875382 7.170954 -188.870766 -0.862424 -0.238365 -0.445909 0.875000 0.250000 1 4 1.000000
4 27.037579 7.783342 -179.336893 -0.956495 -0.275626 -0.093539 0.812500 0.250000 1 4 1.000000
4 22.882549 26.089751 -169.981675 -0.992683 -0.113903 -0.030151 0.812500 0.208496 1 4 1.000000
1fireff1_01_ne04_mesh1
4 22.882549 26.089751 -169.981675 -0.992683 -0.113903 -0.030151 0.812500 0.208496 1 4 1.000000
4 27.037579 7.783342 -179.336893 -0.956495 -0.275626 -0.093539 0.812500 0.250000 1 4 1.000000
4 26.245153 18.975881 -162.598475 -0.887238 -0.352152 0.296514 0.750000 0.208496 1 4 1.000000
1fireff1_01_ne04_mesh1
4 27.037579 7.783342 -179.336893 -0.956495 -0.275626 -0.093539 0.812500 0.250000 1 4 1.000000
4 29.408572 3.914620 -171.031498 -0.892328 -0.365314 0.264876 0.750000 0.250000 1 4 1.000000
4 26.245153 18.975881 -162.598475 -0.887238 -0.352152 0.296514 0.750000 0.208496 1 4 1.000000
1fireff1_01_ne04_mesh1
4 26.245153 18.975881 -162.598475 -0.887238 -0.352152 0.296514 0.750000 0.208496 1 4 1.000000
4 29.408572 3.914620 -171.031498 -0.892328 -0.365314 0.264876 0.750000 0.250000 1 4 1.000000
4 32.677920 13.802778 -156.037068 -0.635658 -0.493167 0.593203 0.687500 0.208496 1 4 1.000000
1fireff1_01_ne04_mesh1
4 29.408572 3.914620 -171.031498 -0.892328 -0.365314 0.264876 0.750000 0.250000 1 4 1.000000
4 35.419358 0.284442 -163.888788 -0.687357 -0.378666 0.619016 0.687500 0.250000 1 4 1.000000
4 32.677920 13.802778 -156.037068 -0.635658 -0.493167 0.593203 0.687500 0.208496 1 4 1.000000
1fireff1_01_ne04_mesh1
4 32.677920 13.802778 -156.037068 -0.635658 -0.493167 0.593203 0.687500 0.208496 1 4 1.000000
4 35.419358 0.284442 -163.888788 -0.687357 -0.378666 0.619016 0.687500 0.250000 1 4 1.000000
4 40.207336 14.293326 -150.742919 -0.207694 -0.505922 0.836522 0.625000 0.208496 1 4 1.000000
1fireff1_01_ne04_mesh1
4 35.419358 0.284442 -163.888788 -0.687357 -0.378666 0.619016 0.687500 0.250000 1 4 1.000000
4 42.693468 2.032404 -157.865203 -0.388440 -0.368211 0.844210 0.625000 0.250000 1 4 1.000000
4 40.207336 14.293326 -150.742919 -0.207694 -0.505922 0.836522 0.625000 0.208496 1 4 1.000000
1fireff1_01_ne04_mesh1
4 40.207336 14.293326 -150.742919 -0.207694 -0.505922 0.836522 0.625000 0.208496 1 4 1.000000
4 42.693468 2.032404 -157.865203 -0.388440 -0.368211 0.844210 0.625000 0.250000 1 4 1.000000
4 48.167682 16.850437 -150.242613 0.131914 -0.335993 0.932480 0.562500 0.208496 1 4 1.000000
1fireff1_01_ne04_mesh1
4 42.693468 2.032404 -157.865203 -0.388440 -0.368211 0.844210 0.625000 0.250000 1 4 1.000000
4 51.402748 5.338447 -154.329813 -0.105682 -0.253039 0.961279 0.562500 0.250000 1 4 1.000000
4 48.167682 16.850437 -150.242613 0.131914 -0.335993 0.932480 0.562500 0.208496 1 4 1.000000
1fireff1_01_ne04_mesh1
4 48.167682 16.850437 -150.242613 0.131914 -0.335993 0.932480 0.562500 0.208496 1 4 1.000000
4 51.402748 5.338447 -154.329813 -0.105682 -0.253039 0.961279 0.562500 0.250000 1 4 1.000000
4 57.178373 18.901828 -151.872143 0.276096 -0.088446 0.957004 0.500000 0.208496 1 4 1.000000
1fireff1_01_ne04_mesh1
4 51.402748 5.338447 -154.329813 -0.105682 -0.253039 0.961279 0.562500 0.250000 1 4 1.000000
4 61.635914 7.106238 -152.761533 0.157934 -0.106677 0.981241 0.500000 0.250000 1 4 1.000000
4 57.178373 18.901828 -151.872143 0.276096 -0.088446 0.957004 0.500000 0.208496 1 4 1.000000
1fireff1_01_ne04_mesh1
4 57.178373 18.901828 -151.872143 0.276096 -0.088446 0.957004 0.500000 0.208496 1 4 1.000000
4 61.635914 7.106238 -152.761533 0.157934 -0.106677 0.981241 0.500000 0.250000 1 4 1.000000
4 65.705920 21.146509 -154.670853 0.531631 0.169199 0.829768 0.437500 0.208496 1 4 1.000000
1fireff1_01_ne04_mesh1
4 61.635914 7.106238 -152.761533 0.157934 -0.106677 0.981241 0.500000 0.250000 1 4 1.000000
4 70.904065 8.441445 -154.483142 0.565112 -0.019287 0.824345 0.437500 0.250000 1 4 1.000000
4 65.705920 21.146509 -154.670853 0.531631 0.169199 0.829768 0.437500 0.208496 1 4 1.000000
1fireff1_01_ne04_mesh1
4 65.705920 21.146509 -154.670853 0.531631 0.169199 0.829768 0.437500 0.208496 1 4 1.000000
4 70.904065 8.441445 -154.483142 0.565112 -0.019287 0.824345 0.437500 0.250000 1 4 1.000000
4 70.665144 24.996703 -161.324945 0.819871 0.329330 0.467482 0.375000 0.208496 1 4 1.000000
1fireff1_01_ne04_mesh1
4 70.904065 8.441445 -154.483142 0.565112 -0.019287 0.824345 0.437500 0.250000 1 4 1.000000
4 76.442797 11.210062 -160.725872 0.868477 0.125375 0.478497 0.375000 0.250000 1 4 1.000000
4 70.665144 24.996703 -161.324945 0.819871 0.329330 0.467482 0.375000 0.208496 1 4 1.000000
1fireff1_01_ne04_mesh1
4 70.665144 24.996703 -161.324945 0.819871 0.329330 0.467482 0.375000 0.208496 1 4 1.000000
4 76.442797 11.210062 -160.725872 0.868477 0.125375 0.478497 0.375000 0.250000 1 4 1.000000
4 71.440987 29.218546 -171.172908 0.930592 0.359589 0.064001 0.312500 0.208496 1 4 1.000000
1fireff1_01_ne04_mesh1
4 76.442797 11.210062 -160.725872 0.868477 0.125375 0.478497 0.375000 0.250000 1 4 1.000000
4 77.971443 13.824837 -170.275033 0.957904 0.272594 0.086088 0.312500 0.250000 1 4 1.000000
4 71.440987 29.218546 -171.172908 0.930592 0.359589 0.064001 0.312500 0.208496 1 4 1.000000
1fireff1_01_ne04_mesh1
4 71.440987 29.218546 -171.172908 0.930592 0.359589 0.064001 0.312500 0.208496 1 4 1.000000
4 77.971443 13.824837 -170.275033 0.957904 0.272594 0.086088 0.312500 0.250000 1 4 1.000000
4 68.378661 33.388060 -181.122984 0.871440 0.356433 -0.335524 0.250000 0.208496 1 4 1.000000
1fireff1_01_ne04_mesh1
4 77.971443 13.824837 -170.275033 0.957904 0.272594 0.086088 0.312500 0.250000 1 4 1.000000
4 75.967794 15.824019 -179.700343 0.892628 0.354956 -0.277687 0.250000 0.250000 1 4 1.000000
4 68.378661 33.388060 -181.122984 0.871440 0.356433 -0.335524 0.250000 0.208496 1 4 1.000000
1fireff1_01_ne04_mesh1
4 68.378661 33.388060 -181.122984 0.871440 0.356433 -0.335524 0.250000 0.208496 1 4 1.000000
4 75.967794 15.824019 -179.700343 0.892628 0.354956 -0.277687 0.250000 0.250000 1 4 1.000000
4 61.887002 37.155882 -189.493163 0.645987 0.364161 -0.670722 0.187500 0.208496 1 4 1.000000
1fireff1_01_ne04_mesh1
4 75.967794 15.824019 -179.700343 0.892628 0.354956 -0.277687 0.250000 0.250000 1 4 1.000000
4 71.020817 16.650061 -187.042617 0.703533 0.366737 -0.608587 0.187500 0.250000 1 4 1.000000
4 61.887002 37.155882 -189.493163 0.645987 0.364161 -0.670722 0.187500 0.208496 1 4 1.000000
1fireff1_01_ne04_mesh1
4 61.887002 37.155882 -189.493163 0.645987 0.364161 -0.670722 0.187500 0.208496 1 4 1.000000
4 71.020817 16.650061 -187.042617 0.703533 0.366737 -0.608587 0.187500 0.250000 1 4 1.000000
4 53.017302 39.461902 -195.394635 0.315603 0.379247 -0.869151 0.125000 0.208496 1 4 1.000000
1fireff1_01_ne04_mesh1
4 71.020817 16.650061 -187.042617 0.703533 0.366737 -0.608587 0.187500 0.250000 1 4 1.000000
4 63.442491 16.943729 -191.563364 0.415776 0.325364 -0.848802 0.125000 0.250000 1 4 1.000000
4 53.017302 39.461902 -195.394635 0.315603 0.379247 -0.869151 0.125000 0.208496 1 4 1.000000
1fireff1_01_ne04_mesh1
4 53.017302 39.461902 -195.394635 0.315603 0.379247 -0.869151 0.125000 0.208496 1 4 1.000000
4 63.442491 16.943729 -191.563364 0.415776 0.325364 -0.848802 0.125000 0.250000 1 4 1.000000
4 43.015164 40.288830 -197.842022 -0.049656 0.419919 -0.906107 0.062500 0.208496 1 4 1.000000
1fireff1_01_ne04_mesh1
4 63.442491 16.943729 -191.563364 0.415776 0.325364 -0.848802 0.125000 0.250000 1 4 1.000000
4 53.410445 17.591486 -194.306046 0.068589 0.184057 -0.980357 0.062500 0.250000 1 4 1.000000
4 43.015164 40.288830 -197.842022 -0.049656 0.419919 -0.906107 0.062500 0.208496 1 4 1.000000
1fireff1_01_ne04_mesh1
4 43.015164 40.288830 -197.842022 -0.049656 0.419919 -0.906107 0.062500 0.208496 1 4 1.000000
4 53.410445 17.591486 -194.306046 0.068589 0.184057 -0.980357 0.062500 0.250000 1 4 1.000000
4 34.308794 37.748789 -195.903928 -0.428752 0.358162 -0.829217 0.000000 0.208496 1 4 1.000000
1fireff1_01_ne04_mesh1
4 53.410445 17.591486 -194.306046 0.068589 0.184057 -0.980357 0.062500 0.250000 1 4 1.000000
4 43.038219 15.908776 -196.176440 -0.295302 0.027633 -0.954938 0.000000 0.250000 1 4 1.000000
4 34.308794 37.748789 -195.903928 -0.428752 0.358162 -0.829217 0.000000 0.208496 1 4 1.000000
1fireff1_01_ne04_mesh1
4 43.038219 15.908776 -196.176440 -0.295302 0.027633 -0.954938 1.000000 0.250000 1 4 1.000000
4 50.685220 -8.172395 -202.186791 -0.406737 0.008794 -0.913291 1.000000 0.291992 1 4 1.000000
4 35.380601 9.683082 -195.509334 -0.637917 -0.131818 -0.758486 0.937500 0.250000 1 4 1.000000
1fireff1_01_ne04_mesh1
4 50.685220 -8.172395 -202.186791 -0.406737 0.008794 -0.913291 1.000000 0.291992 1 4 1.000000
4 45.286055 -13.931804 -194.457161 -0.716967 -0.209120 -0.664096 0.937500 0.291992 1 4 1.000000
4 35.380601 9.683082 -195.509334 -0.637917 -0.131818 -0.758486 0.937500 0.250000 1 4 1.000000
1fireff1_01_ne04_mesh1
4 35.380601 9.683082 -195.509334 -0.637917 -0.131818 -0.758486 0.937500 0.250000 1 4 1.000000
4 45.286055 -13.931804 -194.457161 -0.716967 -0.209120 -0.664096 0.937500 0.291992 1 4 1.000000
4 29.875382 7.170954 -188.870766 -0.862424 -0.238365 -0.445909 0.875000 0.250000 1 4 1.000000
1fireff1_01_ne04_mesh1
4 45.286055 -13.931804 -194.457161 -0.716967 -0.209120 -0.664096 0.937500 0.291992 1 4 1.000000
4 38.947378 -13.877871 -187.231806 -0.838289 -0.358710 -0.409621 0.875000 0.291992 1 4 1.000000
4 29.875382 7.170954 -188.870766 -0.862424 -0.238365 -0.445909 0.875000 0.250000 1 4 1.000000
1fireff1_01_ne04_mesh1
4 29.875382 7.170954 -188.870766 -0.862424 -0.238365 -0.445909 0.875000 0.250000 1 4 1.000000
4 38.947378 -13.877871 -187.231806 -0.838289 -0.358710 -0.409621 0.875000 0.291992 1 4 1.000000
4 27.037579 7.783342 -179.336893 -0.956495 -0.275626 -0.093539 0.812500 0.250000 1 4 1.000000
1fireff1_01_ne04_mesh1
4 38.947378 -13.877871 -187.231806 -0.838289 -0.358710 -0.409621 0.875000 0.291992 1 4 1.000000
4 35.428747 -12.115668 -178.322220 -0.912950 -0.398758 -0.082706 0.812500 0.291992 1 4 1.000000
4 27.037579 7.783342 -179.336893 -0.956495 -0.275626 -0.093539 0.812500 0.250000 1 4 1.000000
1fireff1_01_ne04_mesh1
4 27.037579 7.783342 -179.336893 -0.956495 -0.275626 -0.093539 0.812500 0.250000 1 4 1.000000
4 35.428747 -12.115668 -178.322220 -0.912950 -0.398758 -0.082706 0.812500 0.291992 1 4 1.000000
4 29.408572 3.914620 -171.031498 -0.892328 -0.365314 0.264876 0.750000 0.250000 1 4 1.000000
1fireff1_01_ne04_mesh1
4 35.428747 -12.115668 -178.322220 -0.912950 -0.398758 -0.082706 0.812500 0.291992 1 4 1.000000
4 37.015379 -14.675430 -170.754333 -0.884535 -0.361625 0.293270 0.750000 0.291992 1 4 1.000000
4 29.408572 3.914620 -171.031498 -0.892328 -0.365314 0.264876 0.750000 0.250000 1 4 1.000000
1fireff1_01_ne04_mesh1
4 29.408572 3.914620 -171.031498 -0.892328 -0.365314 0.264876 0.750000 0.250000 1 4 1.000000
4 37.015379 -14.675430 -170.754333 -0.884535 -0.361625 0.293270 0.750000 0.291992 1 4 1.000000
4 35.419358 0.284442 -163.888788 -0.687357 -0.378666 0.619016 0.687500 0.250000 1 4 1.000000
1fireff1_01_ne04_mesh1
4 37.015379 -14.675430 -170.754333 -0.884535 -0.361625 0.293270 0.750000 0.291992 1 4 1.000000
4 41.406365 -15.192708 -164.656846 -0.741928 -0.225299 0.630773 0.687500 0.291992 1 4 1.000000
4 35.419358 0.284442 -163.888788 -0.687357 -0.378666 0.619016 0.687500 0.250000 1 4 1.000000
1fireff1_01_ne04_mesh1
4 35.419358 0.284442 -163.888788 -0.687357 -0.378666 0.619016 0.687500 0.250000 1 4 1.000000
4 41.406365 -15.192708 -164.656846 -0.741928 -0.225299 0.630773 0.687500 0.291992 1 4 1.000000
4 42.693468 2.032404 -157.865203 -0.388440 -0.368211 0.844210 0.625000 0.250000 1 4 1.000000
1fireff1_01_ne04_mesh1
4 41.406365 -15.192708 -164.656846 -0.741928 -0.225299 0.630773 0.687500 0.291992 1 4 1.000000
4 47.351258 -10.811178 -159.398723 -0.538313 -0.101485 0.836018 0.625000 0.291992 1 4 1.000000
4 42.693468 2.032404 -157.865203 -0.388440 -0.368211 0.844210 0.625000 0.250000 1 4 1.000000
1fireff1_01_ne04_mesh1
4 42.693468 2.032404 -157.865203 -0.388440 -0.368211 0.844210 0.625000 0.250000 1 4 1.000000
4 47.351258 -10.811178 -159.398723 -0.538313 -0.101485 0.836018 0.625000 0.291992 1 4 1.000000
4 51.402748 5.338447 -154.329813 -0.105682 -0.253039 0.961279 0.562500 0.250000 1 4 1.000000
1fireff1_01_ne04_mesh1
4 47.351258 -10.811178 -159.398723 -0.538313 -0.101485 0.836018 0.625000 0.291992 1 4 1.000000
4 55.986719 -6.317704 -154.691666 -0.221730 0.021656 0.974600 0.562500 0.291992 1 4 1.000000
4 51.402748 5.338447 -154.329813 -0.105682 -0.253039 0.961279 0.562500 0.250000 1 4 1.000000
1fireff1_01_ne04_mesh1
4 51.402748 5.338447 -154.329813 -0.105682 -0.253039 0.961279 0.562500 0.250000 1 4 1.000000
4 55.986719 -6.317704 -154.691666 -0.221730 0.021656 0.974600 0.562500 0.291992 1 4 1.000000
4 61.635914 7.106238 -152.761533 0.157934 -0.106677 0.981241 0.500000 0.250000 1 4 1.000000
1fireff1_01_ne04_mesh1
4 55.986719 -6.317704 -154.691666 -0.221730 0.021656 0.974600 0.562500 0.291992 1 4 1.000000
4 65.291128 -3.608035 -154.705753 0.307564 0.026952 0.951008 0.500000 0.291992 1 4 1.000000
4 61.635914 7.106238 -152.761533 0.157934 -0.106677 0.981241 0.500000 0.250000 1 4 1.000000
1fireff1_01_ne04_mesh1
4 61.635914 7.106238 -152.761533 0.157934 -0.106677 0.981241 0.500000 0.250000 1 4 1.000000
4 65.291128 -3.608035 -154.705753 0.307564 0.026952 0.951008 0.500000 0.291992 1 4 1.000000
4 70.904065 8.441445 -154.483142 0.565112 -0.019287 0.824345 0.437500 0.250000 1 4 1.000000
1fireff1_01_ne04_mesh1
4 65.291128 -3.608035 -154.705753 0.307564 0.026952 0.951008 0.500000 0.291992 1 4 1.000000
4 73.017160 -1.827310 -160.358993 0.727585 -0.057687 0.682955 0.437500 0.291992 1 4 1.000000
4 70.904065 8.441445 -154.483142 0.565112 -0.019287 0.824345 0.437500 0.250000 1 4 1.000000
1fireff1_01_ne04_mesh1
4 70.904065 8.441445 -154.483142 0.565112 -0.019287 0.824345 0.437500 0.250000 1 4 1.000000
4 73.017160 -1.827310 -160.358993 0.727585 -0.057687 0.682955 0.437500 0.291992 1 4 1.000000
4 76.442797 11.210062 -160.725872 0.868477 0.125375 0.478497 0.375000 0.250000 1 4 1.000000
1fireff1_01_ne04_mesh1
4 73.017160 -1.827310 -160.358993 0.727585 -0.057687 0.682955 0.437500 0.291992 1 4 1.000000
4 78.344968 -0.312874 -168.673082 0.914159 0.029892 0.403211 0.375000 0.291992 1 4 1.000000
4 76.442797 11.210062 -160.725872 0.868477 0.125375 0.478497 0.375000 0.250000 1 4 1.000000
1fireff1_01_ne04_mesh1
4 76.442797 11.210062 -160.725872 0.868477 0.125375 0.478497 0.375000 0.250000 1 4 1.000000
4 78.344968 -0.312874 -168.673082 0.914159 0.029892 0.403211 0.375000 0.291992 1 4 1.000000
4 77.971443 13.824837 -170.275033 0.957904 0.272594 0.086088 0.312500 0.250000 1 4 1.000000
1fireff1_01_ne04_mesh1
4 78.344968 -0.312874 -168.673082 0.914159 0.029892 0.403211 0.375000 0.291992 1 4 1.000000
4 80.950495 -0.075836 -177.886798 0.968006 0.240110 0.066189 0.312500 0.291992 1 4 1.000000
4 77.971443 13.824837 -170.275033 0.957904 0.272594 0.086088 0.312500 0.250000 1 4 1.000000
1fireff1_01_ne04_mesh1
4 77.971443 13.824837 -170.275033 0.957904 0.272594 0.086088 0.312500 0.250000 1 4 1.000000
4 80.950495 -0.075836 -177.886798 0.968006 0.240110 0.066189 0.312500 0.291992 1 4 1.000000
4 75.967794 15.824019 -179.700343 0.892628 0.354956 -0.277687 0.250000 0.250000 1 4 1.000000
1fireff1_01_ne04_mesh1
4 80.950495 -0.075836 -177.886798 0.968006 0.240110 0.066189 0.312500 0.291992 1 4 1.000000
4 79.808555 -0.515691 -187.669175 0.875090 0.357719 -0.325088 0.250000 0.291992 1 4 1.000000
4 75.967794 15.824019 -179.700343 0.892628 0.354956 -0.277687 0.250000 0.250000 1 4 1.000000
1fireff1_01_ne04_mesh1
4 75.967794 15.824019 -179.700343 0.892628 0.354956 -0.277687 0.250000 0.250000 1 4 1.000000
4 79.808555 -0.515691 -187.669175 0.875090 0.357719 -0.325088 0.250000 0.291992 1 4 1.000000
4 71.020817 16.650061 -187.042617 0.703533 0.366737 -0.608587 0.187500 0.250000 1 4 1.000000
1fireff1_01_ne04_mesh1
4 79.808555 -0.515691 -187.669175 0.875090 0.357719 -0.325088 0.250000 0.291992 1 4 1.000000
4 74.753186 -1.171990 -197.052906 0.670871 0.352820 -0.652038 0.187500 0.291992 1 4 1.000000
4 71.020817 16.650061 -187.042617 0.703533 0.366737 -0.608587 0.187500 0.250000 1 4 1.000000
1fireff1_01_ne04_mesh1
4 71.020817 16.650061 -187.042617 0.703533 0.366737 -0.608587 0.187500 0.250000 1 4 1.000000
4 74.753186 -1.171990 -197.052906 0.670871 0.352820 -0.652038 0.187500 0.291992 1 4 1.000000
4 63.442491 16.943729 -191.563364 0.415776 0.325364 -0.848802 0.125000 0.250000 1 4 1.000000
1fireff1_01_ne04_mesh1
4 74.753186 -1.171990 -197.052906 0.670871 0.352820 -0.652038 0.187500 0.291992 1 4 1.000000
4 66.707296 -2.465841 -204.774603 0.415738 0.295422 -0.859881 0.125000 0.291992 1 4 1.000000
4 63.442491 16.943729 -191.563364 0.415776 0.325364 -0.848802 0.125000 0.250000 1 4 1.000000
1fireff1_01_ne04_mesh1
4 63.442491 16.943729 -191.563364 0.415776 0.325364 -0.848802 0.125000 0.250000 1 4 1.000000
4 66.707296 -2.465841 -204.774603 0.415738 0.295422 -0.859881 0.125000 0.291992 1 4 1.000000
4 53.410445 17.591486 -194.306046 0.068589 0.184057 -0.980357 0.062500 0.250000 1 4 1.000000
1fireff1_01_ne04_mesh1
4 66.707296 -2.465841 -204.774603 0.415738 0.295422 -0.859881 0.125000 0.291992 1 4 1.000000
4 57.752823 -4.234555 -207.224939 0.033228 0.216463 -0.975180 0.062500 0.291992 1 4 1.000000
4 53.410445 17.591486 -194.306046 0.068589 0.184057 -0.980357 0.062500 0.250000 1 4 1.000000
1fireff1_01_ne04_mesh1
4 53.410445 17.591486 -194.306046 0.068589 0.184057 -0.980357 0.062500 0.250000 1 4 1.000000
4 57.752823 -4.234555 -207.224939 0.033228 0.216463 -0.975180 0.062500 0.291992 1 4 1.000000
4 43.038219 15.908776 -196.176440 -0.295302 0.027633 -0.954938 0.000000 0.250000 1 4 1.000000
1fireff1_01_ne04_mesh1
4 57.752823 -4.234555 -207.224939 0.033228 0.216463 -0.975180 0.062500 0.291992 1 4 1.000000
4 50.685220 -8.172395 -202.186791 -0.406737 0.008794 -0.913291 0.000000 0.291992 1 4 1.000000
4 43.038219 15.908776 -196.176440 -0.295302 0.027633 -0.954938 0.000000 0.250000 1 4 1.000000
1fireff1_01_ne04_mesh1
4 50.685220 -8.172395 -202.186791 -0.406737 0.008794 -0.913291 1.000000 0.291992 1 4 1.000000
4 59.377973 -32.713128 -205.714629 -0.198726 -0.301138 -0.932501 1.000000 0.333496 1 4 1.000000
4 45.286055 -13.931804 -194.457161 -0.716967 -0.209120 -0.664096 0.937500 0.291992 1 4 1.000000
1fireff1_01_ne04_mesh1
4 59.377973 -32.713128 -205.714629 -0.198726 -0.301138 -0.932501 1.000000 0.333496 1 4 1.000000
4 52.253116 -35.016634 -198.935893 -0.638158 -0.368855 -0.675588 0.937500 0.333496 1 4 1.000000
4 45.286055 -13.931804 -194.457161 -0.716967 -0.209120 -0.664096 0.937500 0.291992 1 4 1.000000
1fireff1_01_ne04_mesh1
4 45.286055 -13.931804 -194.457161 -0.716967 -0.209120 -0.664096 0.937500 0.291992 1 4 1.000000
4 52.253116 -35.016634 -198.935893 -0.638158 -0.368855 -0.675588 0.937500 0.333496 1 4 1.000000
4 38.947378 -13.877871 -187.231806 -0.838289 -0.358710 -0.409621 0.875000 0.291992 1 4 1.000000
1fireff1_01_ne04_mesh1
4 52.253116 -35.016634 -198.935893 -0.638158 -0.368855 -0.675588 0.937500 0.333496 1 4 1.000000
4 46.963566 -33.203076 -186.630321 -0.863581 -0.354070 -0.357471 0.875000 0.333496 1 4 1.000000
4 38.947378 -13.877871 -187.231806 -0.838289 -0.358710 -0.409621 0.875000 0.291992 1 4 1.000000
1fireff1_01_ne04_mesh1
4 38.947378 -13.877871 -187.231806 -0.838289 -0.358710 -0.409621 0.875000 0.291992 1 4 1.000000
4 46.963566 -33.203076 -186.630321 -0.863581 -0.354070 -0.357471 0.875000 0.333496 1 4 1.000000
4 35.428747 -12.115668 -178.322220 -0.912950 -0.398758 -0.082706 0.812500 0.291992 1 4 1.000000
1fireff1_01_ne04_mesh1
4 46.963566 -33.203076 -186.630321 -0.863581 -0.354070 -0.357471 0.875000 0.333496 1 4 1.000000
4 44.975499 -33.469109 -175.668190 -0.923395 -0.381189 -0.041277 0.812500 0.333496 1 4 1.000000
4 35.428747 -12.115668 -178.322220 -0.912950 -0.398758 -0.082706 0.812500 0.291992 1 4 1.000000
1fireff1_01_ne04_mesh1
4 35.428747 -12.115668 -178.322220 -0.912950 -0.398758 -0.082706 0.812500 0.291992 1 4 1.000000
4 44.975499 -33.469109 -175.668190 -0.923395 -0.381189 -0.041277 0.812500 0.333496 1 4 1.000000
4 37.015379 -14.675430 -170.754333 -0.884535 -0.361625 0.293270 0.750000 0.291992 1 4 1.000000
1fireff1_01_ne04_mesh1
4 44.975499 -33.469109 -175.668190 -0.923395 -0.381189 -0.041277 0.812500 0.333496 1 4 1.000000
4 46.722557 -34.414678 -165.754841 -0.883691 -0.338256 0.322958 0.750000 0.333496 1 4 1.000000
4 37.015379 -14.675430 -170.754333 -0.884535 -0.361625 0.293270 0.750000 0.291992 1 4 1.000000
1fireff1_01_ne04_mesh1
4 37.015379 -14.675430 -170.754333 -0.884535 -0.361625 0.293270 0.750000 0.291992 1 4 1.000000
4 46.722557 -34.414678 -165.754841 -0.883691 -0.338256 0.322958 0.750000 0.333496 1 4 1.000000
4 41.406365 -15.192708 -164.656846 -0.741928 -0.225299 0.630773 0.687500 0.291992 1 4 1.000000
1fireff1_01_ne04_mesh1
4 46.722557 -34.414678 -165.754841 -0.883691 -0.338256 0.322958 0.750000 0.333496 1 4 1.000000
4 50.306060 -30.946763 -157.340681 -0.761426 -0.191198 0.619051 0.687500 0.333496 1 4 1.000000
4 41.406365 -15.192708 -164.656846 -0.741928 -0.225299 0.630773 0.687500 0.291992 1 4 1.000000
1fireff1_01_ne04_mesh1
4 41.406365 -15.192708 -164.656846 -0.741928 -0.225299 0.630773 0.687500 0.291992 1 4 1.000000
4 50.306060 -30.946763 -157.340681 -0.761426 -0.191198 0.619051 0.687500 0.333496 1 4 1.000000
4 47.351258 -10.811178 -159.398723 -0.538313 -0.101485 0.836018 0.625000 0.291992 1 4 1.000000
1fireff1_01_ne04_mesh1
4 50.306060 -30.946763 -157.340681 -0.761426 -0.191198 0.619051 0.687500 0.333496 1 4 1.000000
4 55.258134 -24.013260 -151.972204 -0.567429 0.035689 0.822540 0.625000 0.333496 1 4 1.000000
4 47.351258 -10.811178 -159.398723 -0.538313 -0.101485 0.836018 0.625000 0.291992 1 4 1.000000
1fireff1_01_ne04_mesh1
4 47.351258 -10.811178 -159.398723 -0.538313 -0.101485 0.836018 0.625000 0.291992 1 4 1.000000
4 55.258134 -24.013260 -151.972204 -0.567429 0.035689 0.822540 0.625000 0.333496 1 4 1.000000
4 55.986719 -6.317704 -154.691666 -0.221730 0.021656 0.974600 0.562500 0.291992 1 4 1.000000
1fireff1_01_ne04_mesh1
4 55.258134 -24.013260 -151.972204 -0.567429 0.035689 0.822540 0.625000 0.333496 1 4 1.000000
4 62.215385 -17.694656 -149.980709 -0.141293 0.281942 0.948330 0.562500 0.333496 1 4 1.000000
4 55.986719 -6.317704 -154.691666 -0.221730 0.021656 0.974600 0.562500 0.291992 1 4 1.000000
1fireff1_01_ne04_mesh1
4 55.986719 -6.317704 -154.691666 -0.221730 0.021656 0.974600 0.562500 0.291992 1 4 1.000000
4 62.215385 -17.694656 -149.980709 -0.141293 0.281942 0.948330 0.562500 0.333496 1 4 1.000000
4 65.291128 -3.608035 -154.705753 0.307564 0.026952 0.951008 0.500000 0.291992 1 4 1.000000
1fireff1_01_ne04_mesh1
4 62.215385 -17.694656 -149.980709 -0.141293 0.281942 0.948330 0.562500 0.333496 1 4 1.000000
4 68.956068 -12.211114 -154.159910 0.395744 0.394375 0.829057 0.500000 0.333496 1 4 1.000000
4 65.291128 -3.608035 -154.705753 0.307564 0.026952 0.951008 0.500000 0.291992 1 4 1.000000
1fireff1_01_ne04_mesh1
4 65.291128 -3.608035 -154.705753 0.307564 0.026952 0.951008 0.500000 0.291992 1 4 1.000000
4 68.956068 -12.211114 -154.159910 0.395744 0.394375 0.829057 0.500000 0.333496 1 4 1.000000
4 73.017160 -1.827310 -160.358993 0.727585 -0.057687 0.682955 0.437500 0.291992 1 4 1.000000
1fireff1_01_ne04_mesh1
4 68.956068 -12.211114 -154.159910 0.395744 0.394375 0.829057 0.500000 0.333496 1 4 1.000000
4 75.110285 -9.438722 -163.193564 0.693570 0.403948 0.595463 0.437500 0.333496 1 4 1.000000
4 73.017160 -1.827310 -160.358993 0.727585 -0.057687 0.682955 0.437500 0.291992 1 4 1.000000
1fireff1_01_ne04_mesh1
4 73.017160 -1.827310 -160.358993 0.727585 -0.057687 0.682955 0.437500 0.291992 1 4 1.000000
4 75.110285 -9.438722 -163.193564 0.693570 0.403948 0.595463 0.437500 0.333496 1 4 1.000000
4 78.344968 -0.312874 -168.673082 0.914159 0.029892 0.403211 0.375000 0.291992 1 4 1.000000
1fireff1_01_ne04_mesh1
4 75.110285 -9.438722 -163.193564 0.693570 0.403948 0.595463 0.437500 0.333496 1 4 1.000000
4 81.017954 -9.833680 -172.060615 0.824991 0.460464 0.327052 0.375000 0.333496 1 4 1.000000
4 78.344968 -0.312874 -168.673082 0.914159 0.029892 0.403211 0.375000 0.291992 1 4 1.000000
1fireff1_01_ne04_mesh1
4 78.344968 -0.312874 -168.673082 0.914159 0.029892 0.403211 0.375000 0.291992 1 4 1.000000
4 81.017954 -9.833680 -172.060615 0.824991 0.460464 0.327052 0.375000 0.333496 1 4 1.000000
4 80.950495 -0.075836 -177.886798 0.968006 0.240110 0.066189 0.312500 0.291992 1 4 1.000000
1fireff1_01_ne04_mesh1
4 81.017954 -9.833680 -172.060615 0.824991 0.460464 0.327052 0.375000 0.333496 1 4 1.000000
4 85.148234 -12.679956 -180.468930 0.891036 0.453220 -0.019213 0.312500 0.333496 1 4 1.000000
4 80.950495 -0.075836 -177.886798 0.968006 0.240110 0.066189 0.312500 0.291992 1 4 1.000000
1fireff1_01_ne04_mesh1
4 80.950495 -0.075836 -177.886798 0.968006 0.240110 0.066189 0.312500 0.291992 1 4 1.000000
4 85.148234 -12.679956 -180.468930 0.891036 0.453220 -0.019213 0.312500 0.333496 1 4 1.000000
4 79.808555 -0.515691 -187.669175 0.875090 0.357719 -0.325088 0.250000 0.291992 1 4 1.000000
1fireff1_01_ne04_mesh1
4 85.148234 -12.679956 -180.468930 0.891036 0.453220 -0.019213 0.312500 0.333496 1 4 1.000000
4 85.894212 -16.622741 -188.887106 0.873230 0.334941 -0.353825 0.250000 0.333496 1 4 1.000000
4 79.808555 -0.515691 -187.669175 0.875090 0.357719 -0.325088 0.250000 0.291992 1 4 1.000000
1fireff1_01_ne04_mesh1
4 79.808555 -0.515691 -187.669175 0.875090 0.357719 -0.325088 0.250000 0.291992 1 4 1.000000
4 85.894212 -16.622741 -188.887106 0.873230 0.334941 -0.353825 0.250000 0.333496 1 4 1.000000
4 74.753186 -1.171990 -197.052906 0.670871 0.352820 -0.652038 0.187500 0.291992 1 4 1.000000
1fireff1_01_ne04_mesh1
4 85.894212 -16.622741 -188.887106 0.873230 0.334941 -0.353825 0.250000 0.333496 1 4 1.000000
4 82.984746 -19.854172 -195.079903 0.737352 0.144776 -0.659655 0.187500 0.333496 1 4 1.000000
4 74.753186 -1.171990 -197.052906 0.670871 0.352820 -0.652038 0.187500 0.291992 1 4 1.000000
1fireff1_01_ne04_mesh1
4 74.753186 -1.171990 -197.052906 0.670871 0.352820 -0.652038 0.187500 0.291992 1 4 1.000000
4 82.984746 -19.854172 -195.079903 0.737352 0.144776 -0.659655 0.187500 0.333496 1 4 1.000000
4 66.707296 -2.465841 -204.774603 0.415738 0.295422 -0.859881 0.125000 0.291992 1 4 1.000000
1fireff1_01_ne04_mesh1
4 82.984746 -19.854172 -195.079903 0.737352 0.144776 -0.659655 0.187500 0.333496 1 4 1.000000
4 76.822628 -22.372208 -198.791912 0.528561 -0.026944 -0.847897 0.125000 0.333496 1 4 1.000000
4 66.707296 -2.465841 -204.774603 0.415738 0.295422 -0.859881 0.125000 0.291992 1 4 1.000000
1fireff1_01_ne04_mesh1
4 66.707296 -2.465841 -204.774603 0.415738 0.295422 -0.859881 0.125000 0.291992 1 4 1.000000
4 76.822628 -22.372208 -198.791912 0.528561 -0.026944 -0.847897 0.125000 0.333496 1 4 1.000000
4 57.752823 -4.234555 -207.224939 0.033228 0.216463 -0.975180 0.062500 0.291992 1 4 1.000000
1fireff1_01_ne04_mesh1
4 76.822628 -22.372208 -198.791912 0.528561 -0.026944 -0.847897 0.125000 0.333496 1 4 1.000000
4 68.426545 -27.465186 -203.507175 0.262143 -0.163005 -0.950943 0.062500 0.333496 1 4 1.000000
4 57.752823 -4.234555 -207.224939 0.033228 0.216463 -0.975180 0.062500 0.291992 1 4 1.000000
1fireff1_01_ne04_mesh1
4 57.752823 -4.234555 -207.224939 0.033228 0.216463 -0.975180 0.062500 0.291992 1 4 1.000000
4 68.426545 -27.465186 -203.507175 0.262143 -0.163005 -0.950943 0.062500 0.333496 1 4 1.000000
4 50.685220 -8.172395 -202.186791 -0.406737 0.008794 -0.913291 0.000000 0.291992 1 4 1.000000
1fireff1_01_ne04_mesh1
4 68.426545 -27.465186 -203.507175 0.262143 -0.163005 -0.950943 0.062500 0.333496 1 4 1.000000
4 59.377973 -32.713128 -205.714629 -0.198726 -0.301138 -0.932501 0.000000 0.333496 1 4 1.000000
4 50.685220 -8.172395 -202.186791 -0.406737 0.008794 -0.913291 0.000000 0.291992 1 4 1.000000
1fireff1_01_ne04_mesh1
4 59.377973 -32.713128 -205.714629 -0.198726 -0.301138 -0.932501 1.000000 0.333496 1 4 1.000000
4 73.820476 -55.203741 -190.255708 0.107461 -0.655989 -0.746780 1.000000 0.375000 1 4 1.000000
4 52.253116 -35.016634 -198.935893 -0.638158 -0.368855 -0.675588 0.937500 0.333496 1 4 1.000000
1fireff1_01_ne04_mesh1
4 73.820476 -55.203741 -190.255708 0.107461 -0.655989 -0.746780 1.000000 0.375000 1 4 1.000000
4 63.279545 -55.685924 -191.213090 -0.300613 -0.715694 -0.629433 0.937500 0.375000 1 4 1.000000
4 52.253116 -35.016634 -198.935893 -0.638158 -0.368855 -0.675588 0.937500 0.333496 1 4 1.000000
1fireff1_01_ne04_mesh1
4 52.253116 -35.016634 -198.935893 -0.638158 -0.368855 -0.675588 0.937500 0.333496 1 4 1.000000
4 63.279545 -55.685924 -191.213090 -0.300613 -0.715694 -0.629433 0.937500 0.375000 1 4 1.000000
4 46.963566 -33.203076 -186.630321 -0.863581 -0.354070 -0.357471 0.875000 0.333496 1 4 1.000000
1fireff1_01_ne04_mesh1
4 63.279545 -55.685924 -191.213090 -0.300613 -0.715694 -0.629433 0.937500 0.375000 1 4 1.000000
4 54.727326 -52.870701 -187.156757 -0.697949 -0.594843 -0.398057 0.875000 0.375000 1 4 1.000000
4 46.963566 -33.203076 -186.630321 -0.863581 -0.354070 -0.357471 0.875000 0.333496 1 4 1.000000
1fireff1_01_ne04_mesh1
4 46.963566 -33.203076 -186.630321 -0.863581 -0.354070 -0.357471 0.875000 0.333496 1 4 1.000000
4 54.727326 -52.870701 -187.156757 -0.697949 -0.594843 -0.398057 0.875000 0.375000 1 4 1.000000
4 44.975499 -33.469109 -175.668190 -0.923395 -0.381189 -0.041277 0.812500 0.333496 1 4 1.000000
1fireff1_01_ne04_mesh1
4 54.727326 -52.870701 -187.156757 -0.697949 -0.594843 -0.398057 0.875000 0.375000 1 4 1.000000
4 51.637620 -52.207097 -178.290296 -0.848928 -0.518411 -0.098114 0.812500 0.375000 1 4 1.000000
4 44.975499 -33.469109 -175.668190 -0.923395 -0.381189 -0.041277 0.812500 0.333496 1 4 1.000000
1fireff1_01_ne04_mesh1
4 44.975499 -33.469109 -175.668190 -0.923395 -0.381189 -0.041277 0.812500 0.333496 1 4 1.000000
4 51.637620 -52.207097 -178.290296 -0.848928 -0.518411 -0.098114 0.812500 0.375000 1 4 1.000000
4 46.722557 -34.414678 -165.754841 -0.883691 -0.338256 0.322958 0.750000 0.333496 1 4 1.000000
1fireff1_01_ne04_mesh1
4 51.637620 -52.207097 -178.290296 -0.848928 -0.518411 -0.098114 0.812500 0.375000 1 4 1.000000
4 52.442187 -49.133719 -166.410572 -0.887041 -0.370894 0.273631 0.750000 0.375000 1 4 1.000000
4 46.722557 -34.414678 -165.754841 -0.883691 -0.338256 0.322958 0.750000 0.333496 1 4 1.000000
1fireff1_01_ne04_mesh1
4 46.722557 -34.414678 -165.754841 -0.883691 -0.338256 0.322958 0.750000 0.333496 1 4 1.000000
4 52.442187 -49.133719 -166.410572 -0.887041 -0.370894 0.273631 0.750000 0.375000 1 4 1.000000
4 50.306060 -30.946763 -157.340681 -0.761426 -0.191198 0.619051 0.687500 0.333496 1 4 1.000000
1fireff1_01_ne04_mesh1
4 52.442187 -49.133719 -166.410572 -0.887041 -0.370894 0.273631 0.750000 0.375000 1 4 1.000000
4 55.702165 -42.757077 -155.538184 -0.801127 -0.225934 0.553357 0.687500 0.375000 1 4 1.000000
4 50.306060 -30.946763 -157.340681 -0.761426 -0.191198 0.619051 0.687500 0.333496 1 4 1.000000
1fireff1_01_ne04_mesh1
4 50.306060 -30.946763 -157.340681 -0.761426 -0.191198 0.619051 0.687500 0.333496 1 4 1.000000
4 55.702165 -42.757077 -155.538184 -0.801127 -0.225934 0.553357 0.687500 0.375000 1 4 1.000000
4 55.258134 -24.013260 -151.972204 -0.567429 0.035689 0.822540 0.625000 0.333496 1 4 1.000000
1fireff1_01_ne04_mesh1
4 55.702165 -42.757077 -155.538184 -0.801127 -0.225934 0.553357 0.687500 0.375000 1 4 1.000000
4 60.968767 -34.641730 -147.883638 -0.596589 0.014867 0.801899 0.625000 0.375000 1 4 1.000000
4 55.258134 -24.013260 -151.972204 -0.567429 0.035689 0.822540 0.625000 0.333496 1 4 1.000000
1fireff1_01_ne04_mesh1
4 55.258134 -24.013260 -151.972204 -0.567429 0.035689 0.822540 0.625000 0.333496 1 4 1.000000
4 60.968767 -34.641730 -147.883638 -0.596589 0.014867 0.801899 0.625000 0.375000 1 4 1.000000
4 62.215385 -17.694656 -149.980709 -0.141293 0.281942 0.948330 0.562500 0.333496 1 4 1.000000
1fireff1_01_ne04_mesh1
4 60.968767 -34.641730 -147.883638 -0.596589 0.014867 0.801899 0.625000 0.375000 1 4 1.000000
4 66.812295 -26.118200 -146.535475 -0.160499 0.343531 0.924802 0.562500 0.375000 1 4 1.000000
4 62.215385 -17.694656 -149.980709 -0.141293 0.281942 0.948330 0.562500 0.333496 1 4 1.000000
1fireff1_01_ne04_mesh1
4 62.215385 -17.694656 -149.980709 -0.141293 0.281942 0.948330 0.562500 0.333496 1 4 1.000000
4 66.812295 -26.118200 -146.535475 -0.160499 0.343531 0.924802 0.562500 0.375000 1 4 1.000000
4 68.956068 -12.211114 -154.159910 0.395744 0.394375 0.829057 0.500000 0.333496 1 4 1.000000
1fireff1_01_ne04_mesh1
4 66.812295 -26.118200 -146.535475 -0.160499 0.343531 0.924802 0.562500 0.375000 1 4 1.000000
4 71.929417 -18.045878 -152.381962 0.247746 0.575968 0.778485 0.500000 0.375000 1 4 1.000000
4 68.956068 -12.211114 -154.159910 0.395744 0.394375 0.829057 0.500000 0.333496 1 4 1.000000
1fireff1_01_ne04_mesh1
4 68.956068 -12.211114 -154.159910 0.395744 0.394375 0.829057 0.500000 0.333496 1 4 1.000000
4 71.929417 -18.045878 -152.381962 0.247746 0.575968 0.778485 0.500000 0.375000 1 4 1.000000
4 75.110285 -9.438722 -163.193564 0.693570 0.403948 0.595463 0.437500 0.333496 1 4 1.000000
1fireff1_01_ne04_mesh1
4 71.929417 -18.045878 -152.381962 0.247746 0.575968 0.778485 0.500000 0.375000 1 4 1.000000
4 78.133855 -13.980640 -159.762993 0.382608 0.744134 0.546435 0.437500 0.375000 1 4 1.000000
4 75.110285 -9.438722 -163.193564 0.693570 0.403948 0.595463 0.437500 0.333496 1 4 1.000000
1fireff1_01_ne04_mesh1
4 75.110285 -9.438722 -163.193564 0.693570 0.403948 0.595463 0.437500 0.333496 1 4 1.000000
4 78.133855 -13.980640 -159.762993 0.382608 0.744134 0.546435 0.437500 0.375000 1 4 1.000000
4 81.017954 -9.833680 -172.060615 0.824991 0.460464 0.327052 0.375000 0.333496 1 4 1.000000
1fireff1_01_ne04_mesh1
4 78.133855 -13.980640 -159.762993 0.382608 0.744134 0.546435 0.437500 0.375000 1 4 1.000000
4 86.022710 -15.443781 -164.157253 0.542069 0.801577 0.249882 0.375000 0.375000 1 4 1.000000
4 81.017954 -9.833680 -172.060615 0.824991 0.460464 0.327052 0.375000 0.333496 1 4 1.000000
1fireff1_01_ne04_mesh1
4 81.017954 -9.833680 -172.060615 0.824991 0.460464 0.327052 0.375000 0.333496 1 4 1.000000
4 86.022710 -15.443781 -164.157253 0.542069 0.801577 0.249882 0.375000 0.375000 1 4 1.000000
4 85.148234 -12.679956 -180.468930 0.891036 0.453220 -0.019213 0.312500 0.333496 1 4 1.000000
1fireff1_01_ne04_mesh1
4 86.022710 -15.443781 -164.157253 0.542069 0.801577 0.249882 0.375000 0.375000 1 4 1.000000
4 92.883296 -22.392971 -169.469590 0.786372 0.610677 -0.091395 0.312500 0.375000 1 4 1.000000
4 85.148234 -12.679956 -180.468930 0.891036 0.453220 -0.019213 0.312500 0.333496 1 4 1.000000
1fireff1_01_ne04_mesh1
4 85.148234 -12.679956 -180.468930 0.891036 0.453220 -0.019213 0.312500 0.333496 1 4 1.000000
4 92.883296 -22.392971 -169.469590 0.786372 0.610677 -0.091395 0.312500 0.375000 1 4 1.000000
4 85.894212 -16.622741 -188.887106 0.873230 0.334941 -0.353825 0.250000 0.333496 1 4 1.000000
1fireff1_01_ne04_mesh1
4 92.883296 -22.392971 -169.469590 0.786372 0.610677 -0.091395 0.312500 0.375000 1 4 1.000000
4 95.825368 -29.995574 -175.816859 0.878932 0.348769 -0.324433 0.250000 0.375000 1 4 1.000000
4 85.894212 -16.622741 -188.887106 0.873230 0.334941 -0.353825 0.250000 0.333496 1 4 1.000000
1fireff1_01_ne04_mesh1
4 85.894212 -16.622741 -188.887106 0.873230 0.334941 -0.353825 0.250000 0.333496 1 4 1.000000
4 95.825368 -29.995574 -175.816859 0.878932 0.348769 -0.324433 0.250000 0.375000 1 4 1.000000
4 82.984746 -19.854172 -195.079903 0.737352 0.144776 -0.659655 0.187500 0.333496 1 4 1.000000
1fireff1_01_ne04_mesh1
4 95.825368 -29.995574 -175.816859 0.878932 0.348769 -0.324433 0.250000 0.375000 1 4 1.000000
4 94.231893 -37.672724 -183.395656 0.815047 0.076754 -0.573792 0.187500 0.375000 1 4 1.000000
4 82.984746 -19.854172 -195.079903 0.737352 0.144776 -0.659655 0.187500 0.333496 1 4 1.000000
1fireff1_01_ne04_mesh1
4 82.984746 -19.854172 -195.079903 0.737352 0.144776 -0.659655 0.187500 0.333496 1 4 1.000000
4 94.231893 -37.672724 -183.395656 0.815047 0.076754 -0.573792 0.187500 0.375000 1 4 1.000000
4 76.822628 -22.372208 -198.791912 0.528561 -0.026944 -0.847897 0.125000 0.333496 1 4 1.000000
1fireff1_01_ne04_mesh1
4 94.231893 -37.672724 -183.395656 0.815047 0.076754 -0.573792 0.187500 0.375000 1 4 1.000000
4 88.641769 -43.502191 -189.318305 0.597909 -0.179371 -0.780782 0.125000 0.375000 1 4 1.000000
4 76.822628 -22.372208 -198.791912 0.528561 -0.026944 -0.847897 0.125000 0.333496 1 4 1.000000
1fireff1_01_ne04_mesh1
4 76.822628 -22.372208 -198.791912 0.528561 -0.026944 -0.847897 0.125000 0.333496 1 4 1.000000
4 88.641769 -43.502191 -189.318305 0.597909 -0.179371 -0.780782 0.125000 0.375000 1 4 1.000000
4 68.426545 -27.465186 -203.507175 0.262143 -0.163005 -0.950943 0.062500 0.333496 1 4 1.000000
1fireff1_01_ne04_mesh1
4 88.641769 -43.502191 -189.318305 0.597909 -0.179371 -0.780782 0.125000 0.375000 1 4 1.000000
4 81.725781 -49.200541 -190.467409 0.383207 -0.408480 -0.827901 0.062500 0.375000 1 4 1.000000
4 68.426545 -27.465186 -203.507175 0.262143 -0.163005 -0.950943 0.062500 0.333496 1 4 1.000000
1fireff1_01_ne04_mesh1
4 68.426545 -27.465186 -203.507175 0.262143 -0.163005 -0.950943 0.062500 0.333496 1 4 1.000000
4 81.725781 -49.200541 -190.467409 0.383207 -0.408480 -0.827901 0.062500 0.375000 1 4 1.000000
4 59.377973 -32.713128 -205.714629 -0.198726 -0.301138 -0.932501 0.000000 0.333496 1 4 1.000000
1fireff1_01_ne04_mesh1
4 81.725781 -49.200541 -190.467409 0.383207 -0.408480 -0.827901 0.062500 0.375000 1 4 1.000000
4 73.820476 -55.203741 -190.255708 0.107461 -0.655989 -0.746780 0.000000 0.375000 1 4 1.000000
4 59.377973 -32.713128 -205.714629 -0.198726 -0.301138 -0.932501 0.000000 0.333496 1 4 1.000000
1fireff1_01_ne04_mesh1
4 73.820476 -55.203741 -190.255708 0.107461 -0.655989 -0.746780 1.000000 0.375000 1 4 1.000000
4 85.951411 -68.803923 -171.101183 0.203134 -0.839871 -0.503163 1.000000 0.416992 1 4 1.000000
4 63.279545 -55.685924 -191.213090 -0.300613 -0.715694 -0.629433 0.937500 0.375000 1 4 1.000000
1fireff1_01_ne04_mesh1
4 85.951411 -68.803923 -171.101183 0.203134 -0.839871 -0.503163 1.000000 0.416992 1 4 1.000000
4 76.461770 -69.109886 -168.818685 -0.057378 -0.885850 -0.459866 0.937500 0.416992 1 4 1.000000
4 63.279545 -55.685924 -191.213090 -0.300613 -0.715694 -0.629433 0.937500 0.375000 1 4 1.000000
1fireff1_01_ne04_mesh1
4 63.279545 -55.685924 -191.213090 -0.300613 -0.715694 -0.629433 0.937500 0.375000 1 4 1.000000
4 76.461770 -69.109886 -168.818685 -0.057378 -0.885850 -0.459866 0.937500 0.416992 1 4 1.000000
4 54.727326 -52.870701 -187.156757 -0.697949 -0.594843 -0.398057 0.875000 0.375000 1 4 1.000000
1fireff1_01_ne04_mesh1
4 76.461770 -69.109886 -168.818685 -0.057378 -0.885850 -0.459866 0.937500 0.416992 1 4 1.000000
4 67.781109 -68.579404 -167.797438 -0.395535 -0.866452 -0.303311 0.875000 0.416992 1 4 1.000000
4 54.727326 -52.870701 -187.156757 -0.697949 -0.594843 -0.398057 0.875000 0.375000 1 4 1.000000
1fireff1_01_ne04_mesh1
4 54.727326 -52.870701 -187.156757 -0.697949 -0.594843 -0.398057 0.875000 0.375000 1 4 1.000000
4 67.781109 -68.579404 -167.797438 -0.395535 -0.866452 -0.303311 0.875000 0.416992 1 4 1.000000
4 51.637620 -52.207097 -178.290296 -0.848928 -0.518411 -0.098114 0.812500 0.375000 1 4 1.000000
1fireff1_01_ne04_mesh1
4 67.781109 -68.579404 -167.797438 -0.395535 -0.866452 -0.303311 0.875000 0.416992 1 4 1.000000
4 61.358402 -65.335345 -165.542020 -0.727485 -0.685112 -0.029792 0.812500 0.416992 1 4 1.000000
4 51.637620 -52.207097 -178.290296 -0.848928 -0.518411 -0.098114 0.812500 0.375000 1 4 1.000000
1fireff1_01_ne04_mesh1
4 51.637620 -52.207097 -178.290296 -0.848928 -0.518411 -0.098114 0.812500 0.375000 1 4 1.000000
4 61.358402 -65.335345 -165.542020 -0.727485 -0.685112 -0.029792 0.812500 0.416992 1 4 1.000000
4 52.442187 -49.133719 -166.410572 -0.887041 -0.370894 0.273631 0.750000 0.375000 1 4 1.000000
1fireff1_01_ne04_mesh1
4 61.358402 -65.335345 -165.542020 -0.727485 -0.685112 -0.029792 0.812500 0.416992 1 4 1.000000
4 58.251528 -58.536900 -160.608211 -0.874027 -0.396128 0.280171 0.750000 0.416992 1 4 1.000000
4 52.442187 -49.133719 -166.410572 -0.887041 -0.370894 0.273631 0.750000 0.375000 1 4 1.000000
1fireff1_01_ne04_mesh1
4 52.442187 -49.133719 -166.410572 -0.887041 -0.370894 0.273631 0.750000 0.375000 1 4 1.000000
4 58.251528 -58.536900 -160.608211 -0.874027 -0.396128 0.280171 0.750000 0.416992 1 4 1.000000
4 55.702165 -42.757077 -155.538184 -0.801127 -0.225934 0.553357 0.687500 0.375000 1 4 1.000000
1fireff1_01_ne04_mesh1
4 58.251528 -58.536900 -160.608211 -0.874027 -0.396128 0.280171 0.750000 0.416992 1 4 1.000000
4 60.323416 -50.701049 -151.463436 -0.843724 -0.160511 0.511490 0.687500 0.416992 1 4 1.000000
4 55.702165 -42.757077 -155.538184 -0.801127 -0.225934 0.553357 0.687500 0.375000 1 4 1.000000
1fireff1_01_ne04_mesh1
4 55.702165 -42.757077 -155.538184 -0.801127 -0.225934 0.553357 0.687500 0.375000 1 4 1.000000
4 60.323416 -50.701049 -151.463436 -0.843724 -0.160511 0.511490 0.687500 0.416992 1 4 1.000000
4 60.968767 -34.641730 -147.883638 -0.596589 0.014867 0.801899 0.625000 0.375000 1 4 1.000000
1fireff1_01_ne04_mesh1
4 60.323416 -50.701049 -151.463436 -0.843724 -0.160511 0.511490 0.687500 0.416992 1 4 1.000000
4 65.597871 -42.461888 -143.641832 -0.675907 0.090189 0.731042 0.625000 0.416992 1 4 1.000000
4 60.968767 -34.641730 -147.883638 -0.596589 0.014867 0.801899 0.625000 0.375000 1 4 1.000000
1fireff1_01_ne04_mesh1
4 60.968767 -34.641730 -147.883638 -0.596589 0.014867 0.801899 0.625000 0.375000 1 4 1.000000
4 65.597871 -42.461888 -143.641832 -0.675907 0.090189 0.731042 0.625000 0.416992 1 4 1.000000
4 66.812295 -26.118200 -146.535475 -0.160499 0.343531 0.924802 0.562500 0.375000 1 4 1.000000
1fireff1_01_ne04_mesh1
4 65.597871 -42.461888 -143.641832 -0.675907 0.090189 0.731042 0.625000 0.416992 1 4 1.000000
4 70.905086 -33.287738 -143.082947 -0.271704 0.407532 0.871637 0.562500 0.416992 1 4 1.000000
4 66.812295 -26.118200 -146.535475 -0.160499 0.343531 0.924802 0.562500 0.375000 1 4 1.000000
1fireff1_01_ne04_mesh1
4 66.812295 -26.118200 -146.535475 -0.160499 0.343531 0.924802 0.562500 0.375000 1 4 1.000000
4 70.905086 -33.287738 -143.082947 -0.271704 0.407532 0.871637 0.562500 0.416992 1 4 1.000000
4 71.929417 -18.045878 -152.381962 0.247746 0.575968 0.778485 0.500000 0.375000 1 4 1.000000
1fireff1_01_ne04_mesh1
4 70.905086 -33.287738 -143.082947 -0.271704 0.407532 0.871637 0.562500 0.416992 1 4 1.000000
4 76.644989 -25.616660 -147.599764 0.084739 0.602886 0.792989 0.500000 0.416992 1 4 1.000000
4 71.929417 -18.045878 -152.381962 0.247746 0.575968 0.778485 0.500000 0.375000 1 4 1.000000
1fireff1_01_ne04_mesh1
4 71.929417 -18.045878 -152.381962 0.247746 0.575968 0.778485 0.500000 0.375000 1 4 1.000000
4 76.644989 -25.616660 -147.599764 0.084739 0.602886 0.792989 0.500000 0.416992 1 4 1.000000
4 78.133855 -13.980640 -159.762993 0.382608 0.744134 0.546435 0.437500 0.375000 1 4 1.000000
1fireff1_01_ne04_mesh1
4 76.644989 -25.616660 -147.599764 0.084739 0.602886 0.792989 0.500000 0.416992 1 4 1.000000
4 84.845653 -22.838615 -150.719947 0.174124 0.715525 0.676444 0.437500 0.416992 1 4 1.000000
4 78.133855 -13.980640 -159.762993 0.382608 0.744134 0.546435 0.437500 0.375000 1 4 1.000000
1fireff1_01_ne04_mesh1
4 78.133855 -13.980640 -159.762993 0.382608 0.744134 0.546435 0.437500 0.375000 1 4 1.000000
4 84.845653 -22.838615 -150.719947 0.174124 0.715525 0.676444 0.437500 0.416992 1 4 1.000000
4 86.022710 -15.443781 -164.157253 0.542069 0.801577 0.249882 0.375000 0.375000 1 4 1.000000
1fireff1_01_ne04_mesh1
4 84.845653 -22.838615 -150.719947 0.174124 0.715525 0.676444 0.437500 0.416992 1 4 1.000000
4 93.734718 -23.383437 -151.156357 0.441731 0.757916 0.479311 0.375000 0.416992 1 4 1.000000
4 86.022710 -15.443781 -164.157253 0.542069 0.801577 0.249882 0.375000 0.375000 1 4 1.000000
1fireff1_01_ne04_mesh1
4 86.022710 -15.443781 -164.157253 0.542069 0.801577 0.249882 0.375000 0.375000 1 4 1.000000
4 93.734718 -23.383437 -151.156357 0.441731 0.757916 0.479311 0.375000 0.416992 1 4 1.000000
4 92.883296 -22.392971 -169.469590 0.786372 0.610677 -0.091395 0.312500 0.375000 1 4 1.000000
1fireff1_01_ne04_mesh1
4 93.734718 -23.383437 -151.156357 0.441731 0.757916 0.479311 0.375000 0.416992 1 4 1.000000
4 99.633580 -27.280592 -155.685408 0.782169 0.621288 0.039763 0.312500 0.416992 1 4 1.000000
4 92.883296 -22.392971 -169.469590 0.786372 0.610677 -0.091395 0.312500 0.375000 1 4 1.000000
1fireff1_01_ne04_mesh1
4 92.883296 -22.392971 -169.469590 0.786372 0.610677 -0.091395 0.312500 0.375000 1 4 1.000000
4 99.633580 -27.280592 -155.685408 0.782169 0.621288 0.039763 0.312500 0.416992 1 4 1.000000
4 95.825368 -29.995574 -175.816859 0.878932 0.348769 -0.324433 0.250000 0.375000 1 4 1.000000
1fireff1_01_ne04_mesh1
4 99.633580 -27.280592 -155.685408 0.782169 0.621288 0.039763 0.312500 0.416992 1 4 1.000000
4 101.511496 -34.685412 -164.873567 0.879692 0.377067 -0.289239 0.250000 0.416992 1 4 1.000000
4 95.825368 -29.995574 -175.816859 0.878932 0.348769 -0.324433 0.250000 0.375000 1 4 1.000000
1fireff1_01_ne04_mesh1
4 95.825368 -29.995574 -175.816859 0.878932 0.348769 -0.324433 0.250000 0.375000 1 4 1.000000
4 101.511496 -34.685412 -164.873567 0.879692 0.377067 -0.289239 0.250000 0.416992 1 4 1.000000
4 94.231893 -37.672724 -183.395656 0.815047 0.076754 -0.573792 0.187500 0.375000 1 4 1.000000
1fireff1_01_ne04_mesh1
4 101.511496 -34.685412 -164.873567 0.879692 0.377067 -0.289239 0.250000 0.416992 1 4 1.000000
4 99.542519 -43.766709 -175.173694 0.862614 0.063293 -0.501685 0.187500 0.416992 1 4 1.000000
4 94.231893 -37.672724 -183.395656 0.815047 0.076754 -0.573792 0.187500 0.375000 1 4 1.000000
1fireff1_01_ne04_mesh1
4 94.231893 -37.672724 -183.395656 0.815047 0.076754 -0.573792 0.187500 0.375000 1 4 1.000000
4 99.542519 -43.766709 -175.173694 0.862614 0.063293 -0.501685 0.187500 0.416992 1 4 1.000000
4 88.641769 -43.502191 -189.318305 0.597909 -0.179371 -0.780782 0.125000 0.375000 1 4 1.000000
1fireff1_01_ne04_mesh1
4 99.542519 -43.766709 -175.173694 0.862614 0.063293 -0.501685 0.187500 0.416992 1 4 1.000000
4 96.843802 -54.401047 -178.353916 0.698507 -0.306105 -0.646194 0.125000 0.416992 1 4 1.000000
4 88.641769 -43.502191 -189.318305 0.597909 -0.179371 -0.780782 0.125000 0.375000 1 4 1.000000
1fireff1_01_ne04_mesh1
4 88.641769 -43.502191 -189.318305 0.597909 -0.179371 -0.780782 0.125000 0.375000 1 4 1.000000
4 96.843802 -54.401047 -178.353916 0.698507 -0.306105 -0.646194 0.125000 0.416992 1 4 1.000000
4 81.725781 -49.200541 -190.467409 0.383207 -0.408480 -0.827901 0.062500 0.375000 1 4 1.000000
1fireff1_01_ne04_mesh1
4 96.843802 -54.401047 -178.353916 0.698507 -0.306105 -0.646194 0.125000 0.416992 1 4 1.000000
4 92.852067 -64.337800 -176.005163 0.466897 -0.645629 -0.603456 0.062500 0.416992 1 4 1.000000
4 81.725781 -49.200541 -190.467409 0.383207 -0.408480 -0.827901 0.062500 0.375000 1 4 1.000000
1fireff1_01_ne04_mesh1
4 81.725781 -49.200541 -190.467409 0.383207 -0.408480 -0.827901 0.062500 0.375000 1 4 1.000000
4 92.852067 -64.337800 -176.005163 0.466897 -0.645629 -0.603456 0.062500 0.416992 1 4 1.000000
4 73.820476 -55.203741 -190.255708 0.107461 -0.655989 -0.746780 0.000000 0.375000 1 4 1.000000
1fireff1_01_ne04_mesh1
4 92.852067 -64.337800 -176.005163 0.466897 -0.645629 -0.603456 0.062500 0.416992 1 4 1.000000
4 85.951411 -68.803923 -171.101183 0.203134 -0.839871 -0.503163 0.000000 0.416992 1 4 1.000000
4 73.820476 -55.203741 -190.255708 0.107461 -0.655989 -0.746780 0.000000 0.375000 1 4 1.000000
1fireff1_01_ne04_mesh1
4 85.951411 -68.803923 -171.101183 0.203134 -0.839871 -0.503163 1.000000 0.416992 1 4 1.000000
4 93.427298 -73.285531 -154.749179 0.081602 -0.849390 -0.520702 1.000000 0.458496 1 4 1.000000
4 76.461770 -69.109886 -168.818685 -0.057378 -0.885850 -0.459866 0.937500 0.416992 1 4 1.000000
1fireff1_01_ne04_mesh1
4 93.427298 -73.285531 -154.749179 0.081602 -0.849390 -0.520702 1.000000 0.458496 1 4 1.000000
4 85.881072 -77.825501 -151.794729 -0.066394 -0.911792 -0.403985 0.937500 0.458496 1 4 1.000000
4 76.461770 -69.109886 -168.818685 -0.057378 -0.885850 -0.459866 0.937500 0.416992 1 4 1.000000
1fireff1_01_ne04_mesh1
4 76.461770 -69.109886 -168.818685 -0.057378 -0.885850 -0.459866 0.937500 0.416992 1 4 1.000000
4 85.881072 -77.825501 -151.794729 -0.066394 -0.911792 -0.403985 0.937500 0.458496 1 4 1.000000
4 67.781109 -68.579404 -167.797438 -0.395535 -0.866452 -0.303311 0.875000 0.416992 1 4 1.000000
1fireff1_01_ne04_mesh1
4 85.881072 -77.825501 -151.794729 -0.066394 -0.911792 -0.403985 0.937500 0.458496 1 4 1.000000
4 78.411408 -78.576478 -148.772491 -0.362113 -0.912069 -0.189792 0.875000 0.458496 1 4 1.000000
4 67.781109 -68.579404 -167.797438 -0.395535 -0.866452 -0.303311 0.875000 0.416992 1 4 1.000000
1fireff1_01_ne04_mesh1
4 67.781109 -68.579404 -167.797438 -0.395535 -0.866452 -0.303311 0.875000 0.416992 1 4 1.000000
4 78.411408 -78.576478 -148.772491 -0.362113 -0.912069 -0.189792 0.875000 0.458496 1 4 1.000000
4 61.358402 -65.335345 -165.542020 -0.727485 -0.685112 -0.029792 0.812500 0.416992 1 4 1.000000
1fireff1_01_ne04_mesh1
4 78.411408 -78.576478 -148.772491 -0.362113 -0.912069 -0.189792 0.875000 0.458496 1 4 1.000000
4 72.050578 -74.393393 -145.243442 -0.697201 -0.710721 0.090017 0.812500 0.458496 1 4 1.000000
4 61.358402 -65.335345 -165.542020 -0.727485 -0.685112 -0.029792 0.812500 0.416992 1 4 1.000000
1fireff1_01_ne04_mesh1
4 61.358402 -65.335345 -165.542020 -0.727485 -0.685112 -0.029792 0.812500 0.416992 1 4 1.000000
4 72.050578 -74.393393 -145.243442 -0.697201 -0.710721 0.090017 0.812500 0.458496 1 4 1.000000
4 58.251528 -58.536900 -160.608211 -0.874027 -0.396128 0.280171 0.750000 0.416992 1 4 1.000000
1fireff1_01_ne04_mesh1
4 72.050578 -74.393393 -145.243442 -0.697201 -0.710721 0.090017 0.812500 0.458496 1 4 1.000000
4 66.894312 -66.600113 -145.064827 -0.876875 -0.381304 0.292431 0.750000 0.458496 1 4 1.000000
4 58.251528 -58.536900 -160.608211 -0.874027 -0.396128 0.280171 0.750000 0.416992 1 4 1.000000
1fireff1_01_ne04_mesh1
4 58.251528 -58.536900 -160.608211 -0.874027 -0.396128 0.280171 0.750000 0.416992 1 4 1.000000
4 66.894312 -66.600113 -145.064827 -0.876875 -0.381304 0.292431 0.750000 0.458496 1 4 1.000000
4 60.323416 -50.701049 -151.463436 -0.843724 -0.160511 0.511490 0.687500 0.416992 1 4 1.000000
1fireff1_01_ne04_mesh1
4 66.894312 -66.600113 -145.064827 -0.876875 -0.381304 0.292431 0.750000 0.458496 1 4 1.000000
4 66.444103 -58.168903 -142.505507 -0.890338 -0.069694 0.449323 0.687500 0.458496 1 4 1.000000
4 60.323416 -50.701049 -151.463436 -0.843724 -0.160511 0.511490 0.687500 0.416992 1 4 1.000000
1fireff1_01_ne04_mesh1
4 60.323416 -50.701049 -151.463436 -0.843724 -0.160511 0.511490 0.687500 0.416992 1 4 1.000000
4 66.444103 -58.168903 -142.505507 -0.890338 -0.069694 0.449323 0.687500 0.458496 1 4 1.000000
4 65.597871 -42.461888 -143.641832 -0.675907 0.090189 0.731042 0.625000 0.416992 1 4 1.000000
1fireff1_01_ne04_mesh1
4 66.444103 -58.168903 -142.505507 -0.890338 -0.069694 0.449323 0.687500 0.458496 1 4 1.000000
4 71.085942 -50.270228 -136.906940 -0.792242 0.258585 0.551718 0.625000 0.458496 1 4 1.000000
4 65.597871 -42.461888 -143.641832 -0.675907 0.090189 0.731042 0.625000 0.416992 1 4 1.000000
1fireff1_01_ne04_mesh1
4 65.597871 -42.461888 -143.641832 -0.675907 0.090189 0.731042 0.625000 0.416992 1 4 1.000000
4 71.085942 -50.270228 -136.906940 -0.792242 0.258585 0.551718 0.625000 0.458496 1 4 1.000000
4 70.905086 -33.287738 -143.082947 -0.271704 0.407532 0.871637 0.562500 0.416992 1 4 1.000000
1fireff1_01_ne04_mesh1
4 71.085942 -50.270228 -136.906940 -0.792242 0.258585 0.551718 0.625000 0.458496 1 4 1.000000
4 76.492643 -41.249997 -136.240393 -0.407881 0.596805 0.690520 0.562500 0.458496 1 4 1.000000
4 70.905086 -33.287738 -143.082947 -0.271704 0.407532 0.871637 0.562500 0.416992 1 4 1.000000
1fireff1_01_ne04_mesh1
4 70.905086 -33.287738 -143.082947 -0.271704 0.407532 0.871637 0.562500 0.416992 1 4 1.000000
4 76.492643 -41.249997 -136.240393 -0.407881 0.596805 0.690520 0.562500 0.458496 1 4 1.000000
4 76.644989 -25.616660 -147.599764 0.084739 0.602886 0.792989 0.500000 0.416992 1 4 1.000000
1fireff1_01_ne04_mesh1
4 76.492643 -41.249997 -136.240393 -0.407881 0.596805 0.690520 0.562500 0.458496 1 4 1.000000
4 83.327796 -35.910875 -140.315336 0.026374 0.703126 0.709989 0.500000 0.458496 1 4 1.000000
4 76.644989 -25.616660 -147.599764 0.084739 0.602886 0.792989 0.500000 0.416992 1 4 1.000000
1fireff1_01_ne04_mesh1
4 76.644989 -25.616660 -147.599764 0.084739 0.602886 0.792989 0.500000 0.416992 1 4 1.000000
4 83.327796 -35.910875 -140.315336 0.026374 0.703126 0.709989 0.500000 0.458496 1 4 1.000000
4 84.845653 -22.838615 -150.719947 0.174124 0.715525 0.676444 0.437500 0.416992 1 4 1.000000
1fireff1_01_ne04_mesh1
4 83.327796 -35.910875 -140.315336 0.026374 0.703126 0.709989 0.500000 0.458496 1 4 1.000000
4 93.580847 -36.589245 -141.542328 0.154424 0.708294 0.688183 0.437500 0.458496 1 4 1.000000
4 84.845653 -22.838615 -150.719947 0.174124 0.715525 0.676444 0.437500 0.416992 1 4 1.000000
1fireff1_01_ne04_mesh1
4 84.845653 -22.838615 -150.719947 0.174124 0.715525 0.676444 0.437500 0.416992 1 4 1.000000
4 93.580847 -36.589245 -141.542328 0.154424 0.708294 0.688183 0.437500 0.458496 1 4 1.000000
4 93.734718 -23.383437 -151.156357 0.441731 0.757916 0.479311 0.375000 0.416992 1 4 1.000000
1fireff1_01_ne04_mesh1
4 93.580847 -36.589245 -141.542328 0.154424 0.708294 0.688183 0.437500 0.458496 1 4 1.000000
4 103.432766 -39.243236 -141.659180 0.480898 0.742847 0.464629 0.375000 0.458496 1 4 1.000000
4 93.734718 -23.383437 -151.156357 0.441731 0.757916 0.479311 0.375000 0.416992 1 4 1.000000
1fireff1_01_ne04_mesh1
4 93.734718 -23.383437 -151.156357 0.441731 0.757916 0.479311 0.375000 0.416992 1 4 1.000000
4 103.432766 -39.243236 -141.659180 0.480898 0.742847 0.464629 0.375000 0.458496 1 4 1.000000
4 99.633580 -27.280592 -155.685408 0.782169 0.621288 0.039763 0.312500 0.416992 1 4 1.000000
1fireff1_01_ne04_mesh1
4 103.432766 -39.243236 -141.659180 0.480898 0.742847 0.464629 0.375000 0.458496 1 4 1.000000
4 108.712856 -42.303029 -146.997693 0.810098 0.584937 0.034880 0.312500 0.458496 1 4 1.000000
4 99.633580 -27.280592 -155.685408 0.782169 0.621288 0.039763 0.312500 0.416992 1 4 1.000000
1fireff1_01_ne04_mesh1
4 99.633580 -27.280592 -155.685408 0.782169 0.621288 0.039763 0.312500 0.416992 1 4 1.000000
4 108.712856 -42.303029 -146.997693 0.810098 0.584937 0.034880 0.312500 0.458496 1 4 1.000000
4 101.511496 -34.685412 -164.873567 0.879692 0.377067 -0.289239 0.250000 0.416992 1 4 1.000000
1fireff1_01_ne04_mesh1
4 108.712856 -42.303029 -146.997693 0.810098 0.584937 0.034880 0.312500 0.458496 1 4 1.000000
4 109.453907 -46.927467 -156.224958 0.886497 0.340527 -0.312211 0.250000 0.458496 1 4 1.000000
4 101.511496 -34.685412 -164.873567 0.879692 0.377067 -0.289239 0.250000 0.416992 1 4 1.000000
1fireff1_01_ne04_mesh1
4 101.511496 -34.685412 -164.873567 0.879692 0.377067 -0.289239 0.250000 0.416992 1 4 1.000000
4 109.453907 -46.927467 -156.224958 0.886497 0.340527 -0.312211 0.250000 0.458496 1 4 1.000000
4 99.542519 -43.766709 -175.173694 0.862614 0.063293 -0.501685 0.187500 0.416992 1 4 1.000000
1fireff1_01_ne04_mesh1
4 109.453907 -46.927467 -156.224958 0.886497 0.340527 -0.312211 0.250000 0.458496 1 4 1.000000
4 108.214829 -53.508819 -161.502980 0.840897 0.036855 -0.539322 0.187500 0.458496 1 4 1.000000
4 99.542519 -43.766709 -175.173694 0.862614 0.063293 -0.501685 0.187500 0.416992 1 4 1.000000
1fireff1_01_ne04_mesh1
4 99.542519 -43.766709 -175.173694 0.862614 0.063293 -0.501685 0.187500 0.416992 1 4 1.000000
4 108.214829 -53.508819 -161.502980 0.840897 0.036855 -0.539322 0.187500 0.458496 1 4 1.000000
4 96.843802 -54.401047 -178.353916 0.698507 -0.306105 -0.646194 0.125000 0.416992 1 4 1.000000
1fireff1_01_ne04_mesh1
4 108.214829 -53.508819 -161.502980 0.840897 0.036855 -0.539322 0.187500 0.458496 1 4 1.000000
4 105.182452 -60.832965 -161.786001 0.655498 -0.358677 -0.664007 0.125000 0.458496 1 4 1.000000
4 96.843802 -54.401047 -178.353916 0.698507 -0.306105 -0.646194 0.125000 0.416992 1 4 1.000000
1fireff1_01_ne04_mesh1
4 96.843802 -54.401047 -178.353916 0.698507 -0.306105 -0.646194 0.125000 0.416992 1 4 1.000000
4 105.182452 -60.832965 -161.786001 0.655498 -0.358677 -0.664007 0.125000 0.458496 1 4 1.000000
4 92.852067 -64.337800 -176.005163 0.466897 -0.645629 -0.603456 0.062500 0.416992 1 4 1.000000
1fireff1_01_ne04_mesh1
4 105.182452 -60.832965 -161.786001 0.655498 -0.358677 -0.664007 0.125000 0.458496 1 4 1.000000
4 99.919975 -67.434805 -159.216075 0.341683 -0.705687 -0.620214 0.062500 0.458496 1 4 1.000000
4 92.852067 -64.337800 -176.005163 0.466897 -0.645629 -0.603456 0.062500 0.416992 1 4 1.000000
1fireff1_01_ne04_mesh1
4 92.852067 -64.337800 -176.005163 0.466897 -0.645629 -0.603456 0.062500 0.416992 1 4 1.000000
4 99.919975 -67.434805 -159.216075 0.341683 -0.705687 -0.620214 0.062500 0.458496 1 4 1.000000
4 85.951411 -68.803923 -171.101183 0.203134 -0.839871 -0.503163 0.000000 0.416992 1 4 1.000000
1fireff1_01_ne04_mesh1
4 99.919975 -67.434805 -159.216075 0.341683 -0.705687 -0.620214 0.062500 0.458496 1 4 1.000000
4 93.427298 -73.285531 -154.749179 0.081602 -0.849390 -0.520702 0.000000 0.458496 1 4 1.000000
4 85.951411 -68.803923 -171.101183 0.203134 -0.839871 -0.503163 0.000000 0.416992 1 4 1.000000
1fireff1_01_ne04_mesh1
4 93.427298 -73.285531 -154.749179 0.081602 -0.849390 -0.520702 1.000000 0.458496 1 4 1.000000
4 105.615335 -88.192752 -136.954052 0.237952 -0.907756 -0.344852 1.000000 0.500000 1 4 1.000000
4 85.881072 -77.825501 -151.794729 -0.066394 -0.911792 -0.403985 0.937500 0.458496 1 4 1.000000
1fireff1_01_ne04_mesh1
4 105.615335 -88.192752 -136.954052 0.237952 -0.907756 -0.344852 1.000000 0.500000 1 4 1.000000
4 96.162622 -86.860385 -132.654363 -0.109143 -0.959493 -0.258910 0.937500 0.500000 1 4 1.000000
4 85.881072 -77.825501 -151.794729 -0.066394 -0.911792 -0.403985 0.937500 0.458496 1 4 1.000000
1fireff1_01_ne04_mesh1
4 85.881072 -77.825501 -151.794729 -0.066394 -0.911792 -0.403985 0.937500 0.458496 1 4 1.000000
4 96.162622 -86.860385 -132.654363 -0.109143 -0.959493 -0.258910 0.937500 0.500000 1 4 1.000000
4 78.411408 -78.576478 -148.772491 -0.362113 -0.912069 -0.189792 0.875000 0.458496 1 4 1.000000
1fireff1_01_ne04_mesh1
4 96.162622 -86.860385 -132.654363 -0.109143 -0.959493 -0.258910 0.937500 0.500000 1 4 1.000000
4 87.423420 -84.008137 -129.094555 -0.438869 -0.896825 -0.053502 0.875000 0.500000 1 4 1.000000
4 78.411408 -78.576478 -148.772491 -0.362113 -0.912069 -0.189792 0.875000 0.458496 1 4 1.000000
1fireff1_01_ne04_mesh1
4 78.411408 -78.576478 -148.772491 -0.362113 -0.912069 -0.189792 0.875000 0.458496 1 4 1.000000
4 87.423420 -84.008137 -129.094555 -0.438869 -0.896825 -0.053502 0.875000 0.500000 1 4 1.000000
4 72.050578 -74.393393 -145.243442 -0.697201 -0.710721 0.090017 0.812500 0.458496 1 4 1.000000
1fireff1_01_ne04_mesh1
4 87.423420 -84.008137 -129.094555 -0.438869 -0.896825 -0.053502 0.875000 0.500000 1 4 1.000000
4 80.388704 -78.413612 -125.864633 -0.714989 -0.681216 0.154505 0.812500 0.500000 1 4 1.000000
4 72.050578 -74.393393 -145.243442 -0.697201 -0.710721 0.090017 0.812500 0.458496 1 4 1.000000
1fireff1_01_ne04_mesh1
4 72.050578 -74.393393 -145.243442 -0.697201 -0.710721 0.090017 0.812500 0.458496 1 4 1.000000
4 80.388704 -78.413612 -125.864633 -0.714989 -0.681216 0.154505 0.812500 0.500000 1 4 1.000000
4 66.894312 -66.600113 -145.064827 -0.876875 -0.381304 0.292431 0.750000 0.458496 1 4 1.000000
1fireff1_01_ne04_mesh1
4 80.388704 -78.413612 -125.864633 -0.714989 -0.681216 0.154505 0.812500 0.500000 1 4 1.000000
4 74.337582 -69.772991 -127.280754 -0.883135 -0.357209 0.302460 0.750000 0.500000 1 4 1.000000
4 66.894312 -66.600113 -145.064827 -0.876875 -0.381304 0.292431 0.750000 0.458496 1 4 1.000000
1fireff1_01_ne04_mesh1
4 66.894312 -66.600113 -145.064827 -0.876875 -0.381304 0.292431 0.750000 0.458496 1 4 1.000000
4 74.337582 -69.772991 -127.280754 -0.883135 -0.357209 0.302460 0.750000 0.500000 1 4 1.000000
4 66.444103 -58.168903 -142.505507 -0.890338 -0.069694 0.449323 0.687500 0.458496 1 4 1.000000
1fireff1_01_ne04_mesh1
4 74.337582 -69.772991 -127.280754 -0.883135 -0.357209 0.302460 0.750000 0.500000 1 4 1.000000
4 72.199473 -60.309940 -128.390094 -0.925789 0.027900 0.376193 0.687500 0.500000 1 4 1.000000
4 66.444103 -58.168903 -142.505507 -0.890338 -0.069694 0.449323 0.687500 0.458496 1 4 1.000000
1fireff1_01_ne04_mesh1
4 66.444103 -58.168903 -142.505507 -0.890338 -0.069694 0.449323 0.687500 0.458496 1 4 1.000000
4 72.199473 -60.309940 -128.390094 -0.925789 0.027900 0.376193 0.687500 0.500000 1 4 1.000000
4 71.085942 -50.270228 -136.906940 -0.792242 0.258585 0.551718 0.625000 0.458496 1 4 1.000000
1fireff1_01_ne04_mesh1
4 72.199473 -60.309940 -128.390094 -0.925789 0.027900 0.376193 0.687500 0.500000 1 4 1.000000
4 75.722622 -51.869840 -125.389106 -0.818520 0.415717 0.395685 0.625000 0.500000 1 4 1.000000
4 71.085942 -50.270228 -136.906940 -0.792242 0.258585 0.551718 0.625000 0.458496 1 4 1.000000
1fireff1_01_ne04_mesh1
4 71.085942 -50.270228 -136.906940 -0.792242 0.258585 0.551718 0.625000 0.458496 1 4 1.000000
4 75.722622 -51.869840 -125.389106 -0.818520 0.415717 0.395685 0.625000 0.500000 1 4 1.000000
4 76.492643 -41.249997 -136.240393 -0.407881 0.596805 0.690520 0.562500 0.458496 1 4 1.000000
1fireff1_01_ne04_mesh1
4 75.722622 -51.869840 -125.389106 -0.818520 0.415717 0.395685 0.625000 0.500000 1 4 1.000000
4 81.566358 -45.134339 -126.125473 -0.480145 0.790102 0.380866 0.562500 0.500000 1 4 1.000000
4 76.492643 -41.249997 -136.240393 -0.407881 0.596805 0.690520 0.562500 0.458496 1 4 1.000000
1fireff1_01_ne04_mesh1
4 76.492643 -41.249997 -136.240393 -0.407881 0.596805 0.690520 0.562500 0.458496 1 4 1.000000
4 81.566358 -45.134339 -126.125473 -0.480145 0.790102 0.380866 0.562500 0.500000 1 4 1.000000
4 83.327796 -35.910875 -140.315336 0.026374 0.703126 0.709989 0.500000 0.458496 1 4 1.000000
1fireff1_01_ne04_mesh1
4 81.566358 -45.134339 -126.125473 -0.480145 0.790102 0.380866 0.562500 0.500000 1 4 1.000000
4 89.434809 -42.882756 -130.818490 -0.037993 0.941382 0.333964 0.500000 0.500000 1 4 1.000000
4 83.327796 -35.910875 -140.315336 0.026374 0.703126 0.709989 0.500000 0.458496 1 4 1.000000
1fireff1_01_ne04_mesh1
4 83.327796 -35.910875 -140.315336 0.026374 0.703126 0.709989 0.500000 0.458496 1 4 1.000000
4 89.434809 -42.882756 -130.818490 -0.037993 0.941382 0.333964 0.500000 0.500000 1 4 1.000000
4 93.580847 -36.589245 -141.542328 0.154424 0.708294 0.688183 0.437500 0.458496 1 4 1.000000
1fireff1_01_ne04_mesh1
4 89.434809 -42.882756 -130.818490 -0.037993 0.941382 0.333964 0.500000 0.500000 1 4 1.000000
4 100.527098 -45.120504 -131.441607 0.207118 0.965454 0.156707 0.437500 0.500000 1 4 1.000000
4 93.580847 -36.589245 -141.542328 0.154424 0.708294 0.688183 0.437500 0.458496 1 4 1.000000
1fireff1_01_ne04_mesh1
4 93.580847 -36.589245 -141.542328 0.154424 0.708294 0.688183 0.437500 0.458496 1 4 1.000000
4 100.527098 -45.120504 -131.441607 0.207118 0.965454 0.156707 0.437500 0.500000 1 4 1.000000
4 103.432766 -39.243236 -141.659180 0.480898 0.742847 0.464629 0.375000 0.458496 1 4 1.000000
1fireff1_01_ne04_mesh1
4 100.527098 -45.120504 -131.441607 0.207118 0.965454 0.156707 0.437500 0.500000 1 4 1.000000
4 111.032310 -48.924276 -131.013611 0.469853 0.876333 -0.104477 0.375000 0.500000 1 4 1.000000
4 103.432766 -39.243236 -141.659180 0.480898 0.742847 0.464629 0.375000 0.458496 1 4 1.000000
1fireff1_01_ne04_mesh1
4 103.432766 -39.243236 -141.659180 0.480898 0.742847 0.464629 0.375000 0.458496 1 4 1.000000
4 111.032310 -48.924276 -131.013611 0.469853 0.876333 -0.104477 0.375000 0.500000 1 4 1.000000
4 108.712856 -42.303029 -146.997693 0.810098 0.584937 0.034880 0.312500 0.458496 1 4 1.000000
1fireff1_01_ne04_mesh1
4 111.032310 -48.924276 -131.013611 0.469853 0.876333 -0.104477 0.375000 0.500000 1 4 1.000000
4 117.005708 -53.323086 -135.912505 0.726201 0.657136 -0.201314 0.312500 0.500000 1 4 1.000000
4 108.712856 -42.303029 -146.997693 0.810098 0.584937 0.034880 0.312500 0.458496 1 4 1.000000
1fireff1_01_ne04_mesh1
4 108.712856 -42.303029 -146.997693 0.810098 0.584937 0.034880 0.312500 0.458496 1 4 1.000000
4 117.005708 -53.323086 -135.912505 0.726201 0.657136 -0.201314 0.312500 0.500000 1 4 1.000000
4 109.453907 -46.927467 -156.224958 0.886497 0.340527 -0.312211 0.250000 0.458496 1 4 1.000000
1fireff1_01_ne04_mesh1
4 117.005708 -53.323086 -135.912505 0.726201 0.657136 -0.201314 0.312500 0.500000 1 4 1.000000
4 118.974773 -59.896981 -143.868606 0.901669 0.293746 -0.316586 0.250000 0.500000 1 4 1.000000
4 109.453907 -46.927467 -156.224958 0.886497 0.340527 -0.312211 0.250000 0.458496 1 4 1.000000
1fireff1_01_ne04_mesh1
4 109.453907 -46.927467 -156.224958 0.886497 0.340527 -0.312211 0.250000 0.458496 1 4 1.000000
4 118.974773 -59.896981 -143.868606 0.901669 0.293746 -0.316586 0.250000 0.500000 1 4 1.000000
4 108.214829 -53.508819 -161.502980 0.840897 0.036855 -0.539322 0.187500 0.458496 1 4 1.000000
1fireff1_01_ne04_mesh1
4 118.974773 -59.896981 -143.868606 0.901669 0.293746 -0.316586 0.250000 0.500000 1 4 1.000000
4 119.684055 -69.317849 -146.834270 0.888368 -0.082075 -0.451589 0.187500 0.500000 1 4 1.000000
4 108.214829 -53.508819 -161.502980 0.840897 0.036855 -0.539322 0.187500 0.458496 1 4 1.000000
1fireff1_01_ne04_mesh1
4 108.214829 -53.508819 -161.502980 0.840897 0.036855 -0.539322 0.187500 0.458496 1 4 1.000000
4 119.684055 -69.317849 -146.834270 0.888368 -0.082075 -0.451589 0.187500 0.500000 1 4 1.000000
4 105.182452 -60.832965 -161.786001 0.655498 -0.358677 -0.664007 0.125000 0.458496 1 4 1.000000
1fireff1_01_ne04_mesh1
4 119.684055 -69.317849 -146.834270 0.888368 -0.082075 -0.451589 0.187500 0.500000 1 4 1.000000
4 117.973401 -79.241104 -146.333275 0.719789 -0.478865 -0.502050 0.125000 0.500000 1 4 1.000000
4 105.182452 -60.832965 -161.786001 0.655498 -0.358677 -0.664007 0.125000 0.458496 1 4 1.000000
1fireff1_01_ne04_mesh1
4 105.182452 -60.832965 -161.786001 0.655498 -0.358677 -0.664007 0.125000 0.458496 1 4 1.000000
4 117.973401 -79.241104 -146.333275 0.719789 -0.478865 -0.502050 0.125000 0.500000 1 4 1.000000
4 99.919975 -67.434805 -159.216075 0.341683 -0.705687 -0.620214 0.062500 0.458496 1 4 1.000000
1fireff1_01_ne04_mesh1
4 117.973401 -79.241104 -146.333275 0.719789 -0.478865 -0.502050 0.125000 0.500000 1 4 1.000000
4 113.229515 -86.121800 -142.591688 0.493609 -0.759020 -0.423899 0.062500 0.500000 1 4 1.000000
4 99.919975 -67.434805 -159.216075 0.341683 -0.705687 -0.620214 0.062500 0.458496 1 4 1.000000
1fireff1_01_ne04_mesh1
4 99.919975 -67.434805 -159.216075 0.341683 -0.705687 -0.620214 0.062500 0.458496 1 4 1.000000
4 113.229515 -86.121800 -142.591688 0.493609 -0.759020 -0.423899 0.062500 0.500000 1 4 1.000000
4 93.427298 -73.285531 -154.749179 0.081602 -0.849390 -0.520702 0.000000 0.458496 1 4 1.000000
1fireff1_01_ne04_mesh1
4 113.229515 -86.121800 -142.591688 0.493609 -0.759020 -0.423899 0.062500 0.500000 1 4 1.000000
4 105.615335 -88.192752 -136.954052 0.237952 -0.907756 -0.344852 0.000000 0.500000 1 4 1.000000
4 93.427298 -73.285531 -154.749179 0.081602 -0.849390 -0.520702 0.000000 0.458496 1 4 1.000000
1fireff1_01_ne04_mesh1
4 105.615335 -88.192752 -136.954052 0.237952 -0.907756 -0.344852 1.000000 0.500000 1 4 1.000000
4 113.662353 -86.723321 -112.013676 0.521773 -0.852105 0.033785 1.000000 0.541748 1 4 1.000000
4 96.162622 -86.860385 -132.654363 -0.109143 -0.959493 -0.258910 0.937500 0.500000 1 4 1.000000
1fireff1_01_ne04_mesh1
4 113.662353 -86.723321 -112.013676 0.521773 -0.852105 0.033785 1.000000 0.541748 1 4 1.000000
4 106.061463 -92.107880 -110.201981 0.065590 -0.991063 0.113629 0.937500 0.541748 1 4 1.000000
4 96.162622 -86.860385 -132.654363 -0.109143 -0.959493 -0.258910 0.937500 0.500000 1 4 1.000000
1fireff1_01_ne04_mesh1
4 96.162622 -86.860385 -132.654363 -0.109143 -0.959493 -0.258910 0.937500 0.500000 1 4 1.000000
4 106.061463 -92.107880 -110.201981 0.065590 -0.991063 0.113629 0.937500 0.541748 1 4 1.000000
4 87.423420 -84.008137 -129.094555 -0.438869 -0.896825 -0.053502 0.875000 0.500000 1 4 1.000000
1fireff1_01_ne04_mesh1
4 106.061463 -92.107880 -110.201981 0.065590 -0.991063 0.113629 0.937500 0.541748 1 4 1.000000
4 96.559396 -89.135281 -108.703727 -0.388970 -0.900896 0.191150 0.875000 0.541748 1 4 1.000000
4 87.423420 -84.008137 -129.094555 -0.438869 -0.896825 -0.053502 0.875000 0.500000 1 4 1.000000
1fireff1_01_ne04_mesh1
4 87.423420 -84.008137 -129.094555 -0.438869 -0.896825 -0.053502 0.875000 0.500000 1 4 1.000000
4 96.559396 -89.135281 -108.703727 -0.388970 -0.900896 0.191150 0.875000 0.541748 1 4 1.000000
4 80.388704 -78.413612 -125.864633 -0.714989 -0.681216 0.154505 0.812500 0.500000 1 4 1.000000
1fireff1_01_ne04_mesh1
4 96.559396 -89.135281 -108.703727 -0.388970 -0.900896 0.191150 0.875000 0.541748 1 4 1.000000
4 88.155451 -82.640581 -108.376150 -0.684285 -0.686961 0.242815 0.812500 0.541748 1 4 1.000000
4 80.388704 -78.413612 -125.864633 -0.714989 -0.681216 0.154505 0.812500 0.500000 1 4 1.000000
1fireff1_01_ne04_mesh1
4 80.388704 -78.413612 -125.864633 -0.714989 -0.681216 0.154505 0.812500 0.500000 1 4 1.000000
4 88.155451 -82.640581 -108.376150 -0.684285 -0.686961 0.242815 0.812500 0.541748 1 4 1.000000
4 74.337582 -69.772991 -127.280754 -0.883135 -0.357209 0.302460 0.750000 0.500000 1 4 1.000000
1fireff1_01_ne04_mesh1
4 88.155451 -82.640581 -108.376150 -0.684285 -0.686961 0.242815 0.812500 0.541748 1 4 1.000000
4 80.889599 -73.101678 -112.250904 -0.878033 -0.369159 0.303251 0.750000 0.541748 1 4 1.000000
4 74.337582 -69.772991 -127.280754 -0.883135 -0.357209 0.302460 0.750000 0.500000 1 4 1.000000
1fireff1_01_ne04_mesh1
4 74.337582 -69.772991 -127.280754 -0.883135 -0.357209 0.302460 0.750000 0.500000 1 4 1.000000
4 80.889599 -73.101678 -112.250904 -0.878033 -0.369159 0.303251 0.750000 0.541748 1 4 1.000000
4 72.199473 -60.309940 -128.390094 -0.925789 0.027900 0.376193 0.687500 0.500000 1 4 1.000000
1fireff1_01_ne04_mesh1
4 80.889599 -73.101678 -112.250904 -0.878033 -0.369159 0.303251 0.750000 0.541748 1 4 1.000000
4 78.129589 -62.270960 -113.560369 -0.926892 0.015779 0.374840 0.687500 0.541748 1 4 1.000000
4 72.199473 -60.309940 -128.390094 -0.925789 0.027900 0.376193 0.687500 0.500000 1 4 1.000000
1fireff1_01_ne04_mesh1
4 72.199473 -60.309940 -128.390094 -0.925789 0.027900 0.376193 0.687500 0.500000 1 4 1.000000
4 78.129589 -62.270960 -113.560369 -0.926892 0.015779 0.374840 0.687500 0.541748 1 4 1.000000
4 75.722622 -51.869840 -125.389106 -0.818520 0.415717 0.395685 0.625000 0.500000 1 4 1.000000
1fireff1_01_ne04_mesh1
4 78.129589 -62.270960 -113.560369 -0.926892 0.015779 0.374840 0.687500 0.541748 1 4 1.000000
4 80.923553 -52.698268 -111.343305 -0.806123 0.449918 0.383541 0.625000 0.541748 1 4 1.000000
4 75.722622 -51.869840 -125.389106 -0.818520 0.415717 0.395685 0.625000 0.500000 1 4 1.000000
1fireff1_01_ne04_mesh1
4 75.722622 -51.869840 -125.389106 -0.818520 0.415717 0.395685 0.625000 0.500000 1 4 1.000000
4 80.923553 -52.698268 -111.343305 -0.806123 0.449918 0.383541 0.625000 0.541748 1 4 1.000000
4 81.566358 -45.134339 -126.125473 -0.480145 0.790102 0.380866 0.562500 0.500000 1 4 1.000000
1fireff1_01_ne04_mesh1
4 80.923553 -52.698268 -111.343305 -0.806123 0.449918 0.383541 0.625000 0.541748 1 4 1.000000
4 86.401580 -46.824595 -114.140280 -0.611887 0.751515 0.245379 0.562500 0.541748 1 4 1.000000
4 81.566358 -45.134339 -126.125473 -0.480145 0.790102 0.380866 0.562500 0.500000 1 4 1.000000
1fireff1_01_ne04_mesh1
4 81.566358 -45.134339 -126.125473 -0.480145 0.790102 0.380866 0.562500 0.500000 1 4 1.000000
4 86.401580 -46.824595 -114.140280 -0.611887 0.751515 0.245379 0.562500 0.541748 1 4 1.000000
4 89.434809 -42.882756 -130.818490 -0.037993 0.941382 0.333964 0.500000 0.500000 1 4 1.000000
1fireff1_01_ne04_mesh1
4 86.401580 -46.824595 -114.140280 -0.611887 0.751515 0.245379 0.562500 0.541748 1 4 1.000000
4 93.304458 -42.729770 -119.470792 -0.315552 0.946536 -0.064031 0.500000 0.541748 1 4 1.000000
4 89.434809 -42.882756 -130.818490 -0.037993 0.941382 0.333964 0.500000 0.500000 1 4 1.000000
1fireff1_01_ne04_mesh1
4 89.434809 -42.882756 -130.818490 -0.037993 0.941382 0.333964 0.500000 0.500000 1 4 1.000000
4 93.304458 -42.729770 -119.470792 -0.315552 0.946536 -0.064031 0.500000 0.541748 1 4 1.000000
4 100.527098 -45.120504 -131.441607 0.207118 0.965454 0.156707 0.437500 0.500000 1 4 1.000000
1fireff1_01_ne04_mesh1
4 93.304458 -42.729770 -119.470792 -0.315552 0.946536 -0.064031 0.500000 0.541748 1 4 1.000000
4 103.107288 -40.914716 -119.089558 0.062461 0.911734 -0.405697 0.437500 0.541748 1 4 1.000000
4 100.527098 -45.120504 -131.441607 0.207118 0.965454 0.156707 0.437500 0.500000 1 4 1.000000
1fireff1_01_ne04_mesh1
4 100.527098 -45.120504 -131.441607 0.207118 0.965454 0.156707 0.437500 0.500000 1 4 1.000000
4 103.107288 -40.914716 -119.089558 0.062461 0.911734 -0.405697 0.437500 0.541748 1 4 1.000000
4 111.032310 -48.924276 -131.013611 0.469853 0.876333 -0.104477 0.375000 0.500000 1 4 1.000000
1fireff1_01_ne04_mesh1
4 103.107288 -40.914716 -119.089558 0.062461 0.911734 -0.405697 0.437500 0.541748 1 4 1.000000
4 113.674040 -42.989536 -116.467696 0.395734 0.794754 -0.459845 0.375000 0.541748 1 4 1.000000
4 111.032310 -48.924276 -131.013611 0.469853 0.876333 -0.104477 0.375000 0.500000 1 4 1.000000
1fireff1_01_ne04_mesh1
4 111.032310 -48.924276 -131.013611 0.469853 0.876333 -0.104477 0.375000 0.500000 1 4 1.000000
4 113.674040 -42.989536 -116.467696 0.395734 0.794754 -0.459845 0.375000 0.541748 1 4 1.000000
4 117.005708 -53.323086 -135.912505 0.726201 0.657136 -0.201314 0.312500 0.500000 1 4 1.000000
1fireff1_01_ne04_mesh1
4 113.674040 -42.989536 -116.467696 0.395734 0.794754 -0.459845 0.375000 0.541748 1 4 1.000000
4 120.986682 -48.326442 -118.594992 0.619139 0.683870 -0.384964 0.312500 0.541748 1 4 1.000000
4 117.005708 -53.323086 -135.912505 0.726201 0.657136 -0.201314 0.312500 0.500000 1 4 1.000000
1fireff1_01_ne04_mesh1
4 117.005708 -53.323086 -135.912505 0.726201 0.657136 -0.201314 0.312500 0.500000 1 4 1.000000
4 120.986682 -48.326442 -118.594992 0.619139 0.683870 -0.384964 0.312500 0.541748 1 4 1.000000
4 118.974773 -59.896981 -143.868606 0.901669 0.293746 -0.316586 0.250000 0.500000 1 4 1.000000
1fireff1_01_ne04_mesh1
4 120.986682 -48.326442 -118.594992 0.619139 0.683870 -0.384964 0.312500 0.541748 1 4 1.000000
4 123.946091 -55.051768 -123.869175 0.874050 0.372250 -0.311143 0.250000 0.541748 1 4 1.000000
4 118.974773 -59.896981 -143.868606 0.901669 0.293746 -0.316586 0.250000 0.500000 1 4 1.000000
1fireff1_01_ne04_mesh1
4 118.974773 -59.896981 -143.868606 0.901669 0.293746 -0.316586 0.250000 0.500000 1 4 1.000000
4 123.946091 -55.051768 -123.869175 0.874050 0.372250 -0.311143 0.250000 0.541748 1 4 1.000000
4 119.684055 -69.317849 -146.834270 0.888368 -0.082075 -0.451589 0.187500 0.500000 1 4 1.000000
1fireff1_01_ne04_mesh1
4 123.946091 -55.051768 -123.869175 0.874050 0.372250 -0.311143 0.250000 0.541748 1 4 1.000000
4 124.560716 -62.543128 -124.857910 0.973258 -0.038898 -0.224864 0.187500 0.541748 1 4 1.000000
4 119.684055 -69.317849 -146.834270 0.888368 -0.082075 -0.451589 0.187500 0.500000 1 4 1.000000
1fireff1_01_ne04_mesh1
4 119.684055 -69.317849 -146.834270 0.888368 -0.082075 -0.451589 0.187500 0.500000 1 4 1.000000
4 124.560716 -62.543128 -124.857910 0.973258 -0.038898 -0.224864 0.187500 0.541748 1 4 1.000000
4 117.973401 -79.241104 -146.333275 0.719789 -0.478865 -0.502050 0.125000 0.500000 1 4 1.000000
1fireff1_01_ne04_mesh1
4 124.560716 -62.543128 -124.857910 0.973258 -0.038898 -0.224864 0.187500 0.541748 1 4 1.000000
4 122.803228 -69.670019 -121.231159 0.912533 -0.384618 -0.135956 0.125000 0.541748 1 4 1.000000
4 117.973401 -79.241104 -146.333275 0.719789 -0.478865 -0.502050 0.125000 0.500000 1 4 1.000000
1fireff1_01_ne04_mesh1
4 117.973401 -79.241104 -146.333275 0.719789 -0.478865 -0.502050 0.125000 0.500000 1 4 1.000000
4 122.803228 -69.670019 -121.231159 0.912533 -0.384618 -0.135956 0.125000 0.541748 1 4 1.000000
4 113.229515 -86.121800 -142.591688 0.493609 -0.759020 -0.423899 0.062500 0.500000 1 4 1.000000
1fireff1_01_ne04_mesh1
4 122.803228 -69.670019 -121.231159 0.912533 -0.384618 -0.135956 0.125000 0.541748 1 4 1.000000
4 118.767100 -77.363169 -116.394113 0.757299 -0.650242 -0.054808 0.062500 0.541748 1 4 1.000000
4 113.229515 -86.121800 -142.591688 0.493609 -0.759020 -0.423899 0.062500 0.500000 1 4 1.000000
1fireff1_01_ne04_mesh1
4 113.229515 -86.121800 -142.591688 0.493609 -0.759020 -0.423899 0.062500 0.500000 1 4 1.000000
4 118.767100 -77.363169 -116.394113 0.757299 -0.650242 -0.054808 0.062500 0.541748 1 4 1.000000
4 105.615335 -88.192752 -136.954052 0.237952 -0.907756 -0.344852 0.000000 0.500000 1 4 1.000000
1fireff1_01_ne04_mesh1
4 118.767100 -77.363169 -116.394113 0.757299 -0.650242 -0.054808 0.062500 0.541748 1 4 1.000000
4 113.662353 -86.723321 -112.013676 0.521773 -0.852105 0.033785 0.000000 0.541748 1 4 1.000000
4 105.615335 -88.192752 -136.954052 0.237952 -0.907756 -0.344852 0.000000 0.500000 1 4 1.000000
1fireff1_01_ne04_mesh1
4 113.662353 -86.723321 -112.013676 0.521773 -0.852105 0.033785 1.000000 0.541748 1 4 1.000000
4 119.460417 -76.534172 -83.396045 0.369638 -0.889506 0.267294 1.000000 0.583496 1 4 1.000000
4 106.061463 -92.107880 -110.201981 0.065590 -0.991063 0.113629 0.937500 0.541748 1 4 1.000000
1fireff1_01_ne04_mesh1
4 119.460417 -76.534172 -83.396045 0.369638 -0.889506 0.267294 1.000000 0.583496 1 4 1.000000
4 110.329719 -79.988902 -83.749447 0.000046 -0.863346 0.504443 0.937500 0.583496 1 4 1.000000
4 106.061463 -92.107880 -110.201981 0.065590 -0.991063 0.113629 0.937500 0.541748 1 4 1.000000
1fireff1_01_ne04_mesh1
4 106.061463 -92.107880 -110.201981 0.065590 -0.991063 0.113629 0.937500 0.541748 1 4 1.000000
4 110.329719 -79.988902 -83.749447 0.000046 -0.863346 0.504443 0.937500 0.583496 1 4 1.000000
4 96.559396 -89.135281 -108.703727 -0.388970 -0.900896 0.191150 0.875000 0.541748 1 4 1.000000
1fireff1_01_ne04_mesh1
4 110.329719 -79.988902 -83.749447 0.000046 -0.863346 0.504443 0.937500 0.583496 1 4 1.000000
4 100.607386 -81.685320 -88.331816 -0.332594 -0.784347 0.523315 0.875000 0.583496 1 4 1.000000
4 96.559396 -89.135281 -108.703727 -0.388970 -0.900896 0.191150 0.875000 0.541748 1 4 1.000000
1fireff1_01_ne04_mesh1
4 96.559396 -89.135281 -108.703727 -0.388970 -0.900896 0.191150 0.875000 0.541748 1 4 1.000000
4 100.607386 -81.685320 -88.331816 -0.332594 -0.784347 0.523315 0.875000 0.583496 1 4 1.000000
4 88.155451 -82.640581 -108.376150 -0.684285 -0.686961 0.242815 0.812500 0.541748 1 4 1.000000
1fireff1_01_ne04_mesh1
4 100.607386 -81.685320 -88.331816 -0.332594 -0.784347 0.523315 0.875000 0.583496 1 4 1.000000
4 91.613977 -78.470129 -93.530069 -0.620180 -0.649399 0.439719 0.812500 0.583496 1 4 1.000000
4 88.155451 -82.640581 -108.376150 -0.684285 -0.686961 0.242815 0.812500 0.541748 1 4 1.000000
1fireff1_01_ne04_mesh1
4 88.155451 -82.640581 -108.376150 -0.684285 -0.686961 0.242815 0.812500 0.541748 1 4 1.000000
4 91.613977 -78.470129 -93.530069 -0.620180 -0.649399 0.439719 0.812500 0.583496 1 4 1.000000
4 80.889599 -73.101678 -112.250904 -0.878033 -0.369159 0.303251 0.750000 0.541748 1 4 1.000000
1fireff1_01_ne04_mesh1
4 91.613977 -78.470129 -93.530069 -0.620180 -0.649399 0.439719 0.812500 0.583496 1 4 1.000000
4 85.739302 -72.569620 -97.632360 -0.865598 -0.374157 0.331717 0.750000 0.583496 1 4 1.000000
4 80.889599 -73.101678 -112.250904 -0.878033 -0.369159 0.303251 0.750000 0.541748 1 4 1.000000
1fireff1_01_ne04_mesh1
4 80.889599 -73.101678 -112.250904 -0.878033 -0.369159 0.303251 0.750000 0.541748 1 4 1.000000
4 85.739302 -72.569620 -97.632360 -0.865598 -0.374157 0.331717 0.750000 0.583496 1 4 1.000000
4 78.129589 -62.270960 -113.560369 -0.926892 0.015779 0.374840 0.687500 0.541748 1 4 1.000000
1fireff1_01_ne04_mesh1
4 85.739302 -72.569620 -97.632360 -0.865598 -0.374157 0.331717 0.750000 0.583496 1 4 1.000000
4 84.838080 -64.961230 -97.334376 -0.966883 0.035536 0.252117 0.687500 0.583496 1 4 1.000000
4 78.129589 -62.270960 -113.560369 -0.926892 0.015779 0.374840 0.687500 0.541748 1 4 1.000000
1fireff1_01_ne04_mesh1
4 78.129589 -62.270960 -113.560369 -0.926892 0.015779 0.374840 0.687500 0.541748 1 4 1.000000
4 84.838080 -64.961230 -97.334376 -0.966883 0.035536 0.252117 0.687500 0.583496 1 4 1.000000
4 80.923553 -52.698268 -111.343305 -0.806123 0.449918 0.383541 0.625000 0.541748 1 4 1.000000
1fireff1_01_ne04_mesh1
4 84.838080 -64.961230 -97.334376 -0.966883 0.035536 0.252117 0.687500 0.583496 1 4 1.000000
4 87.316704 -56.015721 -96.758900 -0.906850 0.380775 0.178214 0.625000 0.583496 1 4 1.000000
4 80.923553 -52.698268 -111.343305 -0.806123 0.449918 0.383541 0.625000 0.541748 1 4 1.000000
1fireff1_01_ne04_mesh1
4 80.923553 -52.698268 -111.343305 -0.806123 0.449918 0.383541 0.625000 0.541748 1 4 1.000000
4 87.316704 -56.015721 -96.758900 -0.906850 0.380775 0.178214 0.625000 0.583496 1 4 1.000000
4 86.401580 -46.824595 -114.140280 -0.611887 0.751515 0.245379 0.562500 0.541748 1 4 1.000000
1fireff1_01_ne04_mesh1
4 87.316704 -56.015721 -96.758900 -0.906850 0.380775 0.178214 0.625000 0.583496 1 4 1.000000
4 91.132455 -47.599599 -101.388936 -0.834048 0.536658 0.124702 0.562500 0.583496 1 4 1.000000
4 86.401580 -46.824595 -114.140280 -0.611887 0.751515 0.245379 0.562500 0.541748 1 4 1.000000
1fireff1_01_ne04_mesh1
4 86.401580 -46.824595 -114.140280 -0.611887 0.751515 0.245379 0.562500 0.541748 1 4 1.000000
4 91.132455 -47.599599 -101.388936 -0.834048 0.536658 0.124702 0.562500 0.583496 1 4 1.000000
4 93.304458 -42.729770 -119.470792 -0.315552 0.946536 -0.064031 0.500000 0.541748 1 4 1.000000
1fireff1_01_ne04_mesh1
4 91.132455 -47.599599 -101.388936 -0.834048 0.536658 0.124702 0.562500 0.583496 1 4 1.000000
4 95.913304 -38.773102 -107.326545 -0.696517 0.692799 -0.185511 0.500000 0.583496 1 4 1.000000
4 93.304458 -42.729770 -119.470792 -0.315552 0.946536 -0.064031 0.500000 0.541748 1 4 1.000000
1fireff1_01_ne04_mesh1
4 93.304458 -42.729770 -119.470792 -0.315552 0.946536 -0.064031 0.500000 0.541748 1 4 1.000000
4 95.913304 -38.773102 -107.326545 -0.696517 0.692799 -0.185511 0.500000 0.583496 1 4 1.000000
4 103.107288 -40.914716 -119.089558 0.062461 0.911734 -0.405697 0.437500 0.541748 1 4 1.000000
1fireff1_01_ne04_mesh1
4 95.913304 -38.773102 -107.326545 -0.696517 0.692799 -0.185511 0.500000 0.583496 1 4 1.000000
4 103.735699 -32.783171 -107.792979 -0.123740 0.824490 -0.551557 0.437500 0.583496 1 4 1.000000
4 103.107288 -40.914716 -119.089558 0.062461 0.911734 -0.405697 0.437500 0.541748 1 4 1.000000
1fireff1_01_ne04_mesh1
4 103.107288 -40.914716 -119.089558 0.062461 0.911734 -0.405697 0.437500 0.541748 1 4 1.000000
4 103.735699 -32.783171 -107.792979 -0.123740 0.824490 -0.551557 0.437500 0.583496 1 4 1.000000
4 113.674040 -42.989536 -116.467696 0.395734 0.794754 -0.459845 0.375000 0.541748 1 4 1.000000
1fireff1_01_ne04_mesh1
4 103.735699 -32.783171 -107.792979 -0.123740 0.824490 -0.551557 0.437500 0.583496 1 4 1.000000
4 114.587193 -34.107963 -103.474666 0.458145 0.723241 -0.516366 0.375000 0.583496 1 4 1.000000
4 113.674040 -42.989536 -116.467696 0.395734 0.794754 -0.459845 0.375000 0.541748 1 4 1.000000
1fireff1_01_ne04_mesh1
4 113.674040 -42.989536 -116.467696 0.395734 0.794754 -0.459845 0.375000 0.541748 1 4 1.000000
4 114.587193 -34.107963 -103.474666 0.458145 0.723241 -0.516366 0.375000 0.583496 1 4 1.000000
4 120.986682 -48.326442 -118.594992 0.619139 0.683870 -0.384964 0.312500 0.541748 1 4 1.000000
1fireff1_01_ne04_mesh1
4 114.587193 -34.107963 -103.474666 0.458145 0.723241 -0.516366 0.375000 0.583496 1 4 1.000000
4 123.775333 -40.322991 -101.212558 0.682394 0.616150 -0.393114 0.312500 0.583496 1 4 1.000000
4 120.986682 -48.326442 -118.594992 0.619139 0.683870 -0.384964 0.312500 0.541748 1 4 1.000000
1fireff1_01_ne04_mesh1
4 120.986682 -48.326442 -118.594992 0.619139 0.683870 -0.384964 0.312500 0.541748 1 4 1.000000
4 123.775333 -40.322991 -101.212558 0.682394 0.616150 -0.393114 0.312500 0.583496 1 4 1.000000
4 123.946091 -55.051768 -123.869175 0.874050 0.372250 -0.311143 0.250000 0.541748 1 4 1.000000
1fireff1_01_ne04_mesh1
4 123.775333 -40.322991 -101.212558 0.682394 0.616150 -0.393114 0.312500 0.583496 1 4 1.000000
4 128.897569 -48.385975 -101.803943 0.876413 0.360795 -0.317682 0.250000 0.583496 1 4 1.000000
4 123.946091 -55.051768 -123.869175 0.874050 0.372250 -0.311143 0.250000 0.541748 1 4 1.000000
1fireff1_01_ne04_mesh1
4 123.946091 -55.051768 -123.869175 0.874050 0.372250 -0.311143 0.250000 0.541748 1 4 1.000000
4 128.897569 -48.385975 -101.803943 0.876413 0.360795 -0.317682 0.250000 0.583496 1 4 1.000000
4 124.560716 -62.543128 -124.857910 0.973258 -0.038898 -0.224864 0.187500 0.541748 1 4 1.000000
1fireff1_01_ne04_mesh1
4 128.897569 -48.385975 -101.803943 0.876413 0.360795 -0.317682 0.250000 0.583496 1 4 1.000000
4 130.120272 -57.953582 -103.458771 0.966939 -0.032293 -0.251365 0.187500 0.583496 1 4 1.000000
4 124.560716 -62.543128 -124.857910 0.973258 -0.038898 -0.224864 0.187500 0.541748 1 4 1.000000
1fireff1_01_ne04_mesh1
4 124.560716 -62.543128 -124.857910 0.973258 -0.038898 -0.224864 0.187500 0.541748 1 4 1.000000
4 130.120272 -57.953582 -103.458771 0.966939 -0.032293 -0.251365 0.187500 0.583496 1 4 1.000000
4 122.803228 -69.670019 -121.231159 0.912533 -0.384618 -0.135956 0.125000 0.541748 1 4 1.000000
1fireff1_01_ne04_mesh1
4 130.120272 -57.953582 -103.458771 0.966939 -0.032293 -0.251365 0.187500 0.583496 1 4 1.000000
4 129.849668 -68.093430 -99.053870 0.894836 -0.412572 -0.168546 0.125000 0.583496 1 4 1.000000
4 122.803228 -69.670019 -121.231159 0.912533 -0.384618 -0.135956 0.125000 0.541748 1 4 1.000000
1fireff1_01_ne04_mesh1
4 122.803228 -69.670019 -121.231159 0.912533 -0.384618 -0.135956 0.125000 0.541748 1 4 1.000000
4 129.849668 -68.093430 -99.053870 0.894836 -0.412572 -0.168546 0.125000 0.583496 1 4 1.000000
4 118.767100 -77.363169 -116.394113 0.757299 -0.650242 -0.054808 0.062500 0.541748 1 4 1.000000
1fireff1_01_ne04_mesh1
4 129.849668 -68.093430 -99.053870 0.894836 -0.412572 -0.168546 0.125000 0.583496 1 4 1.000000
4 126.352034 -74.015100 -90.596644 0.747483 -0.663714 -0.010241 0.062500 0.583496 1 4 1.000000
4 118.767100 -77.363169 -116.394113 0.757299 -0.650242 -0.054808 0.062500 0.541748 1 4 1.000000
1fireff1_01_ne04_mesh1
4 118.767100 -77.363169 -116.394113 0.757299 -0.650242 -0.054808 0.062500 0.541748 1 4 1.000000
4 126.352034 -74.015100 -90.596644 0.747483 -0.663714 -0.010241 0.062500 0.583496 1 4 1.000000
4 113.662353 -86.723321 -112.013676 0.521773 -0.852105 0.033785 0.000000 0.541748 1 4 1.000000
1fireff1_01_ne04_mesh1
4 126.352034 -74.015100 -90.596644 0.747483 -0.663714 -0.010241 0.062500 0.583496 1 4 1.000000
4 119.460417 -76.534172 -83.396045 0.369638 -0.889506 0.267294 0.000000 0.583496 1 4 1.000000
4 113.662353 -86.723321 -112.013676 0.521773 -0.852105 0.033785 0.000000 0.541748 1 4 1.000000
1fireff1_01_ne04_mesh1
4 123.049544 -72.145437 -67.918472 0.231573 -0.915178 0.328381 0.000000 0.625000 1 4 1.000000
4 119.460417 -76.534172 -83.396045 0.369638 -0.889506 0.267294 0.000000 0.583496 1 4 1.000000
4 130.714322 -68.152042 -71.168156 0.687012 -0.722886 0.066314 0.062500 0.625000 1 4 1.000000
1fireff1_01_ne04_mesh1
4 119.460417 -76.534172 -83.396045 0.369638 -0.889506 0.267294 0.000000 0.583496 1 4 1.000000
4 126.352034 -74.015100 -90.596644 0.747483 -0.663714 -0.010241 0.062500 0.583496 1 4 1.000000
4 130.714322 -68.152042 -71.168156 0.687012 -0.722886 0.066314 0.062500 0.625000 1 4 1.000000
1fireff1_01_ne04_mesh1
4 130.714322 -68.152042 -71.168156 0.687012 -0.722886 0.066314 0.062500 0.625000 1 4 1.000000
4 126.352034 -74.015100 -90.596644 0.747483 -0.663714 -0.010241 0.062500 0.583496 1 4 1.000000
4 134.608255 -60.544739 -76.515744 0.919431 -0.380701 -0.095511 0.125000 0.625000 1 4 1.000000
1fireff1_01_ne04_mesh1
4 126.352034 -74.015100 -90.596644 0.747483 -0.663714 -0.010241 0.062500 0.583496 1 4 1.000000
4 129.849668 -68.093430 -99.053870 0.894836 -0.412572 -0.168546 0.125000 0.583496 1 4 1.000000
4 134.608255 -60.544739 -76.515744 0.919431 -0.380701 -0.095511 0.125000 0.625000 1 4 1.000000
1fireff1_01_ne04_mesh1
4 134.608255 -60.544739 -76.515744 0.919431 -0.380701 -0.095511 0.125000 0.625000 1 4 1.000000
4 129.849668 -68.093430 -99.053870 0.894836 -0.412572 -0.168546 0.125000 0.583496 1 4 1.000000
4 136.353834 -54.073423 -80.941426 0.971042 -0.075680 -0.226258 0.187500 0.625000 1 4 1.000000
1fireff1_01_ne04_mesh1
4 129.849668 -68.093430 -99.053870 0.894836 -0.412572 -0.168546 0.125000 0.583496 1 4 1.000000
4 130.120272 -57.953582 -103.458771 0.966939 -0.032293 -0.251365 0.187500 0.583496 1 4 1.000000
4 136.353834 -54.073423 -80.941426 0.971042 -0.075680 -0.226258 0.187500 0.625000 1 4 1.000000
1fireff1_01_ne04_mesh1
4 136.353834 -54.073423 -80.941426 0.971042 -0.075680 -0.226258 0.187500 0.625000 1 4 1.000000
4 130.120272 -57.953582 -103.458771 0.966939 -0.032293 -0.251365 0.187500 0.583496 1 4 1.000000
4 133.654934 -46.431399 -85.793009 0.909133 0.282303 -0.305193 0.250000 0.625000 1 4 1.000000
1fireff1_01_ne04_mesh1
4 130.120272 -57.953582 -103.458771 0.966939 -0.032293 -0.251365 0.187500 0.583496 1 4 1.000000
4 128.897569 -48.385975 -101.803943 0.876413 0.360795 -0.317682 0.250000 0.583496 1 4 1.000000
4 133.654934 -46.431399 -85.793009 0.909133 0.282303 -0.305193 0.250000 0.625000 1 4 1.000000
1fireff1_01_ne04_mesh1
4 133.654934 -46.431399 -85.793009 0.909133 0.282303 -0.305193 0.250000 0.625000 1 4 1.000000
4 128.897569 -48.385975 -101.803943 0.876413 0.360795 -0.317682 0.250000 0.583496 1 4 1.000000
4 125.875821 -37.085215 -91.373952 0.736367 0.571161 -0.361635 0.312500 0.625000 1 4 1.000000
1fireff1_01_ne04_mesh1
4 128.897569 -48.385975 -101.803943 0.876413 0.360795 -0.317682 0.250000 0.583496 1 4 1.000000
4 123.775333 -40.322991 -101.212558 0.682394 0.616150 -0.393114 0.312500 0.583496 1 4 1.000000
4 125.875821 -37.085215 -91.373952 0.736367 0.571161 -0.361635 0.312500 0.625000 1 4 1.000000
1fireff1_01_ne04_mesh1
4 125.875821 -37.085215 -91.373952 0.736367 0.571161 -0.361635 0.312500 0.625000 1 4 1.000000
4 123.775333 -40.322991 -101.212558 0.682394 0.616150 -0.393114 0.312500 0.583496 1 4 1.000000
4 114.888589 -28.572806 -96.149832 0.488433 0.700543 -0.519275 0.375000 0.625000 1 4 1.000000
1fireff1_01_ne04_mesh1
4 123.775333 -40.322991 -101.212558 0.682394 0.616150 -0.393114 0.312500 0.583496 1 4 1.000000
4 114.587193 -34.107963 -103.474666 0.458145 0.723241 -0.516366 0.375000 0.583496 1 4 1.000000
4 114.888589 -28.572806 -96.149832 0.488433 0.700543 -0.519275 0.375000 0.625000 1 4 1.000000
1fireff1_01_ne04_mesh1
4 114.888589 -28.572806 -96.149832 0.488433 0.700543 -0.519275 0.375000 0.625000 1 4 1.000000
4 114.587193 -34.107963 -103.474666 0.458145 0.723241 -0.516366 0.375000 0.583496 1 4 1.000000
4 103.735968 -24.411427 -98.029446 -0.192910 0.786642 -0.586200 0.437500 0.625000 1 4 1.000000
1fireff1_01_ne04_mesh1
4 114.587193 -34.107963 -103.474666 0.458145 0.723241 -0.516366 0.375000 0.583496 1 4 1.000000
4 103.735699 -32.783171 -107.792979 -0.123740 0.824490 -0.551557 0.437500 0.583496 1 4 1.000000
4 103.735968 -24.411427 -98.029446 -0.192910 0.786642 -0.586200 0.437500 0.625000 1 4 1.000000
1fireff1_01_ne04_mesh1
4 103.735968 -24.411427 -98.029446 -0.192910 0.786642 -0.586200 0.437500 0.625000 1 4 1.000000
4 103.735699 -32.783171 -107.792979 -0.123740 0.824490 -0.551557 0.437500 0.583496 1 4 1.000000
4 97.227817 -30.280130 -93.628179 -0.828368 0.506088 -0.238606 0.500000 0.625000 1 4 1.000000
1fireff1_01_ne04_mesh1
4 103.735699 -32.783171 -107.792979 -0.123740 0.824490 -0.551557 0.437500 0.583496 1 4 1.000000
4 95.913304 -38.773102 -107.326545 -0.696517 0.692799 -0.185511 0.500000 0.583496 1 4 1.000000
4 97.227817 -30.280130 -93.628179 -0.828368 0.506088 -0.238606 0.500000 0.625000 1 4 1.000000
1fireff1_01_ne04_mesh1
4 97.227817 -30.280130 -93.628179 -0.828368 0.506088 -0.238606 0.500000 0.625000 1 4 1.000000
4 95.913304 -38.773102 -107.326545 -0.696517 0.692799 -0.185511 0.500000 0.583496 1 4 1.000000
4 93.842000 -41.211109 -86.118115 -0.924673 0.379398 -0.021718 0.562500 0.625000 1 4 1.000000
1fireff1_01_ne04_mesh1
4 95.913304 -38.773102 -107.326545 -0.696517 0.692799 -0.185511 0.500000 0.583496 1 4 1.000000
4 91.132455 -47.599599 -101.388936 -0.834048 0.536658 0.124702 0.562500 0.583496 1 4 1.000000
4 93.842000 -41.211109 -86.118115 -0.924673 0.379398 -0.021718 0.562500 0.625000 1 4 1.000000
1fireff1_01_ne04_mesh1
4 93.842000 -41.211109 -86.118115 -0.924673 0.379398 -0.021718 0.562500 0.625000 1 4 1.000000
4 91.132455 -47.599599 -101.388936 -0.834048 0.536658 0.124702 0.562500 0.583496 1 4 1.000000
4 90.359876 -49.486075 -80.360518 -0.931416 0.363241 0.003839 0.625000 0.625000 1 4 1.000000
1fireff1_01_ne04_mesh1
4 91.132455 -47.599599 -101.388936 -0.834048 0.536658 0.124702 0.562500 0.583496 1 4 1.000000
4 87.316704 -56.015721 -96.758900 -0.906850 0.380775 0.178214 0.625000 0.583496 1 4 1.000000
4 90.359876 -49.486075 -80.360518 -0.931416 0.363241 0.003839 0.625000 0.625000 1 4 1.000000
1fireff1_01_ne04_mesh1
4 90.359876 -49.486075 -80.360518 -0.931416 0.363241 0.003839 0.625000 0.625000 1 4 1.000000
4 87.316704 -56.015721 -96.758900 -0.906850 0.380775 0.178214 0.625000 0.583496 1 4 1.000000
4 87.866709 -54.745302 -76.679168 -0.988577 0.121184 0.088215 0.687500 0.625000 1 4 1.000000
1fireff1_01_ne04_mesh1
4 87.316704 -56.015721 -96.758900 -0.906850 0.380775 0.178214 0.625000 0.583496 1 4 1.000000
4 84.838080 -64.961230 -97.334376 -0.966883 0.035536 0.252117 0.687500 0.583496 1 4 1.000000
4 87.866709 -54.745302 -76.679168 -0.988577 0.121184 0.088215 0.687500 0.625000 1 4 1.000000
1fireff1_01_ne04_mesh1
4 87.866709 -54.745302 -76.679168 -0.988577 0.121184 0.088215 0.687500 0.625000 1 4 1.000000
4 84.838080 -64.961230 -97.334376 -0.966883 0.035536 0.252117 0.687500 0.583496 1 4 1.000000
4 88.046822 -58.303577 -74.335436 -0.889213 -0.327733 0.317695 0.750000 0.625000 1 4 1.000000
1fireff1_01_ne04_mesh1
4 84.838080 -64.961230 -97.334376 -0.966883 0.035536 0.252117 0.687500 0.583496 1 4 1.000000
4 85.739302 -72.569620 -97.632360 -0.865598 -0.374157 0.331717 0.750000 0.583496 1 4 1.000000
4 88.046822 -58.303577 -74.335436 -0.889213 -0.327733 0.317695 0.750000 0.625000 1 4 1.000000
1fireff1_01_ne04_mesh1
4 88.046822 -58.303577 -74.335436 -0.889213 -0.327733 0.317695 0.750000 0.625000 1 4 1.000000
4 85.739302 -72.569620 -97.632360 -0.865598 -0.374157 0.331717 0.750000 0.583496 1 4 1.000000
4 91.139551 -60.051636 -73.420533 -0.607239 -0.592107 0.529515 0.812500 0.625000 1 4 1.000000
1fireff1_01_ne04_mesh1
4 85.739302 -72.569620 -97.632360 -0.865598 -0.374157 0.331717 0.750000 0.583496 1 4 1.000000
4 91.613977 -78.470129 -93.530069 -0.620180 -0.649399 0.439719 0.812500 0.583496 1 4 1.000000
4 91.139551 -60.051636 -73.420533 -0.607239 -0.592107 0.529515 0.812500 0.625000 1 4 1.000000
1fireff1_01_ne04_mesh1
4 91.139551 -60.051636 -73.420533 -0.607239 -0.592107 0.529515 0.812500 0.625000 1 4 1.000000
4 91.613977 -78.470129 -93.530069 -0.620180 -0.649399 0.439719 0.812500 0.583496 1 4 1.000000
4 98.460453 -62.619701 -72.295098 -0.405521 -0.647021 0.645389 0.875000 0.625000 1 4 1.000000
1fireff1_01_ne04_mesh1
4 91.613977 -78.470129 -93.530069 -0.620180 -0.649399 0.439719 0.812500 0.583496 1 4 1.000000
4 100.607386 -81.685320 -88.331816 -0.332594 -0.784347 0.523315 0.875000 0.583496 1 4 1.000000
4 98.460453 -62.619701 -72.295098 -0.405521 -0.647021 0.645389 0.875000 0.625000 1 4 1.000000
1fireff1_01_ne04_mesh1
4 98.460453 -62.619701 -72.295098 -0.405521 -0.647021 0.645389 0.875000 0.625000 1 4 1.000000
4 100.607386 -81.685320 -88.331816 -0.332594 -0.784347 0.523315 0.875000 0.583496 1 4 1.000000
4 110.108199 -67.583826 -69.922491 -0.221080 -0.764704 0.604668 0.937500 0.625000 1 4 1.000000
1fireff1_01_ne04_mesh1
4 100.607386 -81.685320 -88.331816 -0.332594 -0.784347 0.523315 0.875000 0.583496 1 4 1.000000
4 110.329719 -79.988902 -83.749447 0.000046 -0.863346 0.504443 0.937500 0.583496 1 4 1.000000
4 110.108199 -67.583826 -69.922491 -0.221080 -0.764704 0.604668 0.937500 0.625000 1 4 1.000000
1fireff1_01_ne04_mesh1
4 110.108199 -67.583826 -69.922491 -0.221080 -0.764704 0.604668 0.937500 0.625000 1 4 1.000000
4 110.329719 -79.988902 -83.749447 0.000046 -0.863346 0.504443 0.937500 0.583496 1 4 1.000000
4 123.049544 -72.145437 -67.918472 0.231573 -0.915178 0.328381 1.000000 0.625000 1 4 1.000000
1fireff1_01_ne04_mesh1
4 110.329719 -79.988902 -83.749447 0.000046 -0.863346 0.504443 0.937500 0.583496 1 4 1.000000
4 119.460417 -76.534172 -83.396045 0.369638 -0.889506 0.267294 1.000000 0.583496 1 4 1.000000
4 123.049544 -72.145437 -67.918472 0.231573 -0.915178 0.328381 1.000000 0.625000 1 4 1.000000
1fireff1_01_ne04_mesh1
4 51.819457 80.969957 -93.059252 -0.151801 0.860611 0.485378 0.000000 1.000000 1 4 1.000000
4 61.290307 78.832284 -69.365687 -0.405386 0.766974 0.497034 0.000000 0.958344 1 4 1.000000
4 59.573614 80.299189 -95.684378 0.189790 0.930270 0.313123 0.062500 1.000000 1 4 1.000000
1fireff1_01_ne04_mesh1
4 61.290307 78.832284 -69.365687 -0.405386 0.766974 0.497034 0.000000 0.958344 1 4 1.000000
4 67.443623 80.850613 -72.951348 0.121858 0.970080 0.208970 0.062500 0.958344 1 4 1.000000
4 59.573614 80.299189 -95.684378 0.189790 0.930270 0.313123 0.062500 1.000000 1 4 1.000000
1fireff1_01_ne04_mesh1
4 59.573614 80.299189 -95.684378 0.189790 0.930270 0.313123 0.062500 1.000000 1 4 1.000000
4 67.443623 80.850613 -72.951348 0.121858 0.970080 0.208970 0.062500 0.958344 1 4 1.000000
4 67.229105 77.998138 -96.463111 0.505683 0.852249 0.132105 0.125000 1.000000 1 4 1.000000
1fireff1_01_ne04_mesh1
4 67.443623 80.850613 -72.951348 0.121858 0.970080 0.208970 0.062500 0.958344 1 4 1.000000
4 73.856087 78.732527 -74.741136 0.502693 0.859424 0.090332 0.125000 0.958344 1 4 1.000000
4 67.229105 77.998138 -96.463111 0.505683 0.852249 0.132105 0.125000 1.000000 1 4 1.000000
1fireff1_01_ne04_mesh1
4 67.229105 77.998138 -96.463111 0.505683 0.852249 0.132105 0.125000 1.000000 1 4 1.000000
4 73.856087 78.732527 -74.741136 0.502693 0.859424 0.090332 0.125000 0.958344 1 4 1.000000
4 72.934082 74.603700 -97.946181 0.757062 0.652213 0.025709 0.187500 1.000000 1 4 1.000000
1fireff1_01_ne04_mesh1
4 73.856087 78.732527 -74.741136 0.502693 0.859424 0.090332 0.125000 0.958344 1 4 1.000000
4 79.427297 71.715568 -75.509164 0.830133 0.556418 0.022730 0.187500 0.958344 1 4 1.000000
4 72.934082 74.603700 -97.946181 0.757062 0.652213 0.025709 0.187500 1.000000 1 4 1.000000
1fireff1_01_ne04_mesh1
4 72.934082 74.603700 -97.946181 0.757062 0.652213 0.025709 0.187500 1.000000 1 4 1.000000
4 79.427297 71.715568 -75.509164 0.830133 0.556418 0.022730 0.187500 0.958344 1 4 1.000000
4 77.895791 69.717059 -100.188736 0.932912 0.340339 -0.114596 0.250000 1.000000 1 4 1.000000
1fireff1_01_ne04_mesh1
4 79.427297 71.715568 -75.509164 0.830133 0.556418 0.022730 0.187500 0.958344 1 4 1.000000
4 83.731131 58.952029 -82.369328 0.979025 0.009001 -0.201853 0.312500 0.958344 1 4 1.000000
4 77.895791 69.717059 -100.188736 0.932912 0.340339 -0.114596 0.250000 1.000000 1 4 1.000000
1fireff1_01_ne04_mesh1
4 77.895791 69.717059 -100.188736 0.932912 0.340339 -0.114596 0.250000 1.000000 1 4 1.000000
4 83.731131 58.952029 -82.369328 0.979025 0.009001 -0.201853 0.312500 0.958344 1 4 1.000000
4 78.045399 61.406338 -100.730691 0.968508 -0.077834 -0.234489 0.312500 1.000000 1 4 1.000000
1fireff1_01_ne04_mesh1
4 83.731131 58.952029 -82.369328 0.979025 0.009001 -0.201853 0.312500 0.958344 1 4 1.000000
4 77.123576 56.013029 -101.114483 0.901775 -0.370356 -0.220623 0.375000 1.000000 1 4 1.000000
4 78.045399 61.406338 -100.730691 0.968508 -0.077834 -0.234489 0.312500 1.000000 1 4 1.000000
1fireff1_01_ne04_mesh1
4 61.290307 78.832284 -69.365687 -0.405386 0.766974 0.497034 1.000000 0.958344 1 4 1.000000
4 51.819457 80.969957 -93.059252 -0.151801 0.860611 0.485378 1.000000 1.000000 1 4 1.000000
4 57.275534 72.276978 -73.047489 -0.655842 0.475874 0.585749 0.937500 0.958344 1 4 1.000000
1fireff1_01_ne04_mesh1
4 51.819457 80.969957 -93.059252 -0.151801 0.860611 0.485378 1.000000 1.000000 1 4 1.000000
4 46.435495 77.844035 -87.266577 -0.558852 0.588093 0.583862 0.937500 1.000000 1 4 1.000000
4 57.275534 72.276978 -73.047489 -0.655842 0.475874 0.585749 0.937500 0.958344 1 4 1.000000
1fireff1_01_ne04_mesh1
4 57.275534 72.276978 -73.047489 -0.655842 0.475874 0.585749 0.937500 0.958344 1 4 1.000000
4 46.435495 77.844035 -87.266577 -0.558852 0.588093 0.583862 0.937500 1.000000 1 4 1.000000
4 52.016247 67.634314 -74.524723 -0.697562 0.321456 0.639683 0.875000 0.958344 1 4 1.000000
1fireff1_01_ne04_mesh1
4 46.435495 77.844035 -87.266577 -0.558852 0.588093 0.583862 0.937500 1.000000 1 4 1.000000
4 42.252423 72.070811 -86.668580 -0.736489 0.270315 0.619355 0.875000 1.000000 1 4 1.000000
4 52.016247 67.634314 -74.524723 -0.697562 0.321456 0.639683 0.875000 0.958344 1 4 1.000000
1fireff1_01_ne04_mesh1
4 52.016247 67.634314 -74.524723 -0.697562 0.321456 0.639683 0.875000 0.958344 1 4 1.000000
4 42.252423 72.070811 -86.668580 -0.736489 0.270315 0.619355 0.875000 1.000000 1 4 1.000000
4 48.649077 61.992905 -77.534067 -0.825070 -0.000837 0.564744 0.812500 0.958344 1 4 1.000000
1fireff1_01_ne04_mesh1
4 42.252423 72.070811 -86.668580 -0.736489 0.270315 0.619355 0.875000 1.000000 1 4 1.000000
4 39.789346 65.577995 -89.862579 -0.812238 -0.003153 0.583117 0.812500 1.000000 1 4 1.000000
4 48.649077 61.992905 -77.534067 -0.825070 -0.000837 0.564744 0.812500 0.958344 1 4 1.000000
1fireff1_01_ne04_mesh1
4 48.649077 61.992905 -77.534067 -0.825070 -0.000837 0.564744 0.812500 0.958344 1 4 1.000000
4 39.789346 65.577995 -89.862579 -0.812238 -0.003153 0.583117 0.812500 1.000000 1 4 1.000000
4 48.360068 57.303168 -79.565346 -0.752697 -0.476309 0.453854 0.750000 0.958344 1 4 1.000000
1fireff1_01_ne04_mesh1
4 39.789346 65.577995 -89.862579 -0.812238 -0.003153 0.583117 0.812500 1.000000 1 4 1.000000
4 41.384564 55.309517 -88.971019 -0.701770 -0.441903 0.557951 0.750000 1.000000 1 4 1.000000
4 48.360068 57.303168 -79.565346 -0.752697 -0.476309 0.453854 0.750000 0.958344 1 4 1.000000
1fireff1_01_ne04_mesh1
4 48.360068 57.303168 -79.565346 -0.752697 -0.476309 0.453854 0.750000 0.958344 1 4 1.000000
4 41.384564 55.309517 -88.971019 -0.701770 -0.441903 0.557951 0.750000 1.000000 1 4 1.000000
4 53.127040 52.613899 -82.681811 -0.601422 -0.734587 0.313096 0.687500 0.958344 1 4 1.000000
1fireff1_01_ne04_mesh1
4 41.384564 55.309517 -88.971019 -0.701770 -0.441903 0.557951 0.750000 1.000000 1 4 1.000000
4 49.664297 50.655093 -89.668987 -0.499576 -0.727782 0.469714 0.687500 1.000000 1 4 1.000000
4 53.127040 52.613899 -82.681811 -0.601422 -0.734587 0.313096 0.687500 0.958344 1 4 1.000000
1fireff1_01_ne04_mesh1
4 53.127040 52.613899 -82.681811 -0.601422 -0.734587 0.313096 0.687500 0.958344 1 4 1.000000
4 49.664297 50.655093 -89.668987 -0.499576 -0.727782 0.469714 0.687500 1.000000 1 4 1.000000
4 56.584251 47.203996 -85.902303 -0.486392 -0.858647 0.158786 0.625000 0.958344 1 4 1.000000
1fireff1_01_ne04_mesh1
4 49.664297 50.655093 -89.668987 -0.499576 -0.727782 0.469714 0.687500 1.000000 1 4 1.000000
4 51.670713 47.704537 -91.892252 -0.327435 -0.885634 0.327490 0.625000 1.000000 1 4 1.000000
4 56.584251 47.203996 -85.902303 -0.486392 -0.858647 0.158786 0.625000 0.958344 1 4 1.000000
1fireff1_01_ne04_mesh1
4 56.584251 47.203996 -85.902303 -0.486392 -0.858647 0.158786 0.625000 0.958344 1 4 1.000000
4 51.670713 47.704537 -91.892252 -0.327435 -0.885634 0.327490 0.625000 1.000000 1 4 1.000000
4 61.891886 44.944174 -87.284970 -0.047932 -0.994696 -0.086562 0.562500 0.958344 1 4 1.000000
1fireff1_01_ne04_mesh1
4 51.670713 47.704537 -91.892252 -0.327435 -0.885634 0.327490 0.625000 1.000000 1 4 1.000000
4 57.982079 46.566751 -96.367066 0.011768 -0.996916 0.075982 0.562500 1.000000 1 4 1.000000
4 61.891886 44.944174 -87.284970 -0.047932 -0.994696 -0.086562 0.562500 0.958344 1 4 1.000000
1fireff1_01_ne04_mesh1
4 61.891886 44.944174 -87.284970 -0.047932 -0.994696 -0.086562 0.562500 0.958344 1 4 1.000000
4 57.982079 46.566751 -96.367066 0.011768 -0.996916 0.075982 0.562500 1.000000 1 4 1.000000
4 67.973836 46.899432 -86.910023 0.177485 -0.976105 -0.121504 0.500000 0.958344 1 4 1.000000
1fireff1_01_ne04_mesh1
4 57.982079 46.566751 -96.367066 0.011768 -0.996916 0.075982 0.562500 1.000000 1 4 1.000000
4 65.630876 46.148713 -98.971841 0.157730 -0.987013 -0.025606 0.500000 1.000000 1 4 1.000000
4 67.973836 46.899432 -86.910023 0.177485 -0.976105 -0.121504 0.500000 0.958344 1 4 1.000000
1fireff1_01_ne04_mesh1
4 67.973836 46.899432 -86.910023 0.177485 -0.976105 -0.121504 0.500000 0.958344 1 4 1.000000
4 65.630876 46.148713 -98.971841 0.157730 -0.987013 -0.025606 0.500000 1.000000 1 4 1.000000
4 75.228247 46.949642 -87.974458 0.488283 -0.861200 -0.138942 0.437500 0.958344 1 4 1.000000
1fireff1_01_ne04_mesh1
4 65.630876 46.148713 -98.971841 0.157730 -0.987013 -0.025606 0.500000 1.000000 1 4 1.000000
4 72.659707 47.888557 -100.169615 0.562639 -0.813737 -0.143975 0.437500 1.000000 1 4 1.000000
4 75.228247 46.949642 -87.974458 0.488283 -0.861200 -0.138942 0.437500 0.958344 1 4 1.000000
1fireff1_01_ne04_mesh1
4 75.228247 46.949642 -87.974458 0.488283 -0.861200 -0.138942 0.437500 0.958344 1 4 1.000000
4 72.659707 47.888557 -100.169615 0.562639 -0.813737 -0.143975 0.437500 1.000000 1 4 1.000000
4 79.672158 52.690392 -85.042220 0.861715 -0.431026 -0.266508 0.375000 0.958344 1 4 1.000000
1fireff1_01_ne04_mesh1
4 72.659707 47.888557 -100.169615 0.562639 -0.813737 -0.143975 0.437500 1.000000 1 4 1.000000
4 77.123576 56.013029 -101.114483 0.901775 -0.370356 -0.220623 0.375000 1.000000 1 4 1.000000
4 79.672158 52.690392 -85.042220 0.861715 -0.431026 -0.266508 0.375000 0.958344 1 4 1.000000
1fireff1_01_ne04_mesh1
4 79.672158 52.690392 -85.042220 0.861715 -0.431026 -0.266508 0.375000 0.958344 1 4 1.000000
4 77.123576 56.013029 -101.114483 0.901775 -0.370356 -0.220623 0.375000 1.000000 1 4 1.000000
4 83.731131 58.952029 -82.369328 0.979025 0.009001 -0.201853 0.312500 0.958344 1 4 1.000000
1fireff1_01_ne04_mesh1
4 76.128613 53.968251 -42.194433 -0.520093 0.044119 0.852453 0.728516 0.958344 1 4 1.000000
4 76.226053 50.371166 -37.950090 0.133171 -0.231190 0.963331 0.718750 0.958344 1 4 1.000000
4 79.169574 51.446030 -45.527573 0.065194 -0.536912 0.840867 0.714355 0.958344 1 4 1.000000
1fireff1_01_ne04_mesh1
4 76.226053 50.371166 -37.950090 0.133171 -0.231190 0.963331 0.718750 0.958344 1 4 1.000000
4 76.304935 48.912191 -48.366152 -0.453652 -0.763845 0.458035 0.698730 0.958344 1 4 1.000000
4 79.169574 51.446030 -45.527573 0.065194 -0.536912 0.840867 0.714355 0.958344 1 4 1.000000
1fireff1_01_ne04_mesh1
4 56.584251 47.203996 -85.902303 -0.486392 -0.858647 0.158786 0.625000 0.958344 1 4 1.000000
4 61.891886 44.944174 -87.284970 -0.047932 -0.994696 -0.086562 0.562500 0.958344 1 4 1.000000
4 63.637997 43.462608 -69.168926 -0.580987 -0.756906 0.298155 0.685547 0.958344 1 4 1.000000
1fireff1_01_ne04_mesh1
4 61.891886 44.944174 -87.284970 -0.047932 -0.994696 -0.086562 0.562500 0.958344 1 4 1.000000
4 71.219032 42.532403 -69.724515 0.286136 -0.948385 -0.133691 0.618164 0.958344 1 4 1.000000
4 63.637997 43.462608 -69.168926 -0.580987 -0.756906 0.298155 0.685547 0.958344 1 4 1.000000
1fireff1_01_ne04_mesh1
4 63.637997 43.462608 -69.168926 -0.580987 -0.756906 0.298155 0.685547 0.958344 1 4 1.000000
4 71.219032 42.532403 -69.724515 0.286136 -0.948385 -0.133691 0.618164 0.958344 1 4 1.000000
4 76.394502 44.301998 -50.227741 -0.575184 -0.703538 0.417055 0.660645 0.958344 1 4 1.000000
1fireff1_01_ne04_mesh1
4 71.219032 42.532403 -69.724515 0.286136 -0.948385 -0.133691 0.618164 0.958344 1 4 1.000000
4 79.518126 43.350301 -51.550967 0.409173 -0.909722 -0.069741 0.635254 0.958344 1 4 1.000000
4 76.394502 44.301998 -50.227741 -0.575184 -0.703538 0.417055 0.660645 0.958344 1 4 1.000000
1fireff1_01_ne04_mesh1
4 76.394502 44.301998 -50.227741 -0.575184 -0.703538 0.417055 0.660645 0.958344 1 4 1.000000
4 79.518126 43.350301 -51.550967 0.409173 -0.909722 -0.069741 0.635254 0.958344 1 4 1.000000
4 88.933412 47.030049 -29.093531 0.454484 -0.022563 0.889964 0.646973 0.958344 1 4 1.000000
1fireff1_01_ne04_mesh1
4 79.518126 43.350301 -51.550967 0.409173 -0.909722 -0.069741 0.635254 0.958344 1 4 1.000000
4 80.806535 46.537708 -50.811375 0.941210 -0.142522 -0.305697 0.601562 0.958344 1 4 1.000000
4 88.933412 47.030049 -29.093531 0.454484 -0.022563 0.889964 0.646973 0.958344 1 4 1.000000
1fireff1_01_ne04_mesh1
4 88.933412 47.030049 -29.093531 0.454484 -0.022563 0.889964 0.646973 0.958344 1 4 1.000000
4 80.806535 46.537708 -50.811375 0.941210 -0.142522 -0.305697 0.601562 0.958344 1 4 1.000000
4 81.425958 48.924930 -47.528067 0.766358 -0.639808 0.052958 0.632324 0.958344 1 4 1.000000
1fireff1_01_ne04_mesh1
4 80.806535 46.537708 -50.811375 0.941210 -0.142522 -0.305697 0.601562 0.958344 1 4 1.000000
4 75.677963 46.894814 -69.692157 0.495321 -0.851549 -0.169239 0.533691 0.958344 1 4 1.000000
4 81.425958 48.924930 -47.528067 0.766358 -0.639808 0.052958 0.632324 0.958344 1 4 1.000000
1fireff1_01_ne04_mesh1
4 61.891886 44.944174 -87.284970 -0.047932 -0.994696 -0.086562 0.562500 0.958344 1 4 1.000000
4 67.973836 46.899432 -86.910023 0.177485 -0.976105 -0.121504 0.500000 0.958344 1 4 1.000000
4 71.219032 42.532403 -69.724515 0.286136 -0.948385 -0.133691 0.618164 0.958344 1 4 1.000000
1fireff1_01_ne04_mesh1
4 67.973836 46.899432 -86.910023 0.177485 -0.976105 -0.121504 0.500000 0.958344 1 4 1.000000
4 75.677963 46.894814 -69.692157 0.495321 -0.851549 -0.169239 0.533691 0.958344 1 4 1.000000
4 71.219032 42.532403 -69.724515 0.286136 -0.948385 -0.133691 0.618164 0.958344 1 4 1.000000
1fireff1_01_ne04_mesh1
4 71.219032 42.532403 -69.724515 0.286136 -0.948385 -0.133691 0.618164 0.958344 1 4 1.000000
4 75.677963 46.894814 -69.692157 0.495321 -0.851549 -0.169239 0.533691 0.958344 1 4 1.000000
4 80.806535 46.537708 -50.811375 0.941210 -0.142522 -0.305697 0.601562 0.958344 1 4 1.000000
1fireff1_01_ne04_mesh1
4 56.584251 47.203996 -85.902303 -0.486392 -0.858647 0.158786 0.625000 0.958344 1 4 1.000000
4 63.637997 43.462608 -69.168926 -0.580987 -0.756906 0.298155 0.685547 0.958344 1 4 1.000000
4 53.127040 52.613899 -82.681811 -0.601422 -0.734587 0.313096 0.687500 0.958344 1 4 1.000000
1fireff1_01_ne04_mesh1
4 63.637997 43.462608 -69.168926 -0.580987 -0.756906 0.298155 0.685547 0.958344 1 4 1.000000
4 60.127284 50.338538 -70.103987 -0.679703 -0.668333 0.301712 0.698730 0.958344 1 4 1.000000
4 53.127040 52.613899 -82.681811 -0.601422 -0.734587 0.313096 0.687500 0.958344 1 4 1.000000
1fireff1_01_ne04_mesh1
4 53.127040 52.613899 -82.681811 -0.601422 -0.734587 0.313096 0.687500 0.958344 1 4 1.000000
4 60.127284 50.338538 -70.103987 -0.679703 -0.668333 0.301712 0.698730 0.958344 1 4 1.000000
4 48.360068 57.303168 -79.565346 -0.752697 -0.476309 0.453854 0.750000 0.958344 1 4 1.000000
1fireff1_01_ne04_mesh1
4 60.127284 50.338538 -70.103987 -0.679703 -0.668333 0.301712 0.698730 0.958344 1 4 1.000000
4 57.188784 51.911932 -63.434838 -0.754977 -0.525516 0.391484 0.758789 0.958344 1 4 1.000000
4 48.360068 57.303168 -79.565346 -0.752697 -0.476309 0.453854 0.750000 0.958344 1 4 1.000000
1fireff1_01_ne04_mesh1
4 48.360068 57.303168 -79.565346 -0.752697 -0.476309 0.453854 0.750000 0.958344 1 4 1.000000
4 57.188784 51.911932 -63.434838 -0.754977 -0.525516 0.391484 0.758789 0.958344 1 4 1.000000
4 48.649077 61.992905 -77.534067 -0.825070 -0.000837 0.564744 0.812500 0.958344 1 4 1.000000
1fireff1_01_ne04_mesh1
4 57.188784 51.911932 -63.434838 -0.754977 -0.525516 0.391484 0.758789 0.958344 1 4 1.000000
4 57.470864 58.900806 -64.359527 -0.767491 0.263383 0.584051 0.799805 0.958344 1 4 1.000000
4 48.649077 61.992905 -77.534067 -0.825070 -0.000837 0.564744 0.812500 0.958344 1 4 1.000000
1fireff1_01_ne04_mesh1
4 48.649077 61.992905 -77.534067 -0.825070 -0.000837 0.564744 0.812500 0.958344 1 4 1.000000
4 57.470864 58.900806 -64.359527 -0.767491 0.263383 0.584051 0.799805 0.958344 1 4 1.000000
4 52.016247 67.634314 -74.524723 -0.697562 0.321456 0.639683 0.875000 0.958344 1 4 1.000000
1fireff1_01_ne04_mesh1
4 57.470864 58.900806 -64.359527 -0.767491 0.263383 0.584051 0.799805 0.958344 1 4 1.000000
4 63.103908 63.054834 -61.316094 -0.701373 0.372838 0.607179 0.833496 0.958344 1 4 1.000000
4 52.016247 67.634314 -74.524723 -0.697562 0.321456 0.639683 0.875000 0.958344 1 4 1.000000
1fireff1_01_ne04_mesh1
4 52.016247 67.634314 -74.524723 -0.697562 0.321456 0.639683 0.875000 0.958344 1 4 1.000000
4 63.103908 63.054834 -61.316094 -0.701373 0.372838 0.607179 0.833496 0.958344 1 4 1.000000
4 57.275534 72.276978 -73.047489 -0.655842 0.475874 0.585749 0.937500 0.958344 1 4 1.000000
1fireff1_01_ne04_mesh1
4 63.103908 63.054834 -61.316094 -0.701373 0.372838 0.607179 0.833496 0.958344 1 4 1.000000
4 67.636144 71.632602 -58.604612 -0.360377 0.687791 0.629601 0.526855 0.958344 1 4 1.000000
4 57.275534 72.276978 -73.047489 -0.655842 0.475874 0.585749 0.937500 0.958344 1 4 1.000000
1fireff1_01_ne04_mesh1
4 57.275534 72.276978 -73.047489 -0.655842 0.475874 0.585749 0.937500 0.958344 1 4 1.000000
4 67.636144 71.632602 -58.604612 -0.360377 0.687791 0.629601 0.526855 0.958344 1 4 1.000000
4 61.290307 78.832284 -69.365687 -0.405386 0.766974 0.497034 0.000000 0.958344 1 4 1.000000
1fireff1_01_ne04_mesh1
4 67.636144 71.632602 -58.604612 -0.360377 0.687791 0.629601 0.526855 0.958344 1 4 1.000000
4 67.443623 80.850613 -72.951348 0.121858 0.970080 0.208970 0.062500 0.958344 1 4 1.000000
4 61.290307 78.832284 -69.365687 -0.405386 0.766974 0.497034 0.000000 0.958344 1 4 1.000000
1fireff1_01_ne04_mesh1
4 67.973836 46.899432 -86.910023 0.177485 -0.976105 -0.121504 0.500000 0.958344 1 4 1.000000
4 75.228247 46.949642 -87.974458 0.488283 -0.861200 -0.138942 0.437500 0.958344 1 4 1.000000
4 75.677963 46.894814 -69.692157 0.495321 -0.851549 -0.169239 0.533691 0.958344 1 4 1.000000
1fireff1_01_ne04_mesh1
4 75.228247 46.949642 -87.974458 0.488283 -0.861200 -0.138942 0.437500 0.958344 1 4 1.000000
4 81.267788 48.551762 -73.510945 0.639881 -0.750290 -0.163147 0.530273 0.958344 1 4 1.000000
4 75.677963 46.894814 -69.692157 0.495321 -0.851549 -0.169239 0.533691 0.958344 1 4 1.000000
1fireff1_01_ne04_mesh1
4 75.677963 46.894814 -69.692157 0.495321 -0.851549 -0.169239 0.533691 0.958344 1 4 1.000000
4 81.267788 48.551762 -73.510945 0.639881 -0.750290 -0.163147 0.530273 0.958344 1 4 1.000000
4 86.043728 47.623494 -48.588567 0.426172 -0.900847 0.078384 0.484131 0.958344 1 4 1.000000
1fireff1_01_ne04_mesh1
4 81.267788 48.551762 -73.510945 0.639881 -0.750290 -0.163147 0.530273 0.958344 1 4 1.000000
4 85.733806 55.354111 -69.671941 0.987513 -0.076953 -0.135497 0.521484 0.958344 1 4 1.000000
4 86.043728 47.623494 -48.588567 0.426172 -0.900847 0.078384 0.484131 0.958344 1 4 1.000000
1fireff1_01_ne04_mesh1
4 86.043728 47.623494 -48.588567 0.426172 -0.900847 0.078384 0.484131 0.958344 1 4 1.000000
4 85.733806 55.354111 -69.671941 0.987513 -0.076953 -0.135497 0.521484 0.958344 1 4 1.000000
4 87.678155 51.283606 -49.273590 0.996828 -0.022367 -0.070500 0.428711 0.958344 1 4 1.000000
1fireff1_01_ne04_mesh1
4 85.733806 55.354111 -69.671941 0.987513 -0.076953 -0.135497 0.521484 0.958344 1 4 1.000000
4 84.230365 61.140937 -66.872201 0.791409 0.578779 0.195672 0.388916 0.958344 1 4 1.000000
4 87.678155 51.283606 -49.273590 0.996828 -0.022367 -0.070500 0.428711 0.958344 1 4 1.000000
1fireff1_01_ne04_mesh1
4 87.678155 51.283606 -49.273590 0.996828 -0.022367 -0.070500 0.428711 0.958344 1 4 1.000000
4 84.230365 61.140937 -66.872201 0.791409 0.578779 0.195672 0.388916 0.958344 1 4 1.000000
4 85.306664 55.135283 -47.343886 0.486868 0.824222 0.287786 0.365234 0.958344 1 4 1.000000
1fireff1_01_ne04_mesh1
4 84.230365 61.140937 -66.872201 0.791409 0.578779 0.195672 0.388916 0.958344 1 4 1.000000
4 77.936431 60.822577 -61.204430 0.837462 0.523529 0.155604 0.537109 0.958344 1 4 1.000000
4 85.306664 55.135283 -47.343886 0.486868 0.824222 0.287786 0.365234 0.958344 1 4 1.000000
1fireff1_01_ne04_mesh1
4 85.306664 55.135283 -47.343886 0.486868 0.824222 0.287786 0.365234 0.958344 1 4 1.000000
4 77.936431 60.822577 -61.204430 0.837462 0.523529 0.155604 0.537109 0.958344 1 4 1.000000
4 81.252356 54.044701 -45.374855 0.823384 0.447826 0.347590 0.497803 0.958344 1 4 1.000000
1fireff1_01_ne04_mesh1
4 75.677963 46.894814 -69.692157 0.495321 -0.851549 -0.169239 0.533691 0.958344 1 4 1.000000
4 86.043728 47.623494 -48.588567 0.426172 -0.900847 0.078384 0.484131 0.958344 1 4 1.000000
4 81.425958 48.924930 -47.528067 0.766358 -0.639808 0.052958 0.524902 0.958344 1 4 1.000000
1fireff1_01_ne04_mesh1
4 86.043728 47.623494 -48.588567 0.426172 -0.900847 0.078384 0.484131 0.958344 1 4 1.000000
4 88.092943 50.633668 -39.873205 0.480006 -0.106034 0.870680 0.457764 0.958344 1 4 1.000000
4 81.425958 48.924930 -47.528067 0.766358 -0.639808 0.052958 0.524902 0.958344 1 4 1.000000
1fireff1_01_ne04_mesh1
4 81.425958 48.924930 -47.528067 0.766358 -0.639808 0.052958 0.524902 0.958344 1 4 1.000000
4 88.092943 50.633668 -39.873205 0.480006 -0.106034 0.870680 0.457764 0.958344 1 4 1.000000
4 79.169574 51.446030 -45.527573 0.065194 -0.536912 0.840867 0.511230 0.958344 1 4 1.000000
1fireff1_01_ne04_mesh1
4 88.092943 50.633668 -39.873205 0.480006 -0.106034 0.870680 0.457764 0.958344 1 4 1.000000
4 81.252356 54.044701 -45.374855 0.823384 0.447826 0.347590 0.497803 0.958344 1 4 1.000000
4 79.169574 51.446030 -45.527573 0.065194 -0.536912 0.840867 0.511230 0.958344 1 4 1.000000
1fireff1_01_ne04_mesh1
4 86.043728 47.623494 -48.588567 0.426172 -0.900847 0.078384 0.484131 0.958344 1 4 1.000000
4 87.678155 51.283606 -49.273590 0.996828 -0.022367 -0.070500 0.428711 0.958344 1 4 1.000000
4 88.092943 50.633668 -39.873205 0.480006 -0.106034 0.870680 0.457764 0.958344 1 4 1.000000
1fireff1_01_ne04_mesh1
4 87.678155 51.283606 -49.273590 0.996828 -0.022367 -0.070500 0.428711 0.958344 1 4 1.000000
4 85.306664 55.135283 -47.343886 0.486868 0.824222 0.287786 0.365234 0.958344 1 4 1.000000
4 88.092943 50.633668 -39.873205 0.480006 -0.106034 0.870680 0.457764 0.958344 1 4 1.000000
1fireff1_01_ne04_mesh1
4 88.092943 50.633668 -39.873205 0.480006 -0.106034 0.870680 0.457764 0.958344 1 4 1.000000
4 85.306664 55.135283 -47.343886 0.486868 0.824222 0.287786 0.365234 0.958344 1 4 1.000000
4 81.252356 54.044701 -45.374855 0.823384 0.447826 0.347590 0.497803 0.958344 1 4 1.000000
1fireff1_01_ne04_mesh1
4 75.228247 46.949642 -87.974458 0.488283 -0.861200 -0.138942 0.437500 0.958344 1 4 1.000000
4 79.672158 52.690392 -85.042220 0.861715 -0.431026 -0.266508 0.375000 0.958344 1 4 1.000000
4 81.267788 48.551762 -73.510945 0.639881 -0.750290 -0.163147 0.530273 0.958344 1 4 1.000000
1fireff1_01_ne04_mesh1
4 79.672158 52.690392 -85.042220 0.861715 -0.431026 -0.266508 0.375000 0.958344 1 4 1.000000
4 85.733806 55.354111 -69.671941 0.987513 -0.076953 -0.135497 0.521484 0.958344 1 4 1.000000
4 81.267788 48.551762 -73.510945 0.639881 -0.750290 -0.163147 0.530273 0.958344 1 4 1.000000
1fireff1_01_ne04_mesh1
4 79.672158 52.690392 -85.042220 0.861715 -0.431026 -0.266508 0.375000 0.958344 1 4 1.000000
4 83.731131 58.952029 -82.369328 0.979025 0.009001 -0.201853 0.312500 0.958344 1 4 1.000000
4 85.733806 55.354111 -69.671941 0.987513 -0.076953 -0.135497 0.521484 0.958344 1 4 1.000000
1fireff1_01_ne04_mesh1
4 83.731131 58.952029 -82.369328 0.979025 0.009001 -0.201853 0.312500 0.958344 1 4 1.000000
4 84.230365 61.140937 -66.872201 0.791409 0.578779 0.195672 0.388916 0.958344 1 4 1.000000
4 85.733806 55.354111 -69.671941 0.987513 -0.076953 -0.135497 0.521484 0.958344 1 4 1.000000
1fireff1_01_ne04_mesh1
4 83.731131 58.952029 -82.369328 0.979025 0.009001 -0.201853 0.312500 0.958344 1 4 1.000000
4 79.427297 71.715568 -75.509164 0.830133 0.556418 0.022730 0.187500 0.958344 1 4 1.000000
4 84.230365 61.140937 -66.872201 0.791409 0.578779 0.195672 0.388916 0.958344 1 4 1.000000
1fireff1_01_ne04_mesh1
4 79.427297 71.715568 -75.509164 0.830133 0.556418 0.022730 0.187500 0.958344 1 4 1.000000
4 77.936431 60.822577 -61.204430 0.837462 0.523529 0.155604 0.537109 0.958344 1 4 1.000000
4 84.230365 61.140937 -66.872201 0.791409 0.578779 0.195672 0.388916 0.958344 1 4 1.000000
1fireff1_01_ne04_mesh1
4 81.425958 48.924930 -47.528067 0.766358 -0.639808 0.052958 0.632324 0.958344 1 4 1.000000
4 79.169574 51.446030 -45.527573 0.065194 -0.536912 0.840867 0.648926 0.958344 1 4 1.000000
4 88.933412 47.030049 -29.093531 0.454484 -0.022563 0.889964 0.646973 0.958344 1 4 1.000000
1fireff1_01_ne04_mesh1
4 79.169574 51.446030 -45.527573 0.065194 -0.536912 0.840867 0.648926 0.958344 1 4 1.000000
4 76.304935 48.912191 -48.366152 -0.453652 -0.763845 0.458035 0.664551 0.958344 1 4 1.000000
4 88.933412 47.030049 -29.093531 0.454484 -0.022563 0.889964 0.646973 0.958344 1 4 1.000000
1fireff1_01_ne04_mesh1
4 88.933412 47.030049 -29.093531 0.454484 -0.022563 0.889964 0.646973 0.958344 1 4 1.000000
4 76.304935 48.912191 -48.366152 -0.453652 -0.763845 0.458035 0.664551 0.958344 1 4 1.000000
4 76.394502 44.301998 -50.227741 -0.575184 -0.703538 0.417055 0.660645 0.958344 1 4 1.000000
1fireff1_01_ne04_mesh1
4 76.304935 48.912191 -48.366152 -0.453652 -0.763845 0.458035 0.664551 0.958344 1 4 1.000000
4 63.637997 43.462608 -69.168926 -0.580987 -0.756906 0.298155 0.685547 0.958344 1 4 1.000000
4 76.394502 44.301998 -50.227741 -0.575184 -0.703538 0.417055 0.660645 0.958344 1 4 1.000000
1fireff1_01_ne04_mesh1
4 76.304935 48.912191 -48.366152 -0.453652 -0.763845 0.458035 0.664551 0.958344 1 4 1.000000
4 67.146971 49.037231 -62.439582 -0.558511 -0.748587 0.356767 0.681641 0.958344 1 4 1.000000
4 63.637997 43.462608 -69.168926 -0.580987 -0.756906 0.298155 0.685547 0.958344 1 4 1.000000
1fireff1_01_ne04_mesh1
4 67.146971 49.037231 -62.439582 -0.558511 -0.748587 0.356767 0.681641 0.958344 1 4 1.000000
4 60.127284 50.338538 -70.103987 -0.679703 -0.668333 0.301712 0.698730 0.958344 1 4 1.000000
4 63.637997 43.462608 -69.168926 -0.580987 -0.756906 0.298155 0.685547 0.958344 1 4 1.000000
1fireff1_01_ne04_mesh1
4 76.304935 48.912191 -48.366152 -0.453652 -0.763845 0.458035 0.698730 0.958344 1 4 1.000000
4 76.226053 50.371166 -37.950090 0.133171 -0.231190 0.963331 0.718750 0.958344 1 4 1.000000
4 73.849006 48.189992 -47.437857 -0.091518 -0.988357 0.119119 0.708496 0.958344 1 4 1.000000
1fireff1_01_ne04_mesh1
4 76.226053 50.371166 -37.950090 0.133171 -0.231190 0.963331 0.718750 0.958344 1 4 1.000000
4 71.946786 49.816029 -45.327731 -0.658985 -0.595708 0.458977 0.733398 0.958344 1 4 1.000000
4 73.849006 48.189992 -47.437857 -0.091518 -0.988357 0.119119 0.708496 0.958344 1 4 1.000000
1fireff1_01_ne04_mesh1
4 73.849006 48.189992 -47.437857 -0.091518 -0.988357 0.119119 0.708496 0.958344 1 4 1.000000
4 71.946786 49.816029 -45.327731 -0.658985 -0.595708 0.458977 0.733398 0.958344 1 4 1.000000
4 57.188784 51.911932 -63.434838 -0.754977 -0.525516 0.391484 0.758789 0.958344 1 4 1.000000
1fireff1_01_ne04_mesh1
4 71.946786 49.816029 -45.327731 -0.658985 -0.595708 0.458977 0.733398 0.958344 1 4 1.000000
4 73.535241 54.541502 -43.215505 -0.547824 0.607952 0.574192 0.757324 0.958344 1 4 1.000000
4 57.188784 51.911932 -63.434838 -0.754977 -0.525516 0.391484 0.758789 0.958344 1 4 1.000000
1fireff1_01_ne04_mesh1
4 57.188784 51.911932 -63.434838 -0.754977 -0.525516 0.391484 0.758789 0.958344 1 4 1.000000
4 73.535241 54.541502 -43.215505 -0.547824 0.607952 0.574192 0.757324 0.958344 1 4 1.000000
4 61.743159 55.816886 -55.723253 -0.684129 0.280838 0.672598 0.781738 0.958344 1 4 1.000000
1fireff1_01_ne04_mesh1
4 73.535241 54.541502 -43.215505 -0.547824 0.607952 0.574192 0.757324 0.958344 1 4 1.000000
4 76.128613 53.968251 -42.194433 -0.520093 0.044119 0.852453 0.728516 0.958344 1 4 1.000000
4 61.743159 55.816886 -55.723253 -0.684129 0.280838 0.672598 0.781738 0.958344 1 4 1.000000
1fireff1_01_ne04_mesh1
4 61.743159 55.816886 -55.723253 -0.684129 0.280838 0.672598 0.781738 0.958344 1 4 1.000000
4 76.128613 53.968251 -42.194433 -0.520093 0.044119 0.852453 0.728516 0.958344 1 4 1.000000
4 66.951603 57.263675 -54.822105 -0.654431 0.452988 0.604643 0.742188 0.958344 1 4 1.000000
1fireff1_01_ne04_mesh1
4 71.946786 49.816029 -45.327731 -0.658985 -0.595708 0.458977 0.733398 0.958344 1 4 1.000000
4 76.226053 50.371166 -37.950090 0.133171 -0.231190 0.963331 0.718750 0.958344 1 4 1.000000
4 73.535241 54.541502 -43.215505 -0.547824 0.607952 0.574192 0.757324 0.958344 1 4 1.000000
1fireff1_01_ne04_mesh1
4 76.226053 50.371166 -37.950090 0.133171 -0.231190 0.963331 0.718750 0.958344 1 4 1.000000
4 76.128613 53.968251 -42.194433 -0.520093 0.044119 0.852453 0.728516 0.958344 1 4 1.000000
4 73.535241 54.541502 -43.215505 -0.547824 0.607952 0.574192 0.757324 0.958344 1 4 1.000000
1fireff1_01_ne04_mesh1
4 76.304935 48.912191 -48.366152 -0.453652 -0.763845 0.458035 0.698730 0.958344 1 4 1.000000
4 73.849006 48.189992 -47.437857 -0.091518 -0.988357 0.119119 0.708496 0.958344 1 4 1.000000
4 67.146971 49.037231 -62.439582 -0.558511 -0.748587 0.356767 0.681641 0.958344 1 4 1.000000
1fireff1_01_ne04_mesh1
4 73.849006 48.189992 -47.437857 -0.091518 -0.988357 0.119119 0.708496 0.958344 1 4 1.000000
4 60.127284 50.338538 -70.103987 -0.679703 -0.668333 0.301712 0.698730 0.958344 1 4 1.000000
4 67.146971 49.037231 -62.439582 -0.558511 -0.748587 0.356767 0.681641 0.958344 1 4 1.000000
1fireff1_01_ne04_mesh1
4 57.188784 51.911932 -63.434838 -0.754977 -0.525516 0.391484 0.758789 0.958344 1 4 1.000000
4 61.743159 55.816886 -55.723253 -0.684129 0.280838 0.672598 0.781738 0.958344 1 4 1.000000
4 57.470864 58.900806 -64.359527 -0.767491 0.263383 0.584051 0.799805 0.958344 1 4 1.000000
1fireff1_01_ne04_mesh1
4 61.743159 55.816886 -55.723253 -0.684129 0.280838 0.672598 0.781738 0.958344 1 4 1.000000
4 63.103908 63.054834 -61.316094 -0.701373 0.372838 0.607179 0.833496 0.958344 1 4 1.000000
4 57.470864 58.900806 -64.359527 -0.767491 0.263383 0.584051 0.799805 0.958344 1 4 1.000000
1fireff1_01_ne04_mesh1
4 61.743159 55.816886 -55.723253 -0.684129 0.280838 0.672598 0.781738 0.958344 1 4 1.000000
4 66.951603 57.263675 -54.822105 -0.654431 0.452988 0.604643 0.742188 0.958344 1 4 1.000000
4 63.103908 63.054834 -61.316094 -0.701373 0.372838 0.607179 0.833496 0.958344 1 4 1.000000
1fireff1_01_ne04_mesh1
4 66.951603 57.263675 -54.822105 -0.654431 0.452988 0.604643 0.742188 0.958344 1 4 1.000000
4 74.239190 57.888836 -40.719899 -0.775828 0.095644 0.623014 0.647461 0.958344 1 4 1.000000
4 63.103908 63.054834 -61.316094 -0.701373 0.372838 0.607179 0.833496 0.958344 1 4 1.000000
1fireff1_01_ne04_mesh1
4 63.103908 63.054834 -61.316094 -0.701373 0.372838 0.607179 0.833496 0.958344 1 4 1.000000
4 74.239190 57.888836 -40.719899 -0.775828 0.095644 0.623014 0.647461 0.958344 1 4 1.000000
4 77.107652 61.745412 -42.330252 -0.201320 0.755940 0.622560 0.530273 0.958344 1 4 1.000000
1fireff1_01_ne04_mesh1
4 74.239190 57.888836 -40.719899 -0.775828 0.095644 0.623014 0.647461 0.958344 1 4 1.000000
4 86.086263 50.389784 -27.788220 0.417833 -0.342361 0.841502 0.532715 0.958344 1 4 1.000000
4 77.107652 61.745412 -42.330252 -0.201320 0.755940 0.622560 0.530273 0.958344 1 4 1.000000
1fireff1_01_ne04_mesh1
4 77.107652 61.745412 -42.330252 -0.201320 0.755940 0.622560 0.530273 0.958344 1 4 1.000000
4 86.086263 50.389784 -27.788220 0.417833 -0.342361 0.841502 0.532715 0.958344 1 4 1.000000
4 81.621655 60.914985 -44.523310 0.433560 0.818385 0.376169 0.413330 0.958344 1 4 1.000000
1fireff1_01_ne04_mesh1
4 86.086263 50.389784 -27.788220 0.417833 -0.342361 0.841502 0.532715 0.958344 1 4 1.000000
4 81.621655 60.914985 -44.523310 0.904356 0.423317 0.048222 0.413330 0.958344 1 4 1.000000
4 81.621655 60.914985 -44.523310 0.433560 0.818385 0.376169 0.413330 0.958344 1 4 1.000000
1fireff1_01_ne04_mesh1
4 81.621655 60.914985 -44.523310 0.433560 0.818385 0.376169 0.413330 0.958344 1 4 1.000000
4 81.621655 60.914985 -44.523310 0.904356 0.423317 0.048222 0.413330 0.958344 1 4 1.000000
4 74.525535 72.572617 -60.458472 0.446003 0.811768 0.375630 0.360840 0.958344 1 4 1.000000
1fireff1_01_ne04_mesh1
4 81.621655 60.914985 -44.523310 0.904356 0.423317 0.048222 0.413330 0.958344 1 4 1.000000
4 79.038251 68.419339 -62.861754 0.947192 0.309650 0.077626 0.217041 0.958344 1 4 1.000000
4 74.525535 72.572617 -60.458472 0.446003 0.811768 0.375630 0.360840 0.958344 1 4 1.000000
1fireff1_01_ne04_mesh1
4 74.525535 72.572617 -60.458472 0.446003 0.811768 0.375630 0.360840 0.958344 1 4 1.000000
4 79.038251 68.419339 -62.861754 0.947192 0.309650 0.077626 0.217041 0.958344 1 4 1.000000
4 73.856087 78.732527 -74.741136 0.502693 0.859424 0.090332 0.125000 0.958344 1 4 1.000000
1fireff1_01_ne04_mesh1
4 79.038251 68.419339 -62.861754 0.947192 0.309650 0.077626 0.217041 0.958344 1 4 1.000000
4 79.427297 71.715568 -75.509164 0.830133 0.556418 0.022730 0.187500 0.958344 1 4 1.000000
4 73.856087 78.732527 -74.741136 0.502693 0.859424 0.090332 0.125000 0.958344 1 4 1.000000
1fireff1_01_ne04_mesh1
4 63.103908 63.054834 -61.316094 -0.701373 0.372838 0.607179 0.833496 0.958344 1 4 1.000000
4 77.107652 61.745412 -42.330252 -0.201320 0.755940 0.622560 0.530273 0.958344 1 4 1.000000
4 67.636144 71.632602 -58.604612 -0.360377 0.687791 0.629601 0.526855 0.958344 1 4 1.000000
1fireff1_01_ne04_mesh1
4 77.107652 61.745412 -42.330252 -0.201320 0.755940 0.622560 0.530273 0.958344 1 4 1.000000
4 74.525535 72.572617 -60.458472 0.446003 0.811768 0.375630 0.360840 0.958344 1 4 1.000000
4 67.636144 71.632602 -58.604612 -0.360377 0.687791 0.629601 0.526855 0.958344 1 4 1.000000
1fireff1_01_ne04_mesh1
4 67.636144 71.632602 -58.604612 -0.360377 0.687791 0.629601 0.526855 0.958344 1 4 1.000000
4 74.525535 72.572617 -60.458472 0.446003 0.811768 0.375630 0.360840 0.958344 1 4 1.000000
4 67.443623 80.850613 -72.951348 0.121858 0.970080 0.208970 0.062500 0.958344 1 4 1.000000
1fireff1_01_ne04_mesh1
4 74.525535 72.572617 -60.458472 0.446003 0.811768 0.375630 0.360840 0.958344 1 4 1.000000
4 73.856087 78.732527 -74.741136 0.502693 0.859424 0.090332 0.125000 0.958344 1 4 1.000000
4 67.443623 80.850613 -72.951348 0.121858 0.970080 0.208970 0.062500 0.958344 1 4 1.000000
1fireff1_01_ne04_mesh1
4 66.951603 57.263675 -54.822105 -0.654431 0.452988 0.604643 0.742188 0.958344 1 4 1.000000
4 76.128613 53.968251 -42.194433 -0.520093 0.044119 0.852453 0.613281 0.958344 1 4 1.000000
4 74.239190 57.888836 -40.719899 -0.775828 0.095644 0.623014 0.647461 0.958344 1 4 1.000000
1fireff1_01_ne04_mesh1
4 76.128613 53.968251 -42.194433 -0.520093 0.044119 0.852453 0.613281 0.958344 1 4 1.000000
4 86.086263 50.389784 -27.788220 0.417833 -0.342361 0.841502 0.532715 0.958344 1 4 1.000000
4 74.239190 57.888836 -40.719899 -0.775828 0.095644 0.623014 0.647461 0.958344 1 4 1.000000
1fireff1_01_ne04_mesh1
4 79.427297 71.715568 -75.509164 0.830133 0.556418 0.022730 0.187500 0.958344 1 4 1.000000
4 79.038251 68.419339 -62.861754 0.947192 0.309650 0.077626 0.217041 0.958344 1 4 1.000000
4 77.936431 60.822577 -61.204430 0.837462 0.523529 0.155604 0.537109 0.958344 1 4 1.000000
1fireff1_01_ne04_mesh1
4 79.038251 68.419339 -62.861754 0.947192 0.309650 0.077626 0.217041 0.958344 1 4 1.000000
4 81.621655 60.914985 -44.523310 0.904356 0.423317 0.048222 0.413330 0.958344 1 4 1.000000
4 77.936431 60.822577 -61.204430 0.837462 0.523529 0.155604 0.537109 0.958344 1 4 1.000000
1fireff1_01_ne04_mesh1
4 77.936431 60.822577 -61.204430 0.837462 0.523529 0.155604 0.537109 0.958344 1 4 1.000000
4 81.621655 60.914985 -44.523310 0.904356 0.423317 0.048222 0.413330 0.958344 1 4 1.000000
4 81.252356 54.044701 -45.374855 0.823384 0.447826 0.347590 0.535645 0.958344 1 4 1.000000
1fireff1_01_ne04_mesh1
4 81.621655 60.914985 -44.523310 0.904356 0.423317 0.048222 0.413330 0.958344 1 4 1.000000
4 86.086263 50.389784 -27.788220 0.417833 -0.342361 0.841502 0.532715 0.958344 1 4 1.000000
4 81.252356 54.044701 -45.374855 0.823384 0.447826 0.347590 0.535645 0.958344 1 4 1.000000
1fireff1_01_ne04_mesh1
4 81.252356 54.044701 -45.374855 0.823384 0.447826 0.347590 0.535645 0.958344 1 4 1.000000
4 86.086263 50.389784 -27.788220 0.417833 -0.342361 0.841502 0.532715 0.958344 1 4 1.000000
4 79.169574 51.446030 -45.527573 0.065194 -0.536912 0.840867 0.574707 0.958344 1 4 1.000000
1fireff1_01_ne04_mesh1
4 86.086263 50.389784 -27.788220 0.417833 -0.342361 0.841502 0.532715 0.958344 1 4 1.000000
4 76.128613 53.968251 -42.194433 -0.520093 0.044119 0.852453 0.613281 0.958344 1 4 1.000000
4 79.169574 51.446030 -45.527573 0.065194 -0.536912 0.840867 0.574707 0.958344 1 4 1.000000
1fireff1_01_ne04_mesh1
4 80.806535 46.537708 -50.811375 0.941210 -0.142522 -0.305697 0.601562 0.958344 1 4 1.000000
4 79.518126 43.350301 -51.550967 0.409173 -0.909722 -0.069741 0.635254 0.958344 1 4 1.000000
4 71.219032 42.532403 -69.724515 0.286136 -0.948385 -0.133691 0.618164 0.958344 1 4 1.000000
1fireff1_01_ne04_mesh1
4 57.188784 51.911932 -63.434838 -0.754977 -0.525516 0.391484 0.758789 0.958344 1 4 1.000000
4 60.127284 50.338538 -70.103987 -0.679703 -0.668333 0.301712 0.698730 0.958344 1 4 1.000000
4 73.849006 48.189992 -47.437857 -0.091518 -0.988357 0.119119 0.708496 0.958344 1 4 1.000000
1fireff1_01_ne04_mesh1
4 77.107652 61.745412 -42.330252 -0.201320 0.755940 0.622560 0.530273 0.958344 1 4 1.000000
4 81.621655 60.914985 -44.523310 0.433560 0.818385 0.376169 0.413330 0.958344 1 4 1.000000
4 74.525535 72.572617 -60.458472 0.446003 0.811768 0.375630 0.360840 0.958344 1 4 1.000000
1fireff1_01_ne05_mesh1
5 47.456503 12.536939 -163.903670 0.066602 0.352087 -0.933058 1.000000 0.000000 1 5 1.000000
5 47.265450 -6.761593 -167.026812 -0.037476 0.183763 -0.982022 1.000000 0.041992 1 5 1.000000
5 40.562406 12.472380 -163.410663 -0.454415 0.349917 -0.818699 0.916504 0.000000 1 5 1.000000
1fireff1_01_ne05_mesh1
5 47.265450 -6.761593 -167.026812 -0.037476 0.183763 -0.982022 1.000000 0.041992 1 5 1.000000
5 39.714320 -7.370221 -164.560770 -0.447240 0.196437 -0.872117 0.916504 0.041992 1 5 1.000000
5 40.562406 12.472380 -163.410663 -0.454415 0.349917 -0.818699 0.916504 0.000000 1 5 1.000000
1fireff1_01_ne05_mesh1
5 40.562406 12.472380 -163.410663 -0.454415 0.349917 -0.818699 0.916504 0.000000 1 5 1.000000
5 39.714320 -7.370221 -164.560770 -0.447240 0.196437 -0.872117 0.916504 0.041992 1 5 1.000000
5 33.448420 9.796129 -156.288031 -0.861085 0.283216 -0.421691 0.833008 0.000000 1 5 1.000000
1fireff1_01_ne05_mesh1
5 39.714320 -7.370221 -164.560770 -0.447240 0.196437 -0.872117 0.916504 0.041992 1 5 1.000000
5 33.963242 -8.437824 -159.178897 -0.827028 0.205307 -0.522396 0.833008 0.041992 1 5 1.000000
5 33.448420 9.796129 -156.288031 -0.861085 0.283216 -0.421691 0.833008 0.000000 1 5 1.000000
1fireff1_01_ne05_mesh1
5 33.448420 9.796129 -156.288031 -0.861085 0.283216 -0.421691 0.833008 0.000000 1 5 1.000000
5 33.963242 -8.437824 -159.178897 -0.827028 0.205307 -0.522396 0.833008 0.041992 1 5 1.000000
5 30.897955 6.208430 -149.876734 -0.983083 0.169311 -0.068554 0.750000 0.000000 1 5 1.000000
1fireff1_01_ne05_mesh1
5 33.963242 -8.437824 -159.178897 -0.827028 0.205307 -0.522396 0.833008 0.041992 1 5 1.000000
5 32.809799 -9.175297 -152.368169 -0.979336 0.130769 -0.151801 0.750000 0.041992 1 5 1.000000
5 30.897955 6.208430 -149.876734 -0.983083 0.169311 -0.068554 0.750000 0.000000 1 5 1.000000
1fireff1_01_ne05_mesh1
5 30.897955 6.208430 -149.876734 -0.983083 0.169311 -0.068554 0.750000 0.000000 1 5 1.000000
5 32.809799 -9.175297 -152.368169 -0.979336 0.130769 -0.151801 0.750000 0.041992 1 5 1.000000
5 30.405504 3.244742 -142.994415 -0.930044 0.012109 0.366696 0.666504 0.000000 1 5 1.000000
1fireff1_01_ne05_mesh1
5 32.809799 -9.175297 -152.368169 -0.979336 0.130769 -0.151801 0.750000 0.041992 1 5 1.000000
5 32.640782 -9.411580 -147.016694 -0.941582 0.007958 0.336033 0.666504 0.041992 1 5 1.000000
5 30.405504 3.244742 -142.994415 -0.930044 0.012109 0.366696 0.666504 0.000000 1 5 1.000000
1fireff1_01_ne05_mesh1
5 30.405504 3.244742 -142.994415 -0.930044 0.012109 0.366696 0.666504 0.000000 1 5 1.000000
5 32.640782 -9.411580 -147.016694 -0.941582 0.007958 0.336033 0.666504 0.041992 1 5 1.000000
5 36.656790 1.897260 -139.888740 -0.587183 -0.231318 0.775057 0.583008 0.000000 1 5 1.000000
1fireff1_01_ne05_mesh1
5 32.640782 -9.411580 -147.016694 -0.941582 0.007958 0.336033 0.666504 0.041992 1 5 1.000000
5 36.866108 -11.783911 -140.868243 -0.424553 -0.057813 0.903052 0.583008 0.041992 1 5 1.000000
5 36.656790 1.897260 -139.888740 -0.587183 -0.231318 0.775057 0.583008 0.000000 1 5 1.000000
1fireff1_01_ne05_mesh1
5 36.656790 1.897260 -139.888740 -0.587183 -0.231318 0.775057 0.583008 0.000000 1 5 1.000000
5 36.866108 -11.783911 -140.868243 -0.424553 -0.057813 0.903052 0.583008 0.041992 1 5 1.000000
5 43.218068 -2.379847 -138.078478 -0.119387 -0.390659 0.912219 0.500000 0.000000 1 5 1.000000
1fireff1_01_ne05_mesh1
5 36.866108 -11.783911 -140.868243 -0.424553 -0.057813 0.903052 0.583008 0.041992 1 5 1.000000
5 44.848165 -13.603348 -141.957365 0.056012 -0.123312 0.990283 0.500000 0.041992 1 5 1.000000
5 43.218068 -2.379847 -138.078478 -0.119387 -0.390659 0.912219 0.500000 0.000000 1 5 1.000000
1fireff1_01_ne05_mesh1
5 43.218068 -2.379847 -138.078478 -0.119387 -0.390659 0.912219 0.500000 0.000000 1 5 1.000000
5 44.848165 -13.603348 -141.957365 0.056012 -0.123312 0.990283 0.500000 0.041992 1 5 1.000000
5 51.111274 -2.705092 -139.265625 0.328730 -0.440510 0.834930 0.416504 0.000000 1 5 1.000000
1fireff1_01_ne05_mesh1
5 44.848165 -13.603348 -141.957365 0.056012 -0.123312 0.990283 0.500000 0.041992 1 5 1.000000
5 51.319782 -16.391813 -142.210394 0.424691 -0.165757 0.889535 0.416504 0.041992 1 5 1.000000
5 51.111274 -2.705092 -139.265625 0.328730 -0.440510 0.834930 0.416504 0.000000 1 5 1.000000
1fireff1_01_ne05_mesh1
5 51.111274 -2.705092 -139.265625 0.328730 -0.440510 0.834930 0.416504 0.000000 1 5 1.000000
5 51.319782 -16.391813 -142.210394 0.424691 -0.165757 0.889535 0.416504 0.041992 1 5 1.000000
5 55.981668 -1.338022 -141.829578 0.713556 -0.386743 0.583847 0.333252 0.000000 1 5 1.000000
1fireff1_01_ne05_mesh1
5 51.319782 -16.391813 -142.210394 0.424691 -0.165757 0.889535 0.416504 0.041992 1 5 1.000000
5 58.107159 -14.683465 -147.901615 0.770779 -0.210777 0.600581 0.333252 0.041992 1 5 1.000000
5 55.981668 -1.338022 -141.829578 0.713556 -0.386743 0.583847 0.333252 0.000000 1 5 1.000000
1fireff1_01_ne05_mesh1
5 55.981668 -1.338022 -141.829578 0.713556 -0.386743 0.583847 0.333252 0.000000 1 5 1.000000
5 58.107159 -14.683465 -147.901615 0.770779 -0.210777 0.600581 0.333252 0.041992 1 5 1.000000
5 60.755294 2.952479 -147.582247 0.972277 -0.230901 0.024710 0.250000 0.000000 1 5 1.000000
1fireff1_01_ne05_mesh1
5 58.107159 -14.683465 -147.901615 0.770779 -0.210777 0.600581 0.333252 0.041992 1 5 1.000000
5 62.848740 -11.293061 -154.212306 0.991765 -0.077634 0.096414 0.250000 0.041992 1 5 1.000000
5 60.755294 2.952479 -147.582247 0.972277 -0.230901 0.024710 0.250000 0.000000 1 5 1.000000
1fireff1_01_ne05_mesh1
5 60.755294 2.952479 -147.582247 0.972277 -0.230901 0.024710 0.250000 0.000000 1 5 1.000000
5 62.848740 -11.293061 -154.212306 0.991765 -0.077634 0.096414 0.250000 0.041992 1 5 1.000000
5 59.148079 5.987988 -154.724729 0.878399 0.045367 -0.474257 0.166626 0.000000 1 5 1.000000
1fireff1_01_ne05_mesh1
5 62.848740 -11.293061 -154.212306 0.991765 -0.077634 0.096414 0.250000 0.041992 1 5 1.000000
5 59.912931 -10.678260 -160.809067 0.897014 0.044295 -0.438802 0.166626 0.041992 1 5 1.000000
5 59.148079 5.987988 -154.724729 0.878399 0.045367 -0.474257 0.166626 0.000000 1 5 1.000000
1fireff1_01_ne05_mesh1
5 59.148079 5.987988 -154.724729 0.878399 0.045367 -0.474257 0.166626 0.000000 1 5 1.000000
5 59.912931 -10.678260 -160.809067 0.897014 0.044295 -0.438802 0.166626 0.041992 1 5 1.000000
5 55.298588 9.637048 -161.878533 0.546499 0.233515 -0.803501 0.083313 0.000000 1 5 1.000000
1fireff1_01_ne05_mesh1
5 59.912931 -10.678260 -160.809067 0.897014 0.044295 -0.438802 0.166626 0.041992 1 5 1.000000
5 54.579297 -9.398472 -166.788971 0.490254 0.155162 -0.857169 0.083313 0.041992 1 5 1.000000
5 55.298588 9.637048 -161.878533 0.546499 0.233515 -0.803501 0.083313 0.000000 1 5 1.000000
1fireff1_01_ne05_mesh1
5 55.298588 9.637048 -161.878533 0.546499 0.233515 -0.803501 0.083313 0.000000 1 5 1.000000
5 54.579297 -9.398472 -166.788971 0.490254 0.155162 -0.857169 0.083313 0.041992 1 5 1.000000
5 47.456503 12.536939 -163.903670 0.066602 0.352087 -0.933058 0.000000 0.000000 1 5 1.000000
1fireff1_01_ne05_mesh1
5 54.579297 -9.398472 -166.788971 0.490254 0.155162 -0.857169 0.083313 0.041992 1 5 1.000000
5 47.265450 -6.761593 -167.026812 -0.037476 0.183763 -0.982022 0.000000 0.041992 1 5 1.000000
5 47.456503 12.536939 -163.903670 0.066602 0.352087 -0.933058 0.000000 0.000000 1 5 1.000000
1fireff1_01_ne05_mesh1
5 47.265450 -6.761593 -167.026812 -0.037476 0.183763 -0.982022 1.000000 0.041992 1 5 1.000000
5 44.604160 -21.499606 -169.198901 -0.043832 0.109002 -0.992652 1.000000 0.083496 1 5 1.000000
5 39.714320 -7.370221 -164.560770 -0.447240 0.196437 -0.872117 0.916504 0.041992 1 5 1.000000
1fireff1_01_ne05_mesh1
5 44.604160 -21.499606 -169.198901 -0.043832 0.109002 -0.992652 1.000000 0.083496 1 5 1.000000
5 35.833341 -26.140661 -168.923434 -0.497787 0.192604 -0.845229 0.916504 0.083496 1 5 1.000000
5 39.714320 -7.370221 -164.560770 -0.447240 0.196437 -0.872117 0.916504 0.041992 1 5 1.000000
1fireff1_01_ne05_mesh1
5 39.714320 -7.370221 -164.560770 -0.447240 0.196437 -0.872117 0.916504 0.041992 1 5 1.000000
5 35.833341 -26.140661 -168.923434 -0.497787 0.192604 -0.845229 0.916504 0.083496 1 5 1.000000
5 33.963242 -8.437824 -159.178897 -0.827028 0.205307 -0.522396 0.833008 0.041992 1 5 1.000000
1fireff1_01_ne05_mesh1
5 35.833341 -26.140661 -168.923434 -0.497787 0.192604 -0.845229 0.916504 0.083496 1 5 1.000000
5 31.468427 -24.452497 -166.091856 -0.854058 0.206336 -0.476947 0.833008 0.083496 1 5 1.000000
5 33.963242 -8.437824 -159.178897 -0.827028 0.205307 -0.522396 0.833008 0.041992 1 5 1.000000
1fireff1_01_ne05_mesh1
5 33.963242 -8.437824 -159.178897 -0.827028 0.205307 -0.522396 0.833008 0.041992 1 5 1.000000
5 31.468427 -24.452497 -166.091856 -0.854058 0.206336 -0.476947 0.833008 0.083496 1 5 1.000000
5 32.809799 -9.175297 -152.368169 -0.979336 0.130769 -0.151801 0.750000 0.041992 1 5 1.000000
1fireff1_01_ne05_mesh1
5 31.468427 -24.452497 -166.091856 -0.854058 0.206336 -0.476947 0.833008 0.083496 1 5 1.000000
5 28.278040 -22.767323 -159.089524 -0.968401 0.155934 -0.192245 0.750000 0.083496 1 5 1.000000
5 32.809799 -9.175297 -152.368169 -0.979336 0.130769 -0.151801 0.750000 0.041992 1 5 1.000000
1fireff1_01_ne05_mesh1
5 32.809799 -9.175297 -152.368169 -0.979336 0.130769 -0.151801 0.750000 0.041992 1 5 1.000000
5 28.278040 -22.767323 -159.089524 -0.968401 0.155934 -0.192245 0.750000 0.083496 1 5 1.000000
5 32.640782 -9.411580 -147.016694 -0.941582 0.007958 0.336033 0.666504 0.041992 1 5 1.000000
1fireff1_01_ne05_mesh1
5 28.278040 -22.767323 -159.089524 -0.968401 0.155934 -0.192245 0.750000 0.083496 1 5 1.000000
5 29.004851 -21.710873 -149.299122 -0.941020 0.166528 0.292951 0.666504 0.083496 1 5 1.000000
5 32.640782 -9.411580 -147.016694 -0.941582 0.007958 0.336033 0.666504 0.041992 1 5 1.000000
1fireff1_01_ne05_mesh1
5 32.640782 -9.411580 -147.016694 -0.941582 0.007958 0.336033 0.666504 0.041992 1 5 1.000000
5 29.004851 -21.710873 -149.299122 -0.941020 0.166528 0.292951 0.666504 0.083496 1 5 1.000000
5 36.866108 -11.783911 -140.868243 -0.424553 -0.057813 0.903052 0.583008 0.041992 1 5 1.000000
1fireff1_01_ne05_mesh1
5 29.004851 -21.710873 -149.299122 -0.941020 0.166528 0.292951 0.666504 0.083496 1 5 1.000000
5 34.989022 -25.322576 -140.701356 -0.382767 0.084894 0.919389 0.583008 0.083496 1 5 1.000000
5 36.866108 -11.783911 -140.868243 -0.424553 -0.057813 0.903052 0.583008 0.041992 1 5 1.000000
1fireff1_01_ne05_mesh1
5 36.866108 -11.783911 -140.868243 -0.424553 -0.057813 0.903052 0.583008 0.041992 1 5 1.000000
5 34.989022 -25.322576 -140.701356 -0.382767 0.084894 0.919389 0.583008 0.083496 1 5 1.000000
5 44.848165 -13.603348 -141.957365 0.056012 -0.123312 0.990283 0.500000 0.041992 1 5 1.000000
1fireff1_01_ne05_mesh1
5 34.989022 -25.322576 -140.701356 -0.382767 0.084894 0.919389 0.583008 0.083496 1 5 1.000000
5 43.000651 -26.429432 -140.657134 0.148405 -0.009344 0.988589 0.500000 0.083496 1 5 1.000000
5 44.848165 -13.603348 -141.957365 0.056012 -0.123312 0.990283 0.500000 0.041992 1 5 1.000000
1fireff1_01_ne05_mesh1
5 44.848165 -13.603348 -141.957365 0.056012 -0.123312 0.990283 0.500000 0.041992 1 5 1.000000
5 43.000651 -26.429432 -140.657134 0.148405 -0.009344 0.988589 0.500000 0.083496 1 5 1.000000
5 51.319782 -16.391813 -142.210394 0.424691 -0.165757 0.889535 0.416504 0.041992 1 5 1.000000
1fireff1_01_ne05_mesh1
5 43.000651 -26.429432 -140.657134 0.148405 -0.009344 0.988589 0.500000 0.083496 1 5 1.000000
5 49.618761 -28.826486 -143.612816 0.523441 -0.072006 0.848636 0.416504 0.083496 1 5 1.000000
5 51.319782 -16.391813 -142.210394 0.424691 -0.165757 0.889535 0.416504 0.041992 1 5 1.000000
1fireff1_01_ne05_mesh1
5 51.319782 -16.391813 -142.210394 0.424691 -0.165757 0.889535 0.416504 0.041992 1 5 1.000000
5 49.618761 -28.826486 -143.612816 0.523441 -0.072006 0.848636 0.416504 0.083496 1 5 1.000000
5 58.107159 -14.683465 -147.901615 0.770779 -0.210777 0.600581 0.333252 0.041992 1 5 1.000000
1fireff1_01_ne05_mesh1
5 49.618761 -28.826486 -143.612816 0.523441 -0.072006 0.848636 0.416504 0.083496 1 5 1.000000
5 54.269221 -28.249302 -147.855638 0.797365 -0.149458 0.584182 0.333252 0.083496 1 5 1.000000
5 58.107159 -14.683465 -147.901615 0.770779 -0.210777 0.600581 0.333252 0.041992 1 5 1.000000
1fireff1_01_ne05_mesh1
5 58.107159 -14.683465 -147.901615 0.770779 -0.210777 0.600581 0.333252 0.041992 1 5 1.000000
5 54.269221 -28.249302 -147.855638 0.797365 -0.149458 0.584182 0.333252 0.083496 1 5 1.000000
5 62.848740 -11.293061 -154.212306 0.991765 -0.077634 0.096414 0.250000 0.041992 1 5 1.000000
1fireff1_01_ne05_mesh1
5 54.269221 -28.249302 -147.855638 0.797365 -0.149458 0.584182 0.333252 0.083496 1 5 1.000000
5 57.888513 -27.571553 -155.971641 0.978173 -0.162884 0.124850 0.250000 0.083496 1 5 1.000000
5 62.848740 -11.293061 -154.212306 0.991765 -0.077634 0.096414 0.250000 0.041992 1 5 1.000000
1fireff1_01_ne05_mesh1
5 62.848740 -11.293061 -154.212306 0.991765 -0.077634 0.096414 0.250000 0.041992 1 5 1.000000
5 57.888513 -27.571553 -155.971641 0.978173 -0.162884 0.124850 0.250000 0.083496 1 5 1.000000
5 59.912931 -10.678260 -160.809067 0.897014 0.044295 -0.438802 0.166626 0.041992 1 5 1.000000
1fireff1_01_ne05_mesh1
5 57.888513 -27.571553 -155.971641 0.978173 -0.162884 0.124850 0.250000 0.083496 1 5 1.000000
5 57.548254 -25.876113 -164.647586 0.807138 -0.147340 -0.570612 0.166626 0.083496 1 5 1.000000
5 59.912931 -10.678260 -160.809067 0.897014 0.044295 -0.438802 0.166626 0.041992 1 5 1.000000
1fireff1_01_ne05_mesh1
5 59.912931 -10.678260 -160.809067 0.897014 0.044295 -0.438802 0.166626 0.041992 1 5 1.000000
5 57.548254 -25.876113 -164.647586 0.807138 -0.147340 -0.570612 0.166626 0.083496 1 5 1.000000
5 54.579297 -9.398472 -166.788971 0.490254 0.155162 -0.857169 0.083313 0.041992 1 5 1.000000
1fireff1_01_ne05_mesh1
5 57.548254 -25.876113 -164.647586 0.807138 -0.147340 -0.570612 0.166626 0.083496 1 5 1.000000
5 51.406421 -23.727180 -170.274829 0.382452 -0.054311 -0.922145 0.083313 0.083496 1 5 1.000000
5 54.579297 -9.398472 -166.788971 0.490254 0.155162 -0.857169 0.083313 0.041992 1 5 1.000000
1fireff1_01_ne05_mesh1
5 54.579297 -9.398472 -166.788971 0.490254 0.155162 -0.857169 0.083313 0.041992 1 5 1.000000
5 51.406421 -23.727180 -170.274829 0.382452 -0.054311 -0.922145 0.083313 0.083496 1 5 1.000000
5 47.265450 -6.761593 -167.026812 -0.037476 0.183763 -0.982022 0.000000 0.041992 1 5 1.000000
1fireff1_01_ne05_mesh1
5 51.406421 -23.727180 -170.274829 0.382452 -0.054311 -0.922145 0.083313 0.083496 1 5 1.000000
5 44.604160 -21.499606 -169.198901 -0.043832 0.109002 -0.992652 0.000000 0.083496 1 5 1.000000
5 47.265450 -6.761593 -167.026812 -0.037476 0.183763 -0.982022 0.000000 0.041992 1 5 1.000000
1fireff1_01_ne05_mesh1
5 44.604160 -21.499606 -169.198901 -0.043832 0.109002 -0.992652 1.000000 0.083496 1 5 1.000000
5 36.149950 -45.741861 -170.479613 -0.037852 -0.306830 -0.950500 1.000000 0.125000 1 5 1.000000
5 35.833341 -26.140661 -168.923434 -0.497787 0.192604 -0.845229 0.916504 0.083496 1 5 1.000000
1fireff1_01_ne05_mesh1
5 36.149950 -45.741861 -170.479613 -0.037852 -0.306830 -0.950500 1.000000 0.125000 1 5 1.000000
5 29.238403 -44.007824 -168.567887 -0.656841 -0.125876 -0.742813 0.916504 0.125000 1 5 1.000000
5 35.833341 -26.140661 -168.923434 -0.497787 0.192604 -0.845229 0.916504 0.083496 1 5 1.000000
1fireff1_01_ne05_mesh1
5 35.833341 -26.140661 -168.923434 -0.497787 0.192604 -0.845229 0.916504 0.083496 1 5 1.000000
5 29.238403 -44.007824 -168.567887 -0.656841 -0.125876 -0.742813 0.916504 0.125000 1 5 1.000000
5 31.468427 -24.452497 -166.091856 -0.854058 0.206336 -0.476947 0.833008 0.083496 1 5 1.000000
1fireff1_01_ne05_mesh1
5 29.238403 -44.007824 -168.567887 -0.656841 -0.125876 -0.742813 0.916504 0.125000 1 5 1.000000
5 29.818140 -40.996999 -159.173105 -0.942424 0.067649 -0.326869 0.833008 0.125000 1 5 1.000000
5 31.468427 -24.452497 -166.091856 -0.854058 0.206336 -0.476947 0.833008 0.083496 1 5 1.000000
1fireff1_01_ne05_mesh1
5 31.468427 -24.452497 -166.091856 -0.854058 0.206336 -0.476947 0.833008 0.083496 1 5 1.000000
5 29.818140 -40.996999 -159.173105 -0.942424 0.067649 -0.326869 0.833008 0.125000 1 5 1.000000
5 28.278040 -22.767323 -159.089524 -0.968401 0.155934 -0.192245 0.750000 0.083496 1 5 1.000000
1fireff1_01_ne05_mesh1
5 29.818140 -40.996999 -159.173105 -0.942424 0.067649 -0.326869 0.833008 0.125000 1 5 1.000000
5 28.583978 -38.672914 -152.733329 -0.965447 0.115534 -0.231991 0.750000 0.125000 1 5 1.000000
5 28.278040 -22.767323 -159.089524 -0.968401 0.155934 -0.192245 0.750000 0.083496 1 5 1.000000
1fireff1_01_ne05_mesh1
5 28.278040 -22.767323 -159.089524 -0.968401 0.155934 -0.192245 0.750000 0.083496 1 5 1.000000
5 28.583978 -38.672914 -152.733329 -0.965447 0.115534 -0.231991 0.750000 0.125000 1 5 1.000000
5 29.004851 -21.710873 -149.299122 -0.941020 0.166528 0.292951 0.666504 0.083496 1 5 1.000000
1fireff1_01_ne05_mesh1
5 28.583978 -38.672914 -152.733329 -0.965447 0.115534 -0.231991 0.750000 0.125000 1 5 1.000000
5 27.461624 -36.082044 -145.431904 -0.909489 0.308485 0.276738 0.666504 0.125000 1 5 1.000000
5 29.004851 -21.710873 -149.299122 -0.941020 0.166528 0.292951 0.666504 0.083496 1 5 1.000000
1fireff1_01_ne05_mesh1
5 29.004851 -21.710873 -149.299122 -0.941020 0.166528 0.292951 0.666504 0.083496 1 5 1.000000
5 27.461624 -36.082044 -145.431904 -0.909489 0.308485 0.276738 0.666504 0.125000 1 5 1.000000
5 34.989022 -25.322576 -140.701356 -0.382767 0.084894 0.919389 0.583008 0.083496 1 5 1.000000
1fireff1_01_ne05_mesh1
5 27.461624 -36.082044 -145.431904 -0.909489 0.308485 0.276738 0.666504 0.125000 1 5 1.000000
5 34.650095 -35.660585 -140.684430 -0.283352 0.373540 0.882664 0.583008 0.125000 1 5 1.000000
5 34.989022 -25.322576 -140.701356 -0.382767 0.084894 0.919389 0.583008 0.083496 1 5 1.000000
1fireff1_01_ne05_mesh1
5 34.989022 -25.322576 -140.701356 -0.382767 0.084894 0.919389 0.583008 0.083496 1 5 1.000000
5 34.650095 -35.660585 -140.684430 -0.283352 0.373540 0.882664 0.583008 0.125000 1 5 1.000000
5 43.000651 -26.429432 -140.657134 0.148405 -0.009344 0.988589 0.500000 0.083496 1 5 1.000000
1fireff1_01_ne05_mesh1
5 34.650095 -35.660585 -140.684430 -0.283352 0.373540 0.882664 0.583008 0.125000 1 5 1.000000
5 41.898817 -37.085489 -141.497470 0.220392 0.253009 0.941406 0.500000 0.125000 1 5 1.000000
5 43.000651 -26.429432 -140.657134 0.148405 -0.009344 0.988589 0.500000 0.083496 1 5 1.000000
1fireff1_01_ne05_mesh1
5 43.000651 -26.429432 -140.657134 0.148405 -0.009344 0.988589 0.500000 0.083496 1 5 1.000000
5 41.898817 -37.085489 -141.497470 0.220392 0.253009 0.941406 0.500000 0.125000 1 5 1.000000
5 49.618761 -28.826486 -143.612816 0.523441 -0.072006 0.848636 0.416504 0.083496 1 5 1.000000
1fireff1_01_ne05_mesh1
5 41.898817 -37.085489 -141.497470 0.220392 0.253009 0.941406 0.500000 0.125000 1 5 1.000000
5 49.373852 -38.574498 -142.395302 0.641096 0.073639 0.762993 0.416504 0.125000 1 5 1.000000
5 49.618761 -28.826486 -143.612816 0.523441 -0.072006 0.848636 0.416504 0.083496 1 5 1.000000
1fireff1_01_ne05_mesh1
5 49.618761 -28.826486 -143.612816 0.523441 -0.072006 0.848636 0.416504 0.083496 1 5 1.000000
5 49.373852 -38.574498 -142.395302 0.641096 0.073639 0.762993 0.416504 0.125000 1 5 1.000000
5 54.269221 -28.249302 -147.855638 0.797365 -0.149458 0.584182 0.333252 0.083496 1 5 1.000000
1fireff1_01_ne05_mesh1
5 49.373852 -38.574498 -142.395302 0.641096 0.073639 0.762993 0.416504 0.125000 1 5 1.000000
5 52.897474 -41.546129 -149.689787 0.829102 0.003087 0.558373 0.333252 0.125000 1 5 1.000000
5 54.269221 -28.249302 -147.855638 0.797365 -0.149458 0.584182 0.333252 0.083496 1 5 1.000000
1fireff1_01_ne05_mesh1
5 54.269221 -28.249302 -147.855638 0.797365 -0.149458 0.584182 0.333252 0.083496 1 5 1.000000
5 52.897474 -41.546129 -149.689787 0.829102 0.003087 0.558373 0.333252 0.125000 1 5 1.000000
5 57.888513 -27.571553 -155.971641 0.978173 -0.162884 0.124850 0.250000 0.083496 1 5 1.000000
1fireff1_01_ne05_mesh1
5 52.897474 -41.546129 -149.689787 0.829102 0.003087 0.558373 0.333252 0.125000 1 5 1.000000
5 58.044232 -44.420844 -155.906979 0.981071 -0.141599 0.129872 0.250000 0.125000 1 5 1.000000
5 57.888513 -27.571553 -155.971641 0.978173 -0.162884 0.124850 0.250000 0.083496 1 5 1.000000
1fireff1_01_ne05_mesh1
5 57.888513 -27.571553 -155.971641 0.978173 -0.162884 0.124850 0.250000 0.083496 1 5 1.000000
5 58.044232 -44.420844 -155.906979 0.981071 -0.141599 0.129872 0.250000 0.125000 1 5 1.000000
5 57.548254 -25.876113 -164.647586 0.807138 -0.147340 -0.570612 0.166626 0.083496 1 5 1.000000
1fireff1_01_ne05_mesh1
5 58.044232 -44.420844 -155.906979 0.981071 -0.141599 0.129872 0.250000 0.125000 1 5 1.000000
5 55.413194 -45.461841 -160.329083 0.776677 -0.322895 -0.540088 0.166626 0.125000 1 5 1.000000
5 57.548254 -25.876113 -164.647586 0.807138 -0.147340 -0.570612 0.166626 0.083496 1 5 1.000000
1fireff1_01_ne05_mesh1
5 57.548254 -25.876113 -164.647586 0.807138 -0.147340 -0.570612 0.166626 0.083496 1 5 1.000000
5 55.413194 -45.461841 -160.329083 0.776677 -0.322895 -0.540088 0.166626 0.125000 1 5 1.000000
5 51.406421 -23.727180 -170.274829 0.382452 -0.054311 -0.922145 0.083313 0.083496 1 5 1.000000
1fireff1_01_ne05_mesh1
5 55.413194 -45.461841 -160.329083 0.776677 -0.322895 -0.540088 0.166626 0.125000 1 5 1.000000
5 44.197471 -45.444762 -165.693789 0.321912 -0.351856 -0.878555 0.083313 0.125000 1 5 1.000000
5 51.406421 -23.727180 -170.274829 0.382452 -0.054311 -0.922145 0.083313 0.083496 1 5 1.000000
1fireff1_01_ne05_mesh1
5 51.406421 -23.727180 -170.274829 0.382452 -0.054311 -0.922145 0.083313 0.083496 1 5 1.000000
5 44.197471 -45.444762 -165.693789 0.321912 -0.351856 -0.878555 0.083313 0.125000 1 5 1.000000
5 44.604160 -21.499606 -169.198901 -0.043832 0.109002 -0.992652 0.000000 0.083496 1 5 1.000000
1fireff1_01_ne05_mesh1
5 44.197471 -45.444762 -165.693789 0.321912 -0.351856 -0.878555 0.083313 0.125000 1 5 1.000000
5 36.149950 -45.741861 -170.479613 -0.037852 -0.306830 -0.950500 0.000000 0.125000 1 5 1.000000
5 44.604160 -21.499606 -169.198901 -0.043832 0.109002 -0.992652 0.000000 0.083496 1 5 1.000000
1fireff1_01_ne05_mesh1
5 36.149950 -45.741861 -170.479613 -0.037852 -0.306830 -0.950500 1.000000 0.125000 1 5 1.000000
5 35.517666 -65.544413 -154.542456 -0.181585 -0.654596 -0.733398 1.000000 0.166992 1 5 1.000000
5 29.238403 -44.007824 -168.567887 -0.656841 -0.125876 -0.742813 0.916504 0.125000 1 5 1.000000
1fireff1_01_ne05_mesh1
5 35.517666 -65.544413 -154.542456 -0.181585 -0.654596 -0.733398 1.000000 0.166992 1 5 1.000000
5 29.504440 -59.542374 -157.837435 -0.602169 -0.483792 -0.634301 0.916504 0.166992 1 5 1.000000
5 29.238403 -44.007824 -168.567887 -0.656841 -0.125876 -0.742813 0.916504 0.125000 1 5 1.000000
1fireff1_01_ne05_mesh1
5 29.238403 -44.007824 -168.567887 -0.656841 -0.125876 -0.742813 0.916504 0.125000 1 5 1.000000
5 29.504440 -59.542374 -157.837435 -0.602169 -0.483792 -0.634301 0.916504 0.166992 1 5 1.000000
5 29.818140 -40.996999 -159.173105 -0.942424 0.067649 -0.326869 0.833008 0.125000 1 5 1.000000
1fireff1_01_ne05_mesh1
5 29.504440 -59.542374 -157.837435 -0.602169 -0.483792 -0.634301 0.916504 0.166992 1 5 1.000000
5 25.124609 -57.954022 -154.972947 -0.893884 -0.179907 -0.410202 0.833008 0.166992 1 5 1.000000
5 29.818140 -40.996999 -159.173105 -0.942424 0.067649 -0.326869 0.833008 0.125000 1 5 1.000000
1fireff1_01_ne05_mesh1
5 29.818140 -40.996999 -159.173105 -0.942424 0.067649 -0.326869 0.833008 0.125000 1 5 1.000000
5 25.124609 -57.954022 -154.972947 -0.893884 -0.179907 -0.410202 0.833008 0.166992 1 5 1.000000
5 28.583978 -38.672914 -152.733329 -0.965447 0.115534 -0.231991 0.750000 0.125000 1 5 1.000000
1fireff1_01_ne05_mesh1
5 25.124609 -57.954022 -154.972947 -0.893884 -0.179907 -0.410202 0.833008 0.166992 1 5 1.000000
5 22.513573 -54.306382 -148.632607 -0.962913 0.115922 -0.243231 0.750000 0.166992 1 5 1.000000
5 28.583978 -38.672914 -152.733329 -0.965447 0.115534 -0.231991 0.750000 0.125000 1 5 1.000000
1fireff1_01_ne05_mesh1
5 28.583978 -38.672914 -152.733329 -0.965447 0.115534 -0.231991 0.750000 0.125000 1 5 1.000000
5 22.513573 -54.306382 -148.632607 -0.962913 0.115922 -0.243231 0.750000 0.166992 1 5 1.000000
5 27.461624 -36.082044 -145.431904 -0.909489 0.308485 0.276738 0.666504 0.125000 1 5 1.000000
1fireff1_01_ne05_mesh1
5 22.513573 -54.306382 -148.632607 -0.962913 0.115922 -0.243231 0.750000 0.166992 1 5 1.000000
5 22.091972 -49.340147 -140.042917 -0.882057 0.406113 0.236932 0.666504 0.166992 1 5 1.000000
5 27.461624 -36.082044 -145.431904 -0.909489 0.308485 0.276738 0.666504 0.125000 1 5 1.000000
1fireff1_01_ne05_mesh1
5 27.461624 -36.082044 -145.431904 -0.909489 0.308485 0.276738 0.666504 0.125000 1 5 1.000000
5 22.091972 -49.340147 -140.042917 -0.882057 0.406113 0.236932 0.666504 0.166992 1 5 1.000000
5 34.650095 -35.660585 -140.684430 -0.283352 0.373540 0.882664 0.583008 0.125000 1 5 1.000000
1fireff1_01_ne05_mesh1
5 22.091972 -49.340147 -140.042917 -0.882057 0.406113 0.236932 0.666504 0.166992 1 5 1.000000
5 29.983194 -43.319270 -134.646391 -0.325256 0.591348 0.737474 0.583008 0.166992 1 5 1.000000
5 34.650095 -35.660585 -140.684430 -0.283352 0.373540 0.882664 0.583008 0.125000 1 5 1.000000
1fireff1_01_ne05_mesh1
5 34.650095 -35.660585 -140.684430 -0.283352 0.373540 0.882664 0.583008 0.125000 1 5 1.000000
5 29.983194 -43.319270 -134.646391 -0.325256 0.591348 0.737474 0.583008 0.166992 1 5 1.000000
5 41.898817 -37.085489 -141.497470 0.220392 0.253009 0.941406 0.500000 0.125000 1 5 1.000000
1fireff1_01_ne05_mesh1
5 29.983194 -43.319270 -134.646391 -0.325256 0.591348 0.737474 0.583008 0.166992 1 5 1.000000
5 37.979267 -44.706673 -134.510990 0.224810 0.546618 0.805914 0.500000 0.166992 1 5 1.000000
5 41.898817 -37.085489 -141.497470 0.220392 0.253009 0.941406 0.500000 0.125000 1 5 1.000000
1fireff1_01_ne05_mesh1
5 41.898817 -37.085489 -141.497470 0.220392 0.253009 0.941406 0.500000 0.125000 1 5 1.000000
5 37.979267 -44.706673 -134.510990 0.224810 0.546618 0.805914 0.500000 0.166992 1 5 1.000000
5 49.373852 -38.574498 -142.395302 0.641096 0.073639 0.762993 0.416504 0.125000 1 5 1.000000
1fireff1_01_ne05_mesh1
5 37.979267 -44.706673 -134.510990 0.224810 0.546618 0.805914 0.500000 0.166992 1 5 1.000000
5 44.671503 -46.455802 -137.679221 0.596612 0.380726 0.705921 0.416504 0.166992 1 5 1.000000
5 49.373852 -38.574498 -142.395302 0.641096 0.073639 0.762993 0.416504 0.125000 1 5 1.000000
1fireff1_01_ne05_mesh1
5 49.373852 -38.574498 -142.395302 0.641096 0.073639 0.762993 0.416504 0.125000 1 5 1.000000
5 44.671503 -46.455802 -137.679221 0.596612 0.380726 0.705921 0.416504 0.166992 1 5 1.000000
5 52.897474 -41.546129 -149.689787 0.829102 0.003087 0.558373 0.333252 0.125000 1 5 1.000000
1fireff1_01_ne05_mesh1
5 44.671503 -46.455802 -137.679221 0.596612 0.380726 0.705921 0.416504 0.166992 1 5 1.000000
5 48.195305 -50.616635 -140.337735 0.876506 0.167049 0.450279 0.333252 0.166992 1 5 1.000000
5 52.897474 -41.546129 -149.689787 0.829102 0.003087 0.558373 0.333252 0.125000 1 5 1.000000
1fireff1_01_ne05_mesh1
5 52.897474 -41.546129 -149.689787 0.829102 0.003087 0.558373 0.333252 0.125000 1 5 1.000000
5 48.195305 -50.616635 -140.337735 0.876506 0.167049 0.450279 0.333252 0.166992 1 5 1.000000
5 58.044232 -44.420844 -155.906979 0.981071 -0.141599 0.129872 0.250000 0.125000 1 5 1.000000
1fireff1_01_ne05_mesh1
5 48.195305 -50.616635 -140.337735 0.876506 0.167049 0.450279 0.333252 0.166992 1 5 1.000000
5 52.436185 -57.152855 -146.161465 0.973261 -0.150268 0.170969 0.250000 0.166992 1 5 1.000000
5 58.044232 -44.420844 -155.906979 0.981071 -0.141599 0.129872 0.250000 0.125000 1 5 1.000000
1fireff1_01_ne05_mesh1
5 58.044232 -44.420844 -155.906979 0.981071 -0.141599 0.129872 0.250000 0.125000 1 5 1.000000
5 52.436185 -57.152855 -146.161465 0.973261 -0.150268 0.170969 0.250000 0.166992 1 5 1.000000
5 55.413194 -45.461841 -160.329083 0.776677 -0.322895 -0.540088 0.166626 0.125000 1 5 1.000000
1fireff1_01_ne05_mesh1
5 52.436185 -57.152855 -146.161465 0.973261 -0.150268 0.170969 0.250000 0.166992 1 5 1.000000
5 50.569333 -63.360939 -152.212755 0.783642 -0.480748 -0.392812 0.166626 0.166992 1 5 1.000000
5 55.413194 -45.461841 -160.329083 0.776677 -0.322895 -0.540088 0.166626 0.125000 1 5 1.000000
1fireff1_01_ne05_mesh1
5 55.413194 -45.461841 -160.329083 0.776677 -0.322895 -0.540088 0.166626 0.125000 1 5 1.000000
5 50.569333 -63.360939 -152.212755 0.783642 -0.480748 -0.392812 0.166626 0.166992 1 5 1.000000
5 44.197471 -45.444762 -165.693789 0.321912 -0.351856 -0.878555 0.083313 0.125000 1 5 1.000000
1fireff1_01_ne05_mesh1
5 50.569333 -63.360939 -152.212755 0.783642 -0.480748 -0.392812 0.166626 0.166992 1 5 1.000000
5 43.575498 -66.549579 -156.076653 0.305136 -0.619859 -0.722172 0.083313 0.166992 1 5 1.000000
5 44.197471 -45.444762 -165.693789 0.321912 -0.351856 -0.878555 0.083313 0.125000 1 5 1.000000
1fireff1_01_ne05_mesh1
5 44.197471 -45.444762 -165.693789 0.321912 -0.351856 -0.878555 0.083313 0.125000 1 5 1.000000
5 43.575498 -66.549579 -156.076653 0.305136 -0.619859 -0.722172 0.083313 0.166992 1 5 1.000000
5 36.149950 -45.741861 -170.479613 -0.037852 -0.306830 -0.950500 0.000000 0.125000 1 5 1.000000
1fireff1_01_ne05_mesh1
5 43.575498 -66.549579 -156.076653 0.305136 -0.619859 -0.722172 0.083313 0.166992 1 5 1.000000
5 35.517666 -65.544413 -154.542456 -0.181585 -0.654596 -0.733398 0.000000 0.166992 1 5 1.000000
5 36.149950 -45.741861 -170.479613 -0.037852 -0.306830 -0.950500 0.000000 0.125000 1 5 1.000000
1fireff1_01_ne05_mesh1
5 35.517666 -65.544413 -154.542456 -0.181585 -0.654596 -0.733398 1.000000 0.166992 1 5 1.000000
5 36.370599 -76.629288 -143.958050 -0.149279 -0.713024 -0.684819 1.000000 0.208496 1 5 1.000000
5 29.504440 -59.542374 -157.837435 -0.602169 -0.483792 -0.634301 0.916504 0.166992 1 5 1.000000
1fireff1_01_ne05_mesh1
5 36.370599 -76.629288 -143.958050 -0.149279 -0.713024 -0.684819 1.000000 0.208496 1 5 1.000000
5 28.083713 -72.370491 -143.022433 -0.503873 -0.558797 -0.658030 0.916504 0.208496 1 5 1.000000
5 29.504440 -59.542374 -157.837435 -0.602169 -0.483792 -0.634301 0.916504 0.166992 1 5 1.000000
1fireff1_01_ne05_mesh1
5 29.504440 -59.542374 -157.837435 -0.602169 -0.483792 -0.634301 0.916504 0.166992 1 5 1.000000
5 28.083713 -72.370491 -143.022433 -0.503873 -0.558797 -0.658030 0.916504 0.208496 1 5 1.000000
5 25.124609 -57.954022 -154.972947 -0.893884 -0.179907 -0.410202 0.833008 0.166992 1 5 1.000000
1fireff1_01_ne05_mesh1
5 28.083713 -72.370491 -143.022433 -0.503873 -0.558797 -0.658030 0.916504 0.208496 1 5 1.000000
5 21.673340 -66.531233 -139.831966 -0.860129 -0.241096 -0.448325 0.833008 0.208496 1 5 1.000000
5 25.124609 -57.954022 -154.972947 -0.893884 -0.179907 -0.410202 0.833008 0.166992 1 5 1.000000
1fireff1_01_ne05_mesh1
5 25.124609 -57.954022 -154.972947 -0.893884 -0.179907 -0.410202 0.833008 0.166992 1 5 1.000000
5 21.673340 -66.531233 -139.831966 -0.860129 -0.241096 -0.448325 0.833008 0.208496 1 5 1.000000
5 22.513573 -54.306382 -148.632607 -0.962913 0.115922 -0.243231 0.750000 0.166992 1 5 1.000000
1fireff1_01_ne05_mesh1
5 21.673340 -66.531233 -139.831966 -0.860129 -0.241096 -0.448325 0.833008 0.208496 1 5 1.000000
5 19.086740 -61.307752 -134.868177 -0.967039 0.251363 0.037642 0.750000 0.208496 1 5 1.000000
5 22.513573 -54.306382 -148.632607 -0.962913 0.115922 -0.243231 0.750000 0.166992 1 5 1.000000
1fireff1_01_ne05_mesh1
5 22.513573 -54.306382 -148.632607 -0.962913 0.115922 -0.243231 0.750000 0.166992 1 5 1.000000
5 19.086740 -61.307752 -134.868177 -0.967039 0.251363 0.037642 0.750000 0.208496 1 5 1.000000
5 22.091972 -49.340147 -140.042917 -0.882057 0.406113 0.236932 0.666504 0.166992 1 5 1.000000
1fireff1_01_ne05_mesh1
5 19.086740 -61.307752 -134.868177 -0.967039 0.251363 0.037642 0.750000 0.208496 1 5 1.000000
5 23.886742 -58.665364 -130.699110 -0.734749 0.495934 0.462396 0.666504 0.208496 1 5 1.000000
5 22.091972 -49.340147 -140.042917 -0.882057 0.406113 0.236932 0.666504 0.166992 1 5 1.000000
1fireff1_01_ne05_mesh1
5 22.091972 -49.340147 -140.042917 -0.882057 0.406113 0.236932 0.666504 0.166992 1 5 1.000000
5 23.886742 -58.665364 -130.699110 -0.734749 0.495934 0.462396 0.666504 0.208496 1 5 1.000000
5 29.983194 -43.319270 -134.646391 -0.325256 0.591348 0.737474 0.583008 0.166992 1 5 1.000000
1fireff1_01_ne05_mesh1
5 23.886742 -58.665364 -130.699110 -0.734749 0.495934 0.462396 0.666504 0.208496 1 5 1.000000
5 30.532112 -54.682551 -126.722292 -0.280331 0.625041 0.728127 0.583008 0.208496 1 5 1.000000
5 29.983194 -43.319270 -134.646391 -0.325256 0.591348 0.737474 0.583008 0.166992 1 5 1.000000
1fireff1_01_ne05_mesh1
5 29.983194 -43.319270 -134.646391 -0.325256 0.591348 0.737474 0.583008 0.166992 1 5 1.000000
5 30.532112 -54.682551 -126.722292 -0.280331 0.625041 0.728127 0.583008 0.208496 1 5 1.000000
5 37.979267 -44.706673 -134.510990 0.224810 0.546618 0.805914 0.500000 0.166992 1 5 1.000000
1fireff1_01_ne05_mesh1
5 30.532112 -54.682551 -126.722292 -0.280331 0.625041 0.728127 0.583008 0.208496 1 5 1.000000
5 39.187426 -56.272534 -127.919899 0.182964 0.668281 0.720384 0.500000 0.208496 1 5 1.000000
5 37.979267 -44.706673 -134.510990 0.224810 0.546618 0.805914 0.500000 0.166992 1 5 1.000000
1fireff1_01_ne05_mesh1
5 37.979267 -44.706673 -134.510990 0.224810 0.546618 0.805914 0.500000 0.166992 1 5 1.000000
5 39.187426 -56.272534 -127.919899 0.182964 0.668281 0.720384 0.500000 0.208496 1 5 1.000000
5 44.671503 -46.455802 -137.679221 0.596612 0.380726 0.705921 0.416504 0.166992 1 5 1.000000
1fireff1_01_ne05_mesh1
5 39.187426 -56.272534 -127.919899 0.182964 0.668281 0.720384 0.500000 0.208496 1 5 1.000000
5 45.508238 -56.013648 -129.146969 0.580380 0.584342 0.566347 0.416504 0.208496 1 5 1.000000
5 44.671503 -46.455802 -137.679221 0.596612 0.380726 0.705921 0.416504 0.166992 1 5 1.000000
1fireff1_01_ne05_mesh1
5 44.671503 -46.455802 -137.679221 0.596612 0.380726 0.705921 0.416504 0.166992 1 5 1.000000
5 45.508238 -56.013648 -129.146969 0.580380 0.584342 0.566347 0.416504 0.208496 1 5 1.000000
5 48.195305 -50.616635 -140.337735 0.876506 0.167049 0.450279 0.333252 0.166992 1 5 1.000000
1fireff1_01_ne05_mesh1
5 45.508238 -56.013648 -129.146969 0.580380 0.584342 0.566347 0.416504 0.208496 1 5 1.000000
5 49.610879 -62.320577 -132.118123 0.955445 0.184567 0.229010 0.333252 0.208496 1 5 1.000000
5 48.195305 -50.616635 -140.337735 0.876506 0.167049 0.450279 0.333252 0.166992 1 5 1.000000
1fireff1_01_ne05_mesh1
5 48.195305 -50.616635 -140.337735 0.876506 0.167049 0.450279 0.333252 0.166992 1 5 1.000000
5 49.610879 -62.320577 -132.118123 0.955445 0.184567 0.229010 0.333252 0.208496 1 5 1.000000
5 52.436185 -57.152855 -146.161465 0.973261 -0.150268 0.170969 0.250000 0.166992 1 5 1.000000
1fireff1_01_ne05_mesh1
5 49.610879 -62.320577 -132.118123 0.955445 0.184567 0.229010 0.333252 0.208496 1 5 1.000000
5 48.202891 -69.213304 -134.800280 0.943985 -0.327743 -0.026343 0.250000 0.208496 1 5 1.000000
5 52.436185 -57.152855 -146.161465 0.973261 -0.150268 0.170969 0.250000 0.166992 1 5 1.000000
1fireff1_01_ne05_mesh1
5 52.436185 -57.152855 -146.161465 0.973261 -0.150268 0.170969 0.250000 0.166992 1 5 1.000000
5 48.202891 -69.213304 -134.800280 0.943985 -0.327743 -0.026343 0.250000 0.208496 1 5 1.000000
5 50.569333 -63.360939 -152.212755 0.783642 -0.480748 -0.392812 0.166626 0.166992 1 5 1.000000
1fireff1_01_ne05_mesh1
5 48.202891 -69.213304 -134.800280 0.943985 -0.327743 -0.026343 0.250000 0.208496 1 5 1.000000
5 46.937929 -73.068697 -140.042564 0.841662 -0.523013 -0.133556 0.166626 0.208496 1 5 1.000000
5 50.569333 -63.360939 -152.212755 0.783642 -0.480748 -0.392812 0.166626 0.166992 1 5 1.000000
1fireff1_01_ne05_mesh1
5 50.569333 -63.360939 -152.212755 0.783642 -0.480748 -0.392812 0.166626 0.166992 1 5 1.000000
5 46.937929 -73.068697 -140.042564 0.841662 -0.523013 -0.133556 0.166626 0.208496 1 5 1.000000
5 43.575498 -66.549579 -156.076653 0.305136 -0.619859 -0.722172 0.083313 0.166992 1 5 1.000000
1fireff1_01_ne05_mesh1
5 46.937929 -73.068697 -140.042564 0.841662 -0.523013 -0.133556 0.166626 0.208496 1 5 1.000000
5 42.645407 -76.300940 -144.622216 0.418294 -0.756650 -0.502154 0.083313 0.208496 1 5 1.000000
5 43.575498 -66.549579 -156.076653 0.305136 -0.619859 -0.722172 0.083313 0.166992 1 5 1.000000
1fireff1_01_ne05_mesh1
5 43.575498 -66.549579 -156.076653 0.305136 -0.619859 -0.722172 0.083313 0.166992 1 5 1.000000
5 42.645407 -76.300940 -144.622216 0.418294 -0.756650 -0.502154 0.083313 0.208496 1 5 1.000000
5 35.517666 -65.544413 -154.542456 -0.181585 -0.654596 -0.733398 0.000000 0.166992 1 5 1.000000
1fireff1_01_ne05_mesh1
5 42.645407 -76.300940 -144.622216 0.418294 -0.756650 -0.502154 0.083313 0.208496 1 5 1.000000
5 36.370599 -76.629288 -143.958050 -0.149279 -0.713024 -0.684819 0.000000 0.208496 1 5 1.000000
5 35.517666 -65.544413 -154.542456 -0.181585 -0.654596 -0.733398 0.000000 0.166992 1 5 1.000000
1fireff1_01_ne05_mesh1
5 36.370599 -76.629288 -143.958050 -0.149279 -0.713024 -0.684819 1.000000 0.208496 1 5 1.000000
5 30.906828 -89.503670 -130.179413 -0.066241 -0.837375 -0.542162 1.000000 0.250000 1 5 1.000000
5 28.083713 -72.370491 -143.022433 -0.503873 -0.558797 -0.658030 0.916504 0.208496 1 5 1.000000
1fireff1_01_ne05_mesh1
5 30.906828 -89.503670 -130.179413 -0.066241 -0.837375 -0.542162 1.000000 0.250000 1 5 1.000000
5 22.957378 -87.000862 -130.459399 -0.540743 -0.652034 -0.531138 0.916504 0.250000 1 5 1.000000
5 28.083713 -72.370491 -143.022433 -0.503873 -0.558797 -0.658030 0.916504 0.208496 1 5 1.000000
1fireff1_01_ne05_mesh1
5 28.083713 -72.370491 -143.022433 -0.503873 -0.558797 -0.658030 0.916504 0.208496 1 5 1.000000
5 22.957378 -87.000862 -130.459399 -0.540743 -0.652034 -0.531138 0.916504 0.250000 1 5 1.000000
5 21.673340 -66.531233 -139.831966 -0.860129 -0.241096 -0.448325 0.833008 0.208496 1 5 1.000000
1fireff1_01_ne05_mesh1
5 22.957378 -87.000862 -130.459399 -0.540743 -0.652034 -0.531138 0.916504 0.250000 1 5 1.000000
5 14.747435 -78.360344 -126.926538 -0.945376 -0.211343 -0.247454 0.833008 0.250000 1 5 1.000000
5 21.673340 -66.531233 -139.831966 -0.860129 -0.241096 -0.448325 0.833008 0.208496 1 5 1.000000
1fireff1_01_ne05_mesh1
5 21.673340 -66.531233 -139.831966 -0.860129 -0.241096 -0.448325 0.833008 0.208496 1 5 1.000000
5 14.747435 -78.360344 -126.926538 -0.945376 -0.211343 -0.247454 0.833008 0.250000 1 5 1.000000
5 19.086740 -61.307752 -134.868177 -0.967039 0.251363 0.037642 0.750000 0.208496 1 5 1.000000
1fireff1_01_ne05_mesh1
5 14.747435 -78.360344 -126.926538 -0.945376 -0.211343 -0.247454 0.833008 0.250000 1 5 1.000000
5 17.647610 -71.768540 -124.074482 -0.937331 0.319883 0.134140 0.750000 0.250000 1 5 1.000000
5 19.086740 -61.307752 -134.868177 -0.967039 0.251363 0.037642 0.750000 0.208496 1 5 1.000000
1fireff1_01_ne05_mesh1
5 19.086740 -61.307752 -134.868177 -0.967039 0.251363 0.037642 0.750000 0.208496 1 5 1.000000
5 17.647610 -71.768540 -124.074482 -0.937331 0.319883 0.134140 0.750000 0.250000 1 5 1.000000
5 23.886742 -58.665364 -130.699110 -0.734749 0.495934 0.462396 0.666504 0.208496 1 5 1.000000
1fireff1_01_ne05_mesh1
5 17.647610 -71.768540 -124.074482 -0.937331 0.319883 0.134140 0.750000 0.250000 1 5 1.000000
5 24.228620 -66.251753 -120.287322 -0.682794 0.638829 0.353957 0.666504 0.250000 1 5 1.000000
5 23.886742 -58.665364 -130.699110 -0.734749 0.495934 0.462396 0.666504 0.208496 1 5 1.000000
1fireff1_01_ne05_mesh1
5 23.886742 -58.665364 -130.699110 -0.734749 0.495934 0.462396 0.666504 0.208496 1 5 1.000000
5 24.228620 -66.251753 -120.287322 -0.682794 0.638829 0.353957 0.666504 0.250000 1 5 1.000000
5 30.532112 -54.682551 -126.722292 -0.280331 0.625041 0.728127 0.583008 0.208496 1 5 1.000000
1fireff1_01_ne05_mesh1
5 24.228620 -66.251753 -120.287322 -0.682794 0.638829 0.353957 0.666504 0.250000 1 5 1.000000
5 29.816940 -65.005947 -117.983114 -0.369103 0.849636 0.375165 0.583008 0.250000 1 5 1.000000
5 30.532112 -54.682551 -126.722292 -0.280331 0.625041 0.728127 0.583008 0.208496 1 5 1.000000
1fireff1_01_ne05_mesh1
5 30.532112 -54.682551 -126.722292 -0.280331 0.625041 0.728127 0.583008 0.208496 1 5 1.000000
5 29.816940 -65.005947 -117.983114 -0.369103 0.849636 0.375165 0.583008 0.250000 1 5 1.000000
5 39.187426 -56.272534 -127.919899 0.182964 0.668281 0.720384 0.500000 0.208496 1 5 1.000000
1fireff1_01_ne05_mesh1
5 29.816940 -65.005947 -117.983114 -0.369103 0.849636 0.375165 0.583008 0.250000 1 5 1.000000
5 37.266026 -62.504340 -118.402370 0.119751 0.858913 0.497730 0.500000 0.250000 1 5 1.000000
5 39.187426 -56.272534 -127.919899 0.182964 0.668281 0.720384 0.500000 0.208496 1 5 1.000000
1fireff1_01_ne05_mesh1
5 39.187426 -56.272534 -127.919899 0.182964 0.668281 0.720384 0.500000 0.208496 1 5 1.000000
5 37.266026 -62.504340 -118.402370 0.119751 0.858913 0.497730 0.500000 0.250000 1 5 1.000000
5 45.508238 -56.013648 -129.146969 0.580380 0.584342 0.566347 0.416504 0.208496 1 5 1.000000
1fireff1_01_ne05_mesh1
5 37.266026 -62.504340 -118.402370 0.119751 0.858913 0.497730 0.500000 0.250000 1 5 1.000000
5 44.974740 -65.197143 -118.817264 0.556972 0.680940 0.474238 0.416504 0.250000 1 5 1.000000
5 45.508238 -56.013648 -129.146969 0.580380 0.584342 0.566347 0.416504 0.208496 1 5 1.000000
1fireff1_01_ne05_mesh1
5 45.508238 -56.013648 -129.146969 0.580380 0.584342 0.566347 0.416504 0.208496 1 5 1.000000
5 44.974740 -65.197143 -118.817264 0.556972 0.680940 0.474238 0.416504 0.250000 1 5 1.000000
5 49.610879 -62.320577 -132.118123 0.955445 0.184567 0.229010 0.333252 0.208496 1 5 1.000000
1fireff1_01_ne05_mesh1
5 44.974740 -65.197143 -118.817264 0.556972 0.680940 0.474238 0.416504 0.250000 1 5 1.000000
5 50.054242 -69.269944 -119.639362 0.957957 0.184812 0.216977 0.333252 0.250000 1 5 1.000000
5 49.610879 -62.320577 -132.118123 0.955445 0.184567 0.229010 0.333252 0.208496 1 5 1.000000
1fireff1_01_ne05_mesh1
5 49.610879 -62.320577 -132.118123 0.955445 0.184567 0.229010 0.333252 0.208496 1 5 1.000000
5 50.054242 -69.269944 -119.639362 0.957957 0.184812 0.216977 0.333252 0.250000 1 5 1.000000
5 48.202891 -69.213304 -134.800280 0.943985 -0.327743 -0.026343 0.250000 0.208496 1 5 1.000000
1fireff1_01_ne05_mesh1
5 50.054242 -69.269944 -119.639362 0.957957 0.184812 0.216977 0.333252 0.250000 1 5 1.000000
5 47.294416 -76.344940 -121.343775 0.932516 -0.331480 -0.141096 0.250000 0.250000 1 5 1.000000
5 48.202891 -69.213304 -134.800280 0.943985 -0.327743 -0.026343 0.250000 0.208496 1 5 1.000000
1fireff1_01_ne05_mesh1
5 48.202891 -69.213304 -134.800280 0.943985 -0.327743 -0.026343 0.250000 0.208496 1 5 1.000000
5 47.294416 -76.344940 -121.343775 0.932516 -0.331480 -0.141096 0.250000 0.250000 1 5 1.000000
5 46.937929 -73.068697 -140.042564 0.841662 -0.523013 -0.133556 0.166626 0.208496 1 5 1.000000
1fireff1_01_ne05_mesh1
5 47.294416 -76.344940 -121.343775 0.932516 -0.331480 -0.141096 0.250000 0.250000 1 5 1.000000
5 40.510290 -81.772116 -125.494162 0.804801 -0.537169 -0.250368 0.166626 0.250000 1 5 1.000000
5 46.937929 -73.068697 -140.042564 0.841662 -0.523013 -0.133556 0.166626 0.208496 1 5 1.000000
1fireff1_01_ne05_mesh1
5 46.937929 -73.068697 -140.042564 0.841662 -0.523013 -0.133556 0.166626 0.208496 1 5 1.000000
5 40.510290 -81.772116 -125.494162 0.804801 -0.537169 -0.250368 0.166626 0.250000 1 5 1.000000
5 42.645407 -76.300940 -144.622216 0.418294 -0.756650 -0.502154 0.083313 0.208496 1 5 1.000000
1fireff1_01_ne05_mesh1
5 40.510290 -81.772116 -125.494162 0.804801 -0.537169 -0.250368 0.166626 0.250000 1 5 1.000000
5 37.971992 -88.089839 -129.504177 0.483105 -0.771862 -0.411836 0.083313 0.250000 1 5 1.000000
5 42.645407 -76.300940 -144.622216 0.418294 -0.756650 -0.502154 0.083313 0.208496 1 5 1.000000
1fireff1_01_ne05_mesh1
5 42.645407 -76.300940 -144.622216 0.418294 -0.756650 -0.502154 0.083313 0.208496 1 5 1.000000
5 37.971992 -88.089839 -129.504177 0.483105 -0.771862 -0.411836 0.083313 0.250000 1 5 1.000000
5 36.370599 -76.629288 -143.958050 -0.149279 -0.713024 -0.684819 0.000000 0.208496 1 5 1.000000
1fireff1_01_ne05_mesh1
5 37.971992 -88.089839 -129.504177 0.483105 -0.771862 -0.411836 0.083313 0.250000 1 5 1.000000
5 30.906828 -89.503670 -130.179413 -0.066241 -0.837375 -0.542162 0.000000 0.250000 1 5 1.000000
5 36.370599 -76.629288 -143.958050 -0.149279 -0.713024 -0.684819 0.000000 0.208496 1 5 1.000000
1fireff1_01_ne05_mesh1
5 30.906828 -89.503670 -130.179413 -0.066241 -0.837375 -0.542162 1.000000 0.250000 1 5 1.000000
5 31.182363 -97.434647 -111.267329 -0.021830 -0.987460 -0.154280 1.000000 0.291992 1 5 1.000000
5 22.957378 -87.000862 -130.459399 -0.540743 -0.652034 -0.531138 0.916504 0.250000 1 5 1.000000
1fireff1_01_ne05_mesh1
5 31.182363 -97.434647 -111.267329 -0.021830 -0.987460 -0.154280 1.000000 0.291992 1 5 1.000000
5 22.404542 -94.132471 -112.017662 -0.521066 -0.830901 -0.193903 0.916504 0.291992 1 5 1.000000
5 22.957378 -87.000862 -130.459399 -0.540743 -0.652034 -0.531138 0.916504 0.250000 1 5 1.000000
1fireff1_01_ne05_mesh1
5 22.957378 -87.000862 -130.459399 -0.540743 -0.652034 -0.531138 0.916504 0.250000 1 5 1.000000
5 22.404542 -94.132471 -112.017662 -0.521066 -0.830901 -0.193903 0.916504 0.291992 1 5 1.000000
5 14.747435 -78.360344 -126.926538 -0.945376 -0.211343 -0.247454 0.833008 0.250000 1 5 1.000000
1fireff1_01_ne05_mesh1
5 22.404542 -94.132471 -112.017662 -0.521066 -0.830901 -0.193903 0.916504 0.291992 1 5 1.000000
5 19.525881 -88.725931 -111.949012 -0.870073 -0.458465 -0.179054 0.833008 0.291992 1 5 1.000000
5 14.747435 -78.360344 -126.926538 -0.945376 -0.211343 -0.247454 0.833008 0.250000 1 5 1.000000
1fireff1_01_ne05_mesh1
5 14.747435 -78.360344 -126.926538 -0.945376 -0.211343 -0.247454 0.833008 0.250000 1 5 1.000000
5 19.525881 -88.725931 -111.949012 -0.870073 -0.458465 -0.179054 0.833008 0.291992 1 5 1.000000
5 17.647610 -71.768540 -124.074482 -0.937331 0.319883 0.134140 0.750000 0.250000 1 5 1.000000
1fireff1_01_ne05_mesh1
5 19.525881 -88.725931 -111.949012 -0.870073 -0.458465 -0.179054 0.833008 0.291992 1 5 1.000000
5 17.658021 -81.154047 -110.103903 -0.964895 0.261701 -0.007367 0.750000 0.291992 1 5 1.000000
5 17.647610 -71.768540 -124.074482 -0.937331 0.319883 0.134140 0.750000 0.250000 1 5 1.000000
1fireff1_01_ne05_mesh1
5 17.647610 -71.768540 -124.074482 -0.937331 0.319883 0.134140 0.750000 0.250000 1 5 1.000000
5 17.658021 -81.154047 -110.103903 -0.964895 0.261701 -0.007367 0.750000 0.291992 1 5 1.000000
5 24.228620 -66.251753 -120.287322 -0.682794 0.638829 0.353957 0.666504 0.250000 1 5 1.000000
1fireff1_01_ne05_mesh1
5 17.658021 -81.154047 -110.103903 -0.964895 0.261701 -0.007367 0.750000 0.291992 1 5 1.000000
5 20.617116 -73.497823 -107.921402 -0.741234 0.641271 0.197022 0.666504 0.291992 1 5 1.000000
5 24.228620 -66.251753 -120.287322 -0.682794 0.638829 0.353957 0.666504 0.250000 1 5 1.000000
1fireff1_01_ne05_mesh1
5 24.228620 -66.251753 -120.287322 -0.682794 0.638829 0.353957 0.666504 0.250000 1 5 1.000000
5 20.617116 -73.497823 -107.921402 -0.741234 0.641271 0.197022 0.666504 0.291992 1 5 1.000000
5 29.816940 -65.005947 -117.983114 -0.369103 0.849636 0.375165 0.583008 0.250000 1 5 1.000000
1fireff1_01_ne05_mesh1
5 20.617116 -73.497823 -107.921402 -0.741234 0.641271 0.197022 0.666504 0.291992 1 5 1.000000
5 26.661204 -66.792778 -105.814713 -0.444768 0.854140 0.268063 0.583008 0.291992 1 5 1.000000
5 29.816940 -65.005947 -117.983114 -0.369103 0.849636 0.375165 0.583008 0.250000 1 5 1.000000
1fireff1_01_ne05_mesh1
5 29.816940 -65.005947 -117.983114 -0.369103 0.849636 0.375165 0.583008 0.250000 1 5 1.000000
5 26.661204 -66.792778 -105.814713 -0.444768 0.854140 0.268063 0.583008 0.291992 1 5 1.000000
5 37.266026 -62.504340 -118.402370 0.119751 0.858913 0.497730 0.500000 0.250000 1 5 1.000000
1fireff1_01_ne05_mesh1
5 26.661204 -66.792778 -105.814713 -0.444768 0.854140 0.268063 0.583008 0.291992 1 5 1.000000
5 34.892434 -65.811432 -106.923119 0.019074 0.971740 0.233113 0.500000 0.291992 1 5 1.000000
5 37.266026 -62.504340 -118.402370 0.119751 0.858913 0.497730 0.500000 0.250000 1 5 1.000000
1fireff1_01_ne05_mesh1
5 37.266026 -62.504340 -118.402370 0.119751 0.858913 0.497730 0.500000 0.250000 1 5 1.000000
5 34.892434 -65.811432 -106.923119 0.019074 0.971740 0.233113 0.500000 0.291992 1 5 1.000000
5 44.974740 -65.197143 -118.817264 0.556972 0.680940 0.474238 0.416504 0.250000 1 5 1.000000
1fireff1_01_ne05_mesh1
5 34.892434 -65.811432 -106.923119 0.019074 0.971740 0.233113 0.500000 0.291992 1 5 1.000000
5 41.593409 -68.399374 -108.381096 0.576934 0.790585 0.203208 0.416504 0.291992 1 5 1.000000
5 44.974740 -65.197143 -118.817264 0.556972 0.680940 0.474238 0.416504 0.250000 1 5 1.000000
1fireff1_01_ne05_mesh1
5 44.974740 -65.197143 -118.817264 0.556972 0.680940 0.474238 0.416504 0.250000 1 5 1.000000
5 41.593409 -68.399374 -108.381096 0.576934 0.790585 0.203208 0.416504 0.291992 1 5 1.000000
5 50.054242 -69.269944 -119.639362 0.957957 0.184812 0.216977 0.333252 0.250000 1 5 1.000000
1fireff1_01_ne05_mesh1
5 41.593409 -68.399374 -108.381096 0.576934 0.790585 0.203208 0.416504 0.291992 1 5 1.000000
5 46.491378 -76.211267 -108.855924 0.983775 0.173053 0.043203 0.333252 0.291992 1 5 1.000000
5 50.054242 -69.269944 -119.639362 0.957957 0.184812 0.216977 0.333252 0.250000 1 5 1.000000
1fireff1_01_ne05_mesh1
5 50.054242 -69.269944 -119.639362 0.957957 0.184812 0.216977 0.333252 0.250000 1 5 1.000000
5 46.491378 -76.211267 -108.855924 0.983775 0.173053 0.043203 0.333252 0.291992 1 5 1.000000
5 47.294416 -76.344940 -121.343775 0.932516 -0.331480 -0.141096 0.250000 0.250000 1 5 1.000000
1fireff1_01_ne05_mesh1
5 46.491378 -76.211267 -108.855924 0.983775 0.173053 0.043203 0.333252 0.291992 1 5 1.000000
5 47.338408 -85.520053 -108.215179 0.942183 -0.320449 -0.094125 0.250000 0.291992 1 5 1.000000
5 47.294416 -76.344940 -121.343775 0.932516 -0.331480 -0.141096 0.250000 0.250000 1 5 1.000000
1fireff1_01_ne05_mesh1
5 47.294416 -76.344940 -121.343775 0.932516 -0.331480 -0.141096 0.250000 0.250000 1 5 1.000000
5 47.338408 -85.520053 -108.215179 0.942183 -0.320449 -0.094125 0.250000 0.291992 1 5 1.000000
5 40.510290 -81.772116 -125.494162 0.804801 -0.537169 -0.250368 0.166626 0.250000 1 5 1.000000
1fireff1_01_ne05_mesh1
5 47.338408 -85.520053 -108.215179 0.942183 -0.320449 -0.094125 0.250000 0.291992 1 5 1.000000
5 45.225073 -92.537010 -110.757097 0.738412 -0.655856 -0.154865 0.166626 0.291992 1 5 1.000000
5 40.510290 -81.772116 -125.494162 0.804801 -0.537169 -0.250368 0.166626 0.250000 1 5 1.000000
1fireff1_01_ne05_mesh1
5 40.510290 -81.772116 -125.494162 0.804801 -0.537169 -0.250368 0.166626 0.250000 1 5 1.000000
5 45.225073 -92.537010 -110.757097 0.738412 -0.655856 -0.154865 0.166626 0.291992 1 5 1.000000
5 37.971992 -88.089839 -129.504177 0.483105 -0.771862 -0.411836 0.083313 0.250000 1 5 1.000000
1fireff1_01_ne05_mesh1
5 45.225073 -92.537010 -110.757097 0.738412 -0.655856 -0.154865 0.166626 0.291992 1 5 1.000000
5 37.518818 -94.596488 -111.834234 0.435103 -0.883727 -0.169837 0.083313 0.291992 1 5 1.000000
5 37.971992 -88.089839 -129.504177 0.483105 -0.771862 -0.411836 0.083313 0.250000 1 5 1.000000
1fireff1_01_ne05_mesh1
5 37.971992 -88.089839 -129.504177 0.483105 -0.771862 -0.411836 0.083313 0.250000 1 5 1.000000
5 37.518818 -94.596488 -111.834234 0.435103 -0.883727 -0.169837 0.083313 0.291992 1 5 1.000000
5 30.906828 -89.503670 -130.179413 -0.066241 -0.837375 -0.542162 0.000000 0.250000 1 5 1.000000
1fireff1_01_ne05_mesh1
5 37.518818 -94.596488 -111.834234 0.435103 -0.883727 -0.169837 0.083313 0.291992 1 5 1.000000
5 31.182363 -97.434647 -111.267329 -0.021830 -0.987460 -0.154280 0.000000 0.291992 1 5 1.000000
5 30.906828 -89.503670 -130.179413 -0.066241 -0.837375 -0.542162 0.000000 0.250000 1 5 1.000000
1fireff1_01_ne05_mesh1
5 25.897602 -96.514443 -97.239018 -0.185457 -0.982046 0.016330 0.000000 0.333496 1 5 1.000000
5 31.182363 -97.434647 -111.267329 -0.021830 -0.987460 -0.154280 0.000000 0.291992 1 5 1.000000
5 36.847131 -94.709211 -95.748126 0.342970 -0.934370 0.091878 0.083313 0.333496 1 5 1.000000
1fireff1_01_ne05_mesh1
5 31.182363 -97.434647 -111.267329 -0.021830 -0.987460 -0.154280 0.000000 0.291992 1 5 1.000000
5 37.518818 -94.596488 -111.834234 0.435103 -0.883727 -0.169837 0.083313 0.291992 1 5 1.000000
5 36.847131 -94.709211 -95.748126 0.342970 -0.934370 0.091878 0.083313 0.333496 1 5 1.000000
1fireff1_01_ne05_mesh1
5 36.847131 -94.709211 -95.748126 0.342970 -0.934370 0.091878 0.083313 0.333496 1 5 1.000000
5 37.518818 -94.596488 -111.834234 0.435103 -0.883727 -0.169837 0.083313 0.291992 1 5 1.000000
5 42.010067 -90.564641 -95.366914 0.653470 -0.745126 0.132272 0.166626 0.333496 1 5 1.000000
1fireff1_01_ne05_mesh1
5 37.518818 -94.596488 -111.834234 0.435103 -0.883727 -0.169837 0.083313 0.291992 1 5 1.000000
5 45.225073 -92.537010 -110.757097 0.738412 -0.655856 -0.154865 0.166626 0.291992 1 5 1.000000
5 42.010067 -90.564641 -95.366914 0.653470 -0.745126 0.132272 0.166626 0.333496 1 5 1.000000
1fireff1_01_ne05_mesh1
5 42.010067 -90.564641 -95.366914 0.653470 -0.745126 0.132272 0.166626 0.333496 1 5 1.000000
5 45.225073 -92.537010 -110.757097 0.738412 -0.655856 -0.154865 0.166626 0.291992 1 5 1.000000
5 47.122335 -85.011351 -95.729472 0.952513 -0.302148 0.021374 0.250000 0.333496 1 5 1.000000
1fireff1_01_ne05_mesh1
5 45.225073 -92.537010 -110.757097 0.738412 -0.655856 -0.154865 0.166626 0.291992 1 5 1.000000
5 47.338408 -85.520053 -108.215179 0.942183 -0.320449 -0.094125 0.250000 0.291992 1 5 1.000000
5 47.122335 -85.011351 -95.729472 0.952513 -0.302148 0.021374 0.250000 0.333496 1 5 1.000000
1fireff1_01_ne05_mesh1
5 47.122335 -85.011351 -95.729472 0.952513 -0.302148 0.021374 0.250000 0.333496 1 5 1.000000
5 47.338408 -85.520053 -108.215179 0.942183 -0.320449 -0.094125 0.250000 0.291992 1 5 1.000000
5 49.287926 -78.191767 -95.199913 0.976780 0.141536 -0.157178 0.333252 0.333496 1 5 1.000000
1fireff1_01_ne05_mesh1
5 47.338408 -85.520053 -108.215179 0.942183 -0.320449 -0.094125 0.250000 0.291992 1 5 1.000000
5 46.491378 -76.211267 -108.855924 0.983775 0.173053 0.043203 0.333252 0.291992 1 5 1.000000
5 49.287926 -78.191767 -95.199913 0.976780 0.141536 -0.157178 0.333252 0.333496 1 5 1.000000
1fireff1_01_ne05_mesh1
5 49.287926 -78.191767 -95.199913 0.976780 0.141536 -0.157178 0.333252 0.333496 1 5 1.000000
5 46.491378 -76.211267 -108.855924 0.983775 0.173053 0.043203 0.333252 0.291992 1 5 1.000000
5 46.314401 -69.246437 -96.255119 0.699006 0.703381 -0.124302 0.416504 0.333496 1 5 1.000000
1fireff1_01_ne05_mesh1
5 46.491378 -76.211267 -108.855924 0.983775 0.173053 0.043203 0.333252 0.291992 1 5 1.000000
5 41.593409 -68.399374 -108.381096 0.576934 0.790585 0.203208 0.416504 0.291992 1 5 1.000000
5 46.314401 -69.246437 -96.255119 0.699006 0.703381 -0.124302 0.416504 0.333496 1 5 1.000000
1fireff1_01_ne05_mesh1
5 46.314401 -69.246437 -96.255119 0.699006 0.703381 -0.124302 0.416504 0.333496 1 5 1.000000
5 41.593409 -68.399374 -108.381096 0.576934 0.790585 0.203208 0.416504 0.291992 1 5 1.000000
5 38.728701 -68.131344 -95.730479 0.072228 0.981840 0.173296 0.500000 0.333496 1 5 1.000000
1fireff1_01_ne05_mesh1
5 41.593409 -68.399374 -108.381096 0.576934 0.790585 0.203208 0.416504 0.291992 1 5 1.000000
5 34.892434 -65.811432 -106.923119 0.019074 0.971740 0.233113 0.500000 0.291992 1 5 1.000000
5 38.728701 -68.131344 -95.730479 0.072228 0.981840 0.173296 0.500000 0.333496 1 5 1.000000
1fireff1_01_ne05_mesh1
5 38.728701 -68.131344 -95.730479 0.072228 0.981840 0.173296 0.500000 0.333496 1 5 1.000000
5 34.892434 -65.811432 -106.923119 0.019074 0.971740 0.233113 0.500000 0.291992 1 5 1.000000
5 30.865673 -70.880115 -95.676187 -0.395126 0.839919 0.370859 0.583008 0.333496 1 5 1.000000
1fireff1_01_ne05_mesh1
5 34.892434 -65.811432 -106.923119 0.019074 0.971740 0.233113 0.500000 0.291992 1 5 1.000000
5 26.661204 -66.792778 -105.814713 -0.444768 0.854140 0.268063 0.583008 0.291992 1 5 1.000000
5 30.865673 -70.880115 -95.676187 -0.395126 0.839919 0.370859 0.583008 0.333496 1 5 1.000000
1fireff1_01_ne05_mesh1
5 30.865673 -70.880115 -95.676187 -0.395126 0.839919 0.370859 0.583008 0.333496 1 5 1.000000
5 26.661204 -66.792778 -105.814713 -0.444768 0.854140 0.268063 0.583008 0.291992 1 5 1.000000
5 19.095329 -79.029627 -96.044953 -0.761522 0.628747 0.155434 0.666504 0.333496 1 5 1.000000
1fireff1_01_ne05_mesh1
5 26.661204 -66.792778 -105.814713 -0.444768 0.854140 0.268063 0.583008 0.291992 1 5 1.000000
5 20.617116 -73.497823 -107.921402 -0.741234 0.641271 0.197022 0.666504 0.291992 1 5 1.000000
5 19.095329 -79.029627 -96.044953 -0.761522 0.628747 0.155434 0.666504 0.333496 1 5 1.000000
1fireff1_01_ne05_mesh1
5 19.095329 -79.029627 -96.044953 -0.761522 0.628747 0.155434 0.666504 0.333496 1 5 1.000000
5 20.617116 -73.497823 -107.921402 -0.741234 0.641271 0.197022 0.666504 0.291992 1 5 1.000000
5 13.077272 -84.486904 -96.984813 -0.941055 0.222011 -0.253157 0.750000 0.333496 1 5 1.000000
1fireff1_01_ne05_mesh1
5 20.617116 -73.497823 -107.921402 -0.741234 0.641271 0.197022 0.666504 0.291992 1 5 1.000000
5 17.658021 -81.154047 -110.103903 -0.964895 0.261701 -0.007367 0.750000 0.291992 1 5 1.000000
5 13.077272 -84.486904 -96.984813 -0.941055 0.222011 -0.253157 0.750000 0.333496 1 5 1.000000
1fireff1_01_ne05_mesh1
5 13.077272 -84.486904 -96.984813 -0.941055 0.222011 -0.253157 0.750000 0.333496 1 5 1.000000
5 17.658021 -81.154047 -110.103903 -0.964895 0.261701 -0.007367 0.750000 0.291992 1 5 1.000000
5 12.005512 -90.222889 -96.255813 -0.850433 -0.412837 -0.325562 0.833008 0.333496 1 5 1.000000
1fireff1_01_ne05_mesh1
5 17.658021 -81.154047 -110.103903 -0.964895 0.261701 -0.007367 0.750000 0.291992 1 5 1.000000
5 19.525881 -88.725931 -111.949012 -0.870073 -0.458465 -0.179054 0.833008 0.291992 1 5 1.000000
5 12.005512 -90.222889 -96.255813 -0.850433 -0.412837 -0.325562 0.833008 0.333496 1 5 1.000000
1fireff1_01_ne05_mesh1
5 12.005512 -90.222889 -96.255813 -0.850433 -0.412837 -0.325562 0.833008 0.333496 1 5 1.000000
5 19.525881 -88.725931 -111.949012 -0.870073 -0.458465 -0.179054 0.833008 0.291992 1 5 1.000000
5 18.499547 -90.990489 -97.158738 -0.526599 -0.842329 -0.111771 0.916504 0.333496 1 5 1.000000
1fireff1_01_ne05_mesh1
5 19.525881 -88.725931 -111.949012 -0.870073 -0.458465 -0.179054 0.833008 0.291992 1 5 1.000000
5 22.404542 -94.132471 -112.017662 -0.521066 -0.830901 -0.193903 0.916504 0.291992 1 5 1.000000
5 18.499547 -90.990489 -97.158738 -0.526599 -0.842329 -0.111771 0.916504 0.333496 1 5 1.000000
1fireff1_01_ne05_mesh1
5 18.499547 -90.990489 -97.158738 -0.526599 -0.842329 -0.111771 0.916504 0.333496 1 5 1.000000
5 22.404542 -94.132471 -112.017662 -0.521066 -0.830901 -0.193903 0.916504 0.291992 1 5 1.000000
5 25.897602 -96.514443 -97.239018 -0.185457 -0.982046 0.016330 1.000000 0.333496 1 5 1.000000
1fireff1_01_ne05_mesh1
5 22.404542 -94.132471 -112.017662 -0.521066 -0.830901 -0.193903 0.916504 0.291992 1 5 1.000000
5 31.182363 -97.434647 -111.267329 -0.021830 -0.987460 -0.154280 1.000000 0.291992 1 5 1.000000
5 25.897602 -96.514443 -97.239018 -0.185457 -0.982046 0.016330 1.000000 0.333496 1 5 1.000000
1fireff1_01_ne05_mesh1
5 43.826612 29.907206 -49.555772 -0.488009 0.638806 0.594356 0.915527 0.652344 1 5 1.000000
5 45.820231 43.351791 -63.292417 -0.507670 0.735632 0.447828 0.916504 0.750000 1 5 1.000000
5 42.203447 26.601520 -52.827059 -0.783283 0.486097 0.386077 0.772461 0.580078 1 5 1.000000
1fireff1_01_ne05_mesh1
5 45.820231 43.351791 -63.292417 -0.507670 0.735632 0.447828 0.916504 0.750000 1 5 1.000000
5 42.395263 36.255084 -66.667981 -0.749195 0.569654 0.336527 0.833008 0.750000 1 5 1.000000
5 42.203447 26.601520 -52.827059 -0.783283 0.486097 0.386077 0.772461 0.580078 1 5 1.000000
1fireff1_01_ne05_mesh1
5 42.203447 26.601520 -52.827059 -0.783283 0.486097 0.386077 0.772461 0.580078 1 5 1.000000
5 42.395263 36.255084 -66.667981 -0.749195 0.569654 0.336527 0.833008 0.750000 1 5 1.000000
5 38.365682 23.984475 -56.244364 -0.902952 0.231657 0.360710 0.752930 0.639160 1 5 1.000000
1fireff1_01_ne05_mesh1
5 42.395263 36.255084 -66.667981 -0.749195 0.569654 0.336527 0.833008 0.750000 1 5 1.000000
5 31.987984 29.756922 -68.220099 -0.961039 0.189795 0.198829 0.750000 0.750000 1 5 1.000000
5 38.365682 23.984475 -56.244364 -0.902952 0.231657 0.360710 0.752930 0.639160 1 5 1.000000
1fireff1_01_ne05_mesh1
5 38.365682 23.984475 -56.244364 -0.902952 0.231657 0.360710 0.752930 0.639160 1 5 1.000000
5 31.987984 29.756922 -68.220099 -0.961039 0.189795 0.198829 0.750000 0.750000 1 5 1.000000
5 34.872795 22.971357 -71.674597 -0.791269 -0.568906 -0.221642 0.666504 0.750000 1 5 1.000000
1fireff1_01_ne05_mesh1
5 31.987984 29.756922 -68.220099 -0.961039 0.189795 0.198829 0.750000 0.750000 1 5 1.000000
5 35.208586 39.900855 -80.704773 -0.868558 0.493843 0.038523 0.750000 0.791748 1 5 1.000000
5 34.872795 22.971357 -71.674597 -0.791269 -0.568906 -0.221642 0.666504 0.750000 1 5 1.000000
1fireff1_01_ne05_mesh1
5 34.872795 22.971357 -71.674597 -0.791269 -0.568906 -0.221642 0.666504 0.750000 1 5 1.000000
5 35.208586 39.900855 -80.704773 -0.868558 0.493843 0.038523 0.750000 0.791748 1 5 1.000000
5 39.073911 30.575100 -84.968358 -0.824203 -0.490189 -0.282513 0.666504 0.791748 1 5 1.000000
1fireff1_01_ne05_mesh1
5 35.208586 39.900855 -80.704773 -0.868558 0.493843 0.038523 0.750000 0.791748 1 5 1.000000
5 37.923092 39.708626 -97.177508 -0.923501 0.381784 -0.032224 0.750000 0.833374 1 5 1.000000
5 39.073911 30.575100 -84.968358 -0.824203 -0.490189 -0.282513 0.666504 0.791748 1 5 1.000000
1fireff1_01_ne05_mesh1
5 39.073911 30.575100 -84.968358 -0.824203 -0.490189 -0.282513 0.666504 0.791748 1 5 1.000000
5 37.923092 39.708626 -97.177508 -0.923501 0.381784 -0.032224 0.750000 0.833374 1 5 1.000000
5 39.928076 31.371136 -101.710986 -0.853789 -0.511323 0.093245 0.666504 0.833374 1 5 1.000000
1fireff1_01_ne05_mesh1
5 37.923092 39.708626 -97.177508 -0.923501 0.381784 -0.032224 0.750000 0.833374 1 5 1.000000
5 36.666335 38.528315 -117.977343 -0.939606 0.339686 -0.036491 0.750000 0.875000 1 5 1.000000
5 39.928076 31.371136 -101.710986 -0.853789 -0.511323 0.093245 0.666504 0.833374 1 5 1.000000
1fireff1_01_ne05_mesh1
5 39.928076 31.371136 -101.710986 -0.853789 -0.511323 0.093245 0.666504 0.833374 1 5 1.000000
5 36.666335 38.528315 -117.977343 -0.939606 0.339686 -0.036491 0.750000 0.875000 1 5 1.000000
5 37.640007 27.615941 -115.141593 -0.866129 -0.455353 0.204398 0.666504 0.875000 1 5 1.000000
1fireff1_01_ne05_mesh1
5 36.666335 38.528315 -117.977343 -0.939606 0.339686 -0.036491 0.750000 0.875000 1 5 1.000000
5 35.453609 29.680597 -130.803593 -0.986424 0.126640 -0.099812 0.750000 0.916687 1 5 1.000000
5 37.640007 27.615941 -115.141593 -0.866129 -0.455353 0.204398 0.666504 0.875000 1 5 1.000000
1fireff1_01_ne05_mesh1
5 37.640007 27.615941 -115.141593 -0.866129 -0.455353 0.204398 0.666504 0.875000 1 5 1.000000
5 35.453609 29.680597 -130.803593 -0.986424 0.126640 -0.099812 0.750000 0.916687 1 5 1.000000
5 38.697138 24.541494 -126.307456 -0.913976 -0.349219 0.205342 0.666504 0.916687 1 5 1.000000
1fireff1_01_ne05_mesh1
5 35.453609 29.680597 -130.803593 -0.986424 0.126640 -0.099812 0.750000 0.916687 1 5 1.000000
5 37.699522 21.044116 -144.058067 -0.957382 0.280905 -0.060899 0.750000 0.958344 1 5 1.000000
5 38.697138 24.541494 -126.307456 -0.913976 -0.349219 0.205342 0.666504 0.916687 1 5 1.000000
1fireff1_01_ne05_mesh1
5 38.697138 24.541494 -126.307456 -0.913976 -0.349219 0.205342 0.666504 0.916687 1 5 1.000000
5 37.699522 21.044116 -144.058067 -0.957382 0.280905 -0.060899 0.750000 0.958344 1 5 1.000000
5 37.946120 15.743253 -137.561914 -0.941973 -0.013103 0.335020 0.666504 0.958344 1 5 1.000000
1fireff1_01_ne05_mesh1
5 37.699522 21.044116 -144.058067 -0.957382 0.280905 -0.060899 0.750000 0.958344 1 5 1.000000
5 30.897955 6.208430 -149.876734 -0.983083 0.169311 -0.068554 0.750000 1.000000 1 5 1.000000
5 37.946120 15.743253 -137.561914 -0.941973 -0.013103 0.335020 0.666504 0.958344 1 5 1.000000
1fireff1_01_ne05_mesh1
5 37.946120 15.743253 -137.561914 -0.941973 -0.013103 0.335020 0.666504 0.958344 1 5 1.000000
5 30.897955 6.208430 -149.876734 -0.983083 0.169311 -0.068554 0.750000 1.000000 1 5 1.000000
5 30.405504 3.244742 -142.994415 -0.930044 0.012109 0.366696 0.666504 1.000000 1 5 1.000000
1fireff1_01_ne05_mesh1
5 47.456503 12.536939 -163.903670 0.066602 0.352087 -0.933058 0.000000 1.000000 1 5 1.000000
5 52.636639 29.372928 -153.222571 0.165231 0.673994 -0.719314 0.000000 0.958344 1 5 1.000000
5 55.298588 9.637048 -161.878533 0.546499 0.233515 -0.803501 0.083313 1.000000 1 5 1.000000
1fireff1_01_ne05_mesh1
5 52.636639 29.372928 -153.222571 0.165231 0.673994 -0.719314 0.000000 0.958344 1 5 1.000000
5 60.158588 24.725972 -151.438776 0.617698 0.447558 -0.646064 0.083313 0.958344 1 5 1.000000
5 55.298588 9.637048 -161.878533 0.546499 0.233515 -0.803501 0.083313 1.000000 1 5 1.000000
1fireff1_01_ne05_mesh1
5 55.298588 9.637048 -161.878533 0.546499 0.233515 -0.803501 0.083313 1.000000 1 5 1.000000
5 60.158588 24.725972 -151.438776 0.617698 0.447558 -0.646064 0.083313 0.958344 1 5 1.000000
5 59.148079 5.987988 -154.724729 0.878399 0.045367 -0.474257 0.166626 1.000000 1 5 1.000000
1fireff1_01_ne05_mesh1
5 60.158588 24.725972 -151.438776 0.617698 0.447558 -0.646064 0.083313 0.958344 1 5 1.000000
5 66.104222 21.764481 -148.653637 0.893479 0.170987 -0.414413 0.166626 0.958344 1 5 1.000000
5 59.148079 5.987988 -154.724729 0.878399 0.045367 -0.474257 0.166626 1.000000 1 5 1.000000
1fireff1_01_ne05_mesh1
5 59.148079 5.987988 -154.724729 0.878399 0.045367 -0.474257 0.166626 1.000000 1 5 1.000000
5 66.104222 21.764481 -148.653637 0.893479 0.170987 -0.414413 0.166626 0.958344 1 5 1.000000
5 60.755294 2.952479 -147.582247 0.972277 -0.230901 0.024710 0.250000 1.000000 1 5 1.000000
1fireff1_01_ne05_mesh1
5 66.104222 21.764481 -148.653637 0.893479 0.170987 -0.414413 0.166626 0.958344 1 5 1.000000
5 67.451622 17.127944 -142.317939 0.983502 -0.179105 -0.017026 0.250000 0.958344 1 5 1.000000
5 60.755294 2.952479 -147.582247 0.972277 -0.230901 0.024710 0.250000 1.000000 1 5 1.000000
1fireff1_01_ne05_mesh1
5 60.755294 2.952479 -147.582247 0.972277 -0.230901 0.024710 0.250000 1.000000 1 5 1.000000
5 67.451622 17.127944 -142.317939 0.983502 -0.179105 -0.017026 0.250000 0.958344 1 5 1.000000
5 55.981668 -1.338022 -141.829578 0.713556 -0.386743 0.583847 0.333252 1.000000 1 5 1.000000
1fireff1_01_ne05_mesh1
5 67.451622 17.127944 -142.317939 0.983502 -0.179105 -0.017026 0.250000 0.958344 1 5 1.000000
5 63.336174 9.992894 -137.493195 0.795677 -0.513639 0.320028 0.333252 0.958344 1 5 1.000000
5 55.981668 -1.338022 -141.829578 0.713556 -0.386743 0.583847 0.333252 1.000000 1 5 1.000000
1fireff1_01_ne05_mesh1
5 55.981668 -1.338022 -141.829578 0.713556 -0.386743 0.583847 0.333252 1.000000 1 5 1.000000
5 63.336174 9.992894 -137.493195 0.795677 -0.513639 0.320028 0.333252 0.958344 1 5 1.000000
5 51.111274 -2.705092 -139.265625 0.328730 -0.440510 0.834930 0.416504 1.000000 1 5 1.000000
1fireff1_01_ne05_mesh1
5 63.336174 9.992894 -137.493195 0.795677 -0.513639 0.320028 0.333252 0.958344 1 5 1.000000
5 54.639728 5.985502 -133.015567 0.347095 -0.685093 0.639772 0.416504 0.958344 1 5 1.000000
5 51.111274 -2.705092 -139.265625 0.328730 -0.440510 0.834930 0.416504 1.000000 1 5 1.000000
1fireff1_01_ne05_mesh1
5 51.111274 -2.705092 -139.265625 0.328730 -0.440510 0.834930 0.416504 1.000000 1 5 1.000000
5 54.639728 5.985502 -133.015567 0.347095 -0.685093 0.639772 0.416504 0.958344 1 5 1.000000
5 43.218068 -2.379847 -138.078478 -0.119387 -0.390659 0.912219 0.500000 1.000000 1 5 1.000000
1fireff1_01_ne05_mesh1
5 54.639728 5.985502 -133.015567 0.347095 -0.685093 0.639772 0.416504 0.958344 1 5 1.000000
5 45.622140 7.067739 -130.953604 -0.232494 -0.613850 0.753956 0.500000 0.958344 1 5 1.000000
5 43.218068 -2.379847 -138.078478 -0.119387 -0.390659 0.912219 0.500000 1.000000 1 5 1.000000
1fireff1_01_ne05_mesh1
5 43.218068 -2.379847 -138.078478 -0.119387 -0.390659 0.912219 0.500000 1.000000 1 5 1.000000
5 45.622140 7.067739 -130.953604 -0.232494 -0.613850 0.753956 0.500000 0.958344 1 5 1.000000
5 36.656790 1.897260 -139.888740 -0.587183 -0.231318 0.775057 0.583008 1.000000 1 5 1.000000
1fireff1_01_ne05_mesh1
5 45.622140 7.067739 -130.953604 -0.232494 -0.613850 0.753956 0.500000 0.958344 1 5 1.000000
5 40.163724 10.453425 -131.394434 -0.672786 -0.340327 0.656013 0.583008 0.958344 1 5 1.000000
5 36.656790 1.897260 -139.888740 -0.587183 -0.231318 0.775057 0.583008 1.000000 1 5 1.000000
1fireff1_01_ne05_mesh1
5 36.656790 1.897260 -139.888740 -0.587183 -0.231318 0.775057 0.583008 1.000000 1 5 1.000000
5 40.163724 10.453425 -131.394434 -0.672786 -0.340327 0.656013 0.583008 0.958344 1 5 1.000000
5 30.405504 3.244742 -142.994415 -0.930044 0.012109 0.366696 0.666504 1.000000 1 5 1.000000
1fireff1_01_ne05_mesh1
5 40.163724 10.453425 -131.394434 -0.672786 -0.340327 0.656013 0.583008 0.958344 1 5 1.000000
5 37.946120 15.743253 -137.561914 -0.941973 -0.013103 0.335020 0.666504 0.958344 1 5 1.000000
5 30.405504 3.244742 -142.994415 -0.930044 0.012109 0.366696 0.666504 1.000000 1 5 1.000000
1fireff1_01_ne05_mesh1
5 52.636639 29.372928 -153.222571 0.165231 0.673994 -0.719314 0.000000 0.958344 1 5 1.000000
5 53.531410 44.066439 -133.840386 0.165414 0.863206 -0.476515 0.000000 0.916687 1 5 1.000000
5 60.158588 24.725972 -151.438776 0.617698 0.447558 -0.646064 0.083313 0.958344 1 5 1.000000
1fireff1_01_ne05_mesh1
5 53.531410 44.066439 -133.840386 0.165414 0.863206 -0.476515 0.000000 0.916687 1 5 1.000000
5 60.383000 38.737366 -133.339645 0.645789 0.661031 -0.381192 0.083313 0.916687 1 5 1.000000
5 60.158588 24.725972 -151.438776 0.617698 0.447558 -0.646064 0.083313 0.958344 1 5 1.000000
1fireff1_01_ne05_mesh1
5 60.158588 24.725972 -151.438776 0.617698 0.447558 -0.646064 0.083313 0.958344 1 5 1.000000
5 60.383000 38.737366 -133.339645 0.645789 0.661031 -0.381192 0.083313 0.916687 1 5 1.000000
5 66.104222 21.764481 -148.653637 0.893479 0.170987 -0.414413 0.166626 0.958344 1 5 1.000000
1fireff1_01_ne05_mesh1
5 60.383000 38.737366 -133.339645 0.645789 0.661031 -0.381192 0.083313 0.916687 1 5 1.000000
5 65.135023 32.740768 -131.923128 0.936986 0.326100 -0.122270 0.166626 0.916687 1 5 1.000000
5 66.104222 21.764481 -148.653637 0.893479 0.170987 -0.414413 0.166626 0.958344 1 5 1.000000
1fireff1_01_ne05_mesh1
5 66.104222 21.764481 -148.653637 0.893479 0.170987 -0.414413 0.166626 0.958344 1 5 1.000000
5 65.135023 32.740768 -131.923128 0.936986 0.326100 -0.122270 0.166626 0.916687 1 5 1.000000
5 67.451622 17.127944 -142.317939 0.983502 -0.179105 -0.017026 0.250000 0.958344 1 5 1.000000
1fireff1_01_ne05_mesh1
5 65.135023 32.740768 -131.923128 0.936986 0.326100 -0.122270 0.166626 0.916687 1 5 1.000000
5 65.255843 26.078668 -130.081900 0.988870 -0.012049 0.146745 0.250000 0.916687 1 5 1.000000
5 67.451622 17.127944 -142.317939 0.983502 -0.179105 -0.017026 0.250000 0.958344 1 5 1.000000
1fireff1_01_ne05_mesh1
5 67.451622 17.127944 -142.317939 0.983502 -0.179105 -0.017026 0.250000 0.958344 1 5 1.000000
5 65.255843 26.078668 -130.081900 0.988870 -0.012049 0.146745 0.250000 0.916687 1 5 1.000000
5 63.336174 9.992894 -137.493195 0.795677 -0.513639 0.320028 0.333252 0.958344 1 5 1.000000
1fireff1_01_ne05_mesh1
5 65.255843 26.078668 -130.081900 0.988870 -0.012049 0.146745 0.250000 0.916687 1 5 1.000000
5 64.161103 19.254423 -127.357931 0.896756 -0.347911 0.272706 0.333252 0.916687 1 5 1.000000
5 63.336174 9.992894 -137.493195 0.795677 -0.513639 0.320028 0.333252 0.958344 1 5 1.000000
1fireff1_01_ne05_mesh1
5 63.336174 9.992894 -137.493195 0.795677 -0.513639 0.320028 0.333252 0.958344 1 5 1.000000
5 64.161103 19.254423 -127.357931 0.896756 -0.347911 0.272706 0.333252 0.916687 1 5 1.000000
5 54.639728 5.985502 -133.015567 0.347095 -0.685093 0.639772 0.416504 0.958344 1 5 1.000000
1fireff1_01_ne05_mesh1
5 64.161103 19.254423 -127.357931 0.896756 -0.347911 0.272706 0.333252 0.916687 1 5 1.000000
5 56.370126 13.025664 -123.277226 0.355173 -0.829844 0.429796 0.416504 0.916687 1 5 1.000000
5 54.639728 5.985502 -133.015567 0.347095 -0.685093 0.639772 0.416504 0.958344 1 5 1.000000
1fireff1_01_ne05_mesh1
5 54.639728 5.985502 -133.015567 0.347095 -0.685093 0.639772 0.416504 0.958344 1 5 1.000000
5 56.370126 13.025664 -123.277226 0.355173 -0.829844 0.429796 0.416504 0.916687 1 5 1.000000
5 45.622140 7.067739 -130.953604 -0.232494 -0.613850 0.753956 0.500000 0.958344 1 5 1.000000
1fireff1_01_ne05_mesh1
5 56.370126 13.025664 -123.277226 0.355173 -0.829844 0.429796 0.416504 0.916687 1 5 1.000000
5 48.659159 14.645758 -122.908842 -0.367830 -0.774339 0.514194 0.500000 0.916687 1 5 1.000000
5 45.622140 7.067739 -130.953604 -0.232494 -0.613850 0.753956 0.500000 0.958344 1 5 1.000000
1fireff1_01_ne05_mesh1
5 45.622140 7.067739 -130.953604 -0.232494 -0.613850 0.753956 0.500000 0.958344 1 5 1.000000
5 48.659159 14.645758 -122.908842 -0.367830 -0.774339 0.514194 0.500000 0.916687 1 5 1.000000
5 40.163724 10.453425 -131.394434 -0.672786 -0.340327 0.656013 0.583008 0.958344 1 5 1.000000
1fireff1_01_ne05_mesh1
5 48.659159 14.645758 -122.908842 -0.367830 -0.774339 0.514194 0.500000 0.916687 1 5 1.000000
5 42.126961 18.953249 -125.196212 -0.749230 -0.503548 0.428908 0.583008 0.916687 1 5 1.000000
5 40.163724 10.453425 -131.394434 -0.672786 -0.340327 0.656013 0.583008 0.958344 1 5 1.000000
1fireff1_01_ne05_mesh1
5 40.163724 10.453425 -131.394434 -0.672786 -0.340327 0.656013 0.583008 0.958344 1 5 1.000000
5 42.126961 18.953249 -125.196212 -0.749230 -0.503548 0.428908 0.583008 0.916687 1 5 1.000000
5 37.946120 15.743253 -137.561914 -0.941973 -0.013103 0.335020 0.666504 0.958344 1 5 1.000000
1fireff1_01_ne05_mesh1
5 42.126961 18.953249 -125.196212 -0.749230 -0.503548 0.428908 0.583008 0.916687 1 5 1.000000
5 38.697138 24.541494 -126.307456 -0.913976 -0.349219 0.205342 0.666504 0.916687 1 5 1.000000
5 37.946120 15.743253 -137.561914 -0.941973 -0.013103 0.335020 0.666504 0.958344 1 5 1.000000
1fireff1_01_ne05_mesh1
5 53.531410 44.066439 -133.840386 0.165414 0.863206 -0.476515 0.000000 0.916687 1 5 1.000000
5 52.835134 50.922396 -114.903643 0.221156 0.964242 -0.142612 0.000000 0.875000 1 5 1.000000
5 60.383000 38.737366 -133.339645 0.645789 0.661031 -0.381192 0.083313 0.916687 1 5 1.000000
1fireff1_01_ne05_mesh1
5 52.835134 50.922396 -114.903643 0.221156 0.964242 -0.142612 0.000000 0.875000 1 5 1.000000
5 59.972048 45.348009 -119.184688 0.647856 0.732961 -0.204744 0.083313 0.875000 1 5 1.000000
5 60.383000 38.737366 -133.339645 0.645789 0.661031 -0.381192 0.083313 0.916687 1 5 1.000000
1fireff1_01_ne05_mesh1
5 60.383000 38.737366 -133.339645 0.645789 0.661031 -0.381192 0.083313 0.916687 1 5 1.000000
5 59.972048 45.348009 -119.184688 0.647856 0.732961 -0.204744 0.083313 0.875000 1 5 1.000000
5 65.135023 32.740768 -131.923128 0.936986 0.326100 -0.122270 0.166626 0.916687 1 5 1.000000
1fireff1_01_ne05_mesh1
5 59.972048 45.348009 -119.184688 0.647856 0.732961 -0.204744 0.083313 0.875000 1 5 1.000000
5 64.277219 39.762183 -117.994841 0.948367 0.288943 -0.127950 0.166626 0.875000 1 5 1.000000
5 65.135023 32.740768 -131.923128 0.936986 0.326100 -0.122270 0.166626 0.916687 1 5 1.000000
1fireff1_01_ne05_mesh1
5 65.135023 32.740768 -131.923128 0.936986 0.326100 -0.122270 0.166626 0.916687 1 5 1.000000
5 64.277219 39.762183 -117.994841 0.948367 0.288943 -0.127950 0.166626 0.875000 1 5 1.000000
5 65.255843 26.078668 -130.081900 0.988870 -0.012049 0.146745 0.250000 0.916687 1 5 1.000000
1fireff1_01_ne05_mesh1
5 64.277219 39.762183 -117.994841 0.948367 0.288943 -0.127950 0.166626 0.875000 1 5 1.000000
5 62.112641 30.027824 -120.796167 0.995935 -0.045276 0.076288 0.250000 0.875000 1 5 1.000000
5 65.255843 26.078668 -130.081900 0.988870 -0.012049 0.146745 0.250000 0.916687 1 5 1.000000
1fireff1_01_ne05_mesh1
5 65.255843 26.078668 -130.081900 0.988870 -0.012049 0.146745 0.250000 0.916687 1 5 1.000000
5 62.112641 30.027824 -120.796167 0.995935 -0.045276 0.076288 0.250000 0.875000 1 5 1.000000
5 64.161103 19.254423 -127.357931 0.896756 -0.347911 0.272706 0.333252 0.916687 1 5 1.000000
1fireff1_01_ne05_mesh1
5 62.112641 30.027824 -120.796167 0.995935 -0.045276 0.076288 0.250000 0.875000 1 5 1.000000
5 63.277097 23.202487 -114.856504 0.934869 -0.347685 0.069134 0.333252 0.875000 1 5 1.000000
5 64.161103 19.254423 -127.357931 0.896756 -0.347911 0.272706 0.333252 0.916687 1 5 1.000000
1fireff1_01_ne05_mesh1
5 64.161103 19.254423 -127.357931 0.896756 -0.347911 0.272706 0.333252 0.916687 1 5 1.000000
5 63.277097 23.202487 -114.856504 0.934869 -0.347685 0.069134 0.333252 0.875000 1 5 1.000000
5 56.370126 13.025664 -123.277226 0.355173 -0.829844 0.429796 0.416504 0.916687 1 5 1.000000
1fireff1_01_ne05_mesh1
5 63.277097 23.202487 -114.856504 0.934869 -0.347685 0.069134 0.333252 0.875000 1 5 1.000000
5 57.278267 17.913071 -107.878758 0.353825 -0.889503 0.286944 0.416504 0.875000 1 5 1.000000
5 56.370126 13.025664 -123.277226 0.355173 -0.829844 0.429796 0.416504 0.916687 1 5 1.000000
1fireff1_01_ne05_mesh1
5 56.370126 13.025664 -123.277226 0.355173 -0.829844 0.429796 0.416504 0.916687 1 5 1.000000
5 57.278267 17.913071 -107.878758 0.353825 -0.889503 0.286944 0.416504 0.875000 1 5 1.000000
5 48.659159 14.645758 -122.908842 -0.367830 -0.774339 0.514194 0.500000 0.916687 1 5 1.000000
1fireff1_01_ne05_mesh1
5 57.278267 17.913071 -107.878758 0.353825 -0.889503 0.286944 0.416504 0.875000 1 5 1.000000
5 49.788084 17.553360 -109.656697 -0.414652 -0.844008 0.339677 0.500000 0.875000 1 5 1.000000
5 48.659159 14.645758 -122.908842 -0.367830 -0.774339 0.514194 0.500000 0.916687 1 5 1.000000
1fireff1_01_ne05_mesh1
5 48.659159 14.645758 -122.908842 -0.367830 -0.774339 0.514194 0.500000 0.916687 1 5 1.000000
5 49.788084 17.553360 -109.656697 -0.414652 -0.844008 0.339677 0.500000 0.875000 1 5 1.000000
5 42.126961 18.953249 -125.196212 -0.749230 -0.503548 0.428908 0.583008 0.916687 1 5 1.000000
1fireff1_01_ne05_mesh1
5 49.788084 17.553360 -109.656697 -0.414652 -0.844008 0.339677 0.500000 0.875000 1 5 1.000000
5 46.256083 24.500632 -107.313146 -0.652938 -0.690383 0.310035 0.583008 0.875000 1 5 1.000000
5 42.126961 18.953249 -125.196212 -0.749230 -0.503548 0.428908 0.583008 0.916687 1 5 1.000000
1fireff1_01_ne05_mesh1
5 42.126961 18.953249 -125.196212 -0.749230 -0.503548 0.428908 0.583008 0.916687 1 5 1.000000
5 46.256083 24.500632 -107.313146 -0.652938 -0.690383 0.310035 0.583008 0.875000 1 5 1.000000
5 38.697138 24.541494 -126.307456 -0.913976 -0.349219 0.205342 0.666504 0.916687 1 5 1.000000
1fireff1_01_ne05_mesh1
5 46.256083 24.500632 -107.313146 -0.652938 -0.690383 0.310035 0.583008 0.875000 1 5 1.000000
5 37.640007 27.615941 -115.141593 -0.866129 -0.455353 0.204398 0.666504 0.875000 1 5 1.000000
5 38.697138 24.541494 -126.307456 -0.913976 -0.349219 0.205342 0.666504 0.916687 1 5 1.000000
1fireff1_01_ne05_mesh1
5 52.835134 50.922396 -114.903643 0.221156 0.964242 -0.142612 0.000000 0.875000 1 5 1.000000
5 56.515169 48.744204 -96.424046 0.305744 0.950194 -0.057450 0.000000 0.833374 1 5 1.000000
5 59.972048 45.348009 -119.184688 0.647856 0.732961 -0.204744 0.083313 0.875000 1 5 1.000000
1fireff1_01_ne05_mesh1
5 56.515169 48.744204 -96.424046 0.305744 0.950194 -0.057450 0.000000 0.833374 1 5 1.000000
5 63.360648 44.798892 -99.551654 0.648994 0.755631 -0.081012 0.083313 0.833374 1 5 1.000000
5 59.972048 45.348009 -119.184688 0.647856 0.732961 -0.204744 0.083313 0.875000 1 5 1.000000
1fireff1_01_ne05_mesh1
5 59.972048 45.348009 -119.184688 0.647856 0.732961 -0.204744 0.083313 0.875000 1 5 1.000000
5 63.360648 44.798892 -99.551654 0.648994 0.755631 -0.081012 0.083313 0.833374 1 5 1.000000
5 64.277219 39.762183 -117.994841 0.948367 0.288943 -0.127950 0.166626 0.875000 1 5 1.000000
1fireff1_01_ne05_mesh1
5 63.360648 44.798892 -99.551654 0.648994 0.755631 -0.081012 0.083313 0.833374 1 5 1.000000
5 68.775731 39.459535 -99.615479 0.995924 0.053861 -0.066000 0.166626 0.833374 1 5 1.000000
5 64.277219 39.762183 -117.994841 0.948367 0.288943 -0.127950 0.166626 0.875000 1 5 1.000000
1fireff1_01_ne05_mesh1
5 64.277219 39.762183 -117.994841 0.948367 0.288943 -0.127950 0.166626 0.875000 1 5 1.000000
5 68.775731 39.459535 -99.615479 0.995924 0.053861 -0.066000 0.166626 0.833374 1 5 1.000000
5 65.441066 35.517544 -100.900225 0.959786 -0.272052 -0.066456 0.250000 0.833374 1 5 1.000000
1fireff1_01_ne05_mesh1
5 68.775731 39.459535 -99.615479 0.995924 0.053861 -0.066000 0.166626 0.833374 1 5 1.000000
5 66.804016 41.975200 -81.946160 0.974110 0.162073 0.156463 0.166626 0.791748 1 5 1.000000
5 65.441066 35.517544 -100.900225 0.959786 -0.272052 -0.066456 0.250000 0.833374 1 5 1.000000
1fireff1_01_ne05_mesh1
5 65.441066 35.517544 -100.900225 0.959786 -0.272052 -0.066456 0.250000 0.833374 1 5 1.000000
5 66.804016 41.975200 -81.946160 0.974110 0.162073 0.156463 0.166626 0.791748 1 5 1.000000
5 64.250398 34.177488 -84.855078 0.972177 -0.184985 0.142514 0.250000 0.791748 1 5 1.000000
1fireff1_01_ne05_mesh1
5 66.804016 41.975200 -81.946160 0.974110 0.162073 0.156463 0.166626 0.791748 1 5 1.000000
5 62.172382 35.969085 -66.631938 0.978342 0.014960 0.204221 0.166626 0.750000 1 5 1.000000
5 64.250398 34.177488 -84.855078 0.972177 -0.184985 0.142514 0.250000 0.791748 1 5 1.000000
1fireff1_01_ne05_mesh1
5 64.250398 34.177488 -84.855078 0.972177 -0.184985 0.142514 0.250000 0.791748 1 5 1.000000
5 62.172382 35.969085 -66.631938 0.978342 0.014960 0.204221 0.166626 0.750000 1 5 1.000000
5 60.258662 31.080686 -69.259013 0.974765 -0.187360 0.117091 0.250000 0.750000 1 5 1.000000
1fireff1_01_ne05_mesh1
5 62.172382 35.969085 -66.631938 0.978342 0.014960 0.204221 0.166626 0.750000 1 5 1.000000
5 60.676796 24.680223 -54.321996 0.957212 -0.238531 0.162784 0.154053 0.598633 1 5 1.000000
5 60.258662 31.080686 -69.259013 0.974765 -0.187360 0.117091 0.250000 0.750000 1 5 1.000000
1fireff1_01_ne05_mesh1
5 60.258662 31.080686 -69.259013 0.974765 -0.187360 0.117091 0.250000 0.750000 1 5 1.000000
5 60.676796 24.680223 -54.321996 0.957212 -0.238531 0.162784 0.154053 0.598633 1 5 1.000000
5 57.238022 20.350512 -59.190689 0.971370 -0.162127 0.170756 0.227905 0.592041 1 5 1.000000
1fireff1_01_ne05_mesh1
5 56.515169 48.744204 -96.424046 0.305744 0.950194 -0.057450 0.000000 0.833374 1 5 1.000000
5 56.840223 50.883392 -79.261167 0.296526 0.934300 0.197258 0.000000 0.791748 1 5 1.000000
5 63.360648 44.798892 -99.551654 0.648994 0.755631 -0.081012 0.083313 0.833374 1 5 1.000000
1fireff1_01_ne05_mesh1
5 56.840223 50.883392 -79.261167 0.296526 0.934300 0.197258 0.000000 0.791748 1 5 1.000000
5 62.391218 47.695458 -80.475016 0.654691 0.735602 0.171722 0.083313 0.791748 1 5 1.000000
5 63.360648 44.798892 -99.551654 0.648994 0.755631 -0.081012 0.083313 0.833374 1 5 1.000000
1fireff1_01_ne05_mesh1
5 63.360648 44.798892 -99.551654 0.648994 0.755631 -0.081012 0.083313 0.833374 1 5 1.000000
5 62.391218 47.695458 -80.475016 0.654691 0.735602 0.171722 0.083313 0.791748 1 5 1.000000
5 68.775731 39.459535 -99.615479 0.995924 0.053861 -0.066000 0.166626 0.833374 1 5 1.000000
1fireff1_01_ne05_mesh1
5 62.391218 47.695458 -80.475016 0.654691 0.735602 0.171722 0.083313 0.791748 1 5 1.000000
5 66.804016 41.975200 -81.946160 0.974110 0.162073 0.156463 0.166626 0.791748 1 5 1.000000
5 68.775731 39.459535 -99.615479 0.995924 0.053861 -0.066000 0.166626 0.833374 1 5 1.000000
1fireff1_01_ne05_mesh1
5 56.840223 50.883392 -79.261167 0.296526 0.934300 0.197258 0.000000 0.791748 1 5 1.000000
5 54.836784 42.668711 -64.058128 0.253782 0.797288 0.546862 0.000000 0.750000 1 5 1.000000
5 62.391218 47.695458 -80.475016 0.654691 0.735602 0.171722 0.083313 0.791748 1 5 1.000000
1fireff1_01_ne05_mesh1
5 54.836784 42.668711 -64.058128 0.253782 0.797288 0.546862 0.000000 0.750000 1 5 1.000000
5 60.301077 39.982035 -65.365519 0.691408 0.562820 0.451968 0.083313 0.750000 1 5 1.000000
5 62.391218 47.695458 -80.475016 0.654691 0.735602 0.171722 0.083313 0.791748 1 5 1.000000
1fireff1_01_ne05_mesh1
5 62.391218 47.695458 -80.475016 0.654691 0.735602 0.171722 0.083313 0.791748 1 5 1.000000
5 60.301077 39.982035 -65.365519 0.691408 0.562820 0.451968 0.083313 0.750000 1 5 1.000000
5 66.804016 41.975200 -81.946160 0.974110 0.162073 0.156463 0.166626 0.791748 1 5 1.000000
1fireff1_01_ne05_mesh1
5 60.301077 39.982035 -65.365519 0.691408 0.562820 0.451968 0.083313 0.750000 1 5 1.000000
5 62.172382 35.969085 -66.631938 0.978342 0.014960 0.204221 0.166626 0.750000 1 5 1.000000
5 66.804016 41.975200 -81.946160 0.974110 0.162073 0.156463 0.166626 0.791748 1 5 1.000000
1fireff1_01_ne05_mesh1
5 54.836784 42.668711 -64.058128 0.253782 0.797288 0.546862 0.000000 0.750000 1 5 1.000000
5 52.016484 31.439169 -48.473089 0.193644 0.658908 0.726669 0.000000 0.602539 1 5 1.000000
5 60.301077 39.982035 -65.365519 0.691408 0.562820 0.451968 0.083313 0.750000 1 5 1.000000
1fireff1_01_ne05_mesh1
5 52.016484 31.439169 -48.473089 0.193644 0.658908 0.726669 0.000000 0.602539 1 5 1.000000
5 58.530976 29.104279 -50.596950 0.762409 0.319734 0.561822 0.072083 0.596680 1 5 1.000000
5 60.301077 39.982035 -65.365519 0.691408 0.562820 0.451968 0.083313 0.750000 1 5 1.000000
1fireff1_01_ne05_mesh1
5 60.301077 39.982035 -65.365519 0.691408 0.562820 0.451968 0.083313 0.750000 1 5 1.000000
5 58.530976 29.104279 -50.596950 0.762409 0.319734 0.561822 0.072083 0.596680 1 5 1.000000
5 62.172382 35.969085 -66.631938 0.978342 0.014960 0.204221 0.166626 0.750000 1 5 1.000000
1fireff1_01_ne05_mesh1
5 58.530976 29.104279 -50.596950 0.762409 0.319734 0.561822 0.072083 0.596680 1 5 1.000000
5 60.676796 24.680223 -54.321996 0.957212 -0.238531 0.162784 0.154053 0.598633 1 5 1.000000
5 62.172382 35.969085 -66.631938 0.978342 0.014960 0.204221 0.166626 0.750000 1 5 1.000000
1fireff1_01_ne05_mesh1
5 30.897955 6.208430 -149.876734 -0.983083 0.169311 -0.068554 0.750000 1.000000 1 5 1.000000
5 37.699522 21.044116 -144.058067 -0.957382 0.280905 -0.060899 0.750000 0.958344 1 5 1.000000
5 33.448420 9.796129 -156.288031 -0.861085 0.283216 -0.421691 0.833008 1.000000 1 5 1.000000
1fireff1_01_ne05_mesh1
5 37.699522 21.044116 -144.058067 -0.957382 0.280905 -0.060899 0.750000 0.958344 1 5 1.000000
5 40.375465 25.390170 -149.784333 -0.757501 0.532907 -0.376583 0.833008 0.958344 1 5 1.000000
5 33.448420 9.796129 -156.288031 -0.861085 0.283216 -0.421691 0.833008 1.000000 1 5 1.000000
1fireff1_01_ne05_mesh1
5 33.448420 9.796129 -156.288031 -0.861085 0.283216 -0.421691 0.833008 1.000000 1 5 1.000000
5 40.375465 25.390170 -149.784333 -0.757501 0.532907 -0.376583 0.833008 0.958344 1 5 1.000000
5 40.562406 12.472380 -163.410663 -0.454415 0.349917 -0.818699 0.916504 1.000000 1 5 1.000000
1fireff1_01_ne05_mesh1
5 40.375465 25.390170 -149.784333 -0.757501 0.532907 -0.376583 0.833008 0.958344 1 5 1.000000
5 45.574520 28.515486 -152.720766 -0.400114 0.675060 -0.618930 0.916504 0.958344 1 5 1.000000
5 40.562406 12.472380 -163.410663 -0.454415 0.349917 -0.818699 0.916504 1.000000 1 5 1.000000
1fireff1_01_ne05_mesh1
5 40.562406 12.472380 -163.410663 -0.454415 0.349917 -0.818699 0.916504 1.000000 1 5 1.000000
5 45.574520 28.515486 -152.720766 -0.400114 0.675060 -0.618930 0.916504 0.958344 1 5 1.000000
5 47.456503 12.536939 -163.903670 0.066602 0.352087 -0.933058 1.000000 1.000000 1 5 1.000000
1fireff1_01_ne05_mesh1
5 45.574520 28.515486 -152.720766 -0.400114 0.675060 -0.618930 0.916504 0.958344 1 5 1.000000
5 52.636639 29.372928 -153.222571 0.165231 0.673994 -0.719314 1.000000 0.958344 1 5 1.000000
5 47.456503 12.536939 -163.903670 0.066602 0.352087 -0.933058 1.000000 1.000000 1 5 1.000000
1fireff1_01_ne05_mesh1
5 37.699522 21.044116 -144.058067 -0.957382 0.280905 -0.060899 0.750000 0.958344 1 5 1.000000
5 35.453609 29.680597 -130.803593 -0.986424 0.126640 -0.099812 0.750000 0.916687 1 5 1.000000
5 40.375465 25.390170 -149.784333 -0.757501 0.532907 -0.376583 0.833008 0.958344 1 5 1.000000
1fireff1_01_ne05_mesh1
5 35.453609 29.680597 -130.803593 -0.986424 0.126640 -0.099812 0.750000 0.916687 1 5 1.000000
5 39.078179 34.308423 -133.654510 -0.759202 0.556357 -0.336752 0.833008 0.916687 1 5 1.000000
5 40.375465 25.390170 -149.784333 -0.757501 0.532907 -0.376583 0.833008 0.958344 1 5 1.000000
1fireff1_01_ne05_mesh1
5 40.375465 25.390170 -149.784333 -0.757501 0.532907 -0.376583 0.833008 0.958344 1 5 1.000000
5 39.078179 34.308423 -133.654510 -0.759202 0.556357 -0.336752 0.833008 0.916687 1 5 1.000000
5 45.574520 28.515486 -152.720766 -0.400114 0.675060 -0.618930 0.916504 0.958344 1 5 1.000000
1fireff1_01_ne05_mesh1
5 39.078179 34.308423 -133.654510 -0.759202 0.556357 -0.336752 0.833008 0.916687 1 5 1.000000
5 45.115138 38.237507 -135.802162 -0.479073 0.753546 -0.449516 0.916504 0.916687 1 5 1.000000
5 45.574520 28.515486 -152.720766 -0.400114 0.675060 -0.618930 0.916504 0.958344 1 5 1.000000
1fireff1_01_ne05_mesh1
5 45.574520 28.515486 -152.720766 -0.400114 0.675060 -0.618930 0.916504 0.958344 1 5 1.000000
5 45.115138 38.237507 -135.802162 -0.479073 0.753546 -0.449516 0.916504 0.916687 1 5 1.000000
5 52.636639 29.372928 -153.222571 0.165231 0.673994 -0.719314 1.000000 0.958344 1 5 1.000000
1fireff1_01_ne05_mesh1
5 45.115138 38.237507 -135.802162 -0.479073 0.753546 -0.449516 0.916504 0.916687 1 5 1.000000
5 53.531410 44.066439 -133.840386 0.165414 0.863206 -0.476515 1.000000 0.916687 1 5 1.000000
5 52.636639 29.372928 -153.222571 0.165231 0.673994 -0.719314 1.000000 0.958344 1 5 1.000000
1fireff1_01_ne05_mesh1
5 35.453609 29.680597 -130.803593 -0.986424 0.126640 -0.099812 0.750000 0.916687 1 5 1.000000
5 36.666335 38.528315 -117.977343 -0.939606 0.339686 -0.036491 0.750000 0.875000 1 5 1.000000
5 39.078179 34.308423 -133.654510 -0.759202 0.556357 -0.336752 0.833008 0.916687 1 5 1.000000
1fireff1_01_ne05_mesh1
5 36.666335 38.528315 -117.977343 -0.939606 0.339686 -0.036491 0.750000 0.875000 1 5 1.000000
5 41.702172 44.223066 -117.767192 -0.756439 0.638857 -0.136873 0.833008 0.875000 1 5 1.000000
5 39.078179 34.308423 -133.654510 -0.759202 0.556357 -0.336752 0.833008 0.916687 1 5 1.000000
1fireff1_01_ne05_mesh1
5 39.078179 34.308423 -133.654510 -0.759202 0.556357 -0.336752 0.833008 0.916687 1 5 1.000000
5 41.702172 44.223066 -117.767192 -0.756439 0.638857 -0.136873 0.833008 0.875000 1 5 1.000000
5 45.115138 38.237507 -135.802162 -0.479073 0.753546 -0.449516 0.916504 0.916687 1 5 1.000000
1fireff1_01_ne05_mesh1
5 41.702172 44.223066 -117.767192 -0.756439 0.638857 -0.136873 0.833008 0.875000 1 5 1.000000
5 45.680264 50.971722 -116.542188 -0.494831 0.853243 -0.161989 0.916504 0.875000 1 5 1.000000
5 45.115138 38.237507 -135.802162 -0.479073 0.753546 -0.449516 0.916504 0.916687 1 5 1.000000
1fireff1_01_ne05_mesh1
5 45.115138 38.237507 -135.802162 -0.479073 0.753546 -0.449516 0.916504 0.916687 1 5 1.000000
5 45.680264 50.971722 -116.542188 -0.494831 0.853243 -0.161989 0.916504 0.875000 1 5 1.000000
5 53.531410 44.066439 -133.840386 0.165414 0.863206 -0.476515 1.000000 0.916687 1 5 1.000000
1fireff1_01_ne05_mesh1
5 45.680264 50.971722 -116.542188 -0.494831 0.853243 -0.161989 0.916504 0.875000 1 5 1.000000
5 52.835134 50.922396 -114.903643 0.221156 0.964242 -0.142612 1.000000 0.875000 1 5 1.000000
5 53.531410 44.066439 -133.840386 0.165414 0.863206 -0.476515 1.000000 0.916687 1 5 1.000000
1fireff1_01_ne05_mesh1
5 36.666335 38.528315 -117.977343 -0.939606 0.339686 -0.036491 0.750000 0.875000 1 5 1.000000
5 37.923092 39.708626 -97.177508 -0.923501 0.381784 -0.032224 0.750000 0.833374 1 5 1.000000
5 41.702172 44.223066 -117.767192 -0.756439 0.638857 -0.136873 0.833008 0.875000 1 5 1.000000
1fireff1_01_ne05_mesh1
5 37.923092 39.708626 -97.177508 -0.923501 0.381784 -0.032224 0.750000 0.833374 1 5 1.000000
5 42.972423 42.618214 -97.894993 -0.687748 0.725525 0.015612 0.833008 0.833374 1 5 1.000000
5 41.702172 44.223066 -117.767192 -0.756439 0.638857 -0.136873 0.833008 0.875000 1 5 1.000000
1fireff1_01_ne05_mesh1
5 41.702172 44.223066 -117.767192 -0.756439 0.638857 -0.136873 0.833008 0.875000 1 5 1.000000
5 42.972423 42.618214 -97.894993 -0.687748 0.725525 0.015612 0.833008 0.833374 1 5 1.000000
5 45.680264 50.971722 -116.542188 -0.494831 0.853243 -0.161989 0.916504 0.875000 1 5 1.000000
1fireff1_01_ne05_mesh1
5 42.972423 42.618214 -97.894993 -0.687748 0.725525 0.015612 0.833008 0.833374 1 5 1.000000
5 48.919206 49.483930 -96.684275 -0.383297 0.923339 0.008888 0.916504 0.833374 1 5 1.000000
5 45.680264 50.971722 -116.542188 -0.494831 0.853243 -0.161989 0.916504 0.875000 1 5 1.000000
1fireff1_01_ne05_mesh1
5 45.680264 50.971722 -116.542188 -0.494831 0.853243 -0.161989 0.916504 0.875000 1 5 1.000000
5 48.919206 49.483930 -96.684275 -0.383297 0.923339 0.008888 0.916504 0.833374 1 5 1.000000
5 52.835134 50.922396 -114.903643 0.221156 0.964242 -0.142612 1.000000 0.875000 1 5 1.000000
1fireff1_01_ne05_mesh1
5 48.919206 49.483930 -96.684275 -0.383297 0.923339 0.008888 0.916504 0.833374 1 5 1.000000
5 56.515169 48.744204 -96.424046 0.305744 0.950194 -0.057450 1.000000 0.833374 1 5 1.000000
5 52.835134 50.922396 -114.903643 0.221156 0.964242 -0.142612 1.000000 0.875000 1 5 1.000000
1fireff1_01_ne05_mesh1
5 37.923092 39.708626 -97.177508 -0.923501 0.381784 -0.032224 0.750000 0.833374 1 5 1.000000
5 35.208586 39.900855 -80.704773 -0.868558 0.493843 0.038523 0.750000 0.791748 1 5 1.000000
5 42.972423 42.618214 -97.894993 -0.687748 0.725525 0.015612 0.833008 0.833374 1 5 1.000000
1fireff1_01_ne05_mesh1
5 35.208586 39.900855 -80.704773 -0.868558 0.493843 0.038523 0.750000 0.791748 1 5 1.000000
5 42.491007 43.672441 -81.979796 -0.697920 0.711353 0.080799 0.833008 0.791748 1 5 1.000000
5 42.972423 42.618214 -97.894993 -0.687748 0.725525 0.015612 0.833008 0.833374 1 5 1.000000
1fireff1_01_ne05_mesh1
5 42.972423 42.618214 -97.894993 -0.687748 0.725525 0.015612 0.833008 0.833374 1 5 1.000000
5 42.491007 43.672441 -81.979796 -0.697920 0.711353 0.080799 0.833008 0.791748 1 5 1.000000
5 48.919206 49.483930 -96.684275 -0.383297 0.923339 0.008888 0.916504 0.833374 1 5 1.000000
1fireff1_01_ne05_mesh1
5 42.491007 43.672441 -81.979796 -0.697920 0.711353 0.080799 0.833008 0.791748 1 5 1.000000
5 47.952363 51.393956 -79.424205 -0.399613 0.904757 0.145989 0.916504 0.791748 1 5 1.000000
5 48.919206 49.483930 -96.684275 -0.383297 0.923339 0.008888 0.916504 0.833374 1 5 1.000000
1fireff1_01_ne05_mesh1
5 48.919206 49.483930 -96.684275 -0.383297 0.923339 0.008888 0.916504 0.833374 1 5 1.000000
5 47.952363 51.393956 -79.424205 -0.399613 0.904757 0.145989 0.916504 0.791748 1 5 1.000000
5 56.515169 48.744204 -96.424046 0.305744 0.950194 -0.057450 1.000000 0.833374 1 5 1.000000
1fireff1_01_ne05_mesh1
5 47.952363 51.393956 -79.424205 -0.399613 0.904757 0.145989 0.916504 0.791748 1 5 1.000000
5 56.840223 50.883392 -79.261167 0.296526 0.934300 0.197258 1.000000 0.791748 1 5 1.000000
5 56.515169 48.744204 -96.424046 0.305744 0.950194 -0.057450 1.000000 0.833374 1 5 1.000000
1fireff1_01_ne05_mesh1
5 35.208586 39.900855 -80.704773 -0.868558 0.493843 0.038523 0.750000 0.791748 1 5 1.000000
5 31.987984 29.756922 -68.220099 -0.961039 0.189795 0.198829 0.750000 0.750000 1 5 1.000000
5 42.491007 43.672441 -81.979796 -0.697920 0.711353 0.080799 0.833008 0.791748 1 5 1.000000
1fireff1_01_ne05_mesh1
5 31.987984 29.756922 -68.220099 -0.961039 0.189795 0.198829 0.750000 0.750000 1 5 1.000000
5 42.395263 36.255084 -66.667981 -0.749195 0.569654 0.336527 0.833008 0.750000 1 5 1.000000
5 42.491007 43.672441 -81.979796 -0.697920 0.711353 0.080799 0.833008 0.791748 1 5 1.000000
1fireff1_01_ne05_mesh1
5 42.491007 43.672441 -81.979796 -0.697920 0.711353 0.080799 0.833008 0.791748 1 5 1.000000
5 42.395263 36.255084 -66.667981 -0.749195 0.569654 0.336527 0.833008 0.750000 1 5 1.000000
5 47.952363 51.393956 -79.424205 -0.399613 0.904757 0.145989 0.916504 0.791748 1 5 1.000000
1fireff1_01_ne05_mesh1
5 42.395263 36.255084 -66.667981 -0.749195 0.569654 0.336527 0.833008 0.750000 1 5 1.000000
5 45.820231 43.351791 -63.292417 -0.507670 0.735632 0.447828 0.916504 0.750000 1 5 1.000000
5 47.952363 51.393956 -79.424205 -0.399613 0.904757 0.145989 0.916504 0.791748 1 5 1.000000
1fireff1_01_ne05_mesh1
5 47.952363 51.393956 -79.424205 -0.399613 0.904757 0.145989 0.916504 0.791748 1 5 1.000000
5 45.820231 43.351791 -63.292417 -0.507670 0.735632 0.447828 0.916504 0.750000 1 5 1.000000
5 56.840223 50.883392 -79.261167 0.296526 0.934300 0.197258 1.000000 0.791748 1 5 1.000000
1fireff1_01_ne05_mesh1
5 45.820231 43.351791 -63.292417 -0.507670 0.735632 0.447828 0.916504 0.750000 1 5 1.000000
5 54.836784 42.668711 -64.058128 0.253782 0.797288 0.546862 1.000000 0.750000 1 5 1.000000
5 56.840223 50.883392 -79.261167 0.296526 0.934300 0.197258 1.000000 0.791748 1 5 1.000000
1fireff1_01_ne05_mesh1
5 45.820231 43.351791 -63.292417 -0.507670 0.735632 0.447828 0.916504 0.750000 1 5 1.000000
5 43.826612 29.907206 -49.555772 -0.488009 0.638806 0.594356 0.937988 0.651123 1 5 1.000000
5 54.836784 42.668711 -64.058128 0.253782 0.797288 0.546862 1.000000 0.750000 1 5 1.000000
1fireff1_01_ne05_mesh1
5 43.826612 29.907206 -49.555772 -0.488009 0.638806 0.594356 0.937988 0.651123 1 5 1.000000
5 52.016484 31.439169 -48.473089 0.193644 0.658908 0.726669 1.016602 0.644043 1 5 1.000000
5 54.836784 42.668711 -64.058128 0.253782 0.797288 0.546862 1.000000 0.750000 1 5 1.000000
1fireff1_01_ne05_mesh1
5 58.530976 29.104279 -50.596950 0.762409 0.319734 0.561822 0.072083 0.596680 1 5 1.000000
5 52.957569 17.573294 -42.167805 0.817387 -0.036278 0.574380 0.075439 0.474609 1 5 1.000000
5 60.676796 24.680223 -54.321996 0.957212 -0.238531 0.162784 0.154053 0.598633 1 5 1.000000
1fireff1_01_ne05_mesh1
5 52.957569 17.573294 -42.167805 0.817387 -0.036278 0.574380 0.075439 0.474609 1 5 1.000000
5 53.459933 15.532700 -46.455367 0.909529 -0.171634 0.377219 0.112183 0.462402 1 5 1.000000
5 60.676796 24.680223 -54.321996 0.957212 -0.238531 0.162784 0.154053 0.598633 1 5 1.000000
1fireff1_01_ne05_mesh1
5 45.069357 7.012946 -32.360035 0.197191 -0.733774 0.649348 -0.038239 0.306641 1 5 1.000000
5 52.957569 17.573294 -42.167805 0.817387 -0.036278 0.574380 0.040588 0.478516 1 5 1.000000
5 49.870136 20.959915 -39.868341 0.192915 0.487283 0.851360 0.006092 0.478027 1 5 1.000000
1fireff1_01_ne05_mesh1
5 52.957569 17.573294 -42.167805 0.817387 -0.036278 0.574380 0.040588 0.478516 1 5 1.000000
5 52.016484 31.439169 -48.473089 0.193644 0.658908 0.726669 0.000000 0.602539 1 5 1.000000
5 49.870136 20.959915 -39.868341 0.192915 0.487283 0.851360 0.006092 0.478027 1 5 1.000000
1fireff1_01_ne05_mesh1
5 42.203447 26.601520 -52.827059 -0.783283 0.486097 0.386077 0.727539 0.559814 1 5 1.000000
5 38.365682 23.984475 -56.244364 -0.902952 0.231657 0.360710 0.752930 0.639160 1 5 1.000000
5 39.567081 15.193290 -44.324418 -0.967743 0.014408 0.250918 0.696777 0.497070 1 5 1.000000
1fireff1_01_ne05_mesh1
5 38.365682 23.984475 -56.244364 -0.902952 0.231657 0.360710 0.752930 0.639160 1 5 1.000000
5 39.584557 12.069610 -48.825941 -0.832887 -0.544616 -0.093197 0.654785 0.492676 1 5 1.000000
5 39.567081 15.193290 -44.324418 -0.967743 0.014408 0.250918 0.696777 0.497070 1 5 1.000000
1fireff1_01_ne05_mesh1
5 39.567081 15.193290 -44.324418 -0.967743 0.014408 0.250918 0.696777 0.497070 1 5 1.000000
5 39.584557 12.069610 -48.825941 -0.832887 -0.544616 -0.093197 0.654785 0.492676 1 5 1.000000
5 45.069357 7.012946 -32.360035 0.197191 -0.733774 0.649348 0.678223 0.339355 1 5 1.000000
1fireff1_01_ne05_mesh1
5 45.069357 7.012946 -32.360035 0.197191 -0.733774 0.649348 0.645508 0.337891 1 5 1.000000
5 39.584557 12.069610 -48.825941 -0.832887 -0.544616 -0.093197 0.663574 0.492188 1 5 1.000000
5 43.527962 10.044413 -50.217689 -0.281107 -0.931402 -0.230304 0.635742 0.485352 1 5 1.000000
1fireff1_01_ne05_mesh1
5 39.584557 12.069610 -48.825941 -0.832887 -0.544616 -0.093197 0.663574 0.492188 1 5 1.000000
5 39.162045 18.472964 -61.064638 -0.783757 -0.611697 -0.104156 0.664062 0.675049 1 5 1.000000
5 43.527962 10.044413 -50.217689 -0.281107 -0.931402 -0.230304 0.635742 0.485352 1 5 1.000000
1fireff1_01_ne05_mesh1
5 43.527962 10.044413 -50.217689 -0.281107 -0.931402 -0.230304 0.635742 0.485352 1 5 1.000000
5 39.162045 18.472964 -61.064638 -0.783757 -0.611697 -0.104156 0.664062 0.675049 1 5 1.000000
5 44.440253 15.484459 -63.302371 -0.590136 -0.758662 -0.274096 0.586426 0.639648 1 5 1.000000
1fireff1_01_ne05_mesh1
5 39.162045 18.472964 -61.064638 -0.783757 -0.611697 -0.104156 0.664062 0.675049 1 5 1.000000
5 34.872795 22.971357 -71.674597 -0.791269 -0.568906 -0.221642 0.666504 0.750000 1 5 1.000000
5 44.440253 15.484459 -63.302371 -0.590136 -0.758662 -0.274096 0.586426 0.639648 1 5 1.000000
1fireff1_01_ne05_mesh1
5 44.440253 15.484459 -63.302371 -0.590136 -0.758662 -0.274096 0.586426 0.639648 1 5 1.000000
5 34.872795 22.971357 -71.674597 -0.791269 -0.568906 -0.221642 0.666504 0.750000 1 5 1.000000
5 42.935587 20.212148 -73.515592 -0.636291 -0.716348 -0.284906 0.583008 0.750000 1 5 1.000000
1fireff1_01_ne05_mesh1
5 34.872795 22.971357 -71.674597 -0.791269 -0.568906 -0.221642 0.666504 0.750000 1 5 1.000000
5 39.073911 30.575100 -84.968358 -0.824203 -0.490189 -0.282513 0.666504 0.791748 1 5 1.000000
5 42.935587 20.212148 -73.515592 -0.636291 -0.716348 -0.284906 0.583008 0.750000 1 5 1.000000
1fireff1_01_ne05_mesh1
5 42.935587 20.212148 -73.515592 -0.636291 -0.716348 -0.284906 0.583008 0.750000 1 5 1.000000
5 39.073911 30.575100 -84.968358 -0.824203 -0.490189 -0.282513 0.666504 0.791748 1 5 1.000000
5 43.141510 25.239326 -85.494665 -0.600863 -0.726723 -0.331770 0.583008 0.791748 1 5 1.000000
1fireff1_01_ne05_mesh1
5 39.073911 30.575100 -84.968358 -0.824203 -0.490189 -0.282513 0.666504 0.791748 1 5 1.000000
5 39.928076 31.371136 -101.710986 -0.853789 -0.511323 0.093245 0.666504 0.833374 1 5 1.000000
5 43.141510 25.239326 -85.494665 -0.600863 -0.726723 -0.331770 0.583008 0.791748 1 5 1.000000
1fireff1_01_ne05_mesh1
5 43.141510 25.239326 -85.494665 -0.600863 -0.726723 -0.331770 0.583008 0.791748 1 5 1.000000
5 39.928076 31.371136 -101.710986 -0.853789 -0.511323 0.093245 0.666504 0.833374 1 5 1.000000
5 46.332382 27.630976 -97.874151 -0.640026 -0.767624 0.005614 0.583008 0.833374 1 5 1.000000
1fireff1_01_ne05_mesh1
5 39.928076 31.371136 -101.710986 -0.853789 -0.511323 0.093245 0.666504 0.833374 1 5 1.000000
5 37.640007 27.615941 -115.141593 -0.866129 -0.455353 0.204398 0.666504 0.875000 1 5 1.000000
5 46.332382 27.630976 -97.874151 -0.640026 -0.767624 0.005614 0.583008 0.833374 1 5 1.000000
1fireff1_01_ne05_mesh1
5 46.332382 27.630976 -97.874151 -0.640026 -0.767624 0.005614 0.583008 0.833374 1 5 1.000000
5 37.640007 27.615941 -115.141593 -0.866129 -0.455353 0.204398 0.666504 0.875000 1 5 1.000000
5 46.256083 24.500632 -107.313146 -0.652938 -0.690383 0.310035 0.583008 0.875000 1 5 1.000000
1fireff1_01_ne05_mesh1
5 44.440253 15.484459 -63.302371 -0.590136 -0.758662 -0.274096 0.586426 0.639648 1 5 1.000000
5 42.935587 20.212148 -73.515592 -0.636291 -0.716348 -0.284906 0.583008 0.750000 1 5 1.000000
5 48.293015 12.746246 -64.500862 -0.263958 -0.931987 -0.246338 0.537109 0.540527 1 5 1.000000
1fireff1_01_ne05_mesh1
5 42.935587 20.212148 -73.515592 -0.636291 -0.716348 -0.284906 0.583008 0.750000 1 5 1.000000
5 46.292396 16.073862 -75.027342 -0.402322 -0.859845 -0.312413 0.500000 0.750000 1 5 1.000000
5 48.293015 12.746246 -64.500862 -0.263958 -0.931987 -0.246338 0.537109 0.540527 1 5 1.000000
1fireff1_01_ne05_mesh1
5 48.293015 12.746246 -64.500862 -0.263958 -0.931987 -0.246338 0.537109 0.540527 1 5 1.000000
5 46.292396 16.073862 -75.027342 -0.402322 -0.859845 -0.312413 0.500000 0.750000 1 5 1.000000
5 54.335879 13.110464 -65.748139 0.408249 -0.894011 -0.182486 0.381836 0.585205 1 5 1.000000
1fireff1_01_ne05_mesh1
5 46.292396 16.073862 -75.027342 -0.402322 -0.859845 -0.312413 0.500000 0.750000 1 5 1.000000
5 57.555094 17.334065 -76.226580 0.481951 -0.844184 -0.233188 0.416504 0.750000 1 5 1.000000
5 54.335879 13.110464 -65.748139 0.408249 -0.894011 -0.182486 0.381836 0.585205 1 5 1.000000
1fireff1_01_ne05_mesh1
5 54.335879 13.110464 -65.748139 0.408249 -0.894011 -0.182486 0.381836 0.585205 1 5 1.000000
5 57.555094 17.334065 -76.226580 0.481951 -0.844184 -0.233188 0.416504 0.750000 1 5 1.000000
5 58.569012 17.493619 -61.904045 0.934362 -0.313631 0.165996 0.303223 0.595215 1 5 1.000000
1fireff1_01_ne05_mesh1
5 57.555094 17.334065 -76.226580 0.481951 -0.844184 -0.233188 0.416504 0.750000 1 5 1.000000
5 62.865285 23.914710 -72.940266 0.952641 -0.276515 0.122279 0.333252 0.750000 1 5 1.000000
5 58.569012 17.493619 -61.904045 0.934362 -0.313631 0.165996 0.303223 0.595215 1 5 1.000000
1fireff1_01_ne05_mesh1
5 58.569012 17.493619 -61.904045 0.934362 -0.313631 0.165996 0.303223 0.595215 1 5 1.000000
5 62.865285 23.914710 -72.940266 0.952641 -0.276515 0.122279 0.333252 0.750000 1 5 1.000000
5 57.238022 20.350512 -59.190689 0.971370 -0.162127 0.170756 0.227905 0.592041 1 5 1.000000
1fireff1_01_ne05_mesh1
5 62.865285 23.914710 -72.940266 0.952641 -0.276515 0.122279 0.333252 0.750000 1 5 1.000000
5 60.258662 31.080686 -69.259013 0.974765 -0.187360 0.117091 0.250000 0.750000 1 5 1.000000
5 57.238022 20.350512 -59.190689 0.971370 -0.162127 0.170756 0.227905 0.592041 1 5 1.000000
1fireff1_01_ne05_mesh1
5 34.872795 22.971357 -71.674597 -0.791269 -0.568906 -0.221642 0.666504 0.750000 1 5 1.000000
5 39.162045 18.472964 -61.064638 -0.783757 -0.611697 -0.104156 0.664062 0.675049 1 5 1.000000
5 38.365682 23.984475 -56.244364 -0.902952 0.231657 0.360710 0.752930 0.639160 1 5 1.000000
1fireff1_01_ne05_mesh1
5 39.162045 18.472964 -61.064638 -0.783757 -0.611697 -0.104156 0.664062 0.675049 1 5 1.000000
5 39.584557 12.069610 -48.825941 -0.832887 -0.544616 -0.093197 0.654785 0.492676 1 5 1.000000
5 38.365682 23.984475 -56.244364 -0.902952 0.231657 0.360710 0.752930 0.639160 1 5 1.000000
1fireff1_01_ne05_mesh1
5 45.069357 7.012946 -32.360035 0.197191 -0.733774 0.649348 0.970703 0.518311 1 5 1.000000
5 49.870136 20.959915 -39.868341 0.192915 0.487283 0.851360 1.000000 0.560059 1 5 1.000000
5 43.843116 19.438090 -41.563574 -0.314008 0.575068 0.754852 0.957031 0.561768 1 5 1.000000
1fireff1_01_ne05_mesh1
5 49.870136 20.959915 -39.868341 0.192915 0.487283 0.851360 1.000000 0.560059 1 5 1.000000
5 43.826612 29.907206 -49.555772 -0.488009 0.638806 0.594356 0.937988 0.651123 1 5 1.000000
5 43.843116 19.438090 -41.563574 -0.314008 0.575068 0.754852 0.957031 0.561768 1 5 1.000000
1fireff1_01_ne05_mesh1
5 48.293015 12.746246 -64.500862 -0.263958 -0.931987 -0.246338 0.523926 0.532227 1 5 1.000000
5 54.335879 13.110464 -65.748139 0.408249 -0.894011 -0.182486 0.381836 0.585205 1 5 1.000000
5 48.072995 10.500031 -50.978843 0.101214 -0.982434 -0.153678 0.510254 0.477539 1 5 1.000000
1fireff1_01_ne05_mesh1
5 54.335879 13.110464 -65.748139 0.408249 -0.894011 -0.182486 0.381836 0.585205 1 5 1.000000
5 54.411771 11.224450 -48.603055 0.754752 -0.633925 0.167690 0.445068 0.487305 1 5 1.000000
5 48.072995 10.500031 -50.978843 0.101214 -0.982434 -0.153678 0.510254 0.477539 1 5 1.000000
1fireff1_01_ne05_mesh1
5 54.335879 13.110464 -65.748139 0.408249 -0.894011 -0.182486 0.381836 0.585205 1 5 1.000000
5 58.569012 17.493619 -61.904045 0.934362 -0.313631 0.165996 0.303223 0.595215 1 5 1.000000
5 54.411771 11.224450 -48.603055 0.754752 -0.633925 0.167690 0.445068 0.487305 1 5 1.000000
1fireff1_01_ne05_mesh1
5 58.569012 17.493619 -61.904045 0.934362 -0.313631 0.165996 0.303223 0.595215 1 5 1.000000
5 53.459933 15.532700 -46.455367 0.909529 -0.171634 0.377219 0.404053 0.471680 1 5 1.000000
5 54.411771 11.224450 -48.603055 0.754752 -0.633925 0.167690 0.445068 0.487305 1 5 1.000000
1fireff1_01_ne05_mesh1
5 42.935587 20.212148 -73.515592 -0.636291 -0.716348 -0.284906 0.583008 0.750000 1 5 1.000000
5 43.141510 25.239326 -85.494665 -0.600863 -0.726723 -0.331770 0.583008 0.791748 1 5 1.000000
5 46.292396 16.073862 -75.027342 -0.402322 -0.859845 -0.312413 0.500000 0.750000 1 5 1.000000
1fireff1_01_ne05_mesh1
5 43.141510 25.239326 -85.494665 -0.600863 -0.726723 -0.331770 0.583008 0.791748 1 5 1.000000
5 51.135483 19.144941 -86.302463 -0.145015 -0.933238 -0.327117 0.500000 0.791748 1 5 1.000000
5 46.292396 16.073862 -75.027342 -0.402322 -0.859845 -0.312413 0.500000 0.750000 1 5 1.000000
1fireff1_01_ne05_mesh1
5 46.292396 16.073862 -75.027342 -0.402322 -0.859845 -0.312413 0.500000 0.750000 1 5 1.000000
5 51.135483 19.144941 -86.302463 -0.145015 -0.933238 -0.327117 0.500000 0.791748 1 5 1.000000
5 57.555094 17.334065 -76.226580 0.481951 -0.844184 -0.233188 0.416504 0.750000 1 5 1.000000
1fireff1_01_ne05_mesh1
5 51.135483 19.144941 -86.302463 -0.145015 -0.933238 -0.327117 0.500000 0.791748 1 5 1.000000
5 58.040460 23.424410 -86.954989 0.485101 -0.864719 -0.128504 0.416504 0.791748 1 5 1.000000
5 57.555094 17.334065 -76.226580 0.481951 -0.844184 -0.233188 0.416504 0.750000 1 5 1.000000
1fireff1_01_ne05_mesh1
5 57.555094 17.334065 -76.226580 0.481951 -0.844184 -0.233188 0.416504 0.750000 1 5 1.000000
5 58.040460 23.424410 -86.954989 0.485101 -0.864719 -0.128504 0.416504 0.791748 1 5 1.000000
5 62.865285 23.914710 -72.940266 0.952641 -0.276515 0.122279 0.333252 0.750000 1 5 1.000000
1fireff1_01_ne05_mesh1
5 58.040460 23.424410 -86.954989 0.485101 -0.864719 -0.128504 0.416504 0.791748 1 5 1.000000
5 64.795587 26.904434 -86.356522 0.929994 -0.362761 0.050364 0.333252 0.791748 1 5 1.000000
5 62.865285 23.914710 -72.940266 0.952641 -0.276515 0.122279 0.333252 0.750000 1 5 1.000000
1fireff1_01_ne05_mesh1
5 62.865285 23.914710 -72.940266 0.952641 -0.276515 0.122279 0.333252 0.750000 1 5 1.000000
5 64.795587 26.904434 -86.356522 0.929994 -0.362761 0.050364 0.333252 0.791748 1 5 1.000000
5 60.258662 31.080686 -69.259013 0.974765 -0.187360 0.117091 0.250000 0.750000 1 5 1.000000
1fireff1_01_ne05_mesh1
5 64.795587 26.904434 -86.356522 0.929994 -0.362761 0.050364 0.333252 0.791748 1 5 1.000000
5 64.250398 34.177488 -84.855078 0.972177 -0.184985 0.142514 0.250000 0.791748 1 5 1.000000
5 60.258662 31.080686 -69.259013 0.974765 -0.187360 0.117091 0.250000 0.750000 1 5 1.000000
1fireff1_01_ne05_mesh1
5 43.141510 25.239326 -85.494665 -0.600863 -0.726723 -0.331770 0.583008 0.791748 1 5 1.000000
5 46.332382 27.630976 -97.874151 -0.640026 -0.767624 0.005614 0.583008 0.833374 1 5 1.000000
5 51.135483 19.144941 -86.302463 -0.145015 -0.933238 -0.327117 0.500000 0.791748 1 5 1.000000
1fireff1_01_ne05_mesh1
5 46.332382 27.630976 -97.874151 -0.640026 -0.767624 0.005614 0.583008 0.833374 1 5 1.000000
5 53.166937 22.434187 -97.658507 -0.242078 -0.962518 0.118799 0.500000 0.833374 1 5 1.000000
5 51.135483 19.144941 -86.302463 -0.145015 -0.933238 -0.327117 0.500000 0.791748 1 5 1.000000
1fireff1_01_ne05_mesh1
5 51.135483 19.144941 -86.302463 -0.145015 -0.933238 -0.327117 0.500000 0.791748 1 5 1.000000
5 53.166937 22.434187 -97.658507 -0.242078 -0.962518 0.118799 0.500000 0.833374 1 5 1.000000
5 58.040460 23.424410 -86.954989 0.485101 -0.864719 -0.128504 0.416504 0.791748 1 5 1.000000
1fireff1_01_ne05_mesh1
5 53.166937 22.434187 -97.658507 -0.242078 -0.962518 0.118799 0.500000 0.833374 1 5 1.000000
5 60.791709 23.058793 -98.045757 0.504617 -0.853890 0.123566 0.416504 0.833374 1 5 1.000000
5 58.040460 23.424410 -86.954989 0.485101 -0.864719 -0.128504 0.416504 0.791748 1 5 1.000000
1fireff1_01_ne05_mesh1
5 58.040460 23.424410 -86.954989 0.485101 -0.864719 -0.128504 0.416504 0.791748 1 5 1.000000
5 60.791709 23.058793 -98.045757 0.504617 -0.853890 0.123566 0.416504 0.833374 1 5 1.000000
5 64.795587 26.904434 -86.356522 0.929994 -0.362761 0.050364 0.333252 0.791748 1 5 1.000000
1fireff1_01_ne05_mesh1
5 60.791709 23.058793 -98.045757 0.504617 -0.853890 0.123566 0.416504 0.833374 1 5 1.000000
5 65.823718 28.792516 -99.410626 0.951343 -0.306387 0.013404 0.333252 0.833374 1 5 1.000000
5 64.795587 26.904434 -86.356522 0.929994 -0.362761 0.050364 0.333252 0.791748 1 5 1.000000
1fireff1_01_ne05_mesh1
5 64.795587 26.904434 -86.356522 0.929994 -0.362761 0.050364 0.333252 0.791748 1 5 1.000000
5 65.823718 28.792516 -99.410626 0.951343 -0.306387 0.013404 0.333252 0.833374 1 5 1.000000
5 64.250398 34.177488 -84.855078 0.972177 -0.184985 0.142514 0.250000 0.791748 1 5 1.000000
1fireff1_01_ne05_mesh1
5 65.823718 28.792516 -99.410626 0.951343 -0.306387 0.013404 0.333252 0.833374 1 5 1.000000
5 65.441066 35.517544 -100.900225 0.959786 -0.272052 -0.066456 0.250000 0.833374 1 5 1.000000
5 64.250398 34.177488 -84.855078 0.972177 -0.184985 0.142514 0.250000 0.791748 1 5 1.000000
1fireff1_01_ne05_mesh1
5 46.332382 27.630976 -97.874151 -0.640026 -0.767624 0.005614 0.583008 0.833374 1 5 1.000000
5 46.256083 24.500632 -107.313146 -0.652938 -0.690383 0.310035 0.583008 0.875000 1 5 1.000000
5 53.166937 22.434187 -97.658507 -0.242078 -0.962518 0.118799 0.500000 0.833374 1 5 1.000000
1fireff1_01_ne05_mesh1
5 46.256083 24.500632 -107.313146 -0.652938 -0.690383 0.310035 0.583008 0.875000 1 5 1.000000
5 49.788084 17.553360 -109.656697 -0.414652 -0.844008 0.339677 0.500000 0.875000 1 5 1.000000
5 53.166937 22.434187 -97.658507 -0.242078 -0.962518 0.118799 0.500000 0.833374 1 5 1.000000
1fireff1_01_ne05_mesh1
5 53.166937 22.434187 -97.658507 -0.242078 -0.962518 0.118799 0.500000 0.833374 1 5 1.000000
5 49.788084 17.553360 -109.656697 -0.414652 -0.844008 0.339677 0.500000 0.875000 1 5 1.000000
5 60.791709 23.058793 -98.045757 0.504617 -0.853890 0.123566 0.416504 0.833374 1 5 1.000000
1fireff1_01_ne05_mesh1
5 49.788084 17.553360 -109.656697 -0.414652 -0.844008 0.339677 0.500000 0.875000 1 5 1.000000
5 57.278267 17.913071 -107.878758 0.353825 -0.889503 0.286944 0.416504 0.875000 1 5 1.000000
5 60.791709 23.058793 -98.045757 0.504617 -0.853890 0.123566 0.416504 0.833374 1 5 1.000000
1fireff1_01_ne05_mesh1
5 60.791709 23.058793 -98.045757 0.504617 -0.853890 0.123566 0.416504 0.833374 1 5 1.000000
5 57.278267 17.913071 -107.878758 0.353825 -0.889503 0.286944 0.416504 0.875000 1 5 1.000000
5 65.823718 28.792516 -99.410626 0.951343 -0.306387 0.013404 0.333252 0.833374 1 5 1.000000
1fireff1_01_ne05_mesh1
5 57.278267 17.913071 -107.878758 0.353825 -0.889503 0.286944 0.416504 0.875000 1 5 1.000000
5 63.277097 23.202487 -114.856504 0.934869 -0.347685 0.069134 0.333252 0.875000 1 5 1.000000
5 65.823718 28.792516 -99.410626 0.951343 -0.306387 0.013404 0.333252 0.833374 1 5 1.000000
1fireff1_01_ne05_mesh1
5 65.823718 28.792516 -99.410626 0.951343 -0.306387 0.013404 0.333252 0.833374 1 5 1.000000
5 63.277097 23.202487 -114.856504 0.934869 -0.347685 0.069134 0.333252 0.875000 1 5 1.000000
5 65.441066 35.517544 -100.900225 0.959786 -0.272052 -0.066456 0.250000 0.833374 1 5 1.000000
1fireff1_01_ne05_mesh1
5 63.277097 23.202487 -114.856504 0.934869 -0.347685 0.069134 0.333252 0.875000 1 5 1.000000
5 62.112641 30.027824 -120.796167 0.995935 -0.045276 0.076288 0.250000 0.875000 1 5 1.000000
5 65.441066 35.517544 -100.900225 0.959786 -0.272052 -0.066456 0.250000 0.833374 1 5 1.000000
1fireff1_01_ne05_mesh1
5 65.441066 35.517544 -100.900225 0.959786 -0.272052 -0.066456 0.250000 0.833374 1 5 1.000000
5 62.112641 30.027824 -120.796167 0.995935 -0.045276 0.076288 0.250000 0.875000 1 5 1.000000
5 64.277219 39.762183 -117.994841 0.948367 0.288943 -0.127950 0.166626 0.875000 1 5 1.000000
1fireff1_01_ne05_mesh1
5 58.569012 17.493619 -61.904045 0.934362 -0.313631 0.165996 0.303223 0.595215 1 5 1.000000
5 57.238022 20.350512 -59.190689 0.971370 -0.162127 0.170756 0.303711 0.576660 1 5 1.000000
5 53.459933 15.532700 -46.455367 0.909529 -0.171634 0.377219 0.404053 0.471680 1 5 1.000000
1fireff1_01_ne05_mesh1
5 57.238022 20.350512 -59.190689 0.971370 -0.162127 0.170756 0.303711 0.576660 1 5 1.000000
5 60.676796 24.680223 -54.321996 0.957212 -0.238531 0.162784 0.321533 0.554199 1 5 1.000000
5 53.459933 15.532700 -46.455367 0.909529 -0.171634 0.377219 0.404053 0.471680 1 5 1.000000
1fireff1_01_ne05_mesh1
5 45.069357 7.012946 -32.360035 -0.730514 0.358165 0.580646 0.878418 0.511475 1 5 1.000000
5 43.843116 19.438090 -41.563574 -0.778665 0.406543 0.477290 0.880859 0.576416 1 5 1.000000
5 39.567081 15.193290 -44.324418 -0.730514 0.358165 0.580646 0.849121 0.569336 1 5 1.000000
1fireff1_01_ne05_mesh1
5 54.411771 11.224450 -48.603055 0.754752 -0.633925 0.167690 0.306396 0.374512 1 5 1.000000
5 45.069357 7.012946 -32.360035 0.197191 -0.733774 0.649348 0.277588 0.467285 1 5 1.000000
5 48.072995 10.500031 -50.978843 0.101214 -0.982434 -0.153678 0.255615 0.461914 1 5 1.000000
1fireff1_01_ne05_mesh1
5 53.459933 15.532700 -46.455367 0.909529 -0.171634 0.377219 0.303711 0.473145 1 5 1.000000
5 45.069357 7.012946 -32.360035 0.197191 -0.733774 0.649348 0.277588 0.467285 1 5 1.000000
5 54.411771 11.224450 -48.603055 0.754752 -0.633925 0.167690 0.318604 0.371094 1 5 1.000000
1fireff1_01_ne05_mesh1
5 43.527962 10.044413 -50.217689 -0.281107 -0.931402 -0.230304 -1.008789 0.865601 1 5 1.000000
5 44.440253 15.484459 -63.302371 -0.590136 -0.758662 -0.274096 -0.710449 0.011719 1 5 1.000000
5 48.293015 12.746246 -64.500862 -0.263958 -0.931987 -0.246338 -0.524902 1.011513 1 5 1.000000
1fireff1_01_ne05_mesh1
5 52.957569 17.573294 -42.167805 0.817387 -0.036278 0.574380 0.040588 0.478516 1 5 1.000000
5 58.530976 29.104279 -50.596950 0.762409 0.319734 0.561822 0.072083 0.596680 1 5 1.000000
5 52.016484 31.439169 -48.473089 0.193644 0.658908 0.726669 0.000000 0.602539 1 5 1.000000
1fireff1_01_ne05_mesh1
5 49.870136 20.959915 -39.868341 0.192915 0.487283 0.851360 1.000000 0.560059 1 5 1.000000
5 52.016484 31.439169 -48.473089 0.193644 0.658908 0.726669 1.016602 0.644043 1 5 1.000000
5 43.826612 29.907206 -49.555772 -0.488009 0.638806 0.594356 0.937988 0.651123 1 5 1.000000
1fireff1_01_ne05_mesh1
5 43.843116 19.438090 -41.563574 -0.778665 0.406543 0.477290 0.880859 0.576416 1 5 1.000000
5 43.826612 29.907206 -49.555772 -0.942963 0.200854 0.264834 0.915527 0.652344 1 5 1.000000
5 42.203447 26.601520 -52.827059 -0.942963 0.200854 0.264834 0.841309 0.600342 1 5 1.000000
1fireff1_01_ne05_mesh1
5 52.957569 17.573294 -42.167805 0.817387 -0.036278 0.574380 0.075439 0.474609 1 5 1.000000
5 45.069357 7.012946 -32.360035 0.197191 -0.733774 0.649348 0.110596 0.288574 1 5 1.000000
5 53.459933 15.532700 -46.455367 0.909529 -0.171634 0.377219 0.113159 0.461914 1 5 1.000000
1fireff1_01_ne05_mesh1
5 48.072995 10.500031 -50.978843 0.101214 -0.982434 -0.153678 0.595215 0.465820 1 5 1.000000
5 45.069357 7.012946 -32.360035 0.197191 -0.733774 0.649348 0.647461 0.338379 1 5 1.000000
5 43.527962 10.044413 -50.217689 -0.281107 -0.931402 -0.230304 0.635742 0.485352 1 5 1.000000
1fireff1_01_ne05_mesh1
5 48.072995 10.500031 -50.978843 0.101214 -0.982434 -0.153678 0.704590 1.452637 1 5 1.000000
5 43.527962 10.044413 -50.217689 -0.281107 -0.931402 -0.230304 0.792969 1.474365 1 5 1.000000
5 48.293015 12.746246 -64.500862 -0.263958 -0.931987 -0.246338 0.766602 1.522461 1 5 1.000000
1fireff1_01_ne05_mesh1
5 42.203447 26.601520 -52.827059 -0.783283 0.486097 0.386077 0.841309 0.600342 1 5 1.000000
5 39.567081 15.193290 -44.324418 -0.967743 0.014408 0.250918 0.849121 0.569336 1 5 1.000000
5 43.843116 19.438090 -41.563574 -0.778665 0.406543 0.477290 0.880859 0.576416 1 5 1.000000
end
