version 1
nodes
0 "root" -1
1 "draw1_0_2efb_kyj02_trall" 0
2 "draw1_1_2efb_kyj02_bone01" 0
3 "draw1_2_2efb_kyj02_bone02" 0
4 "draw1_3_2efb_kyj02_bone03" 0
5 "draw2_0_2efb_kyj02_trall" 0
6 "draw2_1_2efb_kyj02_bone01" 0
7 "draw2_2_2efb_kyj02_bone02" 0
8 "draw2_3_2efb_kyj02_bone03" 0
9 "draw3_0_2efb_kyj02_trall" 0
10 "draw3_1_2efb_kyj02_bone01" 0
11 "draw3_2_2efb_kyj02_bone02" 0
12 "draw3_3_2efb_kyj02_bone03" 0
13 "draw4_0_2efb_kyj02_trall" 0
14 "draw4_1_2efb_kyj02_bone01" 0
15 "draw4_2_2efb_kyj02_bone02" 0
16 "draw4_3_2efb_kyj02_bone03" 0
17 "draw5_0_2efb_kyj06_body_trall" 0
18 "draw5_1_2efb_kyj06_body" 0
19 "draw5_2_2efb_kyj06_bone01" 0
20 "draw5_3_2efb_kyj06_bone02" 0
21 "draw5_4_2efb_kyj06_bone03" 0
22 "draw5_5_2efb_kyj06_bone04" 0
23 "draw5_6_2efb_kyj06_bone05" 0
24 "draw5_7_2efb_kyj06_bone06" 0
25 "draw5_8_2efb_kyj06_bone07" 0
26 "draw5_9_2efb_kyj06_bone08" 0
27 "draw5_10_2efb_kyj06_bone09" 0
28 "draw5_11_2efb_kyj06_bone10" 0
29 "draw5_12_2efb_kyj06_bone11" 0
30 "draw5_13_2efb_kyj06_bone12" 0
31 "draw5_14_2efb_kyj06_bone13" 0
32 "draw5_15_2efb_kyj06_bone14" 0
end
skeleton
time 0
0 0.000000 0.000000 0.000000 0.000000 -0.000000 0.000000
1 -251.983063 41.280643 -0.595119 -1.432088 1.553254 1.728409
2 -251.983063 41.280643 -0.595119 -1.432088 1.553254 1.728409
3 -252.333679 59.844619 -0.272483 -1.432088 1.553254 1.728409
4 -253.174831 104.380934 0.501543 -1.432088 1.553254 1.728409
5 -147.005219 43.439423 -0.557501 -1.432088 1.553254 1.728409
6 -147.005219 43.439423 -0.557501 -1.432088 1.553254 1.728409
7 -147.355834 62.003401 -0.234865 -1.432088 1.553254 1.728409
8 -148.196987 106.539718 0.539161 -1.432088 1.553254 1.728409
9 -42.027409 45.598191 -0.519883 -1.432088 1.553254 1.728409
10 -42.027409 45.598191 -0.519883 -1.432088 1.553254 1.728409
11 -42.378024 64.162167 -0.197247 -1.432088 1.553254 1.728409
12 -43.219177 108.698484 0.576779 -1.432088 1.553254 1.728409
13 62.950392 47.756973 -0.482267 -1.432088 1.553254 1.728409
14 62.950392 47.756973 -0.482267 -1.432088 1.553254 1.728409
15 62.599776 66.320952 -0.159631 -1.432088 1.553254 1.728409
16 61.758623 110.857266 0.614395 -1.432088 1.553254 1.728409
17 222.003662 51.027859 -0.425291 -1.591049 1.553531 1.571088
18 0.004924 -0.001519 0.009370 -0.000172 -0.000001 -0.000000
19 218.182201 50.949223 -0.426628 -1.591049 1.553531 1.571088
20 193.992525 50.523151 -0.534610 -1.591415 1.553531 1.571088
21 167.879387 49.920247 -0.473022 -1.434619 1.553376 1.725833
22 141.637344 49.313818 -0.412845 -1.434619 1.553376 1.725833
23 115.029265 48.833742 -0.465984 -1.434619 1.553376 1.725833
24 62.955443 47.766679 -0.487501 -1.434619 1.553376 1.725833
25 10.468200 46.691131 -0.509189 -1.434619 1.553376 1.725833
26 -42.019066 45.615586 -0.530877 -1.434619 1.553376 1.725833
27 -94.506309 44.540050 -0.552566 -1.434619 1.553376 1.725833
28 -146.993575 43.464504 -0.574253 -1.434619 1.553376 1.725833
29 -199.480841 42.388965 -0.595942 -1.434619 1.553376 1.725833
30 -251.968083 41.313411 -0.617631 -1.434619 1.553376 1.725833
31 -281.960810 40.698799 -0.630024 -1.434619 1.553376 1.725833
32 -304.455349 40.237862 -0.639320 -1.434619 1.553376 1.725833
time 1
0 0.000000 0.000000 0.000000 0.000000 -0.000000 0.000000
1 -261.377563 39.133729 0.640743 -1.989128 1.545527 1.035804
2 -261.377563 39.133729 0.640743 -1.989128 1.545527 1.035804
3 -259.218634 57.574684 1.069523 -1.989128 1.545527 1.035804
4 -254.039206 101.815855 2.098199 -1.989128 1.545527 1.035804
5 -152.048767 25.152408 1.825833 -0.810185 1.531296 2.254021
6 -152.048767 25.152408 1.825833 -0.810185 1.531296 2.254021
7 -150.606359 43.660531 2.357120 -0.810185 1.531296 2.254021
8 -147.145907 88.062851 3.631716 -0.810185 1.531296 2.254021
9 -43.993300 23.881092 -1.736404 -0.797402 1.515105 2.385741
10 -43.993300 23.881092 -1.736404 -0.797402 1.515105 2.385741
11 -44.749763 42.422776 -0.996705 -0.797402 1.515105 2.385741
12 -46.564570 86.905611 0.777886 -0.797402 1.515105 2.385741
13 63.065331 34.605740 0.184867 -2.462242 1.530163 0.739515
14 63.065331 34.605740 0.184867 -2.462242 1.530163 0.739515
15 61.941513 53.137496 0.658861 -2.462242 1.530163 0.739515
16 59.245393 97.596530 1.796005 -2.462242 1.530163 0.739515
17 222.003662 42.498222 -0.205757 -1.184007 1.550688 1.996046
18 0.197293 0.008514 -0.008124 -0.000130 -0.000003 -0.000000
19 218.179652 42.426785 -0.175328 -1.181630 1.550642 2.001660
20 194.003555 41.488310 -0.089750 -1.181996 1.550642 2.001660
21 167.911917 40.485008 0.173542 -1.063153 1.549476 2.118452
22 141.703561 39.249952 0.442070 -1.083541 1.549476 2.118452
23 115.042902 37.337406 0.608733 -1.849044 1.551156 1.346150
24 62.982227 34.620623 0.181739 -2.482817 1.530674 0.718922
25 9.807982 28.443858 -1.509692 -2.548724 1.513857 0.676469
26 -44.321489 24.062200 -1.574458 -0.816586 1.515046 2.365655
27 -98.031054 22.616474 1.096220 -0.892507 1.516777 2.239536
28 -152.525269 25.445143 1.701136 -0.895112 1.530233 2.168130
29 -208.101219 32.337312 1.722691 -1.846402 1.540455 1.165379
30 -262.947407 38.907067 0.165426 -1.971836 1.539353 1.052159
31 -293.180925 42.186504 -0.447474 -2.373489 1.529125 0.650250
32 -316.623050 43.927340 -1.571534 -2.373489 1.529125 0.650250
time 2
0 0.000000 0.000000 0.000000 0.000000 -0.000000 0.000000
1 -270.772034 36.986806 1.876603 -2.197533 1.533173 0.691812
2 -270.772034 36.986806 1.876603 -2.197533 1.533173 0.691812
3 -266.145267 54.962984 2.442309 -2.197533 1.533173 0.691812
4 -255.045319 98.089126 3.799477 -2.197533 1.533173 0.691812
5 -157.092331 6.865390 4.209167 -0.614792 1.505912 2.353064
6 -157.092331 6.865390 4.209167 -0.614792 1.505912 2.353064
7 -153.866485 25.138600 4.903498 -0.614792 1.505912 2.353064
8 -146.127447 68.977343 6.569248 -0.614792 1.505912 2.353064
9 -45.959187 2.163990 -2.952925 -0.700655 1.472857 2.505161
10 -45.959187 2.163990 -2.952925 -0.700655 1.472857 2.505161
11 -47.104894 20.660988 -1.782191 -0.700655 1.472857 2.505161
12 -49.853527 65.036621 1.026485 -0.700655 1.472857 2.505161
13 63.180258 21.454504 0.852001 -2.686629 1.497369 0.556419
14 63.180258 21.454504 0.852001 -2.686629 1.497369 0.556419
15 61.280831 39.915796 1.450707 -2.686629 1.497369 0.556419
16 56.723969 84.205763 2.887047 -2.686629 1.497369 0.556419
17 222.003662 33.968587 0.013776 -0.914688 1.545396 2.283283
18 0.006734 -0.005193 0.004249 -0.000084 -0.000002 -0.000004
19 218.176170 33.903915 0.076124 -0.913569 1.545247 2.290874
20 194.027702 32.451661 0.354405 -0.913935 1.545247 2.290874
21 167.966181 31.046625 0.818758 -0.833890 1.543522 2.368871
22 141.809853 29.182208 1.294214 -0.874663 1.543522 2.368871
23 115.173549 25.830721 1.678105 -2.132627 1.545956 1.097276
24 63.184393 21.463311 0.841482 -2.688723 1.497444 0.554263
25 9.711056 10.148986 -2.635599 -2.712226 1.463633 0.577861
26 -45.954554 2.186107 -2.958436 -0.698059 1.473044 2.507736
27 -100.750135 0.142711 2.576752 -0.736776 1.478370 2.368373
28 -157.082960 6.896447 4.204514 -0.607935 1.506071 2.359743
29 -214.710951 22.220740 4.739251 -1.990703 1.536940 0.873973
30 -270.756021 37.018140 1.881825 -2.197122 1.533478 0.691976
31 -300.724633 44.197070 0.811633 -2.655625 1.506033 0.232937
32 -324.881761 48.357706 -1.369389 -2.655625 1.506033 0.232937
time 3
0 0.000000 0.000000 0.000000 0.000000 -0.000000 0.000000
1 -271.658223 27.058886 1.300028 2.863061 1.508440 -0.753537
2 -271.658223 27.058886 1.300028 2.863061 1.508440 -0.753537
3 -263.157262 43.567860 0.981828 2.863061 1.508440 -0.753537
4 -242.762844 83.174076 0.218442 2.863061 1.508440 -0.753537
5 -160.664217 -33.506796 7.820787 0.030493 1.477246 2.842630
6 -160.664217 -33.506796 7.820787 0.030493 1.477246 2.842630
7 -154.658057 -15.933040 7.767893 0.030493 1.477246 2.842630
8 -140.248848 26.227663 7.640997 0.030493 1.477246 2.842630
9 -44.961136 -42.114853 -7.426700 -0.484652 1.409253 2.784956
10 -44.961136 -42.114853 -7.426700 -0.484652 1.409253 2.784956
11 -47.226557 -23.734299 -6.035000 -0.484652 1.409253 2.784956
12 -52.661465 20.361972 -2.696211 -0.484652 1.409253 2.784956
13 64.525635 -4.634373 1.948803 -2.767428 1.430629 0.561412
14 64.525635 -4.634373 1.948803 -2.767428 1.430629 0.561412
15 61.012036 13.577399 2.897133 -2.767428 1.430629 0.561412
16 52.582660 57.268754 5.172243 -2.767428 1.430629 0.561412
17 222.003662 18.063159 0.421482 -0.693150 1.532252 2.546842
18 0.895469 0.009830 -0.082992 -0.000041 -0.000046 0.000041
19 218.160778 18.025654 0.543472 -0.697658 1.531783 2.556929
20 194.121537 15.361546 1.167722 -0.698024 1.531783 2.556929
21 168.155994 12.931548 1.994400 -0.654021 1.529688 2.598891
22 142.171607 9.621790 2.839374 -0.732610 1.529688 2.598891
23 115.774417 3.301055 3.603033 -2.361125 1.530543 0.943778
24 64.140497 -4.659468 1.964823 -2.791127 1.431568 0.538042
25 11.356867 -26.008506 -5.199190 -2.828396 1.366775 0.591548
26 -46.601798 -41.825604 -6.735234 -0.507972 1.407749 2.760399
27 -103.243356 -46.224002 4.356525 -0.465927 1.421999 2.607624
28 -162.781741 -33.029571 8.236616 -0.082550 1.473566 2.727377
29 -221.883536 -2.210259 9.413499 -3.039410 1.532126 -0.425069
30 -277.320388 27.587018 3.214703 -3.122866 1.518035 -0.461126
31 -306.069403 41.391353 0.874517 -3.133417 1.449719 -0.471710
32 -331.618256 50.246011 -3.720281 -3.133417 1.449719 -0.471710
time 4
0 0.000000 0.000000 0.000000 0.000000 -0.000000 0.000000
1 -272.544365 17.130952 0.723456 2.667055 1.450049 -1.172721
2 -272.544365 17.130952 0.723456 2.667055 1.450049 -1.172721
3 -260.583928 31.296475 -0.299281 2.667055 1.450049 -1.172721
4 -231.889978 65.280583 -2.752903 2.667055 1.450049 -1.172721
5 -164.236105 -73.878977 11.432409 0.367107 1.434461 3.023214
6 -164.236105 -73.878977 11.432409 0.367107 1.434461 3.023214
7 -155.632289 -57.448745 10.526179 0.367107 1.434461 3.023214
8 -134.991115 -18.031434 8.352068 0.367107 1.434461 3.023214
9 -43.963085 -86.393692 -11.900473 -0.411477 1.341568 2.922275
10 -43.963085 -86.393692 -11.900473 -0.411477 1.341568 2.922275
11 -47.319751 -68.210083 -10.212707 -0.411477 1.341568 2.922275
12 -55.372634 -24.586296 -6.163633 -0.411477 1.341568 2.922275
13 65.870997 -30.723253 3.045604 -2.824090 1.364082 0.590964
14 65.870997 -30.723253 3.045604 -2.824090 1.364082 0.590964
15 60.753876 -12.915773 4.235721 -2.824090 1.364082 0.590964
16 48.477535 29.805655 7.090895 -2.824090 1.364082 0.590964
17 222.003662 2.157735 0.829186 -0.598298 1.518025 2.683726
18 0.007371 -0.006292 -0.019139 0.000011 -0.000086 0.000083
19 218.137602 2.145172 1.012145 -0.610575 1.517222 2.694167
20 194.274828 -1.726166 1.975130 -0.610942 1.517222 2.694167
21 168.449203 -5.178709 3.159166 -0.581323 1.514999 2.721752
22 142.722657 -9.923896 4.363369 -0.697720 1.514999 2.721752
23 116.888310 -19.196042 5.478880 -2.442700 1.512554 0.936937
24 65.868202 -30.699779 3.010842 -2.824710 1.364013 0.590099
25 15.327543 -61.843397 -8.281748 -2.891902 1.268548 0.658082
26 -43.979943 -86.335869 -11.944325 -0.411355 1.341890 2.922193
27 -101.847977 -93.475129 4.994374 -0.273049 1.367090 2.771063
28 -164.250644 -73.790560 11.358950 0.366975 1.434563 3.022949
29 -221.619686 -27.113529 12.092795 2.660848 1.469512 -1.249794
30 -272.545802 17.220102 0.645362 2.666533 1.450238 -1.173316
31 -298.720949 37.040214 -3.733928 2.881534 1.355202 -0.955511
32 -324.656220 50.747929 -11.444655 2.881534 1.355202 -0.955511
time 5
0 0.000000 0.000000 0.000000 0.000000 -0.000000 0.000000
1 -265.301056 -6.071949 -7.314577 2.658049 1.384812 -1.258919
2 -265.301056 -6.071949 -7.314577 2.658049 1.384812 -1.258919
3 -252.255359 7.049572 -8.911201 2.658049 1.384812 -1.258919
4 -220.957794 38.529046 -12.741615 2.658049 1.384812 -1.258919
5 -160.089452 -108.397862 10.965108 0.643702 1.419487 -3.029905
6 -160.089452 -108.397862 10.965108 0.643702 1.419487 -3.029905
7 -150.795062 -92.407077 9.285028 0.643702 1.419487 -3.029905
8 -128.497152 -54.044044 5.254398 0.643702 1.419487 -3.029905
9 -36.777539 -118.485096 -16.137441 -0.339618 1.314863 3.064249
10 -36.777539 -118.485096 -16.137441 -0.339618 1.314863 3.064249
11 -41.391885 -100.563925 -14.571263 -0.339618 1.314863 3.064249
12 -52.462034 -57.569736 -10.813890 -0.339618 1.314863 3.064249
13 68.547791 -49.660248 3.329258 -2.818876 1.324372 0.672974
14 68.547791 -49.660248 3.329258 -2.818876 1.324372 0.672974
15 62.035921 -32.326908 4.766043 -2.818876 1.324372 0.672974
16 46.413476 9.257020 8.212992 -2.818876 1.324372 0.672974
17 222.003663 -6.598256 1.048719 -0.618242 1.509665 2.712429
18 0.695224 -0.010418 -0.082440 0.000058 -0.000126 0.000083
19 218.092664 -6.558175 1.267534 -0.637016 1.508430 2.726950
20 194.507734 -11.838573 2.381765 -0.637382 1.508430 2.726950
21 168.914774 -16.667149 3.728761 -0.610610 1.506250 2.751696
22 143.550002 -23.000027 5.089714 -0.746710 1.506288 2.752433
23 118.314742 -34.731009 6.341416 -2.441305 1.498930 1.010623
24 68.184975 -49.723432 3.339661 -2.826075 1.324664 0.666013
25 20.666895 -87.435246 -10.508964 -2.917315 1.212506 0.733621
26 -37.929432 -118.687477 -15.883034 -0.344773 1.313880 3.059281
27 -96.705929 -129.505554 4.199564 -0.155974 1.345883 2.907655
28 -161.356758 -108.507420 11.318046 0.624087 1.417311 -3.049735
29 -218.446772 -55.391236 10.157877 2.676620 1.412312 -1.324914
30 -267.102133 -5.786208 -5.956160 2.651415 1.389562 -1.266669
31 -292.904377 16.651588 -12.392435 2.841932 1.279227 -1.071032
32 -320.599413 33.257843 -23.112708 2.841932 1.279227 -1.071032
time 6
0 0.000000 0.000000 0.000000 0.000000 -0.000000 0.000000
1 -258.057739 -29.274841 -15.352611 2.674193 1.319716 -1.320514
2 -258.057739 -29.274841 -15.352611 2.674193 1.319716 -1.320514
3 -244.004370 -17.319208 -17.432136 2.674193 1.319716 -1.320514
4 -210.289327 11.363216 -22.421061 2.674193 1.319716 -1.320514
5 -155.942805 -142.916766 10.497807 0.864625 1.396910 -2.855631
6 -155.942805 -142.916766 10.497807 0.864625 1.396910 -2.855631
7 -145.992195 -127.433266 8.052854 0.864625 1.396910 -2.855631
8 -122.119965 -90.287235 2.187237 0.864625 1.396910 -2.855631
9 -29.592003 -150.576477 -20.374408 -0.288577 1.286134 -3.097500
10 -29.592003 -150.576477 -20.374408 -0.288577 1.286134 -3.097500
11 -35.443196 -133.018633 -18.889989 -0.288577 1.286134 -3.097500
12 -49.480629 -90.896101 -15.328761 -0.288577 1.286134 -3.097500
13 71.224579 -68.597244 3.612912 -2.825998 1.284703 0.743050
14 71.224579 -68.597244 3.612912 -2.825998 1.284703 0.743050
15 63.353854 -51.858104 5.239761 -2.825998 1.284703 0.743050
16 44.471418 -11.699701 9.142688 -2.825998 1.284703 0.743050
17 222.003686 -15.354242 1.268252 -0.639274 1.501332 2.740058
18 0.027833 -0.017452 -0.015476 0.000123 -0.000156 0.000070
19 218.034563 -15.267233 1.524964 -0.665210 1.499683 2.757993
20 194.814130 -21.940701 2.779895 -0.665576 1.499683 2.757993
21 169.530248 -28.134148 4.280716 -0.640929 1.497550 2.780625
22 144.628523 -36.031823 5.785579 -0.796939 1.497630 2.781881
23 120.223422 -50.185251 7.147652 -2.439513 1.484420 1.084556
24 71.229385 -68.586273 3.583264 -2.826666 1.284496 0.742341
25 27.522055 -112.469567 -12.989354 -2.941214 1.155716 0.810519
26 -29.592715 -150.550763 -20.413541 -0.289118 1.286413 -3.098037
27 -88.937877 -165.133118 2.825680 -0.047761 1.325670 3.035121
28 -155.933015 -142.901670 10.425503 0.864616 1.397036 -2.855518
29 -212.365366 -83.492491 6.402449 2.726975 1.346476 -1.363686
30 -258.041230 -29.294358 -15.419335 2.674455 1.319862 -1.320097
31 -283.160673 -4.464536 -24.450142 2.833706 1.192872 -1.153009
32 -312.126881 14.868371 -38.918414 2.833706 1.192872 -1.153009
time 7
0 0.000000 0.000000 0.000000 0.000000 -0.000000 0.000000
1 -268.163147 -82.406853 -8.157309 2.674431 1.390857 -1.104318
2 -268.163147 -82.406853 -8.157309 2.674431 1.390857 -1.104318
3 -257.053794 -67.599581 -9.654199 2.674431 1.390857 -1.104318
4 -230.401656 -32.075869 -13.245345 2.674431 1.390857 -1.104318
5 -149.865787 -169.808709 9.866164 0.574659 1.419372 -2.962688
6 -149.865787 -169.808709 9.866164 0.574659 1.419372 -2.962688
7 -142.819924 -152.692907 8.343413 0.574659 1.419372 -2.962688
8 -125.916391 -111.630869 4.690222 0.574659 1.419372 -2.962688
9 -22.560004 -161.683672 -18.154439 -0.381498 1.313906 -3.125592
10 -22.560004 -161.683672 -18.154439 -0.381498 1.313906 -3.125592
11 -29.522537 -144.556194 -16.397641 -0.381498 1.313906 -3.125592
12 -46.226153 -103.466140 -12.182956 -0.381498 1.313906 -3.125592
13 74.647288 -78.584281 2.732660 -2.805876 1.313808 0.818884
14 74.647288 -78.584281 2.732660 -2.805876 1.313808 0.818884
15 65.881822 -62.285141 4.287772 -2.805876 1.313808 0.818884
16 44.852847 -23.182327 8.018602 -2.805876 1.313808 0.818884
17 222.003662 -15.608234 1.055863 -0.757743 1.506183 2.685877
18 0.478233 -0.028116 -0.064332 0.000065 -0.000123 0.000082
19 217.956636 -15.542432 1.293064 -0.785568 1.504303 2.712499
20 195.287413 -23.932956 2.332353 -0.790371 1.504605 2.707931
21 170.571324 -32.136607 3.593169 -0.760341 1.502686 2.735948
22 146.278760 -41.806145 4.855629 -0.894578 1.502780 2.738431
23 121.999749 -57.186968 6.009301 -2.398063 1.488277 1.187207
24 74.309232 -78.671618 2.721896 -2.802313 1.313434 0.822258
25 31.712070 -122.431109 -11.874575 -2.904272 1.199455 0.878815
26 -22.864169 -161.805380 -18.095891 -0.381089 1.314221 -3.125139
27 -82.645856 -181.890546 2.752738 -0.199835 1.344485 2.998632
28 -151.126522 -169.922022 10.237189 0.560419 1.419469 -2.977232
29 -216.423891 -124.262462 9.542407 2.718823 1.419543 -1.145140
30 -272.336681 -80.591635 -6.635842 2.691224 1.395885 -1.089201
31 -304.389467 -59.098468 -13.767068 2.873802 1.280451 -0.901909
32 -341.229572 -40.954129 -26.949426 2.873802 1.280451 -0.901909
time 8
0 0.000000 0.000000 0.000000 0.000000 -0.000000 0.000000
1 -278.268524 -135.538864 -0.962006 2.812734 1.459318 -0.751489
2 -278.268524 -135.538864 -0.962006 2.812734 1.459318 -0.751489
3 -270.624738 -118.629286 -1.629497 2.812734 1.459318 -0.751489
4 -252.286724 -78.062000 -3.230859 2.812734 1.459318 -0.751489
5 -143.788757 -196.700592 9.234522 0.227306 1.435305 -3.127451
6 -143.788757 -196.700592 9.234522 0.227306 1.435305 -3.127451
7 -139.898742 -178.553294 8.669080 0.227306 1.435305 -3.127451
8 -130.566316 -135.016621 7.312545 0.227306 1.435305 -3.127451
9 -15.527996 -172.790863 -15.934476 -0.488487 1.340801 3.115235
10 -15.527996 -172.790863 -15.934476 -0.488487 1.340801 3.115235
11 -23.578161 -156.175362 -13.947473 -0.488487 1.340801 3.115235
12 -42.891083 -116.313564 -9.180510 -0.488487 1.340801 3.115235
13 78.069984 -88.571311 1.852404 -2.773759 1.342403 0.906546
14 78.069984 -88.571311 1.852404 -2.773759 1.342403 0.906546
15 68.436924 -72.771079 3.364807 -2.773759 1.342403 0.906546
16 45.326520 -34.865186 6.993170 -2.773759 1.342403 0.906546
17 222.003662 -15.862228 0.843472 -0.889452 1.510535 2.618444
18 0.016205 -0.018836 -0.026652 0.000030 -0.000082 0.000072
19 217.866329 -15.828542 1.060958 -0.916564 1.508549 2.656355
20 195.879606 -25.891154 1.879674 -0.927657 1.509066 2.645363
21 171.895122 -36.054039 2.893604 -0.891740 1.507417 2.679271
22 148.342357 -47.448698 3.908972 -1.004081 1.507544 2.683089
23 124.255960 -64.084651 4.844444 -2.356970 1.492239 1.289504
24 78.070859 -88.565802 1.831316 -2.774479 1.342381 0.905738
25 36.493314 -132.193437 -10.803192 -2.864701 1.243418 0.950114
26 -15.543371 -172.765913 -15.946027 -0.487347 1.340912 3.116100
27 -75.257933 -198.331811 2.318274 -0.361761 1.362648 2.951848
28 -143.804942 -196.643378 9.215663 0.229180 1.435354 -3.125762
29 -214.900136 -166.175952 10.645633 2.826823 1.480587 -0.808563
30 -278.262493 -135.475391 -0.998100 2.811547 1.459159 -0.752864
31 -316.748669 -119.467207 -6.399845 2.973443 1.353352 -0.588990
32 -361.895127 -105.427845 -17.891518 2.973443 1.353352 -0.588990
time 9
0 0.000000 0.000000 0.000000 0.000000 -0.000000 0.000000
1 -265.417900 -210.035338 -1.923361 -3.043093 1.506157 0.036082
2 -265.417900 -210.035338 -1.923361 -3.043093 1.506157 0.036082
3 -264.263247 -191.499782 -1.805387 -3.043093 1.506157 0.036082
4 -261.493153 -147.031649 -1.522359 -3.043093 1.506157 0.036082
5 -132.976135 -222.212540 5.251950 -0.213551 1.469241 3.002662
6 -132.976135 -222.212540 5.251950 -0.213551 1.469241 3.002662
7 -134.340609 -203.695173 5.650980 -0.213551 1.469241 3.002662
8 -137.614079 -159.270679 6.608281 -0.213551 1.469241 3.002662
9 -10.138489 -178.183563 -11.748910 -0.624353 1.402034 3.043964
10 -10.138489 -178.183563 -11.748910 -0.624353 1.402034 3.043964
11 -19.321130 -162.143998 -9.925415 -0.624353 1.402034 3.043964
12 -41.350947 -123.663928 -5.550720 -0.624353 1.402034 3.043964
13 82.379944 -97.587914 0.731678 -2.728863 1.401906 0.994581
14 82.379944 -97.587914 0.731678 -2.728863 1.401906 0.994581
15 72.115642 -82.160992 1.983835 -2.728863 1.401906 0.994581
16 47.490844 -45.150698 4.987847 -2.728863 1.401906 0.994581
17 222.003662 -15.978234 0.449032 -1.082094 1.519085 2.496809
18 0.584769 -0.048137 -0.060879 -0.000021 -0.000096 0.000125
19 217.787592 -16.067560 0.620921 -1.098616 1.517396 2.553443
20 196.652183 -27.833160 1.110995 -1.127381 1.518151 2.524515
21 173.655321 -40.099387 1.749872 -1.080307 1.516942 2.569577
22 150.974095 -53.201908 2.395617 -1.153759 1.517163 2.574111
23 126.646016 -70.547242 3.012553 -2.269149 1.505137 1.431343
24 82.069272 -97.743975 0.711235 -2.719962 1.401518 1.003480
25 39.576671 -138.672956 -8.118375 -2.794220 1.330896 1.019448
26 -10.298539 -178.254666 -11.442908 -0.626413 1.401617 3.040705
27 -69.307528 -209.642106 1.341533 -0.596894 1.411402 2.875029
28 -135.099957 -222.790093 5.725320 -0.295988 1.466237 2.918378
29 -208.117642 -217.845696 7.341085 -2.526019 1.518318 0.500805
30 -276.258229 -211.209602 0.318667 -2.720867 1.505168 0.353750
31 -321.376653 -208.180021 -3.222681 -2.955544 1.425484 0.117959
32 -375.901869 -207.462261 -11.464319 -2.955544 1.425484 0.117959
time 10
0 0.000000 0.000000 0.000000 0.000000 -0.000000 0.000000
1 -252.567230 -284.531858 -2.884716 -2.162614 1.497893 1.276457
2 -252.567230 -284.531858 -2.884716 -2.162614 1.497893 1.276457
3 -258.021766 -266.819393 -1.761893 -2.162614 1.497893 1.276457
4 -271.107590 -224.325913 0.931839 -2.162614 1.497893 1.276457
5 -122.163517 -247.724477 1.269378 -0.863691 1.489112 2.639886
6 -122.163517 -247.724477 1.269378 -0.863691 1.489112 2.639886
7 -128.698279 -230.381927 2.421557 -0.863691 1.489112 2.639886
8 -144.375636 -188.775925 5.185714 -0.863691 1.489112 2.639886
9 -4.748981 -183.576263 -7.563344 -0.871488 1.459682 2.861131
10 -4.748981 -183.576263 -7.563344 -0.871488 1.459682 2.861131
11 -15.011975 -168.181793 -5.987086 -0.871488 1.459682 2.861131
12 -39.633636 -131.249351 -2.205530 -0.871488 1.459682 2.861131
13 86.689891 -106.604505 -0.389049 -2.613643 1.459991 1.152777
14 86.689891 -106.604505 -0.389049 -2.613643 1.459991 1.152777
15 75.804385 -91.597231 0.645913 -2.613643 1.459991 1.152777
16 49.689274 -55.593701 3.128862 -2.613643 1.459991 1.152777
17 222.003652 -16.094246 0.054592 -1.329429 1.525950 2.320466
18 0.014633 -0.034820 -0.011182 -0.000039 -0.000101 0.000146
19 217.707032 -16.318348 0.178909 -1.330284 1.524927 2.400890
20 197.560541 -29.714006 0.345610 -1.384829 1.525470 2.345921
21 175.739595 -43.987929 0.615572 -1.325279 1.524895 2.403457
22 154.059868 -58.730685 0.896568 -1.360669 1.525224 2.407867
23 129.514651 -76.831766 1.173528 -2.138959 1.517471 1.615404
24 86.709667 -106.628523 -0.406384 -2.615138 1.460058 1.151339
25 43.138876 -144.854717 -5.615318 -2.690911 1.418537 1.122207
26 -4.722174 -183.606402 -7.577443 -0.870518 1.460006 2.862209
27 -62.068539 -220.712171 -0.403292 -0.912643 1.460497 2.719193
28 -122.125227 -247.768925 1.252719 -0.861635 1.489353 2.642198
29 -188.721732 -266.991673 1.500469 -2.019477 1.502260 1.394808
30 -252.511017 -284.615868 -2.896881 -2.163075 1.498169 1.276307
31 -299.306823 -297.869922 -5.442989 -2.587392 1.456147 0.850270
32 -357.985494 -316.493478 -10.720295 -2.587392 1.456147 0.850270
time 11
0 0.000000 0.000000 0.000000 0.000000 -0.000000 0.000000
1 -229.733953 -316.523122 -4.249640 -2.106931 1.510345 1.530619
2 -229.733953 -316.523122 -4.249640 -2.106931 1.510345 1.530619
3 -238.572969 -300.218065 -3.285064 -2.106931 1.510345 1.530619
4 -259.778429 -261.101062 -0.970978 -2.106931 1.510345 1.530619
5 -113.915977 -258.293396 -0.830727 -1.069543 1.511319 2.588858
6 -113.915977 -258.293396 -0.830727 -1.069543 1.511319 2.588858
7 -123.067955 -242.162132 0.137423 -1.069543 1.511319 2.588858
8 -145.024202 -203.462077 2.460084 -1.069543 1.511319 2.588858
9 -2.629797 -185.015143 -5.811041 -1.016006 1.497509 2.750315
10 -2.629797 -185.015143 -5.811041 -1.016006 1.497509 2.750315
11 -13.452881 -169.967265 -4.655145 -1.016006 1.497509 2.750315
12 -39.418236 -133.866305 -1.882068 -1.016006 1.497509 2.750315
13 88.998417 -110.449987 -0.829577 -2.495301 1.493003 1.287580
14 88.998417 -110.449987 -0.829577 -2.495301 1.493003 1.287580
15 77.878762 -95.600357 0.039630 -2.495301 1.493003 1.287580
16 51.201910 -59.975028 2.124919 -2.495301 1.493003 1.287580
17 222.003662 -16.121881 -0.157799 -1.474479 1.529308 2.208827
18 0.130380 -0.017296 -0.015803 -0.000071 -0.000067 0.000125
19 217.675295 -16.424660 -0.060573 -1.464906 1.528725 2.302921
20 198.029902 -30.546713 -0.050752 -1.535300 1.528936 2.231793
21 176.813198 -45.744360 0.048175 -1.469383 1.528753 2.295691
22 155.623494 -61.211802 0.152173 -1.484691 1.529167 2.299554
23 130.849129 -79.510741 0.259637 -2.021923 1.524510 1.755169
24 88.942795 -110.501146 -0.842427 -2.491727 1.492889 1.291275
25 44.471948 -146.979272 -4.187942 -2.593731 1.468159 1.212399
26 -2.632604 -185.022371 -5.722720 -1.017904 1.497572 2.747722
27 -58.714172 -224.845510 -1.455878 -1.073960 1.496601 2.641369
28 -114.439690 -258.528987 -0.958732 -1.113885 1.509980 2.543923
29 -174.321437 -288.956199 -1.476201 -2.012098 1.505961 1.612359
30 -232.230441 -318.316909 -4.795241 -2.089416 1.504089 1.547597
31 -277.602430 -340.496174 -6.877770 -2.490214 1.475163 1.145551
32 -334.988428 -370.892865 -10.278747 -2.490214 1.475163 1.145551
time 12
0 0.000000 0.000000 0.000000 0.000000 -0.000000 0.000000
1 -206.900678 -348.514390 -5.614568 -1.977313 1.521279 1.858692
2 -206.900678 -348.514390 -5.614568 -1.977313 1.521279 1.858692
3 -218.777597 -334.266730 -4.769675 -1.977313 1.521279 1.858692
4 -247.271192 -300.085592 -2.742715 -1.977313 1.521279 1.858692
5 -105.668449 -268.862265 -2.930831 -1.418039 1.531803 2.395105
6 -105.668449 -268.862265 -2.930831 -1.418039 1.531803 2.395105
7 -117.213051 -254.333728 -2.215097 -1.418039 1.531803 2.395105
8 -144.909383 -219.478721 -0.498004 -1.418039 1.531803 2.395105
9 -0.510593 -186.453995 -4.058740 -1.403312 1.531848 2.396717
10 -0.510593 -186.453995 -4.058740 -1.403312 1.531848 2.396717
11 -11.862629 -171.776905 -3.345245 -1.403312 1.531848 2.396717
12 -39.096985 -136.565501 -1.633519 -1.403312 1.531848 2.396717
13 91.306940 -114.295470 -1.270107 -2.206816 1.523108 1.592568
14 91.306940 -114.295470 -1.270107 -2.206816 1.523108 1.592568
15 79.955057 -99.619654 -0.557286 -2.206816 1.523108 1.592568
16 52.721045 -64.411301 1.152824 -2.206816 1.523108 1.592568
17 222.003678 -16.149526 -0.370191 -1.639173 1.531880 2.077543
18 0.027590 -0.009186 -0.005384 -0.000056 -0.000016 0.000058
19 217.645041 -16.533763 -0.300587 -1.620017 1.531880 2.184454
20 198.530116 -31.364236 -0.444864 -1.706122 1.531565 2.097306
21 177.959313 -47.461202 -0.513438 -1.635727 1.531834 2.165678
22 157.287244 -63.638043 -0.584076 -1.631911 1.532329 2.168031
23 132.287716 -82.147407 -0.652689 -1.864708 1.530679 1.935055
24 91.317330 -114.301990 -1.273150 -2.206525 1.523072 1.592918
25 45.912830 -149.026902 -2.827946 -2.360112 1.516269 1.439132
26 -0.489530 -186.469727 -4.056597 -1.404669 1.531864 2.395442
27 -54.975606 -229.046689 -2.621107 -1.404669 1.531864 2.395442
28 -105.635227 -268.888220 -2.925608 -1.417730 1.531864 2.395442
29 -156.952195 -308.984800 -3.727079 -1.977703 1.521359 1.858293
30 -206.860029 -348.545003 -5.604740 -1.977703 1.521359 1.858293
31 -248.988835 -379.680978 -6.916995 -2.390043 1.504280 1.445294
32 -302.499453 -422.101129 -7.910174 -2.390043 1.504280 1.445294
time 13
0 0.000000 0.000000 0.000000 0.000000 -0.000000 0.000000
1 -212.616600 -341.561990 -4.433130 -1.922531 1.520206 1.913999
2 -212.616600 -341.561990 -4.433130 -1.922531 1.520206 1.913999
3 -224.501350 -327.318076 -3.551471 -1.922531 1.520206 1.913999
4 -253.013735 -293.145884 -1.436308 -1.922531 1.520206 1.913999
5 -110.648539 -262.815130 -2.042326 -1.374782 1.530785 2.438229
6 -110.648539 -262.815130 -2.042326 -1.374782 1.530785 2.438229
7 -122.190916 -248.283909 -1.313672 -1.374782 1.530785 2.438229
8 -149.881908 -213.422464 0.434422 -1.374782 1.530785 2.438229
9 -1.955031 -185.200341 -3.734393 -1.366727 1.529445 2.433247
10 -1.955031 -185.200341 -3.734393 -1.366727 1.529445 2.433247
11 -13.306177 -170.520423 -2.982569 -1.366727 1.529445 2.433247
12 -40.538393 -135.302245 -1.178888 -1.366727 1.529445 2.433247
13 91.299225 -114.490540 -0.961397 -2.171098 1.523973 1.627921
14 91.299225 -114.490540 -0.961397 -2.171098 1.523973 1.627921
15 79.951258 -99.806433 -0.244093 -2.171098 1.523973 1.627921
16 52.726669 -64.578205 1.476771 -2.171098 1.523973 1.627921
17 222.031918 -16.129260 -0.320793 -1.639208 1.531882 2.077508
18 0.000347 0.005645 -0.005693 -0.000082 -0.000026 0.000083
19 217.672819 -16.513211 -0.251184 -1.620045 1.531883 2.184428
20 198.569954 -31.383562 -0.397081 -1.691933 1.531085 2.111324
21 177.922346 -47.546647 -0.434370 -1.622915 1.531500 2.178685
22 157.245887 -63.734720 -0.492231 -1.617412 1.532119 2.182605
23 132.271438 -82.138732 -0.521130 -1.835425 1.530828 1.964118
24 91.304350 -114.497276 -0.960569 -2.170483 1.524061 1.628753
25 45.781687 -149.332112 -2.520368 -2.305899 1.516764 1.494145
26 -1.938500 -185.219485 -3.726300 -1.364203 1.529595 2.436008
27 -58.096611 -225.644916 -2.019328 -1.377465 1.531571 2.422735
28 -110.617940 -262.855009 -2.028541 -1.373189 1.530938 2.440026
29 -162.877397 -301.544931 -2.564968 -1.947166 1.521031 1.889948
30 -212.575064 -341.618058 -4.412576 -1.923916 1.520424 1.912860
31 -255.313103 -372.268162 -5.660585 -2.357292 1.505128 1.478177
32 -308.515840 -415.001191 -6.429302 -2.357292 1.505128 1.478177
time 14
0 0.000000 0.000000 0.000000 0.000000 -0.000000 0.000000
1 -218.332510 -334.609552 -3.251691 -1.870153 1.519059 1.966972
2 -218.332510 -334.609552 -3.251691 -1.870153 1.519059 1.966972
3 -230.222231 -320.376981 -2.333452 -1.870153 1.519059 1.966972
4 -258.746529 -286.232018 -0.130531 -1.870153 1.519059 1.966972
5 -115.628596 -256.768020 -1.153823 -1.333273 1.529727 2.479639
6 -115.628596 -256.768020 -1.153823 -1.333273 1.529727 2.479639
7 -127.167371 -242.237986 -0.412337 -1.333273 1.529727 2.479639
8 -154.849723 -207.379388 1.366539 -1.333273 1.529727 2.479639
9 -3.399487 -183.946701 -3.410047 -1.333466 1.527045 2.466511
10 -3.399487 -183.946701 -3.410047 -1.333466 1.527045 2.466511
11 -14.747336 -169.270724 -2.620052 -1.333466 1.527045 2.466511
12 -41.971644 -134.062000 -0.724798 -1.333466 1.527045 2.466511
13 91.291519 -114.685608 -0.652687 -2.134507 1.524850 1.664219
14 91.291519 -114.685608 -0.652687 -2.134507 1.524850 1.664219
15 79.950336 -100.001552 0.068908 -2.134507 1.524850 1.664219
16 52.742026 -64.773443 1.800067 -2.134507 1.524850 1.664219
17 222.060165 -16.108965 -0.271396 -1.639173 1.531880 2.077543
18 0.027608 -0.009195 -0.005371 -0.000056 -0.000016 0.000058
19 217.701560 -16.493208 -0.201793 -1.620017 1.531880 2.184454
20 198.613298 -31.404769 -0.349287 -1.678005 1.530594 2.125076
21 177.891646 -47.635347 -0.355197 -1.610272 1.531156 2.191520
22 157.213532 -63.836117 -0.400288 -1.603021 1.531897 2.197066
23 132.267656 -82.136602 -0.389553 -1.805833 1.530939 1.993487
24 91.309470 -114.701775 -0.647580 -2.132781 1.524986 1.666246
25 45.674617 -149.649873 -2.211144 -2.250668 1.517094 1.550170
26 -3.359960 -183.987490 -3.386397 -1.328080 1.527260 2.472224
27 -61.181728 -222.265888 -1.398192 -1.350752 1.531245 2.449532
28 -115.557366 -256.848448 -1.112038 -1.330818 1.529932 2.482432
29 -168.751671 -294.135119 -1.382011 -1.917018 1.520650 1.921202
30 -218.231855 -334.723675 -3.199640 -1.872197 1.519342 1.965348
31 -261.574028 -364.891732 -4.379512 -2.323640 1.505904 1.511953
32 -314.461363 -407.940636 -4.924497 -2.323640 1.505904 1.511953
time 15
0 0.000000 0.000000 0.000000 0.000000 -0.000000 0.000000
1 -216.650261 -336.440896 -2.741261 -1.847176 1.518822 1.990147
2 -216.650261 -336.440896 -2.741261 -1.847176 1.518822 1.990147
3 -228.544001 -322.207451 -1.813043 -1.847176 1.518822 1.990147
4 -257.077936 -288.060360 0.413819 -1.847176 1.518822 1.990147
5 -114.161331 -258.388000 -0.821319 -1.315900 1.528860 2.497044
6 -114.161331 -258.388000 -0.821319 -1.315900 1.528860 2.497044
7 -125.701216 -243.856072 -0.067876 -1.315900 1.528860 2.497044
8 -153.386229 -208.992928 1.739685 -1.315900 1.528860 2.497044
9 -2.911609 -184.407122 -3.073414 -1.315619 1.526501 2.484055
10 -2.911609 -184.407122 -3.073414 -1.315619 1.526501 2.484055
11 -14.256204 -169.724455 -2.277672 -1.315619 1.526501 2.484055
12 -41.472705 -134.499680 -0.368630 -1.315619 1.526501 2.484055
13 91.373869 -114.773965 -0.510087 -2.120708 1.524824 1.677669
14 91.373869 -114.773965 -0.510087 -2.120708 1.524824 1.677669
15 80.036164 -100.082442 0.217567 -2.120708 1.524824 1.677669
16 52.836194 -64.836421 1.963262 -2.120708 1.524824 1.677669
17 222.088409 -16.088686 -0.221998 -1.639208 1.531882 2.077508
18 0.000304 0.005638 -0.005691 -0.000082 -0.000026 0.000083
19 217.729291 -16.472650 -0.152389 -1.620045 1.531883 2.184428
20 198.653156 -31.424135 -0.301553 -1.665979 1.530093 2.136931
21 177.862490 -47.705388 -0.284207 -1.596379 1.530811 2.205610
22 157.182074 -63.920772 -0.314597 -1.588883 1.531610 2.211340
23 132.297168 -82.162298 -0.266509 -1.788192 1.530917 2.010899
24 91.379602 -114.781246 -0.508191 -2.119988 1.524993 1.678683
25 45.817759 -149.668156 -2.021921 -2.241013 1.517349 1.559404
26 -2.892467 -184.432880 -3.055711 -1.310906 1.526688 2.489052
27 -60.265771 -223.221537 -1.057923 -1.330177 1.530423 2.469886
28 -114.123475 -258.440827 -0.785387 -1.312117 1.529026 2.501096
29 -167.057562 -296.110497 -0.988377 -1.888958 1.520444 1.949097
30 -216.596353 -336.515576 -2.692422 -1.848276 1.519158 1.989405
31 -259.845441 -366.883069 -3.818322 -2.300914 1.506220 1.535119
32 -312.714928 -409.875686 -4.311735 -2.300914 1.506220 1.535119
time 16
0 0.000000 0.000000 0.000000 0.000000 -0.000000 0.000000
1 -214.968018 -338.272217 -2.230829 -1.824325 1.518630 2.013266
2 -214.968018 -338.272217 -2.230829 -1.824325 1.518630 2.013266
3 -226.863007 -324.045506 -1.292844 -1.824325 1.518630 2.013266
4 -255.399941 -289.914602 0.957450 -1.824325 1.518630 2.013266
5 -112.694069 -260.007974 -0.488815 -1.298521 1.528027 2.514506
6 -112.694069 -260.007974 -0.488815 -1.298521 1.528027 2.514506
7 -124.233002 -245.480030 0.276452 -1.298521 1.528027 2.514506
8 -151.915731 -210.626447 2.112380 -1.298521 1.528027 2.514506
9 -2.423779 -184.867536 -2.736779 -1.297486 1.525993 2.501941
10 -2.423779 -184.867536 -2.736779 -1.297486 1.525993 2.501941
11 -13.762912 -170.184631 -1.935449 -1.297486 1.525993 2.501941
12 -40.966309 -134.959285 -0.013002 -1.297486 1.525993 2.501941
13 91.456221 -114.862321 -0.367488 -2.107335 1.524871 1.690772
14 91.456221 -114.862321 -0.367488 -2.107335 1.524871 1.690772
15 80.125100 -100.172425 0.366023 -2.107335 1.524871 1.690772
16 52.940925 -64.930306 2.125768 -2.107335 1.524871 1.690772
17 222.116662 -16.068397 -0.172601 -1.639173 1.531880 2.077543
18 0.027591 -0.009214 -0.005352 -0.000056 -0.000016 0.000058
19 217.758022 -16.452650 -0.102997 -1.620017 1.531880 2.184454
20 198.696496 -31.445341 -0.253808 -1.654177 1.529583 2.148556
21 177.839622 -47.778722 -0.213152 -1.582687 1.530454 2.219494
22 157.159622 -64.010154 -0.228864 -1.574915 1.531311 2.225441
23 132.339198 -82.194540 -0.143562 -1.770473 1.530878 2.028385
24 91.467570 -114.870117 -0.368836 -2.107046 1.524990 1.691266
25 45.984991 -149.699114 -1.832240 -2.231119 1.517601 1.568875
26 -2.394191 -184.894787 -2.724119 -1.294263 1.526101 2.505346
27 -59.310916 -224.198475 -0.718343 -1.310523 1.529582 2.489315
28 -112.642944 -260.058967 -0.460913 -1.294318 1.528102 2.518851
29 -165.309248 -298.115473 -0.597822 -1.861156 1.520194 1.976727
30 -214.900055 -338.340145 -2.188022 -1.824560 1.518941 2.013249
31 -258.049845 -368.910196 -3.259954 -2.277936 1.506497 1.558531
32 -310.894863 -411.849927 -3.701939 -2.277936 1.506497 1.558531
time 17
0 0.000000 0.000000 0.000000 0.000000 -0.000000 0.000000
1 -212.007416 -341.601227 -2.165308 -1.810101 1.518385 2.027960
2 -212.007416 -341.601227 -2.165308 -1.810101 1.518385 2.027960
3 -223.910561 -327.376756 -1.220097 -1.810101 1.518385 2.027960
4 -252.467047 -293.251244 1.047531 -1.810101 1.518385 2.027960
5 -110.143204 -262.935974 -0.545231 -1.294408 1.527231 2.518783
6 -110.143204 -262.935974 -0.545231 -1.294408 1.527231 2.518783
7 -121.685535 -248.407286 0.232903 -1.294408 1.527231 2.518783
8 -149.376417 -213.551919 2.099704 -1.294408 1.527231 2.518783
9 -1.673908 -185.607758 -2.591727 -1.292051 1.525799 2.506900
10 -1.673908 -185.607758 -2.591727 -1.292051 1.525799 2.506900
11 -13.007270 -170.916819 -1.788565 -1.292051 1.525799 2.506900
12 -40.196822 -135.672217 0.138280 -1.292051 1.525799 2.506900
13 91.454839 -114.916171 -0.429166 -2.109670 1.524403 1.687875
14 91.454839 -114.916171 -0.429166 -2.109670 1.524403 1.687875
15 80.129612 -100.215615 0.310081 -2.109670 1.524403 1.687875
16 52.959577 -64.947923 2.083586 -2.109670 1.524403 1.687875
17 222.115347 -16.069359 -0.174902 -1.639208 1.531882 2.077508
18 0.000302 0.005613 -0.005690 -0.000082 -0.000026 0.000083
19 217.756260 -16.453330 -0.105293 -1.620045 1.531883 2.184428
20 198.694535 -31.442339 -0.258181 -1.654156 1.529645 2.148396
21 177.841995 -47.764353 -0.255124 -1.574782 1.530458 2.227041
22 157.152310 -64.000972 -0.261704 -1.568442 1.531374 2.231615
23 132.298058 -82.209485 -0.169173 -1.768066 1.530714 2.030735
24 91.463461 -114.927111 -0.426194 -2.108366 1.524525 1.689514
25 46.116395 -149.637448 -1.863574 -2.235911 1.517554 1.563646
26 -1.646216 -185.643344 -2.569788 -1.286891 1.525878 2.512417
27 -57.717638 -225.916576 -0.637335 -1.303431 1.528802 2.496411
28 -110.091876 -263.002835 -0.497466 -1.289645 1.527331 2.523833
29 -162.258376 -301.790250 -0.632417 -1.838857 1.519913 1.999095
30 -211.938552 -341.691680 -2.097497 -1.808863 1.518741 2.029496
31 -254.852529 -372.602349 -3.140708 -2.257562 1.506621 1.579949
32 -307.692959 -415.469415 -3.579424 -2.257562 1.506621 1.579949
time 18
0 0.000000 0.000000 0.000000 0.000000 -0.000000 0.000000
1 -209.046814 -344.930237 -2.099786 -1.795883 1.518200 2.042716
2 -209.046814 -344.930237 -2.099786 -1.795883 1.518200 2.042716
3 -220.955419 -330.715411 -1.147556 -1.795883 1.518200 2.042716
4 -249.524979 -296.613033 1.136910 -1.795883 1.518200 2.042716
5 -107.592356 -265.863988 -0.601648 -1.289619 1.526488 2.523796
6 -107.592356 -265.863988 -0.601648 -1.289619 1.526488 2.523796
7 -119.135643 -251.341535 0.189192 -1.289619 1.526488 2.523796
8 -146.828820 -216.501124 2.086472 -1.289619 1.526488 2.523796
9 -0.924053 -186.347961 -2.446675 -1.285910 1.525654 2.512623
10 -0.924053 -186.347961 -2.446675 -1.285910 1.525654 2.512623
11 -12.249363 -171.655668 -1.641842 -1.285910 1.525654 2.512623
12 -39.419598 -136.407799 0.289012 -1.285910 1.525654 2.512623
13 91.453451 -114.970011 -0.490843 -2.112227 1.523988 1.684808
14 91.453451 -114.970011 -0.490843 -2.112227 1.523988 1.684808
15 80.136185 -100.264865 0.254008 -2.112227 1.523988 1.684808
16 52.985246 -64.986149 2.040960 -2.112227 1.523988 1.684808
17 222.114050 -16.070307 -0.177203 -1.639173 1.531880 2.077543
18 0.027564 -0.009223 -0.005354 -0.000056 -0.000016 0.000058
19 217.755429 -16.454547 -0.107600 -1.620017 1.531880 2.184454
20 198.696015 -31.441183 -0.262543 -1.654071 1.529704 2.148296
21 177.850591 -47.753291 -0.297102 -1.566839 1.530455 2.234623
22 157.153977 -63.996536 -0.294579 -1.561912 1.531431 2.237844
23 132.269344 -82.230958 -0.194863 -1.765579 1.530546 2.033161
24 91.477065 -114.993442 -0.483570 -2.109514 1.524058 1.687931
25 46.271779 -149.588537 -1.894259 -2.240542 1.517506 1.558573
26 -0.868501 -186.408662 -2.414102 -1.279649 1.525649 2.519354
27 -56.087409 -227.656179 -0.556240 -1.296658 1.528016 2.503183
28 -107.496510 -265.971970 -0.536354 -1.285209 1.526555 2.528573
29 -159.155646 -305.493622 -0.670758 -1.816784 1.519604 2.021230
30 -208.918776 -345.075028 -2.010343 -1.793275 1.518524 2.045626
31 -251.590598 -376.329041 -3.024910 -2.237047 1.506716 1.601500
32 -304.420191 -419.126705 -3.460243 -2.237047 1.506716 1.601500
time 19
0 0.000000 0.000000 0.000000 0.000000 -0.000000 0.000000
1 -207.507220 -346.715774 -2.200326 -1.791869 1.517833 2.046848
2 -207.507220 -346.715774 -2.200326 -1.791869 1.517833 2.046848
3 -219.419008 -332.499479 -1.241086 -1.791869 1.517833 2.046848
4 -247.996225 -298.393516 1.060198 -1.791869 1.517833 2.046848
5 -106.266754 -267.443024 -0.741438 -1.293395 1.525876 2.520042
6 -106.266754 -267.443024 -0.741438 -1.293394 1.525876 2.520042
7 -117.811791 -252.917785 0.060654 -1.293394 1.525876 2.520042
8 -145.509157 -218.070702 1.984931 -1.293394 1.525876 2.520042
9 -0.565346 -186.745453 -2.450436 -1.287920 1.525364 2.510307
10 -0.565346 -186.745453 -2.450436 -1.287920 1.525364 2.510307
11 -11.887766 -172.046453 -1.640479 -1.287920 1.525364 2.510307
12 -39.051067 -136.782493 0.302665 -1.287920 1.525364 2.510307
13 91.414292 -115.005744 -0.594093 -2.113970 1.523384 1.682755
14 91.414292 -115.005744 -0.594093 -2.113970 1.523384 1.682755
15 80.101115 -100.296629 0.159433 -2.113970 1.523384 1.682755
16 52.959991 -65.008417 1.967195 -2.113970 1.523384 1.682755
17 222.110437 -16.072876 -0.183512 -1.639208 1.531882 2.077508
18 0.000330 0.005609 -0.005690 -0.000082 -0.000026 0.000083
19 217.751357 -16.456856 -0.113904 -1.620045 1.531883 2.184428
20 198.693235 -31.434863 -0.274025 -1.655600 1.529823 2.146524
21 177.857043 -47.726379 -0.380044 -1.560127 1.530515 2.240670
22 157.147047 -63.969495 -0.369514 -1.556621 1.531552 2.242530
23 132.200363 -82.253292 -0.264773 -1.768066 1.530155 2.030429
24 91.421973 -115.015474 -0.589656 -2.112343 1.523479 1.684666
25 46.280186 -149.535135 -1.992425 -2.245105 1.517154 1.553508
26 -0.539674 -186.778180 -2.429308 -1.283029 1.525501 2.515542
27 -55.317665 -228.532677 -0.636305 -1.299907 1.527481 2.499687
28 -106.219342 -267.503362 -0.698253 -1.290080 1.526041 2.523576
29 -157.622422 -307.401953 -0.853625 -1.810299 1.519238 2.027408
30 -207.448718 -346.790601 -2.145160 -1.791230 1.518231 2.047603
31 -250.001003 -378.207111 -3.157756 -2.229286 1.506412 1.609501
32 -302.865290 -420.928493 -3.616012 -2.229286 1.506412 1.609501
time 20
0 0.000000 0.000000 0.000000 0.000000 -0.000000 0.000000
1 -205.967606 -348.501251 -2.300865 -1.787744 1.517551 2.051173
2 -205.967606 -348.501251 -2.300865 -1.787744 1.517551 2.051173
3 -217.879343 -334.292384 -1.334877 -1.787744 1.517551 2.051173
4 -246.456459 -300.204289 0.982596 -1.787744 1.517551 2.051173
5 -104.941184 -269.022055 -0.881228 -1.296113 1.525328 2.517420
6 -104.941184 -269.022055 -0.881228 -1.296113 1.525328 2.517420
7 -116.485039 -254.502423 -0.068088 -1.296113 1.525328 2.517420
8 -144.179578 -219.668779 1.882694 -1.296113 1.525328 2.517420
9 -0.206647 -187.142951 -2.454197 -1.289105 1.525128 2.508879
10 -0.206647 -187.142951 -2.454197 -1.289105 1.525128 2.508879
11 -11.523706 -172.444507 -1.639294 -1.289105 1.525128 2.508879
12 -38.674142 -137.181883 0.315716 -1.289105 1.525128 2.508879
13 91.375147 -115.041496 -0.697344 -2.115881 1.522822 1.680577
14 91.375147 -115.041496 -0.697344 -2.115881 1.522822 1.680577
15 80.067696 -100.333235 0.064749 -2.115881 1.522822 1.680577
16 52.940309 -65.047061 1.893064 -2.115881 1.522822 1.680577
17 222.106827 -16.075476 -0.189822 -1.639173 1.531880 2.077543
18 0.027608 -0.009254 -0.005356 -0.000056 -0.000016 0.000058
19 217.748196 -16.459722 -0.120218 -1.620017 1.531880 2.184454
20 198.693905 -31.430409 -0.285492 -1.657072 1.529938 2.144804
21 177.869705 -47.702800 -0.462953 -1.553364 1.530569 2.246765
22 157.149081 -63.947232 -0.444458 -1.551266 1.531668 2.247277
23 132.143768 -82.282158 -0.334730 -1.770412 1.529761 2.027833
24 91.384552 -115.046823 -0.695705 -2.114968 1.522899 1.681602
25 46.312435 -149.494414 -2.089936 -2.249461 1.516801 1.548646
26 -0.181411 -187.164015 -2.443649 -1.286412 1.525350 2.511725
27 -54.511522 -229.429716 -0.716506 -1.303099 1.526941 2.496243
28 -104.899238 -269.059071 -0.861387 -1.294868 1.525522 2.518657
29 -156.039679 -309.338189 -1.038395 -1.803833 1.518869 2.033559
30 -205.922655 -348.537244 -2.281362 -1.789145 1.517935 2.049611
31 -248.349668 -380.119134 -3.291802 -2.221505 1.506105 1.617513
32 -301.242175 -422.767580 -3.772589 -2.221505 1.506105 1.617513
time 21
0 0.000000 0.000000 0.000000 0.000000 -0.000000 0.000000
1 -206.019697 -348.485398 -2.454751 -1.792979 1.517362 2.045698
2 -206.019697 -348.485398 -2.454751 -1.792979 1.517362 2.045698
3 -217.930728 -334.269032 -1.487229 -1.792979 1.517362 2.045698
4 -246.506148 -300.162946 0.833926 -1.792979 1.517362 2.045698
5 -104.976319 -269.023263 -0.997870 -1.302169 1.525154 2.511227
6 -104.976319 -269.023263 -0.997870 -1.302169 1.525154 2.511227
7 -116.520346 -254.498051 -0.180886 -1.302169 1.525154 2.511227
8 -144.215298 -219.651022 1.779117 -1.302169 1.525154 2.511227
9 -0.234070 -187.134659 -2.548410 -1.293631 1.525129 2.504242
10 -0.234070 -187.134659 -2.548410 -1.293631 1.525129 2.504242
11 -11.551158 -172.431864 -1.732935 -1.293631 1.525129 2.504242
12 -38.701668 -137.158817 0.223446 -1.293631 1.525129 2.504242
13 91.357468 -115.051552 -0.769819 -2.116472 1.522558 1.679913
14 91.357468 -115.051552 -0.769819 -2.116472 1.522558 1.679913
15 80.049329 -100.339187 -0.004350 -2.116472 1.522558 1.679913
16 52.920295 -65.043161 1.832065 -2.116472 1.522558 1.679913
17 222.101447 -16.079355 -0.199249 -1.639208 1.531882 2.077508
18 0.000345 0.005590 -0.005691 -0.000082 -0.000026 0.000083
19 217.742341 -16.463338 -0.129640 -1.620045 1.531883 2.184428
20 198.690000 -31.422104 -0.301932 -1.658666 1.529995 2.143149
21 177.872096 -47.685586 -0.518765 -1.551595 1.530631 2.248292
22 157.145877 -63.938483 -0.497474 -1.549414 1.531790 2.248887
23 132.108917 -82.316952 -0.386797 -1.772429 1.529559 2.025755
24 91.359659 -115.054379 -0.766792 -2.115189 1.522681 1.681317
25 46.275373 -149.495288 -2.155422 -2.251309 1.516640 1.546609
26 -0.225510 -187.145846 -2.535398 -1.290563 1.525340 2.507449
27 -54.574301 -229.408572 -0.825947 -1.306783 1.526795 2.492434
28 -104.962493 -269.041082 -0.973724 -1.299799 1.525397 2.513600
29 -156.116902 -309.300058 -1.169022 -1.806433 1.518654 2.030712
30 -206.012435 -348.494990 -2.427091 -1.794258 1.517755 2.044249
31 -248.448314 -380.061811 -3.442574 -2.224156 1.505828 1.614610
32 -301.393497 -422.671490 -3.943178 -2.224156 1.505828 1.614610
time 22
0 0.000000 0.000000 0.000000 0.000000 -0.000000 0.000000
1 -206.071808 -348.469574 -2.608638 -1.798023 1.517258 2.040496
2 -206.071808 -348.469574 -2.608638 -1.798023 1.517258 2.040496
3 -217.978850 -334.254747 -1.639846 -1.798023 1.517258 2.040496
4 -246.544710 -300.152379 0.684355 -1.798023 1.517258 2.040496
5 -105.011467 -269.024484 -1.114511 -1.307263 1.525042 2.506069
6 -105.011467 -269.024484 -1.114511 -1.307263 1.525042 2.506069
7 -116.552791 -254.501948 -0.293889 -1.307263 1.525042 2.506069
8 -144.241257 -219.661339 1.674844 -1.307263 1.525042 2.506069
9 -0.261492 -187.126366 -2.642623 -1.297192 1.525196 2.500646
10 -0.261492 -187.126366 -2.642623 -1.297192 1.525196 2.500646
11 -11.575594 -172.428089 -1.826793 -1.297192 1.525196 2.500646
12 -38.718940 -137.165878 0.130441 -1.297192 1.525196 2.500646
13 91.339775 -115.061599 -0.842293 -2.117421 1.522367 1.678959
14 91.339775 -115.061599 -0.842293 -2.117421 1.522367 1.678959
15 80.033725 -100.353304 -0.073636 -2.117421 1.522367 1.678959
16 52.909698 -65.067046 1.770427 -2.117421 1.522367 1.678959
17 222.096048 -16.083210 -0.208674 -1.639173 1.531880 2.077543
18 0.027590 -0.009232 -0.005359 -0.000056 -0.000016 0.000058
19 217.737414 -16.467472 -0.139072 -1.620017 1.531880 2.184454
20 198.689559 -31.415628 -0.318354 -1.660198 1.530048 2.141554
21 177.880708 -47.671671 -0.574505 -1.549790 1.530688 2.249853
22 157.151643 -63.934480 -0.550465 -1.547519 1.531908 2.250537
23 132.086493 -82.358339 -0.438906 -1.774330 1.529355 2.023789
24 91.352520 -115.071353 -0.837788 -2.115277 1.522462 1.681163
25 46.262220 -149.508811 -2.220279 -2.253003 1.516480 1.544723
26 -0.239668 -187.143526 -2.626177 -1.294721 1.525326 2.503161
27 -54.599899 -229.407058 -0.935105 -1.310447 1.526644 2.488641
28 -104.981804 -269.046202 -1.085872 -1.304711 1.525266 2.508557
29 -156.143484 -309.288531 -1.299537 -1.808920 1.518437 2.027969
30 -206.045248 -348.482566 -2.572241 -1.799248 1.517571 2.038998
31 -248.484194 -380.037142 -3.592384 -2.226673 1.505552 1.611831
32 -301.475334 -422.611441 -4.112371 -2.226673 1.505552 1.611831
time 23
0 0.000000 0.000000 0.000000 0.000000 -0.000000 0.000000
1 -206.092109 -348.469199 -2.775914 -1.806317 1.517494 2.031921
2 -206.092109 -348.469199 -2.775914 -1.806317 1.517494 2.031921
3 -217.997300 -334.247580 -1.813777 -1.806317 1.517494 2.031921
4 -246.558734 -300.128897 0.494458 -1.806317 1.517494 2.031921
5 -105.011863 -269.036795 -1.217065 -1.310964 1.525327 2.502240
6 -105.011863 -269.036795 -1.217065 -1.310964 1.525327 2.502240
7 -116.553284 -254.509449 -0.401238 -1.310964 1.525327 2.502240
8 -144.241982 -219.657299 1.555991 -1.310964 1.525327 2.502240
9 -0.244119 -187.112616 -2.724686 -1.301392 1.525528 2.496439
10 -0.244119 -187.112616 -2.724686 -1.301392 1.525528 2.496439
11 -11.560921 -172.409297 -1.914577 -1.301392 1.525528 2.496439
12 -38.710741 -137.134961 0.028931 -1.301392 1.525528 2.496439
13 91.365850 -115.069682 -0.874850 -2.121136 1.522376 1.675289
14 91.365850 -115.069682 -0.874850 -2.121136 1.522376 1.675289
15 80.057030 -100.357871 -0.108670 -2.121136 1.522376 1.675289
16 52.926357 -65.063176 1.729451 -2.121136 1.522376 1.675289
17 222.089380 -16.087993 -0.220328 -1.639208 1.531882 2.077508
18 0.000322 0.005600 -0.005691 -0.000082 -0.000026 0.000083
19 217.730265 -16.471982 -0.150720 -1.620045 1.531883 2.184428
20 198.684172 -31.406586 -0.337599 -1.663554 1.530161 2.138258
21 177.878905 -47.672728 -0.593862 -1.552890 1.530753 2.246813
22 157.149741 -63.948971 -0.572215 -1.550715 1.531973 2.247401
23 132.092435 -82.404055 -0.455605 -1.777931 1.529450 2.020249
24 91.371664 -115.077244 -0.869872 -2.119631 1.522553 1.676992
25 46.266890 -149.516390 -2.251194 -2.259261 1.516596 1.538525
26 -0.229535 -187.131763 -2.706984 -1.299186 1.525764 2.498867
27 -54.609857 -229.416781 -1.040537 -1.313146 1.526930 2.486054
28 -104.986469 -269.069599 -1.190440 -1.309382 1.525646 2.503935
29 -156.162375 -309.284933 -1.440423 -1.817000 1.518661 2.019882
30 -206.066160 -348.502862 -2.746041 -1.808747 1.517904 2.029429
31 -248.503922 -380.045318 -3.777154 -2.236529 1.505608 1.601849
32 -301.550798 -422.609655 -4.330351 -2.236529 1.505608 1.601849
time 24
0 0.000000 0.000000 0.000000 0.000000 -0.000000 0.000000
1 -206.112412 -348.468842 -2.943191 -1.814616 1.517771 2.023384
2 -206.112412 -348.468842 -2.943191 -1.814616 1.517771 2.023384
3 -218.014056 -334.245084 -1.987844 -1.814616 1.517771 2.023384
4 -246.566957 -300.121266 0.304104 -1.814616 1.517771 2.023384
5 -105.012238 -269.049133 -1.319622 -1.313945 1.525665 2.499193
6 -105.012238 -269.049133 -1.319622 -1.313945 1.525665 2.499193
7 -116.551356 -254.523859 -0.508759 -1.313945 1.525665 2.499193
8 -144.234532 -219.676682 1.436559 -1.313945 1.525665 2.499193
9 -0.226723 -187.098877 -2.806749 -1.304518 1.525939 2.493398
10 -0.226723 -187.098877 -2.806749 -1.304518 1.525939 2.493398
11 -11.542683 -172.400925 -2.002616 -1.304518 1.525939 2.493398
12 -38.690488 -137.139479 -0.073442 -1.304518 1.525939 2.493398
13 91.391894 -115.077733 -0.907405 -2.125172 1.522445 1.671357
14 91.391894 -115.077733 -0.907405 -2.125172 1.522445 1.671357
15 80.082673 -100.369371 -0.143862 -2.125172 1.522445 1.671357
16 52.951049 -65.082958 1.687933 -2.125172 1.522445 1.671357
17 222.082703 -16.092785 -0.231982 -1.639173 1.531880 2.077543
18 0.027567 -0.009242 -0.005362 -0.000056 -0.000016 0.000058
19 217.724072 -16.477031 -0.162378 -1.620017 1.531880 2.184454
20 198.682222 -31.399390 -0.356822 -1.666859 1.530268 2.135010
21 177.883278 -47.677090 -0.613130 -1.555966 1.530813 2.243793
22 157.156738 -63.968230 -0.593926 -1.553887 1.532034 2.244285
23 132.110776 -82.456366 -0.472342 -1.781450 1.529541 2.016786
24 91.408572 -115.092558 -0.901854 -2.123868 1.522641 1.672935
25 46.295407 -149.536630 -2.281472 -2.265401 1.516712 1.532441
26 -0.189486 -187.135879 -2.786791 -1.303750 1.526198 2.494470
27 -54.582651 -229.446250 -1.145671 -1.315889 1.527212 2.483419
28 -104.947385 -269.116323 -1.294808 -1.314145 1.526020 2.499216
29 -156.130728 -309.308105 -1.581202 -1.825061 1.518880 2.011806
30 -206.030249 -348.553206 -2.919261 -1.818282 1.518231 2.019816
31 -248.461216 -380.086420 -3.960965 -2.246293 1.505660 1.591949
32 -301.557150 -422.644050 -4.547004 -2.246293 1.505660 1.591949
time 25
0 0.000000 0.000000 0.000000 0.000000 -0.000000 0.000000
1 -206.129883 -348.491577 -3.168928 -1.826149 1.518125 2.011624
2 -206.129883 -348.491577 -3.168928 -1.826149 1.518125 2.011624
3 -218.029229 -334.263991 -2.222874 -1.826149 1.518125 2.011624
4 -246.576616 -300.130987 0.046779 -1.826149 1.518125 2.011624
5 -105.009926 -269.079141 -1.452275 -1.321496 1.526167 2.491599
6 -105.009926 -269.079141 -1.452275 -1.321496 1.526167 2.491599
7 -116.550368 -254.550299 -0.649313 -1.321496 1.526167 2.491599
8 -144.236719 -219.694563 1.277051 -1.321496 1.526167 2.491599
9 -0.200376 -187.092947 -2.906167 -1.310995 1.526441 2.487000
10 -0.200376 -187.092947 -2.906167 -1.310995 1.526441 2.487000
11 -11.520233 -172.391205 -2.110316 -1.310995 1.526441 2.487000
12 -38.677375 -137.120660 -0.201013 -1.310995 1.526441 2.487000
13 91.426405 -115.092027 -0.930599 -2.131180 1.522531 1.665518
14 91.426405 -115.092027 -0.930599 -2.131180 1.522531 1.665518
15 80.113362 -100.383094 -0.171611 -2.131180 1.522531 1.665518
16 52.972559 -65.095304 1.649256 -2.131180 1.522531 1.665518
17 222.075287 -16.098116 -0.244971 -1.639208 1.531882 2.077508
18 0.000316 0.005584 -0.005692 -0.000082 -0.000026 0.000083
19 217.716181 -16.482099 -0.175362 -1.620045 1.531883 2.184428
20 198.674999 -31.390882 -0.376721 -1.670252 1.530380 2.131677
21 177.882076 -47.687351 -0.627715 -1.562142 1.530879 2.237675
22 157.155711 -63.989464 -0.614257 -1.560257 1.532100 2.237973
23 132.125164 -82.510142 -0.479552 -1.788297 1.529669 2.009997
24 91.430958 -115.097856 -0.928205 -2.131022 1.522717 1.665902
25 46.294577 -149.541018 -2.316744 -2.273389 1.516746 1.524450
26 -0.185751 -187.112101 -2.891371 -1.309265 1.526706 2.489004
27 -54.610563 -229.441662 -1.277049 -1.320872 1.527584 2.478363
28 -104.981924 -269.115385 -1.428579 -1.319778 1.526470 2.493449
29 -156.189323 -309.265413 -1.759659 -1.834544 1.519143 2.002133
30 -206.097395 -348.533879 -3.136997 -1.827781 1.518558 2.010006
31 -248.530704 -380.040780 -4.188681 -2.256159 1.505627 1.581714
32 -301.693477 -422.587041 -4.811781 -2.256159 1.505627 1.581714
time 26
0 0.000000 0.000000 0.000000 0.000000 -0.000000 0.000000
1 -206.147337 -348.514329 -3.394665 -1.837790 1.518517 1.999800
2 -206.147337 -348.514329 -3.394665 -1.837790 1.518517 1.999800
3 -218.042652 -334.287675 -2.458039 -1.837790 1.518517 1.999800
4 -246.580369 -300.156910 -0.211004 -1.837790 1.518517 1.999800
5 -105.007615 -269.109140 -1.584928 -1.328701 1.526703 2.484391
6 -105.007615 -269.109140 -1.584928 -1.328701 1.526703 2.484391
7 -116.547767 -254.581351 -0.789978 -1.328701 1.526703 2.484391
8 -144.233423 -219.728140 1.117163 -1.328701 1.526703 2.484391
9 -0.174006 -187.087029 -3.005586 -1.316732 1.527003 2.481412
10 -0.174006 -187.087029 -3.005586 -1.316732 1.527003 2.481412
11 -11.495012 -172.389551 -2.218211 -1.316732 1.527003 2.481412
12 -38.654920 -137.129243 -0.329243 -1.316732 1.527003 2.481412
13 91.460896 -115.106294 -0.953790 -2.137554 1.522677 1.659374
14 91.460896 -115.106294 -0.953790 -2.137554 1.522677 1.659374
15 80.146448 -100.403892 -0.199520 -2.137554 1.522677 1.659374
16 53.002277 -65.131768 1.610027 -2.137554 1.522677 1.659374
17 222.067846 -16.103455 -0.257961 -1.639173 1.531880 2.077543
18 0.027581 -0.009234 -0.005369 -0.000056 -0.000016 0.000058
19 217.709199 -16.487698 -0.188358 -1.620017 1.531880 2.184454
20 198.671241 -31.384219 -0.396594 -1.673592 1.530487 2.128394
21 177.887088 -47.700893 -0.642207 -1.568302 1.530939 2.231569
22 157.163594 -64.015469 -0.634540 -1.566611 1.532160 2.231673
23 132.151944 -82.570512 -0.486795 -1.795084 1.529791 2.003265
24 91.471006 -115.112586 -0.954431 -2.138061 1.522790 1.658980
25 46.317548 -149.558087 -2.351357 -2.281238 1.516778 1.516595
26 -0.152161 -187.104189 -2.994882 -1.314928 1.527209 2.483386
27 -54.601318 -229.456794 -1.408074 -1.325959 1.527951 2.473200
28 -104.972669 -269.137705 -1.562124 -1.325548 1.526915 2.487540
29 -156.197312 -309.249321 -1.937991 -1.844041 1.519401 1.992439
30 -206.107612 -348.544460 -3.354139 -1.837319 1.518877 2.000147
31 -248.537548 -380.027893 -4.415433 -2.265911 1.505588 1.571584
32 -301.760368 -422.566146 -5.075244 -2.265911 1.505588 1.571584
time 27
0 0.000000 0.000000 0.000000 0.000000 -0.000000 0.000000
1 -206.170268 -348.554223 -3.653581 -1.853774 1.518888 1.983590
2 -206.170268 -348.554223 -3.653581 -1.853774 1.518888 1.983590
3 -218.064775 -334.321220 -2.728314 -1.853774 1.518888 1.983590
4 -246.600555 -300.175223 -0.508529 -1.853774 1.518888 1.983590
5 -105.015078 -269.147902 -1.738044 -1.337513 1.527296 2.475541
6 -105.015078 -269.147902 -1.738044 -1.337513 1.527296 2.475541
7 -116.555755 -254.618307 -0.952288 -1.337513 1.527296 2.475541
8 -144.242670 -219.760761 0.932796 -1.337513 1.527296 2.475541
9 -0.156044 -187.085571 -3.115058 -1.325289 1.527623 2.473006
10 -0.156044 -187.085571 -3.115058 -1.325289 1.527623 2.473006
11 -11.481143 -172.386890 -2.337534 -1.325289 1.527623 2.473006
12 -38.650871 -137.123695 -0.472198 -1.325289 1.527623 2.473006
13 91.485991 -115.116639 -0.976355 -2.145500 1.522763 1.651622
14 91.485991 -115.116639 -0.976355 -2.145500 1.522763 1.651622
15 80.166432 -100.412179 -0.227888 -2.145500 1.522763 1.651622
16 53.009994 -65.135120 1.567736 -2.145500 1.522763 1.651622
17 222.060156 -16.108971 -0.271396 -1.639208 1.531882 2.077508
18 0.000306 0.005588 -0.005694 -0.000082 -0.000026 0.000083
19 217.701050 -16.492954 -0.201788 -1.620045 1.531883 2.184428
20 198.661823 -31.377573 -0.414993 -1.677245 1.530658 2.124862
21 177.884338 -47.713830 -0.651743 -1.574597 1.531124 2.225393
22 157.161953 -64.037239 -0.650095 -1.573105 1.532345 2.225297
23 132.166353 -82.619490 -0.489158 -1.802712 1.530033 1.995695
24 91.483785 -115.113919 -0.974337 -2.146711 1.522962 1.650512
25 46.307060 -149.565073 -2.383189 -2.291641 1.516856 1.506251
26 -0.156331 -187.085786 -3.100636 -1.322810 1.527864 2.475610
27 -54.634136 -229.460400 -1.548072 -1.331953 1.528455 2.467252
28 -105.012727 -269.151375 -1.708702 -1.333159 1.527571 2.479852
29 -156.256683 -309.229320 -2.137269 -1.857752 1.519728 1.978536
30 -206.175525 -348.548667 -3.604407 -1.852513 1.519310 1.984638
31 -248.603494 -380.002177 -4.689763 -2.281020 1.505577 1.556104
32 -301.887144 -422.529038 -5.403251 -2.281020 1.505577 1.556104
time 28
0 0.000000 0.000000 0.000000 0.000000 -0.000000 0.000000
1 -206.193176 -348.594086 -3.912499 -1.869952 1.519312 1.967247
2 -206.193176 -348.594086 -3.912499 -1.869952 1.519312 1.967247
3 -218.084410 -334.361513 -2.998778 -1.869952 1.519312 1.967247
4 -246.612335 -300.216547 -0.806692 -1.869952 1.519312 1.967247
5 -105.022491 -269.186615 -1.891160 -1.345765 1.527943 2.467314
6 -105.022491 -269.186615 -1.891160 -1.345765 1.527943 2.467314
7 -116.561174 -254.662417 -1.114770 -1.345765 1.527943 2.467314
8 -144.243305 -219.817821 0.747845 -1.345765 1.527943 2.467314
9 -0.138066 -187.084131 -3.224532 -1.333423 1.528286 2.465076
10 -0.138066 -187.084131 -3.224532 -1.333423 1.528286 2.465076
11 -11.465209 -172.390249 -2.457000 -1.333423 1.528286 2.465076
12 -38.639840 -137.138571 -0.615635 -1.333423 1.528286 2.465076
13 91.511085 -115.126969 -0.998919 -2.153993 1.522935 1.643408
14 91.511085 -115.126969 -0.998919 -2.153993 1.522935 1.643408
15 80.189831 -100.430487 -0.256484 -2.153993 1.522935 1.643408
16 53.029340 -65.172574 1.524673 -2.153993 1.522935 1.643408
17 222.052475 -16.114481 -0.284830 -1.639173 1.531880 2.077543
18 0.027576 -0.009235 -0.005374 -0.000056 -0.000016 0.000058
19 217.693844 -16.498727 -0.215227 -1.620017 1.531880 2.184454
20 198.655844 -31.372761 -0.433361 -1.680855 1.530824 2.121370
21 177.887793 -47.730035 -0.661183 -1.580909 1.531303 2.219196
22 157.169233 -64.063729 -0.665588 -1.579619 1.532524 2.218898
23 132.193142 -82.675012 -0.491538 -1.810324 1.530269 1.988139
24 91.514302 -115.124598 -0.994099 -2.155281 1.523131 1.642122
25 46.320470 -149.584667 -2.414335 -2.301922 1.516929 1.496026
26 -0.130518 -187.083173 -3.205245 -1.330961 1.528512 2.467561
27 -54.629605 -229.483697 -1.687644 -1.338116 1.528954 2.461133
28 -105.008759 -269.188261 -1.854999 -1.341032 1.528220 2.471897
29 -156.265159 -309.236017 -2.336361 -1.871557 1.520043 1.964531
30 -206.186131 -348.582826 -3.854017 -1.867884 1.519729 1.968943
31 -248.606357 -380.009236 -4.963059 -2.296020 1.505551 1.540724
32 -301.943959 -422.528078 -5.729905 -2.296020 1.505551 1.540724
time 29
0 0.000000 0.000000 0.000000 0.000000 -0.000000 0.000000
1 -206.229370 -348.645508 -4.179149 -1.884671 1.519703 1.952269
2 -206.229370 -348.645508 -4.179149 -1.884671 1.519703 1.952269
3 -218.118886 -334.406850 -3.277000 -1.884671 1.519703 1.952269
4 -246.642691 -300.247286 -1.112680 -1.884671 1.519703 1.952269
5 -105.051777 -269.225557 -2.055024 -1.355917 1.528555 2.457082
6 -105.051777 -269.225557 -2.055024 -1.355917 1.528555 2.457082
7 -116.592554 -254.694996 -1.288798 -1.355917 1.528555 2.457082
8 -144.279709 -219.835134 0.549435 -1.355917 1.528555 2.457082
9 -0.145667 -187.084006 -3.336738 -1.342473 1.528900 2.456177
10 -0.145667 -187.084006 -3.336738 -1.342473 1.528900 2.456177
11 -11.476869 -172.388985 -2.579063 -1.342473 1.528900 2.456177
12 -38.661237 -137.134572 -0.761346 -1.342473 1.528900 2.456177
13 91.509024 -115.123344 -1.029602 -2.162605 1.522955 1.635008
14 91.509024 -115.123344 -1.029602 -2.162605 1.522955 1.635008
15 80.181915 -100.424131 -0.292479 -2.162605 1.522955 1.635008
16 53.007365 -65.159662 1.475931 -2.162605 1.522955 1.635008
17 222.045054 -16.119808 -0.297820 -1.639208 1.531882 2.077508
18 0.000280 0.005595 -0.005694 -0.000082 -0.000026 0.000083
19 217.685929 -16.503803 -0.228212 -1.620045 1.531883 2.184428
20 198.643858 -31.369201 -0.448108 -1.684455 1.530934 2.117952
21 177.880258 -47.737761 -0.665357 -1.588871 1.531362 2.211412
22 157.163430 -64.076918 -0.677788 -1.587836 1.532582 2.210860
23 132.195826 -82.701848 -0.503859 -1.818964 1.530373 1.979677
24 91.505195 -115.118558 -1.027012 -2.163759 1.523159 1.633946
25 46.294287 -149.596530 -2.465143 -2.311678 1.516947 1.486449
26 -0.148413 -187.081129 -3.319979 -1.339431 1.529163 2.459317
27 -54.662917 -229.505519 -1.836266 -1.345543 1.529530 2.453810
28 -105.053177 -269.224223 -2.018210 -1.350626 1.528886 2.462346
29 -156.316929 -309.260152 -2.551400 -1.887269 1.520390 1.948808
30 -206.239464 -348.633907 -4.121846 -1.884862 1.520118 1.951829
31 -248.647476 -380.035523 -5.260657 -2.311148 1.505508 1.525347
32 -302.027137 -422.539108 -6.080726 -2.311148 1.505508 1.525347
time 30
0 0.000000 0.000000 0.000000 0.000000 -0.000000 0.000000
1 -206.265538 -348.696906 -4.445804 -1.899620 1.520142 1.937116
2 -206.265538 -348.696906 -4.445804 -1.899620 1.520142 1.937116
3 -218.151080 -334.458359 -3.555395 -1.899620 1.520142 1.937116
4 -246.665351 -300.299060 -1.419238 -1.899620 1.520142 1.937116
5 -105.081044 -269.264412 -2.218887 -1.365555 1.529221 2.447427
6 -105.081044 -269.264412 -2.218887 -1.365555 1.529221 2.447427
7 -116.621387 -254.734728 -1.462992 -1.365555 1.529221 2.447427
8 -144.307500 -219.876970 0.350455 -1.365555 1.529221 2.447427
9 -0.153255 -187.083899 -3.448945 -1.351139 1.529557 2.447713
10 -0.153255 -187.083899 -3.448945 -1.351139 1.529557 2.447713
11 -11.486517 -172.393585 -2.701263 -1.351139 1.529557 2.447713
12 -38.675831 -137.150481 -0.907519 -1.351139 1.529557 2.447713
13 91.506981 -115.119744 -1.060287 -2.171681 1.523043 1.626216
14 91.506981 -115.119744 -1.060287 -2.171681 1.523043 1.626216
15 80.176849 -100.426115 -0.328663 -2.171681 1.523043 1.626216
16 52.995046 -65.175041 1.426555 -2.171681 1.523043 1.626216
17 222.037612 -16.125142 -0.310809 -1.639173 1.531880 2.077543
18 0.027546 -0.009242 -0.005377 -0.000056 -0.000016 0.000058
19 217.678981 -16.509388 -0.241206 -1.620017 1.531880 2.184454
20 198.635391 -31.367490 -0.462821 -1.687997 1.531038 2.114589
21 177.878937 -47.748758 -0.669439 -1.596810 1.531414 2.203648
22 157.166611 -64.094832 -0.689926 -1.596030 1.532634 2.202841
23 132.210896 -82.735219 -0.516203 -1.827534 1.530470 1.971283
24 91.513819 -115.121879 -1.059768 -2.172100 1.523183 1.625903
25 46.291990 -149.621011 -2.515232 -2.321284 1.516961 1.477017
26 -0.136361 -187.094843 -3.433476 -1.348202 1.529807 2.450768
27 -54.658963 -229.547021 -1.984361 -1.353216 1.530099 2.446238
28 -105.053615 -269.283407 -2.181074 -1.360565 1.529544 2.452444
29 -156.317857 -309.310947 -2.766165 -1.903118 1.520722 1.932939
30 -206.235624 -348.714745 -4.388910 -1.902024 1.520491 1.934524
31 -248.625643 -380.094522 -5.557108 -2.326157 1.505450 1.510079
32 -302.040532 -422.586235 -6.430072 -2.326157 1.505450 1.510079
time 31
0 0.000000 0.000000 0.000000 0.000000 -0.000000 0.000000
1 -206.344986 -348.725647 -4.689259 -1.915693 1.520465 1.920837
2 -206.344986 -348.725647 -4.689259 -1.915693 1.520465 1.920837
3 -218.229654 -334.481517 -3.809932 -1.915693 1.520465 1.920837
4 -246.741834 -300.308814 -1.700362 -1.915693 1.520465 1.920837
5 -105.155487 -269.265930 -2.371094 -1.374929 1.529837 2.438056
6 -105.155487 -269.265930 -2.371094 -1.374929 1.529837 2.438056
7 -116.696946 -254.734856 -1.625155 -1.374929 1.529837 2.438056
8 -144.385738 -219.873762 0.164408 -1.374929 1.529837 2.438056
9 -0.198763 -187.047913 -3.560716 -1.361811 1.530090 2.437194
10 -0.198763 -187.047913 -3.560716 -1.361811 1.530090 2.437194
11 -11.536001 -172.356620 -2.821383 -1.361811 1.530090 2.437194
12 -38.734859 -137.111143 -1.047669 -1.361811 1.530090 2.437194
13 91.476842 -115.061678 -1.098085 -2.179838 1.523132 1.618266
14 91.476842 -115.061678 -1.098085 -2.179838 1.523132 1.618266
15 80.142201 -100.367712 -0.372311 -2.179838 1.523132 1.618266
16 52.949554 -65.115817 1.368873 -2.179838 1.523132 1.618266
17 222.030966 -16.129940 -0.322464 -1.639208 1.531882 2.077508
18 0.000286 0.005602 -0.005693 -0.000082 -0.000026 0.000083
19 217.671845 -16.513920 -0.252855 -1.620045 1.531883 2.184428
20 198.618868 -31.365947 -0.468288 -1.691636 1.531147 2.111132
21 177.877631 -47.726934 -0.658200 -1.604879 1.531468 2.195819
22 157.167691 -64.077076 -0.686966 -1.604358 1.532688 2.194752
23 132.209599 -82.710117 -0.538619 -1.836660 1.530626 1.962336
24 91.478750 -115.064184 -1.101309 -2.181332 1.523254 1.616973
25 46.233815 -149.593794 -2.576972 -2.331092 1.516883 1.467389
26 -0.190062 -187.059538 -3.554608 -1.359333 1.530346 2.439866
27 -54.716015 -229.532540 -2.130559 -1.363193 1.530563 2.436370
28 -105.141097 -269.284743 -2.350009 -1.371065 1.530142 2.441930
29 -156.414121 -309.314030 -2.980621 -1.918852 1.520986 1.917138
30 -206.335827 -348.738413 -4.653994 -1.918030 1.520814 1.918388
31 -248.698777 -380.083684 -5.851354 -2.340689 1.505330 1.495363
32 -302.140054 -422.556636 -6.766387 -2.340689 1.505330 1.495363
time 32
0 0.000000 0.000000 0.000000 0.000000 -0.000000 0.000000
1 -206.424416 -348.754403 -4.932714 -1.932027 1.520853 1.904371
2 -206.424416 -348.754403 -4.932714 -1.932027 1.520853 1.904371
3 -218.305244 -334.512845 -4.064685 -1.932027 1.520853 1.904371
4 -246.808207 -300.346323 -1.982223 -1.932027 1.520853 1.904371
5 -105.229927 -269.267417 -2.523300 -1.383882 1.530500 2.429161
6 -105.229927 -269.267417 -2.523300 -1.383882 1.530500 2.429161
7 -116.770297 -254.741258 -1.787459 -1.383882 1.530500 2.429161
8 -144.456501 -219.891962 -0.022121 -1.383882 1.530500 2.429161
9 -0.244276 -187.011916 -3.672488 -1.372154 1.530663 2.427051
10 -0.244276 -187.011916 -3.672488 -1.372154 1.530663 2.427051
11 -11.583609 -172.325136 -2.941628 -1.372154 1.530663 2.427051
12 -38.787477 -137.090501 -1.188242 -1.372154 1.530663 2.427051
13 91.446717 -115.003616 -1.135883 -2.188411 1.523275 1.609958
14 91.446717 -115.003616 -1.135883 -2.188411 1.523275 1.609958
15 80.109791 -100.315884 -0.416103 -2.188411 1.523275 1.609958
16 52.911690 -65.078959 1.310698 -2.188411 1.523275 1.609958
17 222.024292 -16.134714 -0.334116 -1.639173 1.531880 2.077543
18 0.027552 -0.009192 -0.005380 -0.000056 -0.000016 0.000058
19 217.665671 -16.518954 -0.264513 -1.620017 1.531880 2.184454
20 198.605850 -31.366251 -0.473723 -1.695215 1.531250 2.107732
21 177.882501 -47.708377 -0.646874 -1.612917 1.531515 2.188017
22 157.177747 -64.064021 -0.683940 -1.612655 1.532734 2.186692
23 132.220755 -82.691503 -0.561041 -1.845735 1.530775 1.953435
24 91.461428 -115.015826 -1.142677 -2.190441 1.523321 1.608164
25 46.199543 -149.579178 -2.637959 -2.340712 1.516801 1.457945
26 -0.213813 -187.039981 -3.674428 -1.370802 1.530874 2.428622
27 -54.735871 -229.537742 -2.276147 -1.373444 1.531018 2.426223
28 -105.184697 -269.309221 -2.518546 -1.381923 1.530732 2.431053
29 -156.459766 -309.343837 -3.194745 -1.934676 1.521236 1.901237
30 -206.378956 -348.791918 -4.918256 -1.934168 1.521121 1.902112
31 -248.709193 -380.105383 -6.144359 -2.355072 1.505197 1.480787
32 -302.170046 -422.563031 -7.101098 -2.355072 1.505197 1.480787
time 33
0 0.000000 0.000000 0.000000 0.000000 -0.000000 0.000000
1 -206.540064 -348.745367 -5.127710 -1.945896 1.521094 1.890306
2 -206.540064 -348.745367 -5.127710 -1.945896 1.521094 1.890306
3 -218.420937 -334.496800 -4.269174 -1.945896 1.521094 1.890306
4 -246.924005 -300.313461 -2.209483 -1.945896 1.521094 1.890306
5 -105.336121 -269.223572 -2.642392 -1.392841 1.531001 2.420103
6 -105.336121 -269.223572 -2.642392 -1.392841 1.531001 2.420103
7 -116.877771 -254.691701 -1.915175 -1.392841 1.531001 2.420103
8 -144.567022 -219.828699 -0.170529 -1.392841 1.531001 2.420103
9 -0.310413 -186.933304 -3.773911 -1.380542 1.531125 2.418831
10 -0.310413 -186.933304 -3.773911 -1.380542 1.531125 2.418831
11 -11.653777 -172.245935 -3.050619 -1.380542 1.531125 2.418831
12 -38.867324 -137.009882 -1.315392 -1.380542 1.531125 2.418831
13 91.408451 -114.893970 -1.170074 -2.196046 1.523266 1.602523
14 91.408451 -114.893970 -1.170074 -2.196046 1.523266 1.602523
15 80.066689 -100.204984 -0.454611 -2.196046 1.523266 1.602523
16 52.856987 -64.965050 1.261837 -2.196046 1.523266 1.602523
17 222.018890 -16.138584 -0.343543 -1.639208 1.531882 2.077508
18 0.000289 0.005614 -0.005694 -0.000082 -0.000026 0.000083
19 217.659763 -16.522554 -0.273934 -1.620045 1.531883 2.184428
20 198.586713 -31.364807 -0.469889 -1.697102 1.531305 2.105968
21 177.893535 -47.656815 -0.619055 -1.617797 1.531570 2.183257
22 157.189264 -64.014147 -0.661057 -1.617693 1.532789 2.181773
23 132.221801 -82.616565 -0.578285 -1.851578 1.530902 1.947712
24 91.412870 -114.899735 -1.170352 -2.196794 1.523410 1.601993
25 46.115621 -149.496653 -2.680134 -2.348031 1.516844 1.450747
26 -0.298112 -186.949658 -3.762454 -1.377901 1.531368 2.421693
27 -54.817807 -229.464654 -2.360909 -1.379309 1.531440 2.420468
28 -105.314688 -269.251594 -2.616198 -1.388858 1.531226 2.424167
29 -156.601340 -309.297450 -3.322602 -1.945699 1.521500 1.890209
30 -206.522118 -348.769774 -5.080718 -1.945491 1.521443 1.890662
31 -248.812811 -380.039849 -6.325058 -2.366144 1.505174 1.469530
32 -302.293810 -422.482252 -7.294159 -2.366144 1.505174 1.469530
time 34
0 0.000000 0.000000 0.000000 0.000000 -0.000000 0.000000
1 -206.655647 -348.736319 -5.322705 -1.959997 1.521401 1.876081
2 -206.655647 -348.736319 -5.322705 -1.959997 1.521401 1.876081
3 -218.533675 -334.488700 -4.473868 -1.959997 1.521401 1.876081
4 -247.029918 -300.307635 -2.437448 -1.959997 1.521401 1.876081
5 -105.442315 -269.179736 -2.761484 -1.401048 1.531571 2.411875
6 -105.442315 -269.179736 -2.761484 -1.401048 1.531571 2.411875
7 -116.982173 -254.650960 -2.043085 -1.401048 1.531571 2.411875
8 -144.667123 -219.795380 -0.319595 -1.401048 1.531571 2.411875
9 -0.376549 -186.854675 -3.875333 -1.388281 1.531645 2.411327
10 -0.376549 -186.854675 -3.875333 -1.388281 1.531645 2.411327
11 -11.721340 -172.174342 -3.159778 -1.388281 1.531645 2.411327
12 -38.938309 -136.955164 -1.443108 -1.388281 1.531645 2.411327
13 91.370177 -114.784303 -1.204264 -2.204194 1.523327 1.594646
14 91.370177 -114.784303 -1.204264 -2.204194 1.523327 1.594646
15 80.026443 -100.102460 -0.493299 -2.204194 1.523327 1.594646
16 52.812009 -64.879664 1.212356 -2.204194 1.523327 1.594646
17 222.013504 -16.142454 -0.352970 -1.639173 1.531880 2.077543
18 0.027585 -0.009206 -0.005383 -0.000056 -0.000016 0.000058
19 217.654892 -16.526688 -0.283366 -1.620017 1.531880 2.184454
20 198.571132 -31.365220 -0.466029 -1.698912 1.531356 2.104277
21 177.910839 -47.608582 -0.591168 -1.622634 1.531619 2.178537
22 157.209821 -63.968983 -0.638117 -1.622687 1.532838 2.176896
23 132.235341 -82.548161 -0.595524 -1.857332 1.531023 1.942075
24 91.382201 -114.793004 -1.197828 -2.203016 1.523495 1.595950
25 46.055716 -149.426794 -2.721512 -2.355201 1.516885 1.443694
26 -0.352307 -186.875128 -3.849091 -1.385229 1.531856 2.414532
27 -54.862374 -229.411184 -2.444985 -1.385351 1.531856 2.414532
28 -105.400590 -269.217141 -2.713391 -1.396018 1.531714 2.417051
29 -156.692119 -309.277739 -3.450061 -1.956768 1.521755 1.879126
30 -206.607970 -348.777488 -5.242278 -1.956891 1.521755 1.879126
31 -248.853375 -380.006871 -6.504454 -2.377122 1.505144 1.458360
32 -302.347730 -422.437534 -7.485544 -2.377122 1.505144 1.458360
time 35
0 0.000000 0.000000 0.000000 0.000000 -0.000000 0.000000
1 -206.759580 -348.713608 -5.452313 -1.968818 1.521524 1.867152
2 -206.759580 -348.713608 -5.452313 -1.968818 1.521524 1.867152
3 -218.637772 -334.461888 -4.609111 -1.968818 1.521524 1.867152
4 -247.134408 -300.270986 -2.586205 -1.968818 1.521524 1.867152
5 -105.537252 -269.126948 -2.839172 -1.408536 1.531935 2.404394
6 -105.537252 -269.126948 -2.839172 -1.408536 1.531935 2.404394
7 -117.079318 -254.594660 -2.127109 -1.408536 1.531935 2.404394
8 -144.769563 -219.730657 -0.418820 -1.408536 1.531935 2.404394
9 -0.436014 -186.776229 -3.949023 -1.395415 1.531946 2.404217
10 -0.436014 -186.776229 -3.949023 -1.395415 1.531946 2.404217
11 -11.783733 -172.091587 -3.238739 -1.395415 1.531946 2.404217
12 -39.007728 -136.862074 -1.534718 -1.395415 1.531946 2.404217
13 91.337333 -114.678153 -1.229063 -2.209137 1.523345 1.589801
14 91.337333 -114.678153 -1.229063 -2.209137 1.523345 1.589801
15 79.989931 -99.993144 -0.521604 -2.209137 1.523345 1.589801
16 52.766696 -64.762749 1.175642 -2.209137 1.523345 1.589801
17 222.009888 -16.145044 -0.359279 -1.639208 1.531882 2.077508
18 0.000295 0.005630 -0.005693 -0.000082 -0.000026 0.000083
19 217.650785 -16.529011 -0.289670 -1.620045 1.531883 2.184428
20 198.554879 -31.363937 -0.459143 -1.700749 1.531410 2.102501
21 177.923652 -47.555816 -0.563789 -1.625923 1.531676 2.175308
22 157.222226 -63.916669 -0.614004 -1.626084 1.532895 2.173559
23 132.236184 -82.469338 -0.609581 -1.861718 1.531164 1.937750
24 91.337319 -114.678237 -1.217941 -2.207567 1.523569 1.591522
25 45.978894 -149.340284 -2.752408 -2.360106 1.516881 1.438851
26 -0.432356 -186.781967 -3.914009 -1.390310 1.532142 2.409507
27 -54.941268 -229.326567 -2.497958 -1.390371 1.532142 2.409507
28 -105.528342 -269.139169 -2.777513 -1.402215 1.532071 2.410787
29 -156.836058 -309.205193 -3.537204 -1.965932 1.521914 1.869901
30 -206.756039 -348.720198 -5.358100 -1.965993 1.521914 1.869901
31 -248.967181 -379.910708 -6.636966 -2.384906 1.505063 1.450395
32 -302.476920 -422.328468 -7.622281 -2.384906 1.505063 1.450395
time 36
0 0.000000 0.000000 0.000000 0.000000 -0.000000 0.000000
1 -206.863563 -348.690909 -5.581920 -1.977816 1.521722 1.858119
2 -206.863563 -348.690909 -5.581920 -1.977816 1.521722 1.858119
3 -218.738964 -334.443250 -4.744559 -1.977816 1.521722 1.858119
4 -247.228908 -300.262121 -2.735670 -1.977816 1.521722 1.858119
5 -105.632243 -269.074181 -2.916860 -1.415353 1.532359 2.397648
6 -105.632243 -269.074181 -2.916860 -1.415353 1.532359 2.397648
7 -117.173961 -254.545701 -2.211291 -1.415353 1.532359 2.397648
8 -144.863366 -219.690840 -0.518582 -1.415353 1.532359 2.397648
9 -0.495483 -186.697830 -4.022714 -1.402019 1.532292 2.397688
10 -0.495483 -186.697830 -4.022714 -1.402019 1.532292 2.397688
11 -11.844131 -172.014733 -3.317829 -1.402019 1.532292 2.397688
12 -39.070354 -136.788943 -1.626757 -1.402019 1.532292 2.397688
13 91.304514 -114.572020 -1.253863 -2.214669 1.523442 1.584445
14 91.304514 -114.572020 -1.253863 -2.214669 1.523442 1.584445
15 79.956602 -99.893096 -0.550106 -2.214669 1.523442 1.584445
16 52.732144 -64.677300 1.138258 -2.214669 1.523442 1.584445
17 222.006280 -16.147623 -0.365587 -1.639173 1.531880 2.077543
18 0.027552 -0.009204 -0.005385 -0.000056 -0.000016 0.000058
19 217.647671 -16.531882 -0.295985 -1.620017 1.531880 2.184454
20 198.542148 -31.364498 -0.452238 -1.702508 1.531461 2.100801
21 177.942738 -47.506357 -0.536363 -1.629163 1.531727 2.172125
22 157.243583 -63.869077 -0.589851 -1.629430 1.532946 2.170269
23 132.249457 -82.397052 -0.623625 -1.866004 1.531302 1.933520
24 91.310244 -114.572857 -1.237830 -2.211976 1.523640 1.587233
25 45.926028 -149.266428 -2.782463 -2.364848 1.516878 1.434167
26 -0.482431 -186.704594 -3.977462 -1.395522 1.532423 2.404346
27 -54.982926 -229.261644 -2.550194 -1.395522 1.532423 2.404346
28 -105.612178 -269.084385 -2.841123 -1.408583 1.532423 2.404346
29 -156.929259 -309.159350 -3.623890 -1.975086 1.522067 1.860677
30 -206.847044 -348.692876 -5.472959 -1.975086 1.522067 1.860677
31 -249.018235 -379.847394 -6.768120 -2.392586 1.504979 1.442526
32 -302.536586 -422.255676 -7.757293 -2.392586 1.504979 1.442526
time 37
0 0.000000 0.000000 0.000000 0.000000 -0.000000 0.000000
1 -206.908898 -348.678048 -5.628901 -1.982222 1.521746 1.853652
2 -206.908898 -348.678048 -5.628901 -1.982222 1.521746 1.853652
3 -218.786071 -334.424988 -4.794292 -1.982222 1.521746 1.853652
4 -247.280264 -300.230871 -2.792005 -1.982222 1.521746 1.853652
5 -105.673510 -269.048507 -2.944612 -1.416661 1.532447 2.396309
6 -105.673510 -269.048507 -2.944612 -1.416661 1.532447 2.396309
7 -117.216498 -254.516535 -2.241010 -1.416661 1.532447 2.396309
8 -144.908958 -219.653288 -0.553018 -1.416661 1.532447 2.396309
9 -0.521395 -186.662201 -4.051147 -1.404051 1.532422 2.395744
10 -0.521395 -186.662201 -4.051147 -1.404051 1.532422 2.395744
11 -11.871824 -171.979295 -3.348525 -1.404051 1.532422 2.395744
12 -39.102320 -136.753946 -1.662885 -1.404051 1.532422 2.395744
13 91.290529 -114.524398 -1.263417 -2.216715 1.523458 1.582441
14 91.290529 -114.524398 -1.263417 -2.216715 1.523458 1.582441
15 79.939789 -99.841682 -0.561626 -2.216715 1.523458 1.582441
16 52.708548 -64.616790 1.122019 -2.216715 1.523458 1.582441
17 222.004990 -16.148580 -0.367889 -1.639208 1.531882 2.077508
18 0.000287 0.005617 -0.005695 -0.000082 -0.000026 0.000083
19 217.645875 -16.532569 -0.298281 -1.620045 1.531883 2.184428
20 198.534373 -31.363450 -0.448557 -1.704355 1.531515 2.099015
21 177.947933 -47.482139 -0.524916 -1.632471 1.531783 2.168878
22 157.248336 -63.845307 -0.581672 -1.632848 1.533001 2.166912
23 132.248605 -82.361470 -0.634933 -1.869540 1.531325 1.930045
24 91.289200 -114.522766 -1.255319 -2.214943 1.523614 1.584326
25 45.889952 -149.227856 -2.808830 -2.368142 1.516787 1.430933
26 -0.520544 -186.664125 -4.024041 -1.399991 1.532517 2.399936
27 -55.020623 -229.225333 -2.596242 -1.399991 1.532517 2.399936
28 -105.670863 -269.052505 -2.897464 -1.413053 1.532517 2.399936
29 -156.993693 -309.133464 -3.693283 -1.980277 1.522034 1.855547
30 -206.911741 -348.675987 -5.560379 -1.980277 1.522034 1.855547
31 -249.066221 -379.817453 -6.867780 -2.395907 1.504846 1.439267
32 -302.586591 -422.226794 -7.862865 -2.395907 1.504846 1.439267
time 38
0 0.000000 0.000000 0.000000 0.000000 -0.000000 0.000000
1 -206.954271 -348.665128 -5.675879 -1.986772 1.521844 1.849111
2 -206.954271 -348.665128 -5.675879 -1.986772 1.521844 1.849111
3 -218.830408 -334.414427 -4.844219 -1.986772 1.521844 1.849111
4 -247.322115 -300.225972 -2.849007 -1.986772 1.521844 1.849111
5 -105.714771 -269.022850 -2.972366 -1.417189 1.532594 2.395813
6 -105.714771 -269.022850 -2.972366 -1.417189 1.532594 2.395813
7 -117.256572 -254.494428 -2.270880 -1.417189 1.532594 2.395813
8 -144.946178 -219.639706 -0.587965 -1.417189 1.532594 2.395813
9 -0.547308 -186.626572 -4.079580 -1.405797 1.532575 2.394111
10 -0.547308 -186.626572 -4.079580 -1.405797 1.532575 2.394111
11 -11.898581 -171.946597 -3.379280 -1.405797 1.532575 2.394111
12 -39.131102 -136.728280 -1.699209 -1.405797 1.532575 2.394111
13 91.276550 -114.476776 -1.272971 -2.219244 1.523538 1.580018
14 91.276550 -114.476776 -1.272971 -2.219244 1.523538 1.580018
15 79.925556 -99.797806 -0.573306 -2.219244 1.523538 1.580018
16 52.693705 -64.581900 1.105241 -2.219244 1.523538 1.580018
17 222.003678 -16.149526 -0.370191 -1.639173 1.531880 2.077543
18 0.027567 -0.009214 -0.005388 -0.000056 -0.000016 0.000058
19 217.645047 -16.533773 -0.300586 -1.620017 1.531880 2.184454
20 198.530106 -31.364243 -0.444863 -1.706122 1.531565 2.097306
21 177.959345 -47.461208 -0.513437 -1.635727 1.531834 2.165678
22 157.262004 -63.826240 -0.573465 -1.636212 1.533052 2.163605
23 132.260156 -82.332411 -0.646220 -1.872946 1.531344 1.926695
24 91.285993 -114.482057 -1.272548 -2.217749 1.523588 1.581578
25 45.877848 -149.201949 -2.834306 -2.371261 1.516697 1.427870
26 -0.528655 -186.639409 -4.069082 -1.404538 1.532606 2.395444
27 -55.020996 -229.208655 -2.641490 -1.404538 1.532606 2.395444
28 -105.685585 -269.043794 -2.953202 -1.417599 1.532606 2.395444
29 -157.007339 -309.134134 -3.762108 -1.985392 1.521997 1.850485
30 -206.919273 -348.688908 -5.646716 -1.985392 1.521997 1.850485
31 -249.051398 -379.820165 -6.965985 -2.399132 1.504712 1.436096
32 -302.566897 -422.233956 -7.966607 -2.399132 1.504712 1.436096
time 39
0 0.000000 0.000000 0.000000 0.000000 -0.000000 0.000000
1 -206.954239 -348.665131 -5.675880 -1.986726 1.521818 1.849133
2 -206.954239 -348.665131 -5.675880 -1.986726 1.521818 1.849133
3 -218.831346 -334.411823 -4.844154 -1.986726 1.521818 1.849133
4 -247.325291 -300.217061 -2.848781 -1.986726 1.521818 1.849133
5 -105.714742 -269.022813 -2.972366 -1.417591 1.532564 2.395379
6 -105.714742 -269.022813 -2.972366 -1.417591 1.532564 2.395379
7 -117.257796 -254.490800 -2.270804 -1.417591 1.532564 2.395379
8 -144.950415 -219.627454 -0.587707 -1.417591 1.532564 2.395379
9 -0.547290 -186.626558 -4.079580 -1.406006 1.532559 2.393885
10 -0.547290 -186.626558 -4.079580 -1.406006 1.532559 2.393885
11 -11.899211 -171.944688 -3.379240 -1.406006 1.532559 2.393885
12 -39.133287 -136.721825 -1.699073 -1.406006 1.532559 2.393885
13 91.276550 -114.476776 -1.272971 -2.219061 1.523513 1.580177
14 91.276550 -114.476776 -1.272971 -2.219061 1.523513 1.580177
15 79.924573 -99.794924 -0.573246 -2.219061 1.523513 1.580177
16 52.690362 -64.572103 1.105446 -2.219061 1.523513 1.580177
17 222.003662 -16.149523 -0.370190 -1.639208 1.531882 2.077508
18 0.000289 0.005621 -0.005695 -0.000082 -0.000026 0.000083
19 217.644556 -16.533506 -0.300581 -1.620045 1.531883 2.184428
20 198.528332 -31.363315 -0.444869 -1.706165 1.531567 2.097265
21 177.956205 -47.459570 -0.513450 -1.635758 1.531836 2.165649
22 157.257540 -63.823886 -0.573476 -1.636244 1.533054 2.163575
23 132.253903 -82.329153 -0.646232 -1.873013 1.531346 1.926631
24 91.277009 -114.477361 -1.272683 -2.217828 1.523588 1.581500
25 45.865816 -149.195627 -2.834761 -2.371343 1.516696 1.427790
26 -0.543719 -186.631497 -4.069864 -1.404510 1.532608 2.395474
27 -55.039722 -229.198857 -2.641903 -1.404510 1.532608 2.395474
28 -105.707636 -269.032201 -2.953521 -1.417572 1.532608 2.395474
29 -157.032790 -309.120888 -3.762417 -1.985427 1.521999 1.850454
30 -206.947896 -348.674092 -5.647285 -1.985427 1.521999 1.850454
31 -249.082852 -379.803891 -6.966734 -2.399174 1.504712 1.436058
32 -302.601809 -422.215967 -7.967546 -2.399174 1.504712 1.436059
time 40
0 0.000000 0.000000 0.000000 0.000000 -0.000000 0.000000
1 -206.954271 -348.665128 -5.675879 -1.986772 1.521844 1.849111
2 -206.954271 -348.665128 -5.675879 -1.986772 1.521844 1.849111
3 -218.830408 -334.414427 -4.844219 -1.986772 1.521844 1.849111
4 -247.322115 -300.225972 -2.849007 -1.986772 1.521844 1.849111
5 -105.714771 -269.022850 -2.972366 -1.417189 1.532594 2.395813
6 -105.714771 -269.022850 -2.972366 -1.417189 1.532594 2.395813
7 -117.256572 -254.494428 -2.270880 -1.417189 1.532594 2.395813
8 -144.946178 -219.639706 -0.587965 -1.417189 1.532594 2.395813
9 -0.547308 -186.626572 -4.079580 -1.405797 1.532575 2.394111
10 -0.547308 -186.626572 -4.079580 -1.405797 1.532575 2.394111
11 -11.898581 -171.946597 -3.379280 -1.405797 1.532575 2.394111
12 -39.131102 -136.728280 -1.699209 -1.405797 1.532575 2.394111
13 91.276550 -114.476776 -1.272971 -2.219244 1.523538 1.580018
14 91.276550 -114.476776 -1.272971 -2.219244 1.523538 1.580018
15 79.925556 -99.797806 -0.573306 -2.219244 1.523538 1.580018
16 52.693705 -64.581900 1.105241 -2.219244 1.523538 1.580018
17 222.003678 -16.149526 -0.370191 -1.639173 1.531880 2.077543
18 0.027567 -0.009214 -0.005388 -0.000056 -0.000016 0.000058
19 217.645047 -16.533773 -0.300586 -1.620017 1.531880 2.184454
20 198.530106 -31.364243 -0.444863 -1.706122 1.531565 2.097306
21 177.959345 -47.461208 -0.513437 -1.635727 1.531834 2.165678
22 157.262004 -63.826240 -0.573465 -1.636212 1.533052 2.163605
23 132.260156 -82.332411 -0.646220 -1.872946 1.531344 1.926695
24 91.285993 -114.482057 -1.272548 -2.217749 1.523588 1.581578
25 45.877848 -149.201949 -2.834306 -2.371261 1.516697 1.427870
26 -0.528655 -186.639409 -4.069082 -1.404538 1.532606 2.395444
27 -55.020996 -229.208655 -2.641490 -1.404538 1.532606 2.395444
28 -105.685585 -269.043794 -2.953202 -1.417599 1.532606 2.395444
29 -157.007339 -309.134134 -3.762108 -1.985392 1.521997 1.850485
30 -206.919273 -348.688908 -5.646716 -1.985392 1.521997 1.850485
31 -249.051398 -379.820165 -6.965985 -2.399132 1.504712 1.436096
32 -302.566897 -422.233956 -7.966607 -2.399132 1.504712 1.436096
time 41
0 0.000000 0.000000 0.000000 0.000000 -0.000000 0.000000
1 -206.954239 -348.665131 -5.675880 -1.986726 1.521818 1.849133
2 -206.954239 -348.665131 -5.675880 -1.986726 1.521818 1.849133
3 -218.831346 -334.411823 -4.844154 -1.986726 1.521818 1.849133
4 -247.325291 -300.217061 -2.848781 -1.986726 1.521818 1.849133
5 -105.714742 -269.022813 -2.972366 -1.417591 1.532564 2.395379
6 -105.714742 -269.022813 -2.972366 -1.417591 1.532564 2.395379
7 -117.257796 -254.490800 -2.270804 -1.417591 1.532564 2.395379
8 -144.950415 -219.627454 -0.587707 -1.417591 1.532564 2.395379
9 -0.547290 -186.626558 -4.079580 -1.406006 1.532559 2.393885
10 -0.547290 -186.626558 -4.079580 -1.406006 1.532559 2.393885
11 -11.899211 -171.944688 -3.379240 -1.406006 1.532559 2.393885
12 -39.133287 -136.721825 -1.699073 -1.406006 1.532559 2.393885
13 91.276550 -114.476776 -1.272971 -2.219061 1.523513 1.580177
14 91.276550 -114.476776 -1.272971 -2.219061 1.523513 1.580177
15 79.924573 -99.794924 -0.573246 -2.219061 1.523513 1.580177
16 52.690362 -64.572103 1.105446 -2.219061 1.523513 1.580177
17 222.003662 -16.149523 -0.370190 -1.639208 1.531882 2.077508
18 0.000289 0.005621 -0.005695 -0.000082 -0.000026 0.000083
19 217.644556 -16.533506 -0.300581 -1.620045 1.531883 2.184428
20 198.528332 -31.363315 -0.444869 -1.706165 1.531567 2.097265
21 177.956205 -47.459570 -0.513450 -1.635758 1.531836 2.165649
22 157.257540 -63.823886 -0.573476 -1.636244 1.533054 2.163575
23 132.253903 -82.329153 -0.646232 -1.873013 1.531346 1.926631
24 91.277009 -114.477361 -1.272683 -2.217828 1.523588 1.581500
25 45.865816 -149.195627 -2.834761 -2.371343 1.516696 1.427790
26 -0.543719 -186.631497 -4.069864 -1.404510 1.532608 2.395474
27 -55.039722 -229.198857 -2.641903 -1.404510 1.532608 2.395474
28 -105.707636 -269.032201 -2.953521 -1.417572 1.532608 2.395474
29 -157.032790 -309.120888 -3.762417 -1.985427 1.521999 1.850454
30 -206.947896 -348.674092 -5.647285 -1.985427 1.521999 1.850454
31 -249.082852 -379.803891 -6.966734 -2.399174 1.504712 1.436058
32 -302.601809 -422.215967 -7.967546 -2.399174 1.504712 1.436059
time 42
0 0.000000 0.000000 0.000000 0.000000 -0.000000 0.000000
1 -206.954271 -348.665128 -5.675879 -1.986772 1.521844 1.849111
2 -206.954271 -348.665128 -5.675879 -1.986772 1.521844 1.849111
3 -218.830408 -334.414427 -4.844219 -1.986772 1.521844 1.849111
4 -247.322115 -300.225972 -2.849007 -1.986772 1.521844 1.849111
5 -105.714771 -269.022850 -2.972366 -1.417189 1.532594 2.395813
6 -105.714771 -269.022850 -2.972366 -1.417189 1.532594 2.395813
7 -117.256572 -254.494428 -2.270880 -1.417189 1.532594 2.395813
8 -144.946178 -219.639706 -0.587965 -1.417189 1.532594 2.395813
9 -0.547308 -186.626572 -4.079580 -1.405797 1.532575 2.394111
10 -0.547308 -186.626572 -4.079580 -1.405797 1.532575 2.394111
11 -11.898581 -171.946597 -3.379280 -1.405797 1.532575 2.394111
12 -39.131102 -136.728280 -1.699209 -1.405797 1.532575 2.394111
13 91.276550 -114.476776 -1.272971 -2.219244 1.523538 1.580018
14 91.276550 -114.476776 -1.272971 -2.219244 1.523538 1.580018
15 79.925556 -99.797806 -0.573306 -2.219244 1.523538 1.580018
16 52.693705 -64.581900 1.105241 -2.219244 1.523538 1.580018
17 222.003678 -16.149526 -0.370191 -1.639173 1.531880 2.077543
18 0.027567 -0.009214 -0.005388 -0.000056 -0.000016 0.000058
19 217.645047 -16.533773 -0.300586 -1.620017 1.531880 2.184454
20 198.530106 -31.364243 -0.444863 -1.706122 1.531565 2.097306
21 177.959345 -47.461208 -0.513437 -1.635727 1.531834 2.165678
22 157.262004 -63.826240 -0.573465 -1.636212 1.533052 2.163605
23 132.260156 -82.332411 -0.646220 -1.872946 1.531344 1.926695
24 91.285993 -114.482057 -1.272548 -2.217749 1.523588 1.581578
25 45.877848 -149.201949 -2.834306 -2.371261 1.516697 1.427870
26 -0.528655 -186.639409 -4.069082 -1.404538 1.532606 2.395444
27 -55.020996 -229.208655 -2.641490 -1.404538 1.532606 2.395444
28 -105.685585 -269.043794 -2.953202 -1.417599 1.532606 2.395444
29 -157.007339 -309.134134 -3.762108 -1.985392 1.521997 1.850485
30 -206.919273 -348.688908 -5.646716 -1.985392 1.521997 1.850485
31 -249.051398 -379.820165 -6.965985 -2.399132 1.504712 1.436096
32 -302.566897 -422.233956 -7.966607 -2.399132 1.504712 1.436096
time 43
0 0.000000 0.000000 0.000000 0.000000 -0.000000 0.000000
1 -206.954239 -348.665131 -5.675880 -1.986726 1.521818 1.849133
2 -206.954239 -348.665131 -5.675880 -1.986726 1.521818 1.849133
3 -218.831346 -334.411823 -4.844154 -1.986726 1.521818 1.849133
4 -247.325291 -300.217061 -2.848781 -1.986726 1.521818 1.849133
5 -105.714742 -269.022813 -2.972366 -1.417591 1.532564 2.395379
6 -105.714742 -269.022813 -2.972366 -1.417591 1.532564 2.395379
7 -117.257796 -254.490800 -2.270804 -1.417591 1.532564 2.395379
8 -144.950415 -219.627454 -0.587707 -1.417591 1.532564 2.395379
9 -0.547290 -186.626558 -4.079580 -1.406006 1.532559 2.393885
10 -0.547290 -186.626558 -4.079580 -1.406006 1.532559 2.393885
11 -11.899211 -171.944688 -3.379240 -1.406006 1.532559 2.393885
12 -39.133287 -136.721825 -1.699073 -1.406006 1.532559 2.393885
13 91.276550 -114.476776 -1.272971 -2.219061 1.523513 1.580177
14 91.276550 -114.476776 -1.272971 -2.219061 1.523513 1.580177
15 79.924573 -99.794924 -0.573246 -2.219061 1.523513 1.580177
16 52.690362 -64.572103 1.105446 -2.219061 1.523513 1.580177
17 222.003662 -16.149523 -0.370190 -1.639208 1.531882 2.077508
18 0.000289 0.005621 -0.005695 -0.000082 -0.000026 0.000083
19 217.644556 -16.533506 -0.300581 -1.620045 1.531883 2.184428
20 198.528332 -31.363315 -0.444869 -1.706165 1.531567 2.097265
21 177.956205 -47.459570 -0.513450 -1.635758 1.531836 2.165649
22 157.257540 -63.823886 -0.573476 -1.636244 1.533054 2.163575
23 132.253903 -82.329153 -0.646232 -1.873013 1.531346 1.926631
24 91.277009 -114.477361 -1.272683 -2.217828 1.523588 1.581500
25 45.865816 -149.195627 -2.834761 -2.371343 1.516696 1.427790
26 -0.543719 -186.631497 -4.069864 -1.404510 1.532608 2.395474
27 -55.039722 -229.198857 -2.641903 -1.404510 1.532608 2.395474
28 -105.707636 -269.032201 -2.953521 -1.417572 1.532608 2.395474
29 -157.032790 -309.120888 -3.762417 -1.985427 1.521999 1.850454
30 -206.947896 -348.674092 -5.647285 -1.985427 1.521999 1.850454
31 -249.082852 -379.803891 -6.966734 -2.399174 1.504712 1.436058
32 -302.601809 -422.215967 -7.967546 -2.399174 1.504712 1.436059
time 44
0 0.000000 0.000000 0.000000 0.000000 -0.000000 0.000000
1 -206.954271 -348.665128 -5.675879 -1.986772 1.521844 1.849111
2 -206.954271 -348.665128 -5.675879 -1.986772 1.521844 1.849111
3 -218.830408 -334.414427 -4.844219 -1.986772 1.521844 1.849111
4 -247.322115 -300.225972 -2.849007 -1.986772 1.521844 1.849111
5 -105.714771 -269.022850 -2.972366 -1.417189 1.532594 2.395813
6 -105.714771 -269.022850 -2.972366 -1.417189 1.532594 2.395813
7 -117.256572 -254.494428 -2.270880 -1.417189 1.532594 2.395813
8 -144.946178 -219.639706 -0.587965 -1.417189 1.532594 2.395813
9 -0.547308 -186.626572 -4.079580 -1.405797 1.532575 2.394111
10 -0.547308 -186.626572 -4.079580 -1.405797 1.532575 2.394111
11 -11.898581 -171.946597 -3.379280 -1.405797 1.532575 2.394111
12 -39.131102 -136.728280 -1.699209 -1.405797 1.532575 2.394111
13 91.276550 -114.476776 -1.272971 -2.219244 1.523538 1.580018
14 91.276550 -114.476776 -1.272971 -2.219244 1.523538 1.580018
15 79.925556 -99.797806 -0.573306 -2.219244 1.523538 1.580018
16 52.693705 -64.581900 1.105241 -2.219244 1.523538 1.580018
17 222.003678 -16.149526 -0.370191 -1.639173 1.531880 2.077543
18 0.027567 -0.009214 -0.005388 -0.000056 -0.000016 0.000058
19 217.645047 -16.533773 -0.300586 -1.620017 1.531880 2.184454
20 198.530106 -31.364243 -0.444863 -1.706122 1.531565 2.097306
21 177.959345 -47.461208 -0.513437 -1.635727 1.531834 2.165678
22 157.262004 -63.826240 -0.573465 -1.636212 1.533052 2.163605
23 132.260156 -82.332411 -0.646220 -1.872946 1.531344 1.926695
24 91.285993 -114.482057 -1.272548 -2.217749 1.523588 1.581578
25 45.877848 -149.201949 -2.834306 -2.371261 1.516697 1.427870
26 -0.528655 -186.639409 -4.069082 -1.404538 1.532606 2.395444
27 -55.020996 -229.208655 -2.641490 -1.404538 1.532606 2.395444
28 -105.685585 -269.043794 -2.953202 -1.417599 1.532606 2.395444
29 -157.007339 -309.134134 -3.762108 -1.985392 1.521997 1.850485
30 -206.919273 -348.688908 -5.646716 -1.985392 1.521997 1.850485
31 -249.051398 -379.820165 -6.965985 -2.399132 1.504712 1.436096
32 -302.566897 -422.233956 -7.966607 -2.399132 1.504712 1.436096
time 45
0 0.000000 0.000000 0.000000 0.000000 -0.000000 0.000000
1 -206.954239 -348.665131 -5.675880 -1.986726 1.521818 1.849133
2 -206.954239 -348.665131 -5.675880 -1.986726 1.521818 1.849133
3 -218.831346 -334.411823 -4.844154 -1.986726 1.521818 1.849133
4 -247.325291 -300.217061 -2.848781 -1.986726 1.521818 1.849133
5 -105.714742 -269.022813 -2.972366 -1.417591 1.532564 2.395379
6 -105.714742 -269.022813 -2.972366 -1.417591 1.532564 2.395379
7 -117.257796 -254.490800 -2.270804 -1.417591 1.532564 2.395379
8 -144.950415 -219.627454 -0.587707 -1.417591 1.532564 2.395379
9 -0.547290 -186.626558 -4.079580 -1.406006 1.532559 2.393885
10 -0.547290 -186.626558 -4.079580 -1.406006 1.532559 2.393885
11 -11.899211 -171.944688 -3.379240 -1.406006 1.532559 2.393885
12 -39.133287 -136.721825 -1.699073 -1.406006 1.532559 2.393885
13 91.276550 -114.476776 -1.272971 -2.219061 1.523513 1.580177
14 91.276550 -114.476776 -1.272971 -2.219061 1.523513 1.580177
15 79.924573 -99.794924 -0.573246 -2.219061 1.523513 1.580177
16 52.690362 -64.572103 1.105446 -2.219061 1.523513 1.580177
17 222.003662 -16.149523 -0.370190 -1.639208 1.531882 2.077508
18 0.000289 0.005621 -0.005695 -0.000082 -0.000026 0.000083
19 217.644556 -16.533506 -0.300581 -1.620045 1.531883 2.184428
20 198.528332 -31.363315 -0.444869 -1.706165 1.531567 2.097265
21 177.956205 -47.459570 -0.513450 -1.635758 1.531836 2.165649
22 157.257540 -63.823886 -0.573476 -1.636244 1.533054 2.163575
23 132.253903 -82.329153 -0.646232 -1.873013 1.531346 1.926631
24 91.277009 -114.477361 -1.272683 -2.217828 1.523588 1.581500
25 45.865816 -149.195627 -2.834761 -2.371343 1.516696 1.427790
26 -0.543719 -186.631497 -4.069864 -1.404510 1.532608 2.395474
27 -55.039722 -229.198857 -2.641903 -1.404510 1.532608 2.395474
28 -105.707636 -269.032201 -2.953521 -1.417572 1.532608 2.395474
29 -157.032790 -309.120888 -3.762417 -1.985427 1.521999 1.850454
30 -206.947896 -348.674092 -5.647285 -1.985427 1.521999 1.850454
31 -249.082852 -379.803891 -6.966734 -2.399174 1.504712 1.436058
32 -302.601809 -422.215967 -7.967546 -2.399174 1.504712 1.436059
time 46
0 0.000000 0.000000 0.000000 0.000000 -0.000000 0.000000
1 -206.954271 -348.665128 -5.675879 -1.986772 1.521844 1.849111
2 -206.954271 -348.665128 -5.675879 -1.986772 1.521844 1.849111
3 -218.830408 -334.414427 -4.844219 -1.986772 1.521844 1.849111
4 -247.322115 -300.225972 -2.849007 -1.986772 1.521844 1.849111
5 -105.714771 -269.022850 -2.972366 -1.417189 1.532594 2.395813
6 -105.714771 -269.022850 -2.972366 -1.417189 1.532594 2.395813
7 -117.256572 -254.494428 -2.270880 -1.417189 1.532594 2.395813
8 -144.946178 -219.639706 -0.587965 -1.417189 1.532594 2.395813
9 -0.547308 -186.626572 -4.079580 -1.405797 1.532575 2.394111
10 -0.547308 -186.626572 -4.079580 -1.405797 1.532575 2.394111
11 -11.898581 -171.946597 -3.379280 -1.405797 1.532575 2.394111
12 -39.131102 -136.728280 -1.699209 -1.405797 1.532575 2.394111
13 91.276550 -114.476776 -1.272971 -2.219244 1.523538 1.580018
14 91.276550 -114.476776 -1.272971 -2.219244 1.523538 1.580018
15 79.925556 -99.797806 -0.573306 -2.219244 1.523538 1.580018
16 52.693705 -64.581900 1.105241 -2.219244 1.523538 1.580018
17 222.003678 -16.149526 -0.370191 -1.639173 1.531880 2.077543
18 0.027567 -0.009214 -0.005388 -0.000056 -0.000016 0.000058
19 217.645047 -16.533773 -0.300586 -1.620017 1.531880 2.184454
20 198.530106 -31.364243 -0.444863 -1.706122 1.531565 2.097306
21 177.959345 -47.461208 -0.513437 -1.635727 1.531834 2.165678
22 157.262004 -63.826240 -0.573465 -1.636212 1.533052 2.163605
23 132.260156 -82.332411 -0.646220 -1.872946 1.531344 1.926695
24 91.285993 -114.482057 -1.272548 -2.217749 1.523588 1.581578
25 45.877848 -149.201949 -2.834306 -2.371261 1.516697 1.427870
26 -0.528655 -186.639409 -4.069082 -1.404538 1.532606 2.395444
27 -55.020996 -229.208655 -2.641490 -1.404538 1.532606 2.395444
28 -105.685585 -269.043794 -2.953202 -1.417599 1.532606 2.395444
29 -157.007339 -309.134134 -3.762108 -1.985392 1.521997 1.850485
30 -206.919273 -348.688908 -5.646716 -1.985392 1.521997 1.850485
31 -249.051398 -379.820165 -6.965985 -2.399132 1.504712 1.436096
32 -302.566897 -422.233956 -7.966607 -2.399132 1.504712 1.436096
time 47
0 0.000000 0.000000 0.000000 0.000000 -0.000000 0.000000
1 -206.954239 -348.665131 -5.675880 -1.986726 1.521818 1.849133
2 -206.954239 -348.665131 -5.675880 -1.986726 1.521818 1.849133
3 -218.831346 -334.411823 -4.844154 -1.986726 1.521818 1.849133
4 -247.325291 -300.217061 -2.848781 -1.986726 1.521818 1.849133
5 -105.714742 -269.022813 -2.972366 -1.417591 1.532564 2.395379
6 -105.714742 -269.022813 -2.972366 -1.417591 1.532564 2.395379
7 -117.257796 -254.490800 -2.270804 -1.417591 1.532564 2.395379
8 -144.950415 -219.627454 -0.587707 -1.417591 1.532564 2.395379
9 -0.547290 -186.626558 -4.079580 -1.406006 1.532559 2.393885
10 -0.547290 -186.626558 -4.079580 -1.406006 1.532559 2.393885
11 -11.899211 -171.944688 -3.379240 -1.406006 1.532559 2.393885
12 -39.133287 -136.721825 -1.699073 -1.406006 1.532559 2.393885
13 91.276550 -114.476776 -1.272971 -2.219061 1.523513 1.580177
14 91.276550 -114.476776 -1.272971 -2.219061 1.523513 1.580177
15 79.924573 -99.794924 -0.573246 -2.219061 1.523513 1.580177
16 52.690362 -64.572103 1.105446 -2.219061 1.523513 1.580177
17 222.003662 -16.149523 -0.370190 -1.639208 1.531882 2.077508
18 0.000289 0.005621 -0.005695 -0.000082 -0.000026 0.000083
19 217.644556 -16.533506 -0.300581 -1.620045 1.531883 2.184428
20 198.528332 -31.363315 -0.444869 -1.706165 1.531567 2.097265
21 177.956205 -47.459570 -0.513450 -1.635758 1.531836 2.165649
22 157.257540 -63.823886 -0.573476 -1.636244 1.533054 2.163575
23 132.253903 -82.329153 -0.646232 -1.873013 1.531346 1.926631
24 91.277009 -114.477361 -1.272683 -2.217828 1.523588 1.581500
25 45.865816 -149.195627 -2.834761 -2.371343 1.516696 1.427790
26 -0.543719 -186.631497 -4.069864 -1.404510 1.532608 2.395474
27 -55.039722 -229.198857 -2.641903 -1.404510 1.532608 2.395474
28 -105.707636 -269.032201 -2.953521 -1.417572 1.532608 2.395474
29 -157.032790 -309.120888 -3.762417 -1.985427 1.521999 1.850454
30 -206.947896 -348.674092 -5.647285 -1.985427 1.521999 1.850454
31 -249.082852 -379.803891 -6.966734 -2.399174 1.504712 1.436058
32 -302.601809 -422.215967 -7.967546 -2.399174 1.504712 1.436059
time 48
0 0.000000 0.000000 0.000000 0.000000 -0.000000 0.000000
1 -206.954271 -348.665128 -5.675879 -1.986772 1.521844 1.849111
2 -206.954271 -348.665128 -5.675879 -1.986772 1.521844 1.849111
3 -218.830408 -334.414427 -4.844219 -1.986772 1.521844 1.849111
4 -247.322115 -300.225972 -2.849007 -1.986772 1.521844 1.849111
5 -105.714771 -269.022850 -2.972366 -1.417189 1.532594 2.395813
6 -105.714771 -269.022850 -2.972366 -1.417189 1.532594 2.395813
7 -117.256572 -254.494428 -2.270880 -1.417189 1.532594 2.395813
8 -144.946178 -219.639706 -0.587965 -1.417189 1.532594 2.395813
9 -0.547308 -186.626572 -4.079580 -1.405797 1.532575 2.394111
10 -0.547308 -186.626572 -4.079580 -1.405797 1.532575 2.394111
11 -11.898581 -171.946597 -3.379280 -1.405797 1.532575 2.394111
12 -39.131102 -136.728280 -1.699209 -1.405797 1.532575 2.394111
13 91.276550 -114.476776 -1.272971 -2.219244 1.523538 1.580018
14 91.276550 -114.476776 -1.272971 -2.219244 1.523538 1.580018
15 79.925556 -99.797806 -0.573306 -2.219244 1.523538 1.580018
16 52.693705 -64.581900 1.105241 -2.219244 1.523538 1.580018
17 222.003678 -16.149526 -0.370191 -1.639173 1.531880 2.077543
18 0.027567 -0.009214 -0.005388 -0.000056 -0.000016 0.000058
19 217.645047 -16.533773 -0.300586 -1.620017 1.531880 2.184454
20 198.530106 -31.364243 -0.444863 -1.706122 1.531565 2.097306
21 177.959345 -47.461208 -0.513437 -1.635727 1.531834 2.165678
22 157.262004 -63.826240 -0.573465 -1.636212 1.533052 2.163605
23 132.260156 -82.332411 -0.646220 -1.872946 1.531344 1.926695
24 91.285993 -114.482057 -1.272548 -2.217749 1.523588 1.581578
25 45.877848 -149.201949 -2.834306 -2.371261 1.516697 1.427870
26 -0.528655 -186.639409 -4.069082 -1.404538 1.532606 2.395444
27 -55.020996 -229.208655 -2.641490 -1.404538 1.532606 2.395444
28 -105.685585 -269.043794 -2.953202 -1.417599 1.532606 2.395444
29 -157.007339 -309.134134 -3.762108 -1.985392 1.521997 1.850485
30 -206.919273 -348.688908 -5.646716 -1.985392 1.521997 1.850485
31 -249.051398 -379.820165 -6.965985 -2.399132 1.504712 1.436096
32 -302.566897 -422.233956 -7.966607 -2.399132 1.504712 1.436096
time 49
0 0.000000 0.000000 0.000000 0.000000 -0.000000 0.000000
1 -206.954239 -348.665131 -5.675880 -1.986726 1.521818 1.849133
2 -206.954239 -348.665131 -5.675880 -1.986726 1.521818 1.849133
3 -218.831346 -334.411823 -4.844154 -1.986726 1.521818 1.849133
4 -247.325291 -300.217061 -2.848781 -1.986726 1.521818 1.849133
5 -105.714742 -269.022813 -2.972366 -1.417591 1.532564 2.395379
6 -105.714742 -269.022813 -2.972366 -1.417591 1.532564 2.395379
7 -117.257796 -254.490800 -2.270804 -1.417591 1.532564 2.395379
8 -144.950415 -219.627454 -0.587707 -1.417591 1.532564 2.395379
9 -0.547290 -186.626558 -4.079580 -1.406006 1.532559 2.393885
10 -0.547290 -186.626558 -4.079580 -1.406006 1.532559 2.393885
11 -11.899211 -171.944688 -3.379240 -1.406006 1.532559 2.393885
12 -39.133287 -136.721825 -1.699073 -1.406006 1.532559 2.393885
13 91.276550 -114.476776 -1.272971 -2.219061 1.523513 1.580177
14 91.276550 -114.476776 -1.272971 -2.219061 1.523513 1.580177
15 79.924573 -99.794924 -0.573246 -2.219061 1.523513 1.580177
16 52.690362 -64.572103 1.105446 -2.219061 1.523513 1.580177
17 222.003662 -16.149523 -0.370190 -1.639208 1.531882 2.077508
18 0.000289 0.005621 -0.005695 -0.000082 -0.000026 0.000083
19 217.644556 -16.533506 -0.300581 -1.620045 1.531883 2.184428
20 198.528332 -31.363315 -0.444869 -1.706165 1.531567 2.097265
21 177.956205 -47.459570 -0.513450 -1.635758 1.531836 2.165649
22 157.257540 -63.823886 -0.573476 -1.636244 1.533054 2.163575
23 132.253903 -82.329153 -0.646232 -1.873013 1.531346 1.926631
24 91.277009 -114.477361 -1.272683 -2.217828 1.523588 1.581500
25 45.865816 -149.195627 -2.834761 -2.371343 1.516696 1.427790
26 -0.543719 -186.631497 -4.069864 -1.404510 1.532608 2.395474
27 -55.039722 -229.198857 -2.641903 -1.404510 1.532608 2.395474
28 -105.707636 -269.032201 -2.953521 -1.417572 1.532608 2.395474
29 -157.032790 -309.120888 -3.762417 -1.985427 1.521999 1.850454
30 -206.947896 -348.674092 -5.647285 -1.985427 1.521999 1.850454
31 -249.082852 -379.803891 -6.966734 -2.399174 1.504712 1.436058
32 -302.601809 -422.215967 -7.967546 -2.399174 1.504712 1.436059
time 50
0 0.000000 0.000000 0.000000 0.000000 -0.000000 0.000000
1 -206.954271 -348.665128 -5.675879 -1.986772 1.521844 1.849111
2 -206.954271 -348.665128 -5.675879 -1.986772 1.521844 1.849111
3 -218.830408 -334.414427 -4.844219 -1.986772 1.521844 1.849111
4 -247.322115 -300.225972 -2.849007 -1.986772 1.521844 1.849111
5 -105.714771 -269.022850 -2.972366 -1.417189 1.532594 2.395813
6 -105.714771 -269.022850 -2.972366 -1.417189 1.532594 2.395813
7 -117.256572 -254.494428 -2.270880 -1.417189 1.532594 2.395813
8 -144.946178 -219.639706 -0.587965 -1.417189 1.532594 2.395813
9 -0.547308 -186.626572 -4.079580 -1.405797 1.532575 2.394111
10 -0.547308 -186.626572 -4.079580 -1.405797 1.532575 2.394111
11 -11.898581 -171.946597 -3.379280 -1.405797 1.532575 2.394111
12 -39.131102 -136.728280 -1.699209 -1.405797 1.532575 2.394111
13 91.276550 -114.476776 -1.272971 -2.219244 1.523538 1.580018
14 91.276550 -114.476776 -1.272971 -2.219244 1.523538 1.580018
15 79.925556 -99.797806 -0.573306 -2.219244 1.523538 1.580018
16 52.693705 -64.581900 1.105241 -2.219244 1.523538 1.580018
17 222.003678 -16.149526 -0.370191 -1.639173 1.531880 2.077543
18 0.027567 -0.009214 -0.005388 -0.000056 -0.000016 0.000058
19 217.645047 -16.533773 -0.300586 -1.620017 1.531880 2.184454
20 198.530106 -31.364243 -0.444863 -1.706122 1.531565 2.097306
21 177.959345 -47.461208 -0.513437 -1.635727 1.531834 2.165678
22 157.262004 -63.826240 -0.573465 -1.636212 1.533052 2.163605
23 132.260156 -82.332411 -0.646220 -1.872946 1.531344 1.926695
24 91.285993 -114.482057 -1.272548 -2.217749 1.523588 1.581578
25 45.877848 -149.201949 -2.834306 -2.371261 1.516697 1.427870
26 -0.528655 -186.639409 -4.069082 -1.404538 1.532606 2.395444
27 -55.020996 -229.208655 -2.641490 -1.404538 1.532606 2.395444
28 -105.685585 -269.043794 -2.953202 -1.417599 1.532606 2.395444
29 -157.007339 -309.134134 -3.762108 -1.985392 1.521997 1.850485
30 -206.919273 -348.688908 -5.646716 -1.985392 1.521997 1.850485
31 -249.051398 -379.820165 -6.965985 -2.399132 1.504712 1.436096
32 -302.566897 -422.233956 -7.966607 -2.399132 1.504712 1.436096
end
