version 1
nodes
0 "root" -1
1 "draw1_0_2efb_kyj02_trall" 0
2 "draw1_1_2efb_kyj02_bone01" 0
3 "draw1_2_2efb_kyj02_bone02" 0
4 "draw1_3_2efb_kyj02_bone03" 0
5 "draw2_0_2efb_kyj02_trall" 0
6 "draw2_1_2efb_kyj02_bone01" 0
7 "draw2_2_2efb_kyj02_bone02" 0
8 "draw2_3_2efb_kyj02_bone03" 0
9 "draw3_0_2efb_kyj02_trall" 0
10 "draw3_1_2efb_kyj02_bone01" 0
11 "draw3_2_2efb_kyj02_bone02" 0
12 "draw3_3_2efb_kyj02_bone03" 0
13 "draw4_0_2efb_kyj02_trall" 0
14 "draw4_1_2efb_kyj02_bone01" 0
15 "draw4_2_2efb_kyj02_bone02" 0
16 "draw4_3_2efb_kyj02_bone03" 0
17 "draw5_0_2efb_kyj06_body_trall" 0
18 "draw5_1_2efb_kyj06_body" 0
19 "draw5_2_2efb_kyj06_bone01" 0
20 "draw5_3_2efb_kyj06_bone02" 0
21 "draw5_4_2efb_kyj06_bone03" 0
22 "draw5_5_2efb_kyj06_bone04" 0
23 "draw5_6_2efb_kyj06_bone05" 0
24 "draw5_7_2efb_kyj06_bone06" 0
25 "draw5_8_2efb_kyj06_bone07" 0
26 "draw5_9_2efb_kyj06_bone08" 0
27 "draw5_10_2efb_kyj06_bone09" 0
28 "draw5_11_2efb_kyj06_bone10" 0
29 "draw5_12_2efb_kyj06_bone11" 0
30 "draw5_13_2efb_kyj06_bone12" 0
31 "draw5_14_2efb_kyj06_bone13" 0
32 "draw5_15_2efb_kyj06_bone14" 0
end
skeleton
time 0
0 0.000000 0.000000 0.000000 0.000000 -0.000000 0.000000
1 0.000000 0.000000 0.000000 0.000000 -0.000000 0.000000
2 0.000000 0.000000 0.000000 0.000000 -0.000000 0.000000
3 0.000000 -18.570662 0.000000 0.000000 -0.000000 0.000000
4 0.000000 -63.123017 0.000000 0.000000 -0.000000 0.000000
5 0.000000 0.000000 0.000000 0.000000 -0.000000 0.000000
6 0.000000 0.000000 0.000000 0.000000 -0.000000 0.000000
7 0.000000 -18.570636 0.000000 0.000000 -0.000000 0.000000
8 0.000000 -63.122928 0.000000 0.000000 -0.000000 0.000000
9 0.000000 0.000000 0.000000 0.000000 -0.000000 0.000000
10 0.000000 0.000000 0.000000 0.000000 -0.000000 0.000000
11 0.000000 -18.570797 0.000000 0.000000 -0.000000 0.000000
12 0.000000 -63.123474 0.000000 0.000000 -0.000000 0.000000
13 0.000000 0.000000 0.000000 0.000000 -0.000000 0.000000
14 0.000000 0.000000 0.000000 0.000000 -0.000000 0.000000
15 0.000000 -18.570560 0.000000 0.000000 -0.000000 0.000000
16 0.000000 -63.122669 0.000000 0.000000 -0.000000 0.000000
17 0.000000 0.000000 0.000000 0.000000 -0.000000 0.000000
18 0.000000 0.000000 0.000000 -0.000000 -0.000000 0.000000
19 0.000000 -0.000001 0.000000 0.000000 -0.000000 0.000000
20 0.000000 -0.000009 36.352553 0.000000 -0.000000 0.000000
21 0.000000 -0.000034 75.725651 0.000000 -0.000000 0.000000
22 0.000000 -0.000061 115.098750 0.000000 -0.000000 0.000000
23 0.000000 -0.000089 154.471848 0.000000 -0.000000 0.000000
24 0.000000 -0.000122 233.218044 0.000000 -0.000000 0.000000
25 0.000000 -0.000176 311.964241 0.000000 -0.000000 0.000000
26 0.000000 -0.000231 390.710437 0.000000 -0.000000 0.000000
27 0.000000 -0.000285 469.456634 0.000000 -0.000000 0.000000
28 0.000000 -0.000340 548.202830 0.000000 -0.000000 0.000000
29 0.000000 -0.000394 626.949027 0.000000 -0.000000 0.000000
30 0.000000 -0.000449 705.695223 0.000000 -0.000000 0.000000
31 0.000000 -0.000498 750.693050 0.000000 -0.000000 0.000000
32 0.000000 -0.000503 784.441420 0.000000 -0.000000 0.000000
end
triangles
2efb_kyj02_body_mesh1_d1
2 -0.981131 -19.959271 -0.025193 0.000000 -0.545168 -0.838327 0.116699 0.158691 2 2 0.294789 3 0.705211
2 -0.981131 -18.518986 0.911427 0.000000 0.000000 1.000000 0.128906 0.169922 2 2 0.306770 3 0.693230
2 -0.981131 -18.518990 -0.961814 0.000000 0.000000 -1.000000 0.104553 0.170898 2 2 0.307175 3 0.692825
2efb_kyj02_body_mesh1_d1
2 -0.981131 -18.518986 0.911427 0.000000 0.000000 1.000000 0.128906 0.169922 2 2 0.306770 3 0.693230
2 -0.981131 -17.078703 -0.025193 0.000000 0.545166 -0.838328 0.116699 0.182617 2 2 0.328501 3 0.671499
2 -0.981131 -18.518990 -0.961814 0.000000 0.000000 -1.000000 0.104553 0.170898 2 2 0.307175 3 0.692825
2efb_kyj02_body_mesh1_d1
2 -0.981131 -18.518990 -0.961814 0.000000 0.000000 -1.000000 0.013794 0.000000 2 2 0.307175 3 0.692825
2 0.724478 -18.518990 -0.961814 1.000000 0.000000 0.000000 0.129395 0.000000 2 2 0.307175 3 0.692825
2 -0.981131 -19.959271 -0.025193 0.000000 -0.545168 -0.838327 0.013794 0.250000 2 2 0.294789 3 0.705211
2efb_kyj02_body_mesh1_d1
2 0.724478 -18.518990 -0.961814 1.000000 0.000000 0.000000 0.129395 0.000000 2 2 0.307175 3 0.692825
2 0.724478 -19.959271 -0.025193 1.000000 0.000000 0.000000 0.129395 0.250488 2 2 0.294789 3 0.705211
2 -0.981131 -19.959271 -0.025193 0.000000 -0.545168 -0.838327 0.013794 0.250000 2 2 0.294789 3 0.705211
2efb_kyj02_body_mesh1_d1
2 -0.981131 -19.959271 -0.025193 0.000000 -0.545168 -0.838327 0.013794 0.250000 2 2 0.294789 3 0.705211
2 0.724478 -19.959271 -0.025193 1.000000 0.000000 0.000000 0.129395 0.250488 2 2 0.294789 3 0.705211
2 -0.981131 -18.518986 0.911427 0.000000 0.000000 1.000000 0.013794 0.500000 2 2 0.306770 3 0.693230
2efb_kyj02_body_mesh1_d1
2 0.724478 -19.959271 -0.025193 1.000000 0.000000 0.000000 0.129395 0.250488 2 2 0.294789 3 0.705211
2 0.724478 -18.518986 0.911427 1.000000 0.000000 0.000000 0.129395 0.500244 2 2 0.306770 3 0.693230
2 -0.981131 -18.518986 0.911427 0.000000 0.000000 1.000000 0.013794 0.500000 2 2 0.306770 3 0.693230
2efb_kyj02_body_mesh1_d1
2 -0.981131 -18.518986 0.911427 0.000000 0.000000 1.000000 0.013794 0.500000 2 2 0.306770 3 0.693230
2 0.724478 -18.518986 0.911427 1.000000 0.000000 0.000000 0.129395 0.500244 2 2 0.306770 3 0.693230
2 -0.981131 -17.078703 -0.025193 0.000000 0.545166 -0.838328 0.013794 0.750000 2 2 0.328501 3 0.671499
2efb_kyj02_body_mesh1_d1
2 0.724478 -18.518986 0.911427 1.000000 0.000000 0.000000 0.129395 0.500244 2 2 0.306770 3 0.693230
2 0.724478 -17.078703 -0.025193 1.000000 0.000000 0.000000 0.129395 0.750122 2 2 0.328501 3 0.671499
2 -0.981131 -17.078703 -0.025193 0.000000 0.545166 -0.838328 0.013794 0.750000 2 2 0.328501 3 0.671499
2efb_kyj02_body_mesh1_d1
2 -0.981131 -17.078703 -0.025193 0.000000 0.545166 -0.838328 0.013794 0.750000 2 2 0.328501 3 0.671499
2 0.724478 -17.078703 -0.025193 1.000000 0.000000 0.000000 0.129395 0.750122 2 2 0.328501 3 0.671499
2 -0.981131 -18.518990 -0.961814 0.000000 0.000000 -1.000000 0.013794 1.000000 2 2 0.307175 3 0.692825
2efb_kyj02_body_mesh1_d1
2 0.724478 -17.078703 -0.025193 1.000000 0.000000 0.000000 0.129395 0.750122 2 2 0.328501 3 0.671499
2 0.724478 -18.518990 -0.961814 1.000000 0.000000 0.000000 0.129395 1.000000 2 2 0.307175 3 0.692825
2 -0.981131 -18.518990 -0.961814 0.000000 0.000000 -1.000000 0.013794 1.000000 2 2 0.307175 3 0.692825
2efb_kyj02_body_mesh1_d1
2 0.724478 -19.959271 -0.025193 1.000000 0.000000 0.000000 0.116699 0.158691 2 2 0.294789 3 0.705211
2 0.724478 -18.518990 -0.961814 1.000000 0.000000 0.000000 0.104553 0.170898 2 2 0.307175 3 0.692825
2 0.724478 -18.518986 0.911427 1.000000 0.000000 0.000000 0.128906 0.169922 2 2 0.306770 3 0.693230
2efb_kyj02_body_mesh1_d1
2 0.724478 -18.518990 -0.961814 1.000000 0.000000 0.000000 0.104553 0.170898 2 2 0.307175 3 0.692825
2 0.724478 -17.078703 -0.025193 1.000000 0.000000 0.000000 0.116699 0.182617 2 2 0.328501 3 0.671499
2 0.724478 -18.518986 0.911427 1.000000 0.000000 0.000000 0.128906 0.169922 2 2 0.306770 3 0.693230
2efb_kyj02_body_mesh1_d1
1 -0.136658 -0.004680 -0.857686 -0.694712 0.000000 -0.719288 0.132812 1.000000 2 1 0.500000 2 0.500000
1 0.717738 -0.225817 -0.032404 0.694393 0.002628 0.719592 0.000000 1.000000 2 1 0.500000 2 0.500000
2 -0.136658 -4.551844 -0.856041 -0.700386 -0.001300 -0.713763 0.132812 0.750000 2 2 0.800000 3 0.200000
2efb_kyj02_body_mesh1_d1
1 0.717738 -0.225817 -0.032404 0.694393 0.002628 0.719592 0.000000 1.000000 2 1 0.500000 2 0.500000
2 0.717738 -4.662412 -0.016202 0.700197 0.003699 0.713940 0.000000 0.750000 2 2 0.800000 3 0.200000
2 -0.136658 -4.551844 -0.856041 -0.700386 -0.001300 -0.713763 0.132812 0.750000 2 2 0.800000 3 0.200000
2efb_kyj02_body_mesh1_d1
2 -0.136658 -4.551844 -0.856041 -0.700386 -0.001300 -0.713763 0.132812 0.750000 2 2 0.800000 3 0.200000
2 0.717738 -4.662412 -0.016202 0.700197 0.003699 0.713940 0.000000 0.750000 2 2 0.800000 3 0.200000
2 -0.136657 -9.099006 -0.854395 -0.705240 0.002731 -0.708964 0.132812 0.500000 2 2 0.625000 3 0.375000
2efb_kyj02_body_mesh1_d1
2 0.717738 -4.662412 -0.016202 0.700197 0.003699 0.713940 0.000000 0.750000 2 2 0.800000 3 0.200000
2 0.717738 -9.099006 0.000000 0.705105 -0.004802 0.709086 0.000000 0.500000 2 2 0.625000 3 0.375000
2 -0.136657 -9.099006 -0.854395 -0.705240 0.002731 -0.708964 0.132812 0.500000 2 2 0.625000 3 0.375000
2efb_kyj02_body_mesh1_d1
2 -0.136657 -9.099006 -0.854395 -0.705240 0.002731 -0.708964 0.132812 0.500000 2 2 0.625000 3 0.375000
2 0.717738 -9.099006 0.000000 0.705105 -0.004802 0.709086 0.000000 0.500000 2 2 0.625000 3 0.375000
2 0.717738 -13.789081 -0.057030 0.686970 -0.012015 0.726586 0.000000 0.250000 2 2 0.450000 3 0.550000
2efb_kyj02_body_mesh1_d1
2 -0.136657 -9.099006 -0.854395 -0.705240 0.002731 -0.708964 0.132812 0.500000 2 2 0.625000 3 0.375000
2 0.717738 -13.789081 -0.057030 0.686970 -0.012015 0.726586 0.000000 0.250000 2 2 0.450000 3 0.550000
2 -0.136657 -13.969623 -0.871400 -0.687855 0.005483 -0.725827 0.132812 0.250000 2 2 0.450000 3 0.550000
2efb_kyj02_body_mesh1_d1
2 0.717738 -13.789081 -0.057030 0.686970 -0.012015 0.726586 0.000000 0.250000 2 2 0.450000 3 0.550000
2 0.717738 -18.479156 -0.114059 0.669417 -0.009033 0.742832 0.000000 0.000000 2 2 0.300932 3 0.699068
2 -0.136657 -13.969623 -0.871400 -0.687855 0.005483 -0.725827 0.132812 0.250000 2 2 0.450000 3 0.550000
2efb_kyj02_body_mesh1_d1
2 -0.136657 -13.969623 -0.871400 -0.687855 0.005483 -0.725827 0.132812 0.250000 2 2 0.450000 3 0.550000
2 0.717738 -18.479156 -0.114059 0.669417 -0.009033 0.742832 0.000000 0.000000 2 2 0.300932 3 0.699068
2 -0.136657 -18.840242 -0.888405 -0.670940 0.002589 -0.741507 0.132812 0.000000 2 2 0.303291 3 0.696709
2efb_kyj02_body_mesh1_d1
1 -0.136658 -0.004680 -0.857686 -0.694712 0.000000 -0.719288 0.000000 1.000000 2 1 0.500000 2 0.500000
2 -0.136658 -4.551844 -0.856041 -0.700386 -0.001300 -0.713763 0.000000 0.750000 2 2 0.800000 3 0.200000
1 -0.991053 -0.225818 -0.032404 -0.694392 0.002628 0.719592 0.132812 1.000000 2 1 0.500000 2 0.500000
2efb_kyj02_body_mesh1_d1
2 -0.136658 -4.551844 -0.856041 -0.700386 -0.001300 -0.713763 0.000000 0.750000 2 2 0.800000 3 0.200000
2 -0.991053 -4.662412 -0.016202 -0.700197 0.003699 0.713941 0.132812 0.750000 2 2 0.800000 3 0.200000
1 -0.991053 -0.225818 -0.032404 -0.694392 0.002628 0.719592 0.132812 1.000000 2 1 0.500000 2 0.500000
2efb_kyj02_body_mesh1_d1
1 -0.991053 -0.225818 -0.032404 -0.694392 0.002628 0.719592 0.000000 1.000000 2 1 0.500000 2 0.500000
2 -0.991053 -4.662412 -0.016202 -0.700197 0.003699 0.713941 0.000000 0.750000 2 2 0.800000 3 0.200000
1 -0.136658 -0.446955 0.792880 0.695384 0.003013 0.718632 0.132812 1.000000 2 1 0.500000 2 0.500000
2efb_kyj02_body_mesh1_d1
2 -0.991053 -4.662412 -0.016202 -0.700197 0.003699 0.713941 0.000000 0.750000 2 2 0.800000 3 0.200000
2 -0.136657 -4.772981 0.823637 0.701299 0.003973 0.712856 0.132812 0.750000 2 2 0.800000 3 0.200000
1 -0.136658 -0.446955 0.792880 0.695384 0.003013 0.718632 0.132812 1.000000 2 1 0.500000 2 0.500000
2efb_kyj02_body_mesh1_d1
1 0.717738 -0.225817 -0.032404 0.694393 0.002628 0.719592 0.132812 1.000000 2 1 0.500000 2 0.500000
1 -0.136658 -0.446955 0.792880 0.695384 0.003013 0.718632 0.000000 1.000000 2 1 0.500000 2 0.500000
2 0.717738 -4.662412 -0.016202 0.700197 0.003699 0.713940 0.132812 0.750000 2 2 0.800000 3 0.200000
2efb_kyj02_body_mesh1_d1
1 -0.136658 -0.446955 0.792880 0.695384 0.003013 0.718632 0.000000 1.000000 2 1 0.500000 2 0.500000
2 -0.136657 -4.772981 0.823637 0.701299 0.003973 0.712856 0.000000 0.750000 2 2 0.800000 3 0.200000
2 0.717738 -4.662412 -0.016202 0.700197 0.003699 0.713940 0.132812 0.750000 2 2 0.800000 3 0.200000
2efb_kyj02_body_mesh1_d1
2 0.717738 -4.662412 -0.016202 0.700197 0.003699 0.713940 0.132812 0.750000 2 2 0.800000 3 0.200000
2 -0.136657 -4.772981 0.823637 0.701299 0.003973 0.712856 0.000000 0.750000 2 2 0.800000 3 0.200000
2 0.717738 -9.099006 0.000000 0.705105 -0.004802 0.709086 0.132812 0.500000 2 2 0.625000 3 0.375000
2efb_kyj02_body_mesh1_d1
2 -0.136657 -4.772981 0.823637 0.701299 0.003973 0.712856 0.000000 0.750000 2 2 0.800000 3 0.200000
2 -0.136657 -9.099006 0.854395 0.707098 -0.005062 0.707098 0.000000 0.500000 2 2 0.625000 3 0.375000
2 0.717738 -9.099006 0.000000 0.705105 -0.004802 0.709086 0.132812 0.500000 2 2 0.625000 3 0.375000
2efb_kyj02_body_mesh1_d1
2 0.717738 -9.099006 0.000000 0.705105 -0.004802 0.709086 0.132812 0.500000 2 2 0.625000 3 0.375000
2 -0.136657 -9.099006 0.854395 0.707098 -0.005062 0.707098 0.000000 0.500000 2 2 0.625000 3 0.375000
2 -0.136657 -13.608539 0.757341 0.690116 -0.012388 0.723592 0.000000 0.250000 2 2 0.450000 3 0.550000
2efb_kyj02_body_mesh1_d1
2 0.717738 -9.099006 0.000000 0.705105 -0.004802 0.709086 0.132812 0.500000 2 2 0.625000 3 0.375000
2 -0.136657 -13.608539 0.757341 0.690116 -0.012388 0.723592 0.000000 0.250000 2 2 0.450000 3 0.550000
2 0.717738 -13.789081 -0.057030 0.686970 -0.012015 0.726586 0.132812 0.250000 2 2 0.450000 3 0.550000
2efb_kyj02_body_mesh1_d1
2 -0.136657 -13.608539 0.757341 0.690116 -0.012388 0.723592 0.000000 0.250000 2 2 0.450000 3 0.550000
2 -0.136657 -18.118072 0.660286 0.672087 -0.009962 0.740405 0.000000 0.000000 2 2 0.310447 3 0.689553
2 0.717738 -13.789081 -0.057030 0.686970 -0.012015 0.726586 0.132812 0.250000 2 2 0.450000 3 0.550000
2efb_kyj02_body_mesh1_d1
2 0.717738 -13.789081 -0.057030 0.686970 -0.012015 0.726586 0.132812 0.250000 2 2 0.450000 3 0.550000
2 -0.136657 -18.118072 0.660286 0.672087 -0.009962 0.740405 0.000000 0.000000 2 2 0.310447 3 0.689553
2 0.717738 -18.479156 -0.114059 0.669417 -0.009033 0.742832 0.132812 0.000000 2 2 0.300932 3 0.699068
2efb_kyj02_body_mesh1_d1
1 -0.981131 -1.438522 -0.025193 0.000000 -0.654652 -0.755930 0.116699 0.158691 2 1 0.500000 2 0.500000
1 -0.981131 0.001768 1.222130 0.000000 -0.654652 0.755930 0.128906 0.169922 2 1 0.500000 2 0.500000
1 -0.981131 0.001768 -1.272516 0.000000 0.654654 -0.755929 0.104553 0.170898 2 1 0.500000 2 0.500000
2efb_kyj02_body_mesh1_d1
1 -0.981131 0.001768 1.222130 0.000000 -0.654652 0.755930 0.128906 0.169922 2 1 0.500000 2 0.500000
1 -0.981131 1.442052 -0.025193 0.000000 0.654654 -0.755929 0.116699 0.182617 2 1 0.500000 2 0.500000
1 -0.981131 0.001768 -1.272516 0.000000 0.654654 -0.755929 0.104553 0.170898 2 1 0.500000 2 0.500000
2efb_kyj02_body_mesh1_d1
1 -0.981131 0.001768 -1.272516 0.000000 0.654654 -0.755929 0.013214 0.000000 2 1 0.500000 2 0.500000
1 0.724478 0.001768 -1.272516 1.000000 0.000000 0.000000 0.129639 0.000000 2 1 0.500000 2 0.500000
1 -0.981131 -1.438522 -0.025193 0.000000 -0.654652 -0.755930 0.013214 0.250488 2 1 0.500000 2 0.500000
2efb_kyj02_body_mesh1_d1
1 0.724478 0.001768 -1.272516 1.000000 0.000000 0.000000 0.129639 0.000000 2 1 0.500000 2 0.500000
1 0.724478 -1.438522 -0.025193 1.000000 0.000000 0.000000 0.129639 0.250488 2 1 0.500000 2 0.500000
1 -0.981131 -1.438522 -0.025193 0.000000 -0.654652 -0.755930 0.013214 0.250488 2 1 0.500000 2 0.500000
2efb_kyj02_body_mesh1_d1
1 -0.981131 -1.438522 -0.025193 0.000000 -0.654652 -0.755930 0.013214 0.250488 2 1 0.500000 2 0.500000
1 0.724478 -1.438522 -0.025193 1.000000 0.000000 0.000000 0.129639 0.250488 2 1 0.500000 2 0.500000
1 -0.981131 0.001768 1.222130 0.000000 -0.654652 0.755930 0.013214 0.500244 2 1 0.500000 2 0.500000
2efb_kyj02_body_mesh1_d1
1 0.724478 -1.438522 -0.025193 1.000000 0.000000 0.000000 0.129639 0.250488 2 1 0.500000 2 0.500000
1 0.724478 0.001768 1.222130 1.000000 0.000000 0.000000 0.129639 0.500244 2 1 0.500000 2 0.500000
1 -0.981131 0.001768 1.222130 0.000000 -0.654652 0.755930 0.013214 0.500244 2 1 0.500000 2 0.500000
2efb_kyj02_body_mesh1_d1
1 -0.981131 0.001768 1.222130 0.000000 -0.654652 0.755930 0.013214 0.500244 2 1 0.500000 2 0.500000
1 0.724478 0.001768 1.222130 1.000000 0.000000 0.000000 0.129639 0.500244 2 1 0.500000 2 0.500000
1 -0.981131 1.442052 -0.025193 0.000000 0.654654 -0.755929 0.013214 0.750122 2 1 0.500000 2 0.500000
2efb_kyj02_body_mesh1_d1
1 0.724478 0.001768 1.222130 1.000000 0.000000 0.000000 0.129639 0.500244 2 1 0.500000 2 0.500000
1 0.724478 1.442052 -0.025193 1.000000 0.000000 0.000000 0.129639 0.750122 2 1 0.500000 2 0.500000
1 -0.981131 1.442052 -0.025193 0.000000 0.654654 -0.755929 0.013214 0.750122 2 1 0.500000 2 0.500000
2efb_kyj02_body_mesh1_d1
1 -0.981131 1.442052 -0.025193 0.000000 0.654654 -0.755929 0.013214 0.750122 2 1 0.500000 2 0.500000
1 0.724478 1.442052 -0.025193 1.000000 0.000000 0.000000 0.129639 0.750122 2 1 0.500000 2 0.500000
1 -0.981131 0.001768 -1.272516 0.000000 0.654654 -0.755929 0.013214 1.000000 2 1 0.500000 2 0.500000
2efb_kyj02_body_mesh1_d1
1 0.724478 1.442052 -0.025193 1.000000 0.000000 0.000000 0.129639 0.750122 2 1 0.500000 2 0.500000
1 0.724478 0.001768 -1.272516 1.000000 0.000000 0.000000 0.129639 1.000000 2 1 0.500000 2 0.500000
1 -0.981131 0.001768 -1.272516 0.000000 0.654654 -0.755929 0.013214 1.000000 2 1 0.500000 2 0.500000
2efb_kyj02_body_mesh1_d1
1 0.724478 -1.438522 -0.025193 1.000000 0.000000 0.000000 0.116699 0.158691 2 1 0.500000 2 0.500000
1 0.724478 0.001768 -1.272516 1.000000 0.000000 0.000000 0.104553 0.170898 2 1 0.500000 2 0.500000
1 0.724478 0.001768 1.222130 1.000000 0.000000 0.000000 0.128906 0.169922 2 1 0.500000 2 0.500000
2efb_kyj02_body_mesh1_d1
1 0.724478 0.001768 -1.272516 1.000000 0.000000 0.000000 0.104553 0.170898 2 1 0.500000 2 0.500000
1 0.724478 1.442052 -0.025193 1.000000 0.000000 0.000000 0.116699 0.182617 2 1 0.500000 2 0.500000
1 0.724478 0.001768 1.222130 1.000000 0.000000 0.000000 0.128906 0.169922 2 1 0.500000 2 0.500000
2efb_kyj02_body_mesh1_d1
2 -11.133719 -18.617229 0.000000 0.000000 0.000000 1.000000 0.145386 1.000000 2 2 0.355496 3 0.644504
2 -11.133716 -26.067409 0.000000 0.000000 0.000000 1.000000 0.145386 0.833374 3 2 0.288191 3 0.690337 4 0.021473
2 -3.711238 -18.617228 0.000000 0.000000 0.000000 1.000000 0.431885 1.000000 2 2 0.307059 3 0.692941
2efb_kyj02_body_mesh1_d1
2 -11.133716 -26.067409 0.000000 0.000000 0.000000 1.000000 0.145386 0.833374 3 2 0.288191 3 0.690337 4 0.021473
2 -3.711237 -26.067403 0.000000 0.000000 0.000000 1.000000 0.431885 0.833374 3 2 0.272343 3 0.713544 4 0.014113
2 -3.711238 -18.617228 0.000000 0.000000 0.000000 1.000000 0.431885 1.000000 2 2 0.307059 3 0.692941
2efb_kyj02_body_mesh1_d1
2 -3.711238 -18.617228 0.000000 0.000000 0.000000 1.000000 0.431885 1.000000 2 2 0.307059 3 0.692941
2 -3.711237 -26.067403 0.000000 0.000000 0.000000 1.000000 0.431885 0.833374 3 2 0.272343 3 0.713544 4 0.014113
2 3.711243 -18.617228 0.000000 0.000000 0.000000 1.000000 0.718262 1.000000 2 2 0.307059 3 0.692941
2efb_kyj02_body_mesh1_d1
2 -3.711237 -26.067403 0.000000 0.000000 0.000000 1.000000 0.431885 0.833374 3 2 0.272343 3 0.713544 4 0.014113
2 3.711244 -26.067403 0.000000 0.000000 0.000000 1.000000 0.718262 0.833374 3 2 0.272343 3 0.713544 4 0.014113
2 3.711243 -18.617228 0.000000 0.000000 0.000000 1.000000 0.718262 1.000000 2 2 0.307059 3 0.692941
2efb_kyj02_body_mesh1_d1
2 3.711243 -18.617228 0.000000 0.000000 0.000000 1.000000 0.718262 1.000000 2 2 0.307059 3 0.692941
2 3.711244 -26.067403 0.000000 0.000000 0.000000 1.000000 0.718262 0.833374 3 2 0.272343 3 0.713544 4 0.014113
2 11.133724 -18.617226 0.000000 0.000000 0.000000 1.000000 1.004883 1.000000 2 2 0.355496 3 0.644504
2efb_kyj02_body_mesh1_d1
2 3.711244 -26.067403 0.000000 0.000000 0.000000 1.000000 0.718262 0.833374 3 2 0.272343 3 0.713544 4 0.014113
2 11.133725 -26.067400 0.000000 0.000000 0.000000 1.000000 1.004883 0.833374 3 2 0.288191 3 0.690337 4 0.021473
2 11.133724 -18.617226 0.000000 0.000000 0.000000 1.000000 1.004883 1.000000 2 2 0.355496 3 0.644504
2efb_kyj02_body_mesh1_d1
2 -11.133716 -26.067409 0.000000 0.000000 0.000000 1.000000 0.145386 0.833374 3 2 0.288191 3 0.690337 4 0.021473
2 -11.133718 -33.517582 0.000000 0.000000 0.000000 1.000000 0.145386 0.666748 3 2 0.229347 3 0.670777 4 0.099876
2 -3.711237 -26.067403 0.000000 0.000000 0.000000 1.000000 0.431885 0.833374 3 2 0.272343 3 0.713544 4 0.014113
2efb_kyj02_body_mesh1_d1
2 -11.133718 -33.517582 0.000000 0.000000 0.000000 1.000000 0.145386 0.666748 3 2 0.229347 3 0.670777 4 0.099876
2 -3.711235 -33.517579 0.000000 0.000000 0.000000 1.000000 0.431885 0.666748 3 2 0.224374 3 0.680348 4 0.095278
2 -3.711237 -26.067403 0.000000 0.000000 0.000000 1.000000 0.431885 0.833374 3 2 0.272343 3 0.713544 4 0.014113
2efb_kyj02_body_mesh1_d1
2 -3.711237 -26.067403 0.000000 0.000000 0.000000 1.000000 0.431885 0.833374 3 2 0.272343 3 0.713544 4 0.014113
2 -3.711235 -33.517579 0.000000 0.000000 0.000000 1.000000 0.431885 0.666748 3 2 0.224374 3 0.680348 4 0.095278
2 3.711244 -26.067403 0.000000 0.000000 0.000000 1.000000 0.718262 0.833374 3 2 0.272343 3 0.713544 4 0.014113
2efb_kyj02_body_mesh1_d1
2 -3.711235 -33.517579 0.000000 0.000000 0.000000 1.000000 0.431885 0.666748 3 2 0.224374 3 0.680348 4 0.095278
2 3.711245 -33.517579 0.000000 0.000000 0.000000 1.000000 0.718262 0.666748 3 2 0.224374 3 0.680348 4 0.095278
2 3.711244 -26.067403 0.000000 0.000000 0.000000 1.000000 0.718262 0.833374 3 2 0.272343 3 0.713544 4 0.014113
2efb_kyj02_body_mesh1_d1
2 3.711244 -26.067403 0.000000 0.000000 0.000000 1.000000 0.718262 0.833374 3 2 0.272343 3 0.713544 4 0.014113
2 3.711245 -33.517579 0.000000 0.000000 0.000000 1.000000 0.718262 0.666748 3 2 0.224374 3 0.680348 4 0.095278
2 11.133725 -26.067400 0.000000 0.000000 0.000000 1.000000 1.004883 0.833374 3 2 0.288191 3 0.690337 4 0.021473
2efb_kyj02_body_mesh1_d1
2 3.711245 -33.517579 0.000000 0.000000 0.000000 1.000000 0.718262 0.666748 3 2 0.224374 3 0.680348 4 0.095278
2 11.133727 -33.517576 0.000000 0.000000 0.000000 1.000000 1.004883 0.666748 3 2 0.229347 3 0.670777 4 0.099876
2 11.133725 -26.067400 0.000000 0.000000 0.000000 1.000000 1.004883 0.833374 3 2 0.288191 3 0.690337 4 0.021473
2efb_kyj02_body_mesh1_d1
2 -11.133718 -33.517582 0.000000 0.000000 0.000000 1.000000 0.145386 0.666748 3 2 0.229347 3 0.670777 4 0.099876
2 -11.133714 -40.967754 0.000000 0.000000 0.000000 1.000000 0.145386 0.500000 3 2 0.162864 3 0.594138 4 0.242998
2 -3.711235 -33.517579 0.000000 0.000000 0.000000 1.000000 0.431885 0.666748 3 2 0.224374 3 0.680348 4 0.095278
2efb_kyj02_body_mesh1_d1
2 -11.133714 -40.967754 0.000000 0.000000 0.000000 1.000000 0.145386 0.500000 3 2 0.162864 3 0.594138 4 0.242998
2 -3.711235 -40.967759 0.000000 0.000000 0.000000 1.000000 0.431885 0.500000 3 2 0.161159 3 0.595080 4 0.243762
2 -3.711235 -33.517579 0.000000 0.000000 0.000000 1.000000 0.431885 0.666748 3 2 0.224374 3 0.680348 4 0.095278
2efb_kyj02_body_mesh1_d1
2 -3.711235 -33.517579 0.000000 0.000000 0.000000 1.000000 0.431885 0.666748 3 2 0.224374 3 0.680348 4 0.095278
2 -3.711235 -40.967759 0.000000 0.000000 0.000000 1.000000 0.431885 0.500000 3 2 0.161159 3 0.595080 4 0.243762
2 3.711245 -33.517579 0.000000 0.000000 0.000000 1.000000 0.718262 0.666748 3 2 0.224374 3 0.680348 4 0.095278
2efb_kyj02_body_mesh1_d1
2 -3.711235 -40.967759 0.000000 0.000000 0.000000 1.000000 0.431885 0.500000 3 2 0.161159 3 0.595080 4 0.243762
2 3.711246 -40.967759 0.000000 0.000000 0.000000 1.000000 0.718262 0.500000 3 2 0.161159 3 0.595080 4 0.243762
2 3.711245 -33.517579 0.000000 0.000000 0.000000 1.000000 0.718262 0.666748 3 2 0.224374 3 0.680348 4 0.095278
2efb_kyj02_body_mesh1_d1
2 3.711245 -33.517579 0.000000 0.000000 0.000000 1.000000 0.718262 0.666748 3 2 0.224374 3 0.680348 4 0.095278
2 3.711246 -40.967759 0.000000 0.000000 0.000000 1.000000 0.718262 0.500000 3 2 0.161159 3 0.595080 4 0.243762
2 11.133727 -33.517576 0.000000 0.000000 0.000000 1.000000 1.004883 0.666748 3 2 0.229347 3 0.670777 4 0.099876
2efb_kyj02_body_mesh1_d1
2 3.711246 -40.967759 0.000000 0.000000 0.000000 1.000000 0.718262 0.500000 3 2 0.161159 3 0.595080 4 0.243762
2 11.133726 -40.967748 0.000000 0.000000 0.000000 1.000000 1.004883 0.500000 3 2 0.162864 3 0.594138 4 0.242998
2 11.133727 -33.517576 0.000000 0.000000 0.000000 1.000000 1.004883 0.666748 3 2 0.229347 3 0.670777 4 0.099876
2efb_kyj02_body_mesh1_d1
2 -11.133712 -63.318276 0.000000 0.000000 0.000000 1.000000 0.145386 0.000000 3 2 0.014462 3 0.269404 4 0.716134
2 -3.711231 -63.318276 0.000000 0.000000 0.000000 1.000000 0.431885 0.000000 3 2 0.014540 3 0.253008 4 0.732451
2 -11.133712 -59.593190 0.000000 0.000000 0.000000 1.000000 0.145386 0.083496 3 2 0.026400 3 0.295458 4 0.678142
2efb_kyj02_body_mesh1_d1
2 -3.711231 -63.318276 0.000000 0.000000 0.000000 1.000000 0.431885 0.000000 3 2 0.014540 3 0.253008 4 0.732451
2 -3.711232 -59.593190 0.000000 0.000000 0.000000 1.000000 0.431885 0.083496 3 2 0.026035 3 0.279580 4 0.694385
2 -11.133712 -59.593190 0.000000 0.000000 0.000000 1.000000 0.145386 0.083496 3 2 0.026400 3 0.295458 4 0.678142
2efb_kyj02_body_mesh1_d1
2 -11.133712 -59.593190 0.000000 0.000000 0.000000 1.000000 0.145386 0.083496 3 2 0.026400 3 0.295458 4 0.678142
2 -3.711232 -59.593190 0.000000 0.000000 0.000000 1.000000 0.431885 0.083496 3 2 0.026035 3 0.279580 4 0.694385
2 -3.711233 -55.868118 0.000000 0.000000 0.000000 1.000000 0.431885 0.166992 3 2 0.041967 3 0.321425 4 0.636608
2efb_kyj02_body_mesh1_d1
2 -3.711232 -59.593190 0.000000 0.000000 0.000000 1.000000 0.431885 0.083496 3 2 0.026035 3 0.279580 4 0.694385
2 3.711249 -55.868118 0.000000 0.000000 0.000000 1.000000 0.718262 0.166992 3 2 0.041967 3 0.321426 4 0.636608
2 -3.711233 -55.868118 0.000000 0.000000 0.000000 1.000000 0.431885 0.166992 3 2 0.041967 3 0.321425 4 0.636608
2efb_kyj02_body_mesh1_d1
2 -3.711233 -55.868118 0.000000 0.000000 0.000000 1.000000 0.431885 0.166992 3 2 0.041967 3 0.321425 4 0.636608
2 3.711249 -55.868118 0.000000 0.000000 0.000000 1.000000 0.718262 0.166992 3 2 0.041967 3 0.321426 4 0.636608
2 -3.711233 -52.143023 0.000000 0.000000 0.000000 1.000000 0.431885 0.250000 3 2 0.063330 3 0.377260 4 0.559409
2efb_kyj02_body_mesh1_d1
2 3.711249 -55.868118 0.000000 0.000000 0.000000 1.000000 0.718262 0.166992 3 2 0.041967 3 0.321426 4 0.636608
2 3.711248 -52.143023 0.000000 0.000000 0.000000 1.000000 0.718262 0.250000 3 2 0.063330 3 0.377260 4 0.559409
2 -3.711233 -52.143023 0.000000 0.000000 0.000000 1.000000 0.431885 0.250000 3 2 0.063330 3 0.377260 4 0.559409
2efb_kyj02_body_mesh1_d1
2 -3.711233 -52.143023 0.000000 0.000000 0.000000 1.000000 0.431885 0.250000 3 2 0.063330 3 0.377260 4 0.559409
2 3.711248 -52.143023 0.000000 0.000000 0.000000 1.000000 0.718262 0.250000 3 2 0.063330 3 0.377260 4 0.559409
2 3.711247 -48.417936 0.000000 0.000000 0.000000 1.000000 0.718262 0.333496 3 2 0.090803 3 0.445155 4 0.464041
2efb_kyj02_body_mesh1_d1
2 3.711248 -52.143023 0.000000 0.000000 0.000000 1.000000 0.718262 0.250000 3 2 0.063330 3 0.377260 4 0.559409
2 11.133729 -48.417936 0.000000 0.000000 0.000000 1.000000 1.004883 0.333496 3 2 0.091740 3 0.451914 4 0.456346
2 3.711247 -48.417936 0.000000 0.000000 0.000000 1.000000 0.718262 0.333496 3 2 0.090803 3 0.445155 4 0.464041
2efb_kyj02_body_mesh1_d1
2 3.711247 -48.417936 0.000000 0.000000 0.000000 1.000000 0.718262 0.333496 3 2 0.090803 3 0.445155 4 0.464041
2 11.133729 -48.417936 0.000000 0.000000 0.000000 1.000000 1.004883 0.333496 3 2 0.091740 3 0.451914 4 0.456346
2 3.711247 -44.692842 0.000000 0.000000 0.000000 1.000000 0.718262 0.416992 3 2 0.123989 3 0.520148 4 0.355863
2efb_kyj02_body_mesh1_d1
2 11.133729 -48.417936 0.000000 0.000000 0.000000 1.000000 1.004883 0.333496 3 2 0.091740 3 0.451914 4 0.456346
2 11.133727 -44.692842 0.000000 0.000000 0.000000 1.000000 1.004883 0.416992 3 2 0.125151 3 0.523209 4 0.351640
2 3.711247 -44.692842 0.000000 0.000000 0.000000 1.000000 0.718262 0.416992 3 2 0.123989 3 0.520148 4 0.355863
2efb_kyj02_body_mesh1_d1
2 3.711247 -44.692842 0.000000 0.000000 0.000000 1.000000 0.718262 0.416992 3 2 0.123989 3 0.520148 4 0.355863
2 11.133727 -44.692842 0.000000 0.000000 0.000000 1.000000 1.004883 0.416992 3 2 0.125151 3 0.523209 4 0.351640
2 11.133726 -40.967748 0.000000 0.000000 0.000000 1.000000 1.004883 0.500000 3 2 0.162864 3 0.594138 4 0.242998
2efb_kyj02_body_mesh1_d1
2 -3.711231 -63.318276 0.000000 0.000000 0.000000 1.000000 0.431885 0.000000 3 2 0.014540 3 0.253008 4 0.732451
2 3.711250 -63.318276 0.000000 0.000000 0.000000 1.000000 0.718262 0.000000 3 2 0.014540 3 0.253008 4 0.732451
2 -3.711232 -59.593190 0.000000 0.000000 0.000000 1.000000 0.431885 0.083496 3 2 0.026035 3 0.279580 4 0.694385
2efb_kyj02_body_mesh1_d1
2 3.711250 -63.318276 0.000000 0.000000 0.000000 1.000000 0.718262 0.000000 3 2 0.014540 3 0.253008 4 0.732451
2 3.711249 -59.593193 0.000000 0.000000 0.000000 1.000000 0.718262 0.083496 3 2 0.026035 3 0.279580 4 0.694385
2 -3.711232 -59.593190 0.000000 0.000000 0.000000 1.000000 0.431885 0.083496 3 2 0.026035 3 0.279580 4 0.694385
2efb_kyj02_body_mesh1_d1
2 -3.711232 -59.593190 0.000000 0.000000 0.000000 1.000000 0.431885 0.083496 3 2 0.026035 3 0.279580 4 0.694385
2 3.711249 -59.593193 0.000000 0.000000 0.000000 1.000000 0.718262 0.083496 3 2 0.026035 3 0.279580 4 0.694385
2 3.711249 -55.868118 0.000000 0.000000 0.000000 1.000000 0.718262 0.166992 3 2 0.041967 3 0.321426 4 0.636608
2efb_kyj02_body_mesh1_d1
2 3.711249 -59.593193 0.000000 0.000000 0.000000 1.000000 0.718262 0.083496 3 2 0.026035 3 0.279580 4 0.694385
2 11.133729 -55.868118 0.000000 0.000000 0.000000 1.000000 1.004883 0.166992 3 2 0.042585 3 0.334462 4 0.622953
2 3.711249 -55.868118 0.000000 0.000000 0.000000 1.000000 0.718262 0.166992 3 2 0.041967 3 0.321426 4 0.636608
2efb_kyj02_body_mesh1_d1
2 3.711249 -55.868118 0.000000 0.000000 0.000000 1.000000 0.718262 0.166992 3 2 0.041967 3 0.321426 4 0.636608
2 11.133729 -55.868118 0.000000 0.000000 0.000000 1.000000 1.004883 0.166992 3 2 0.042585 3 0.334462 4 0.622953
2 3.711248 -52.143023 0.000000 0.000000 0.000000 1.000000 0.718262 0.250000 3 2 0.063330 3 0.377260 4 0.559409
2efb_kyj02_body_mesh1_d1
2 11.133729 -55.868118 0.000000 0.000000 0.000000 1.000000 1.004883 0.166992 3 2 0.042585 3 0.334462 4 0.622953
2 11.133728 -52.143023 0.000000 0.000000 0.000000 1.000000 1.004883 0.250000 3 2 0.064125 3 0.387320 4 0.548555
2 3.711248 -52.143023 0.000000 0.000000 0.000000 1.000000 0.718262 0.250000 3 2 0.063330 3 0.377260 4 0.559409
2efb_kyj02_body_mesh1_d1
2 3.711248 -52.143023 0.000000 0.000000 0.000000 1.000000 0.718262 0.250000 3 2 0.063330 3 0.377260 4 0.559409
2 11.133728 -52.143023 0.000000 0.000000 0.000000 1.000000 1.004883 0.250000 3 2 0.064125 3 0.387320 4 0.548555
2 11.133729 -48.417936 0.000000 0.000000 0.000000 1.000000 1.004883 0.333496 3 2 0.091740 3 0.451914 4 0.456346
2efb_kyj02_body_mesh1_d1
2 3.711250 -63.318276 0.000000 0.000000 0.000000 1.000000 0.718262 0.000000 3 2 0.014540 3 0.253008 4 0.732451
2 11.133729 -63.318276 0.000000 0.000000 0.000000 1.000000 1.004883 0.000000 3 2 0.014462 3 0.269404 4 0.716134
2 3.711249 -59.593193 0.000000 0.000000 0.000000 1.000000 0.718262 0.083496 3 2 0.026035 3 0.279580 4 0.694385
2efb_kyj02_body_mesh1_d1
2 11.133729 -63.318276 0.000000 0.000000 0.000000 1.000000 1.004883 0.000000 3 2 0.014462 3 0.269404 4 0.716134
2 11.133729 -59.593199 0.000000 0.000000 0.000000 1.000000 1.004883 0.083496 3 2 0.026400 3 0.295458 4 0.678142
2 3.711249 -59.593193 0.000000 0.000000 0.000000 1.000000 0.718262 0.083496 3 2 0.026035 3 0.279580 4 0.694385
2efb_kyj02_body_mesh1_d1
2 3.711249 -59.593193 0.000000 0.000000 0.000000 1.000000 0.718262 0.083496 3 2 0.026035 3 0.279580 4 0.694385
2 11.133729 -59.593199 0.000000 0.000000 0.000000 1.000000 1.004883 0.083496 3 2 0.026400 3 0.295458 4 0.678142
2 11.133729 -55.868118 0.000000 0.000000 0.000000 1.000000 1.004883 0.166992 3 2 0.042585 3 0.334462 4 0.622953
2efb_kyj02_body_mesh1_d1
2 -0.136658 -4.551844 -0.856041 -0.700386 -0.001300 -0.713763 0.000000 0.750000 2 2 0.800000 3 0.200000
2 -0.136657 -9.099006 -0.854395 -0.705240 0.002731 -0.708964 0.000000 0.500000 2 2 0.625000 3 0.375000
2 -0.991053 -4.662412 -0.016202 -0.700197 0.003699 0.713941 0.132812 0.750000 2 2 0.800000 3 0.200000
2efb_kyj02_body_mesh1_d1
2 -0.136657 -9.099006 -0.854395 -0.705240 0.002731 -0.708964 0.000000 0.500000 2 2 0.625000 3 0.375000
2 -0.991053 -9.099006 0.000000 -0.705105 -0.004802 0.709087 0.132812 0.500000 2 2 0.625000 3 0.375000
2 -0.991053 -4.662412 -0.016202 -0.700197 0.003699 0.713941 0.132812 0.750000 2 2 0.800000 3 0.200000
2efb_kyj02_body_mesh1_d1
2 -0.991053 -9.099006 0.000000 -0.705105 -0.004802 0.709087 0.132812 0.500000 2 2 0.625000 3 0.375000
2 -0.136657 -9.099006 -0.854395 -0.705240 0.002731 -0.708964 0.000000 0.500000 2 2 0.625000 3 0.375000
2 -0.991053 -13.789081 -0.057030 -0.686970 -0.012015 0.726587 0.132812 0.250000 2 2 0.450000 3 0.550000
2efb_kyj02_body_mesh1_d1
2 -0.136657 -9.099006 -0.854395 -0.705240 0.002731 -0.708964 0.000000 0.500000 2 2 0.625000 3 0.375000
2 -0.136657 -13.969623 -0.871400 -0.687855 0.005483 -0.725827 0.000000 0.250000 2 2 0.450000 3 0.550000
2 -0.991053 -13.789081 -0.057030 -0.686970 -0.012015 0.726587 0.132812 0.250000 2 2 0.450000 3 0.550000
2efb_kyj02_body_mesh1_d1
2 -0.991053 -13.789081 -0.057030 -0.686970 -0.012015 0.726587 0.132812 0.250000 2 2 0.450000 3 0.550000
2 -0.136657 -13.969623 -0.871400 -0.687855 0.005483 -0.725827 0.000000 0.250000 2 2 0.450000 3 0.550000
2 -0.991052 -18.479156 -0.114059 -0.669417 -0.009033 0.742832 0.132812 0.000000 2 2 0.300932 3 0.699068
2efb_kyj02_body_mesh1_d1
2 -0.136657 -13.969623 -0.871400 -0.687855 0.005483 -0.725827 0.000000 0.250000 2 2 0.450000 3 0.550000
2 -0.136657 -18.840242 -0.888405 -0.670940 0.002589 -0.741507 0.000000 0.000000 2 2 0.303291 3 0.696709
2 -0.991052 -18.479156 -0.114059 -0.669417 -0.009033 0.742832 0.132812 0.000000 2 2 0.300932 3 0.699068
2efb_kyj02_body_mesh1_d1
2 -0.991053 -4.662412 -0.016202 -0.700197 0.003699 0.713941 0.000000 0.750000 2 2 0.800000 3 0.200000
2 -0.991053 -9.099006 0.000000 -0.705105 -0.004802 0.709087 0.000000 0.500000 2 2 0.625000 3 0.375000
2 -0.136657 -4.772981 0.823637 0.701299 0.003973 0.712856 0.132812 0.750000 2 2 0.800000 3 0.200000
2efb_kyj02_body_mesh1_d1
2 -0.991053 -9.099006 0.000000 -0.705105 -0.004802 0.709087 0.000000 0.500000 2 2 0.625000 3 0.375000
2 -0.136657 -9.099006 0.854395 0.707098 -0.005062 0.707098 0.132812 0.500000 2 2 0.625000 3 0.375000
2 -0.136657 -4.772981 0.823637 0.701299 0.003973 0.712856 0.132812 0.750000 2 2 0.800000 3 0.200000
2efb_kyj02_body_mesh1_d1
2 -0.136657 -9.099006 0.854395 0.707098 -0.005062 0.707098 0.132812 0.500000 2 2 0.625000 3 0.375000
2 -0.991053 -9.099006 0.000000 -0.705105 -0.004802 0.709087 0.000000 0.500000 2 2 0.625000 3 0.375000
2 -0.136657 -13.608539 0.757341 0.690116 -0.012388 0.723592 0.132812 0.250000 2 2 0.450000 3 0.550000
2efb_kyj02_body_mesh1_d1
2 -0.991053 -9.099006 0.000000 -0.705105 -0.004802 0.709087 0.000000 0.500000 2 2 0.625000 3 0.375000
2 -0.991053 -13.789081 -0.057030 -0.686970 -0.012015 0.726587 0.000000 0.250000 2 2 0.450000 3 0.550000
2 -0.136657 -13.608539 0.757341 0.690116 -0.012388 0.723592 0.132812 0.250000 2 2 0.450000 3 0.550000
2efb_kyj02_body_mesh1_d1
2 -0.136657 -13.608539 0.757341 0.690116 -0.012388 0.723592 0.132812 0.250000 2 2 0.450000 3 0.550000
2 -0.991053 -13.789081 -0.057030 -0.686970 -0.012015 0.726587 0.000000 0.250000 2 2 0.450000 3 0.550000
2 -0.136657 -18.118072 0.660286 0.672087 -0.009962 0.740405 0.132812 0.000000 2 2 0.310447 3 0.689553
2efb_kyj02_body_mesh1_d1
2 -0.991053 -13.789081 -0.057030 -0.686970 -0.012015 0.726587 0.000000 0.250000 2 2 0.450000 3 0.550000
2 -0.991052 -18.479156 -0.114059 -0.669417 -0.009033 0.742832 0.000000 0.000000 2 2 0.300932 3 0.699068
2 -0.136657 -18.118072 0.660286 0.672087 -0.009962 0.740405 0.132812 0.000000 2 2 0.310447 3 0.689553
2efb_kyj02_body_mesh1_d1
2 -11.133712 -59.593190 0.000000 0.000000 0.000000 1.000000 0.145386 0.083496 3 2 0.026400 3 0.295458 4 0.678142
2 -3.711233 -55.868118 0.000000 0.000000 0.000000 1.000000 0.431885 0.166992 3 2 0.041967 3 0.321425 4 0.636608
2 -11.133713 -55.868103 0.000000 0.000000 0.000000 1.000000 0.145386 0.166992 3 2 0.042585 3 0.334462 4 0.622953
2efb_kyj02_body_mesh1_d1
2 -3.711233 -55.868118 0.000000 0.000000 0.000000 1.000000 0.431885 0.166992 3 2 0.041967 3 0.321425 4 0.636608
2 -11.133712 -52.143023 0.000000 0.000000 0.000000 1.000000 0.145386 0.250000 3 2 0.064125 3 0.387320 4 0.548555
2 -11.133713 -55.868103 0.000000 0.000000 0.000000 1.000000 0.145386 0.166992 3 2 0.042585 3 0.334462 4 0.622953
2efb_kyj02_body_mesh1_d1
2 -3.711233 -55.868118 0.000000 0.000000 0.000000 1.000000 0.431885 0.166992 3 2 0.041967 3 0.321425 4 0.636608
2 -3.711233 -52.143023 0.000000 0.000000 0.000000 1.000000 0.431885 0.250000 3 2 0.063330 3 0.377260 4 0.559409
2 -11.133712 -52.143023 0.000000 0.000000 0.000000 1.000000 0.145386 0.250000 3 2 0.064125 3 0.387320 4 0.548555
2efb_kyj02_body_mesh1_d1
2 -3.711233 -52.143023 0.000000 0.000000 0.000000 1.000000 0.431885 0.250000 3 2 0.063330 3 0.377260 4 0.559409
2 -3.711233 -48.417936 0.000000 0.000000 0.000000 1.000000 0.431885 0.333496 3 2 0.090803 3 0.445155 4 0.464041
2 -11.133712 -52.143023 0.000000 0.000000 0.000000 1.000000 0.145386 0.250000 3 2 0.064125 3 0.387320 4 0.548555
2efb_kyj02_body_mesh1_d1
2 -11.133712 -52.143023 0.000000 0.000000 0.000000 1.000000 0.145386 0.250000 3 2 0.064125 3 0.387320 4 0.548555
2 -3.711233 -48.417936 0.000000 0.000000 0.000000 1.000000 0.431885 0.333496 3 2 0.090803 3 0.445155 4 0.464041
2 -11.133715 -48.417936 0.000000 0.000000 0.000000 1.000000 0.145386 0.333496 3 2 0.091740 3 0.451914 4 0.456346
2efb_kyj02_body_mesh1_d1
2 -3.711233 -48.417936 0.000000 0.000000 0.000000 1.000000 0.431885 0.333496 3 2 0.090803 3 0.445155 4 0.464041
2 -11.133715 -44.692851 0.000000 0.000000 0.000000 1.000000 0.145386 0.416992 3 2 0.125151 3 0.523209 4 0.351640
2 -11.133715 -48.417936 0.000000 0.000000 0.000000 1.000000 0.145386 0.333496 3 2 0.091740 3 0.451914 4 0.456346
2efb_kyj02_body_mesh1_d1
2 -3.711233 -52.143023 0.000000 0.000000 0.000000 1.000000 0.431885 0.250000 3 2 0.063330 3 0.377260 4 0.559409
2 3.711247 -48.417936 0.000000 0.000000 0.000000 1.000000 0.718262 0.333496 3 2 0.090803 3 0.445155 4 0.464041
2 -3.711233 -48.417936 0.000000 0.000000 0.000000 1.000000 0.431885 0.333496 3 2 0.090803 3 0.445155 4 0.464041
2efb_kyj02_body_mesh1_d1
2 3.711247 -48.417936 0.000000 0.000000 0.000000 1.000000 0.718262 0.333496 3 2 0.090803 3 0.445155 4 0.464041
2 -3.711234 -44.692842 0.000000 0.000000 0.000000 1.000000 0.431885 0.416992 3 2 0.123989 3 0.520148 4 0.355863
2 -3.711233 -48.417936 0.000000 0.000000 0.000000 1.000000 0.431885 0.333496 3 2 0.090803 3 0.445155 4 0.464041
2efb_kyj02_body_mesh1_d1
2 -3.711233 -48.417936 0.000000 0.000000 0.000000 1.000000 0.431885 0.333496 3 2 0.090803 3 0.445155 4 0.464041
2 -3.711234 -44.692842 0.000000 0.000000 0.000000 1.000000 0.431885 0.416992 3 2 0.123989 3 0.520148 4 0.355863
2 -11.133715 -44.692851 0.000000 0.000000 0.000000 1.000000 0.145386 0.416992 3 2 0.125151 3 0.523209 4 0.351640
2efb_kyj02_body_mesh1_d1
2 -3.711234 -44.692842 0.000000 0.000000 0.000000 1.000000 0.431885 0.416992 3 2 0.123989 3 0.520148 4 0.355863
2 -3.711235 -40.967759 0.000000 0.000000 0.000000 1.000000 0.431885 0.500000 3 2 0.161159 3 0.595080 4 0.243762
2 -11.133715 -44.692851 0.000000 0.000000 0.000000 1.000000 0.145386 0.416992 3 2 0.125151 3 0.523209 4 0.351640
2efb_kyj02_body_mesh1_d1
2 -11.133715 -44.692851 0.000000 0.000000 0.000000 1.000000 0.145386 0.416992 3 2 0.125151 3 0.523209 4 0.351640
2 -3.711235 -40.967759 0.000000 0.000000 0.000000 1.000000 0.431885 0.500000 3 2 0.161159 3 0.595080 4 0.243762
2 -11.133714 -40.967754 0.000000 0.000000 0.000000 1.000000 0.145386 0.500000 3 2 0.162864 3 0.594138 4 0.242998
2efb_kyj02_body_mesh1_d1
2 3.711247 -48.417936 0.000000 0.000000 0.000000 1.000000 0.718262 0.333496 3 2 0.090803 3 0.445155 4 0.464041
2 3.711247 -44.692842 0.000000 0.000000 0.000000 1.000000 0.718262 0.416992 3 2 0.123989 3 0.520148 4 0.355863
2 -3.711234 -44.692842 0.000000 0.000000 0.000000 1.000000 0.431885 0.416992 3 2 0.123989 3 0.520148 4 0.355863
2efb_kyj02_body_mesh1_d1
2 3.711247 -44.692842 0.000000 0.000000 0.000000 1.000000 0.718262 0.416992 3 2 0.123989 3 0.520148 4 0.355863
2 3.711246 -40.967759 0.000000 0.000000 0.000000 1.000000 0.718262 0.500000 3 2 0.161159 3 0.595080 4 0.243762
2 -3.711234 -44.692842 0.000000 0.000000 0.000000 1.000000 0.431885 0.416992 3 2 0.123989 3 0.520148 4 0.355863
2efb_kyj02_body_mesh1_d1
2 -3.711234 -44.692842 0.000000 0.000000 0.000000 1.000000 0.431885 0.416992 3 2 0.123989 3 0.520148 4 0.355863
2 3.711246 -40.967759 0.000000 0.000000 0.000000 1.000000 0.718262 0.500000 3 2 0.161159 3 0.595080 4 0.243762
2 -3.711235 -40.967759 0.000000 0.000000 0.000000 1.000000 0.431885 0.500000 3 2 0.161159 3 0.595080 4 0.243762
2efb_kyj02_body_mesh1_d1
2 -11.133718 -18.617226 -0.044532 0.000000 0.000000 -1.000000 1.004883 1.000000 2 2 0.355496 3 0.644504
2 -3.711238 -18.617226 -0.044532 0.000000 0.000000 -1.000000 0.718262 1.000000 2 2 0.305630 3 0.694370
2 -11.133716 -26.067414 -0.044532 0.000000 0.000000 -1.000000 1.004883 0.833374 3 2 0.288191 3 0.690337 4 0.021473
2efb_kyj02_body_mesh1_d1
2 -3.711238 -18.617226 -0.044532 0.000000 0.000000 -1.000000 0.718262 1.000000 2 2 0.305630 3 0.694370
2 -3.711237 -26.067403 -0.044532 0.000000 0.000000 -1.000000 0.718262 0.833374 3 2 0.272491 3 0.713489 4 0.014019
2 -11.133716 -26.067414 -0.044532 0.000000 0.000000 -1.000000 1.004883 0.833374 3 2 0.288191 3 0.690337 4 0.021473
2efb_kyj02_body_mesh1_d1
2 -11.133716 -26.067414 -0.044532 0.000000 0.000000 -1.000000 1.004883 0.833374 3 2 0.288191 3 0.690337 4 0.021473
2 -3.711237 -26.067403 -0.044532 0.000000 0.000000 -1.000000 0.718262 0.833374 3 2 0.272491 3 0.713489 4 0.014019
2 -11.133718 -33.517582 -0.044532 0.000000 0.000000 -1.000000 1.004883 0.666748 3 2 0.229347 3 0.670777 4 0.099876
2efb_kyj02_body_mesh1_d1
2 -3.711237 -26.067403 -0.044532 0.000000 0.000000 -1.000000 0.718262 0.833374 3 2 0.272491 3 0.713489 4 0.014019
2 -3.711236 -33.517579 -0.044532 0.000000 0.000000 -1.000000 0.718262 0.666748 3 2 0.224374 3 0.680348 4 0.095278
2 -11.133718 -33.517582 -0.044532 0.000000 0.000000 -1.000000 1.004883 0.666748 3 2 0.229347 3 0.670777 4 0.099876
2efb_kyj02_body_mesh1_d1
2 -11.133718 -33.517582 -0.044532 0.000000 0.000000 -1.000000 1.004883 0.666748 3 2 0.229347 3 0.670777 4 0.099876
2 -3.711236 -33.517579 -0.044532 0.000000 0.000000 -1.000000 0.718262 0.666748 3 2 0.224374 3 0.680348 4 0.095278
2 -11.133714 -40.967754 -0.044532 0.000000 0.000000 -1.000000 1.004883 0.500000 3 2 0.162418 3 0.593300 4 0.244281
2efb_kyj02_body_mesh1_d1
2 -3.711236 -33.517579 -0.044532 0.000000 0.000000 -1.000000 0.718262 0.666748 3 2 0.224374 3 0.680348 4 0.095278
2 -3.711235 -40.967760 -0.044532 0.000000 0.000000 -1.000000 0.718262 0.500000 3 2 0.160720 3 0.594195 4 0.245086
2 -11.133714 -40.967754 -0.044532 0.000000 0.000000 -1.000000 1.004883 0.500000 3 2 0.162418 3 0.593300 4 0.244281
2efb_kyj02_body_mesh1_d1
2 -11.133714 -40.967754 -0.044532 0.000000 0.000000 -1.000000 1.004883 0.500000 3 2 0.162418 3 0.593300 4 0.244281
2 -3.711235 -40.967760 -0.044532 0.000000 0.000000 -1.000000 0.718262 0.500000 3 2 0.160720 3 0.594195 4 0.245086
2 -11.133716 -44.692854 -0.044532 0.000000 0.000000 -1.000000 1.004883 0.416992 3 2 0.126233 3 0.523117 4 0.350650
2efb_kyj02_body_mesh1_d1
2 -3.711235 -40.967760 -0.044532 0.000000 0.000000 -1.000000 0.718262 0.500000 3 2 0.160720 3 0.594195 4 0.245086
2 -3.711235 -44.692845 -0.044532 0.000000 0.000000 -1.000000 0.718262 0.416992 3 2 0.124991 3 0.520133 4 0.354876
2 -11.133716 -44.692854 -0.044532 0.000000 0.000000 -1.000000 1.004883 0.416992 3 2 0.126233 3 0.523117 4 0.350650
2efb_kyj02_body_mesh1_d1
2 -11.133716 -44.692854 -0.044532 0.000000 0.000000 -1.000000 1.004883 0.416992 3 2 0.126233 3 0.523117 4 0.350650
2 -3.711235 -44.692845 -0.044532 0.000000 0.000000 -1.000000 0.718262 0.416992 3 2 0.124991 3 0.520133 4 0.354876
2 -3.711235 -48.417936 -0.044532 0.000000 0.000000 -1.000000 0.718262 0.333496 3 2 0.092240 3 0.446940 4 0.460820
2efb_kyj02_body_mesh1_d1
2 -3.711235 -44.692845 -0.044532 0.000000 0.000000 -1.000000 0.718262 0.416992 3 2 0.124991 3 0.520133 4 0.354876
2 3.711246 -48.417936 -0.044532 0.000000 0.000000 -1.000000 0.431885 0.333496 3 2 0.092240 3 0.446940 4 0.460820
2 -3.711235 -48.417936 -0.044532 0.000000 0.000000 -1.000000 0.718262 0.333496 3 2 0.092240 3 0.446940 4 0.460820
2efb_kyj02_body_mesh1_d1
2 -3.711235 -48.417936 -0.044532 0.000000 0.000000 -1.000000 0.718262 0.333496 3 2 0.092240 3 0.446940 4 0.460820
2 3.711246 -48.417936 -0.044532 0.000000 0.000000 -1.000000 0.431885 0.333496 3 2 0.092240 3 0.446940 4 0.460820
2 -3.711233 -52.143023 -0.044532 0.000000 0.000000 -1.000000 0.718262 0.250000 3 2 0.064867 3 0.380293 4 0.554840
2efb_kyj02_body_mesh1_d1
2 3.711246 -48.417936 -0.044532 0.000000 0.000000 -1.000000 0.431885 0.333496 3 2 0.092240 3 0.446940 4 0.460820
2 3.711247 -52.143023 -0.044532 0.000000 0.000000 -1.000000 0.431885 0.250000 3 2 0.064867 3 0.380293 4 0.554840
2 -3.711233 -52.143023 -0.044532 0.000000 0.000000 -1.000000 0.718262 0.250000 3 2 0.064867 3 0.380293 4 0.554840
2efb_kyj02_body_mesh1_d1
2 -3.711233 -52.143023 -0.044532 0.000000 0.000000 -1.000000 0.718262 0.250000 3 2 0.064867 3 0.380293 4 0.554840
2 3.711247 -52.143023 -0.044532 0.000000 0.000000 -1.000000 0.431885 0.250000 3 2 0.064867 3 0.380293 4 0.554840
2 3.711248 -55.868118 -0.044532 0.000000 0.000000 -1.000000 0.431885 0.166992 3 2 0.043333 3 0.324944 4 0.631724
2efb_kyj02_body_mesh1_d1
2 3.711247 -52.143023 -0.044532 0.000000 0.000000 -1.000000 0.431885 0.250000 3 2 0.064867 3 0.380293 4 0.554840
2 11.133730 -55.868118 -0.044532 0.000000 0.000000 -1.000000 0.145386 0.166992 3 2 0.043932 3 0.337946 4 0.618122
2 3.711248 -55.868118 -0.044532 0.000000 0.000000 -1.000000 0.431885 0.166992 3 2 0.043333 3 0.324944 4 0.631724
2efb_kyj02_body_mesh1_d1
2 3.711248 -55.868118 -0.044532 0.000000 0.000000 -1.000000 0.431885 0.166992 3 2 0.043333 3 0.324944 4 0.631724
2 11.133730 -55.868118 -0.044532 0.000000 0.000000 -1.000000 0.145386 0.166992 3 2 0.043932 3 0.337946 4 0.618122
2 3.711248 -59.593199 -0.044532 0.000000 0.000000 -1.000000 0.431885 0.083496 3 2 0.027151 3 0.283421 4 0.689428
2efb_kyj02_body_mesh1_d1
2 11.133730 -55.868118 -0.044532 0.000000 0.000000 -1.000000 0.145386 0.166992 3 2 0.043932 3 0.337946 4 0.618122
2 11.133730 -59.593199 -0.044532 0.000000 0.000000 -1.000000 0.145386 0.083496 3 2 0.027468 3 0.298715 4 0.673817
2 3.711248 -59.593199 -0.044532 0.000000 0.000000 -1.000000 0.431885 0.083496 3 2 0.027151 3 0.283421 4 0.689428
2efb_kyj02_body_mesh1_d1
2 3.711248 -59.593199 -0.044532 0.000000 0.000000 -1.000000 0.431885 0.083496 3 2 0.027151 3 0.283421 4 0.689428
2 11.133730 -59.593199 -0.044532 0.000000 0.000000 -1.000000 0.145386 0.083496 3 2 0.027468 3 0.298715 4 0.673817
2 11.133729 -63.318276 -0.044532 0.000000 0.000000 -1.000000 0.145386 0.000000 3 2 0.014603 3 0.269712 4 0.715686
2efb_kyj02_body_mesh1_d1
2 -3.711238 -18.617226 -0.044532 0.000000 0.000000 -1.000000 0.718262 1.000000 2 2 0.305630 3 0.694370
2 3.711242 -18.617228 -0.044532 0.000000 0.000000 -1.000000 0.431885 1.000000 2 2 0.305636 3 0.694364
2 -3.711237 -26.067403 -0.044532 0.000000 0.000000 -1.000000 0.718262 0.833374 3 2 0.272491 3 0.713489 4 0.014019
2efb_kyj02_body_mesh1_d1
2 3.711242 -18.617228 -0.044532 0.000000 0.000000 -1.000000 0.431885 1.000000 2 2 0.305636 3 0.694364
2 3.711244 -26.067403 -0.044532 0.000000 0.000000 -1.000000 0.431885 0.833374 3 2 0.272489 3 0.713490 4 0.014021
2 -3.711237 -26.067403 -0.044532 0.000000 0.000000 -1.000000 0.718262 0.833374 3 2 0.272491 3 0.713489 4 0.014019
2efb_kyj02_body_mesh1_d1
2 -3.711237 -26.067403 -0.044532 0.000000 0.000000 -1.000000 0.718262 0.833374 3 2 0.272491 3 0.713489 4 0.014019
2 3.711244 -26.067403 -0.044532 0.000000 0.000000 -1.000000 0.431885 0.833374 3 2 0.272489 3 0.713490 4 0.014021
2 -3.711236 -33.517579 -0.044532 0.000000 0.000000 -1.000000 0.718262 0.666748 3 2 0.224374 3 0.680348 4 0.095278
2efb_kyj02_body_mesh1_d1
2 3.711244 -26.067403 -0.044532 0.000000 0.000000 -1.000000 0.431885 0.833374 3 2 0.272489 3 0.713490 4 0.014021
2 3.711244 -33.517579 -0.044532 0.000000 0.000000 -1.000000 0.431885 0.666748 3 2 0.224374 3 0.680348 4 0.095278
2 -3.711236 -33.517579 -0.044532 0.000000 0.000000 -1.000000 0.718262 0.666748 3 2 0.224374 3 0.680348 4 0.095278
2efb_kyj02_body_mesh1_d1
2 -3.711236 -33.517579 -0.044532 0.000000 0.000000 -1.000000 0.718262 0.666748 3 2 0.224374 3 0.680348 4 0.095278
2 3.711244 -33.517579 -0.044532 0.000000 0.000000 -1.000000 0.431885 0.666748 3 2 0.224374 3 0.680348 4 0.095278
2 -3.711235 -40.967760 -0.044532 0.000000 0.000000 -1.000000 0.718262 0.500000 3 2 0.160720 3 0.594195 4 0.245086
2efb_kyj02_body_mesh1_d1
2 3.711244 -33.517579 -0.044532 0.000000 0.000000 -1.000000 0.431885 0.666748 3 2 0.224374 3 0.680348 4 0.095278
2 3.711246 -40.967760 -0.044532 0.000000 0.000000 -1.000000 0.431885 0.500000 3 2 0.160720 3 0.594195 4 0.245086
2 -3.711235 -40.967760 -0.044532 0.000000 0.000000 -1.000000 0.718262 0.500000 3 2 0.160720 3 0.594195 4 0.245086
2efb_kyj02_body_mesh1_d1
2 -3.711235 -40.967760 -0.044532 0.000000 0.000000 -1.000000 0.718262 0.500000 3 2 0.160720 3 0.594195 4 0.245086
2 3.711246 -40.967760 -0.044532 0.000000 0.000000 -1.000000 0.431885 0.500000 3 2 0.160720 3 0.594195 4 0.245086
2 -3.711235 -44.692845 -0.044532 0.000000 0.000000 -1.000000 0.718262 0.416992 3 2 0.124991 3 0.520133 4 0.354876
2efb_kyj02_body_mesh1_d1
2 3.711246 -40.967760 -0.044532 0.000000 0.000000 -1.000000 0.431885 0.500000 3 2 0.160720 3 0.594195 4 0.245086
2 3.711246 -44.692845 -0.044532 0.000000 0.000000 -1.000000 0.431885 0.416992 3 2 0.124991 3 0.520133 4 0.354876
2 -3.711235 -44.692845 -0.044532 0.000000 0.000000 -1.000000 0.718262 0.416992 3 2 0.124991 3 0.520133 4 0.354876
2efb_kyj02_body_mesh1_d1
2 -3.711235 -44.692845 -0.044532 0.000000 0.000000 -1.000000 0.718262 0.416992 3 2 0.124991 3 0.520133 4 0.354876
2 3.711246 -44.692845 -0.044532 0.000000 0.000000 -1.000000 0.431885 0.416992 3 2 0.124991 3 0.520133 4 0.354876
2 3.711246 -48.417936 -0.044532 0.000000 0.000000 -1.000000 0.431885 0.333496 3 2 0.092240 3 0.446940 4 0.460820
2efb_kyj02_body_mesh1_d1
2 3.711246 -44.692845 -0.044532 0.000000 0.000000 -1.000000 0.431885 0.416992 3 2 0.124991 3 0.520133 4 0.354876
2 11.133729 -48.417936 -0.044532 0.000000 0.000000 -1.000000 0.145386 0.333496 3 2 0.093198 3 0.453599 4 0.453203
2 3.711246 -48.417936 -0.044532 0.000000 0.000000 -1.000000 0.431885 0.333496 3 2 0.092240 3 0.446940 4 0.460820
2efb_kyj02_body_mesh1_d1
2 3.711246 -48.417936 -0.044532 0.000000 0.000000 -1.000000 0.431885 0.333496 3 2 0.092240 3 0.446940 4 0.460820
2 11.133729 -48.417936 -0.044532 0.000000 0.000000 -1.000000 0.145386 0.333496 3 2 0.093198 3 0.453599 4 0.453203
2 3.711247 -52.143023 -0.044532 0.000000 0.000000 -1.000000 0.431885 0.250000 3 2 0.064867 3 0.380293 4 0.554840
2efb_kyj02_body_mesh1_d1
2 11.133729 -48.417936 -0.044532 0.000000 0.000000 -1.000000 0.145386 0.333496 3 2 0.093198 3 0.453599 4 0.453203
2 11.133727 -52.143023 -0.044532 0.000000 0.000000 -1.000000 0.145386 0.250000 3 2 0.065653 3 0.390272 4 0.544076
2 3.711247 -52.143023 -0.044532 0.000000 0.000000 -1.000000 0.431885 0.250000 3 2 0.064867 3 0.380293 4 0.554840
2efb_kyj02_body_mesh1_d1
2 3.711247 -52.143023 -0.044532 0.000000 0.000000 -1.000000 0.431885 0.250000 3 2 0.064867 3 0.380293 4 0.554840
2 11.133727 -52.143023 -0.044532 0.000000 0.000000 -1.000000 0.145386 0.250000 3 2 0.065653 3 0.390272 4 0.544076
2 11.133730 -55.868118 -0.044532 0.000000 0.000000 -1.000000 0.145386 0.166992 3 2 0.043932 3 0.337946 4 0.618122
2efb_kyj02_body_mesh1_d1
2 3.711242 -18.617228 -0.044532 0.000000 0.000000 -1.000000 0.431885 1.000000 2 2 0.305636 3 0.694364
2 11.133725 -18.617229 -0.044532 0.000000 0.000000 -1.000000 0.145386 1.000000 2 2 0.355496 3 0.644504
2 3.711244 -26.067403 -0.044532 0.000000 0.000000 -1.000000 0.431885 0.833374 3 2 0.272489 3 0.713490 4 0.014021
2efb_kyj02_body_mesh1_d1
2 11.133725 -18.617229 -0.044532 0.000000 0.000000 -1.000000 0.145386 1.000000 2 2 0.355496 3 0.644504
2 11.133726 -26.067400 -0.044532 0.000000 0.000000 -1.000000 0.145386 0.833374 3 2 0.288191 3 0.690337 4 0.021473
2 3.711244 -26.067403 -0.044532 0.000000 0.000000 -1.000000 0.431885 0.833374 3 2 0.272489 3 0.713490 4 0.014021
2efb_kyj02_body_mesh1_d1
2 3.711244 -26.067403 -0.044532 0.000000 0.000000 -1.000000 0.431885 0.833374 3 2 0.272489 3 0.713490 4 0.014021
2 11.133726 -26.067400 -0.044532 0.000000 0.000000 -1.000000 0.145386 0.833374 3 2 0.288191 3 0.690337 4 0.021473
2 3.711244 -33.517579 -0.044532 0.000000 0.000000 -1.000000 0.431885 0.666748 3 2 0.224374 3 0.680348 4 0.095278
2efb_kyj02_body_mesh1_d1
2 11.133726 -26.067400 -0.044532 0.000000 0.000000 -1.000000 0.145386 0.833374 3 2 0.288191 3 0.690337 4 0.021473
2 11.133727 -33.517576 -0.044532 0.000000 0.000000 -1.000000 0.145386 0.666748 3 2 0.229347 3 0.670777 4 0.099876
2 3.711244 -33.517579 -0.044532 0.000000 0.000000 -1.000000 0.431885 0.666748 3 2 0.224374 3 0.680348 4 0.095278
2efb_kyj02_body_mesh1_d1
2 3.711244 -33.517579 -0.044532 0.000000 0.000000 -1.000000 0.431885 0.666748 3 2 0.224374 3 0.680348 4 0.095278
2 11.133727 -33.517576 -0.044532 0.000000 0.000000 -1.000000 0.145386 0.666748 3 2 0.229347 3 0.670777 4 0.099876
2 3.711246 -40.967760 -0.044532 0.000000 0.000000 -1.000000 0.431885 0.500000 3 2 0.160720 3 0.594195 4 0.245086
2efb_kyj02_body_mesh1_d1
2 11.133727 -33.517576 -0.044532 0.000000 0.000000 -1.000000 0.145386 0.666748 3 2 0.229347 3 0.670777 4 0.099876
2 11.133727 -40.967748 -0.044532 0.000000 0.000000 -1.000000 0.145386 0.500000 3 2 0.162418 3 0.593300 4 0.244281
2 3.711246 -40.967760 -0.044532 0.000000 0.000000 -1.000000 0.431885 0.500000 3 2 0.160720 3 0.594195 4 0.245086
2efb_kyj02_body_mesh1_d1
2 3.711246 -40.967760 -0.044532 0.000000 0.000000 -1.000000 0.431885 0.500000 3 2 0.160720 3 0.594195 4 0.245086
2 11.133727 -40.967748 -0.044532 0.000000 0.000000 -1.000000 0.145386 0.500000 3 2 0.162418 3 0.593300 4 0.244281
2 3.711246 -44.692845 -0.044532 0.000000 0.000000 -1.000000 0.431885 0.416992 3 2 0.124991 3 0.520133 4 0.354876
2efb_kyj02_body_mesh1_d1
2 11.133727 -40.967748 -0.044532 0.000000 0.000000 -1.000000 0.145386 0.500000 3 2 0.162418 3 0.593300 4 0.244281
2 11.133727 -44.692845 -0.044532 0.000000 0.000000 -1.000000 0.145386 0.416992 3 2 0.126233 3 0.523117 4 0.350650
2 3.711246 -44.692845 -0.044532 0.000000 0.000000 -1.000000 0.431885 0.416992 3 2 0.124991 3 0.520133 4 0.354876
2efb_kyj02_body_mesh1_d1
2 3.711246 -44.692845 -0.044532 0.000000 0.000000 -1.000000 0.431885 0.416992 3 2 0.124991 3 0.520133 4 0.354876
2 11.133727 -44.692845 -0.044532 0.000000 0.000000 -1.000000 0.145386 0.416992 3 2 0.126233 3 0.523117 4 0.350650
2 11.133729 -48.417936 -0.044532 0.000000 0.000000 -1.000000 0.145386 0.333496 3 2 0.093198 3 0.453599 4 0.453203
2efb_kyj02_body_mesh1_d1
2 -11.133716 -44.692854 -0.044532 0.000000 0.000000 -1.000000 1.004883 0.416992 3 2 0.126233 3 0.523117 4 0.350650
2 -3.711235 -48.417936 -0.044532 0.000000 0.000000 -1.000000 0.718262 0.333496 3 2 0.092240 3 0.446940 4 0.460820
2 -11.133715 -48.417936 -0.044532 0.000000 0.000000 -1.000000 1.004883 0.333496 3 2 0.093198 3 0.453599 4 0.453203
2efb_kyj02_body_mesh1_d1
2 -3.711235 -48.417936 -0.044532 0.000000 0.000000 -1.000000 0.718262 0.333496 3 2 0.092240 3 0.446940 4 0.460820
2 -11.133713 -52.143023 -0.044532 0.000000 0.000000 -1.000000 1.004883 0.250000 3 2 0.065653 3 0.390272 4 0.544076
2 -11.133715 -48.417936 -0.044532 0.000000 0.000000 -1.000000 1.004883 0.333496 3 2 0.093198 3 0.453599 4 0.453203
2efb_kyj02_body_mesh1_d1
2 11.133729 -63.318276 -0.044532 0.000000 0.000000 -1.000000 0.145386 0.000000 3 2 0.014603 3 0.269712 4 0.715686
2 3.711249 -63.318276 -0.044532 0.000000 0.000000 -1.000000 0.431885 0.000000 3 2 0.014676 3 0.253322 4 0.732002
2 3.711248 -59.593199 -0.044532 0.000000 0.000000 -1.000000 0.431885 0.083496 3 2 0.027151 3 0.283421 4 0.689428
2efb_kyj02_body_mesh1_d1
2 3.711249 -63.318276 -0.044532 0.000000 0.000000 -1.000000 0.431885 0.000000 3 2 0.014676 3 0.253322 4 0.732002
2 -3.711232 -59.593190 -0.044532 0.000000 0.000000 -1.000000 0.718262 0.083496 3 2 0.027151 3 0.283421 4 0.689428
2 3.711248 -59.593199 -0.044532 0.000000 0.000000 -1.000000 0.431885 0.083496 3 2 0.027151 3 0.283421 4 0.689428
2efb_kyj02_body_mesh1_d1
2 3.711248 -59.593199 -0.044532 0.000000 0.000000 -1.000000 0.431885 0.083496 3 2 0.027151 3 0.283421 4 0.689428
2 -3.711232 -59.593190 -0.044532 0.000000 0.000000 -1.000000 0.718262 0.083496 3 2 0.027151 3 0.283421 4 0.689428
2 3.711248 -55.868118 -0.044532 0.000000 0.000000 -1.000000 0.431885 0.166992 3 2 0.043333 3 0.324944 4 0.631724
2efb_kyj02_body_mesh1_d1
2 -3.711232 -59.593190 -0.044532 0.000000 0.000000 -1.000000 0.718262 0.083496 3 2 0.027151 3 0.283421 4 0.689428
2 -3.711233 -55.868118 -0.044532 0.000000 0.000000 -1.000000 0.718262 0.166992 3 2 0.043333 3 0.324944 4 0.631724
2 3.711248 -55.868118 -0.044532 0.000000 0.000000 -1.000000 0.431885 0.166992 3 2 0.043333 3 0.324944 4 0.631724
2efb_kyj02_body_mesh1_d1
2 3.711248 -55.868118 -0.044532 0.000000 0.000000 -1.000000 0.431885 0.166992 3 2 0.043333 3 0.324944 4 0.631724
2 -3.711233 -55.868118 -0.044532 0.000000 0.000000 -1.000000 0.718262 0.166992 3 2 0.043333 3 0.324944 4 0.631724
2 -3.711233 -52.143023 -0.044532 0.000000 0.000000 -1.000000 0.718262 0.250000 3 2 0.064867 3 0.380293 4 0.554840
2efb_kyj02_body_mesh1_d1
2 -3.711233 -55.868118 -0.044532 0.000000 0.000000 -1.000000 0.718262 0.166992 3 2 0.043333 3 0.324944 4 0.631724
2 -11.133713 -52.143023 -0.044532 0.000000 0.000000 -1.000000 1.004883 0.250000 3 2 0.065653 3 0.390272 4 0.544076
2 -3.711233 -52.143023 -0.044532 0.000000 0.000000 -1.000000 0.718262 0.250000 3 2 0.064867 3 0.380293 4 0.554840
2efb_kyj02_body_mesh1_d1
2 -3.711233 -52.143023 -0.044532 0.000000 0.000000 -1.000000 0.718262 0.250000 3 2 0.064867 3 0.380293 4 0.554840
2 -11.133713 -52.143023 -0.044532 0.000000 0.000000 -1.000000 1.004883 0.250000 3 2 0.065653 3 0.390272 4 0.544076
2 -3.711235 -48.417936 -0.044532 0.000000 0.000000 -1.000000 0.718262 0.333496 3 2 0.092240 3 0.446940 4 0.460820
2efb_kyj02_body_mesh1_d1
2 -11.133713 -52.143023 -0.044532 0.000000 0.000000 -1.000000 1.004883 0.250000 3 2 0.065653 3 0.390272 4 0.544076
2 -3.711233 -55.868118 -0.044532 0.000000 0.000000 -1.000000 0.718262 0.166992 3 2 0.043333 3 0.324944 4 0.631724
2 -11.133713 -55.868111 -0.044532 0.000000 0.000000 -1.000000 1.004883 0.166992 3 2 0.043932 3 0.337946 4 0.618122
2efb_kyj02_body_mesh1_d1
2 -3.711233 -55.868118 -0.044532 0.000000 0.000000 -1.000000 0.718262 0.166992 3 2 0.043333 3 0.324944 4 0.631724
2 -11.133712 -59.593190 -0.044532 0.000000 0.000000 -1.000000 1.004883 0.083496 3 2 0.027468 3 0.298715 4 0.673817
2 -11.133713 -55.868111 -0.044532 0.000000 0.000000 -1.000000 1.004883 0.166992 3 2 0.043932 3 0.337946 4 0.618122
2efb_kyj02_body_mesh1_d1
2 3.711249 -63.318276 -0.044532 0.000000 0.000000 -1.000000 0.431885 0.000000 3 2 0.014676 3 0.253322 4 0.732002
2 -3.711232 -63.318276 -0.044532 0.000000 0.000000 -1.000000 0.718262 0.000000 3 2 0.014676 3 0.253322 4 0.732002
2 -3.711232 -59.593190 -0.044532 0.000000 0.000000 -1.000000 0.718262 0.083496 3 2 0.027151 3 0.283421 4 0.689428
2efb_kyj02_body_mesh1_d1
2 -3.711232 -63.318276 -0.044532 0.000000 0.000000 -1.000000 0.718262 0.000000 3 2 0.014676 3 0.253322 4 0.732002
2 -11.133712 -59.593190 -0.044532 0.000000 0.000000 -1.000000 1.004883 0.083496 3 2 0.027468 3 0.298715 4 0.673817
2 -3.711232 -59.593190 -0.044532 0.000000 0.000000 -1.000000 0.718262 0.083496 3 2 0.027151 3 0.283421 4 0.689428
2efb_kyj02_body_mesh1_d1
2 -3.711232 -59.593190 -0.044532 0.000000 0.000000 -1.000000 0.718262 0.083496 3 2 0.027151 3 0.283421 4 0.689428
2 -11.133712 -59.593190 -0.044532 0.000000 0.000000 -1.000000 1.004883 0.083496 3 2 0.027468 3 0.298715 4 0.673817
2 -3.711233 -55.868118 -0.044532 0.000000 0.000000 -1.000000 0.718262 0.166992 3 2 0.043333 3 0.324944 4 0.631724
2efb_kyj02_body_mesh1_d1
2 11.133726 -40.967748 0.000000 0.000000 0.000000 1.000000 1.004883 0.500000 3 2 0.162864 3 0.594138 4 0.242998
2 3.711246 -40.967759 0.000000 0.000000 0.000000 1.000000 0.718262 0.500000 3 2 0.161159 3 0.595080 4 0.243762
2 3.711247 -44.692842 0.000000 0.000000 0.000000 1.000000 0.718262 0.416992 3 2 0.123989 3 0.520148 4 0.355863
2efb_kyj02_body_mesh1_d1
2 -3.711232 -63.318276 -0.044532 0.000000 0.000000 -1.000000 0.718262 0.000000 3 2 0.014676 3 0.253322 4 0.732002
2 -11.133712 -63.318270 -0.044532 0.000000 0.000000 -1.000000 1.004883 0.000000 3 2 0.014603 3 0.269712 4 0.715686
2 -11.133712 -59.593190 -0.044532 0.000000 0.000000 -1.000000 1.004883 0.083496 3 2 0.027468 3 0.298715 4 0.673817
2efb_kyj02_body_mesh1_d2
6 -0.981129 -19.959243 -0.025193 0.000000 -0.545168 -0.838327 0.116699 0.158691 2 6 0.294789 7 0.705211
6 -0.981129 -18.518960 0.911426 0.000000 0.000000 1.000000 0.128906 0.169922 2 6 0.306770 7 0.693230
6 -0.981130 -18.518964 -0.961812 0.000000 0.000000 -1.000000 0.104553 0.170898 2 6 0.307175 7 0.692825
2efb_kyj02_body_mesh1_d2
6 -0.981129 -18.518960 0.911426 0.000000 0.000000 1.000000 0.128906 0.169922 2 6 0.306770 7 0.693230
6 -0.981130 -17.078679 -0.025193 0.000000 0.545166 -0.838328 0.116699 0.182617 2 6 0.328501 7 0.671499
6 -0.981130 -18.518964 -0.961812 0.000000 0.000000 -1.000000 0.104553 0.170898 2 6 0.307175 7 0.692825
2efb_kyj02_body_mesh1_d2
6 -0.981130 -18.518964 -0.961812 0.000000 0.000000 -1.000000 0.013794 0.000000 2 6 0.307175 7 0.692825
6 0.724477 -18.518964 -0.961812 1.000000 0.000000 0.000000 0.129395 0.000000 2 6 0.307175 7 0.692825
6 -0.981129 -19.959243 -0.025193 0.000000 -0.545168 -0.838327 0.013794 0.250000 2 6 0.294789 7 0.705211
2efb_kyj02_body_mesh1_d2
6 0.724477 -18.518964 -0.961812 1.000000 0.000000 0.000000 0.129395 0.000000 2 6 0.307175 7 0.692825
6 0.724477 -19.959243 -0.025193 1.000000 0.000000 0.000000 0.129395 0.250488 2 6 0.294789 7 0.705211
6 -0.981129 -19.959243 -0.025193 0.000000 -0.545168 -0.838327 0.013794 0.250000 2 6 0.294789 7 0.705211
2efb_kyj02_body_mesh1_d2
6 -0.981129 -19.959243 -0.025193 0.000000 -0.545168 -0.838327 0.013794 0.250000 2 6 0.294789 7 0.705211
6 0.724477 -19.959243 -0.025193 1.000000 0.000000 0.000000 0.129395 0.250488 2 6 0.294789 7 0.705211
6 -0.981129 -18.518960 0.911426 0.000000 0.000000 1.000000 0.013794 0.500000 2 6 0.306770 7 0.693230
2efb_kyj02_body_mesh1_d2
6 0.724477 -19.959243 -0.025193 1.000000 0.000000 0.000000 0.129395 0.250488 2 6 0.294789 7 0.705211
6 0.724477 -18.518960 0.911426 1.000000 0.000000 0.000000 0.129395 0.500244 2 6 0.306770 7 0.693230
6 -0.981129 -18.518960 0.911426 0.000000 0.000000 1.000000 0.013794 0.500000 2 6 0.306770 7 0.693230
2efb_kyj02_body_mesh1_d2
6 -0.981129 -18.518960 0.911426 0.000000 0.000000 1.000000 0.013794 0.500000 2 6 0.306770 7 0.693230
6 0.724477 -18.518960 0.911426 1.000000 0.000000 0.000000 0.129395 0.500244 2 6 0.306770 7 0.693230
6 -0.981130 -17.078679 -0.025193 0.000000 0.545166 -0.838328 0.013794 0.750000 2 6 0.328501 7 0.671499
2efb_kyj02_body_mesh1_d2
6 0.724477 -18.518960 0.911426 1.000000 0.000000 0.000000 0.129395 0.500244 2 6 0.306770 7 0.693230
6 0.724477 -17.078679 -0.025193 1.000000 0.000000 0.000000 0.129395 0.750122 2 6 0.328501 7 0.671499
6 -0.981130 -17.078679 -0.025193 0.000000 0.545166 -0.838328 0.013794 0.750000 2 6 0.328501 7 0.671499
2efb_kyj02_body_mesh1_d2
6 -0.981130 -17.078679 -0.025193 0.000000 0.545166 -0.838328 0.013794 0.750000 2 6 0.328501 7 0.671499
6 0.724477 -17.078679 -0.025193 1.000000 0.000000 0.000000 0.129395 0.750122 2 6 0.328501 7 0.671499
6 -0.981130 -18.518964 -0.961812 0.000000 0.000000 -1.000000 0.013794 1.000000 2 6 0.307175 7 0.692825
2efb_kyj02_body_mesh1_d2
6 0.724477 -17.078679 -0.025193 1.000000 0.000000 0.000000 0.129395 0.750122 2 6 0.328501 7 0.671499
6 0.724477 -18.518964 -0.961812 1.000000 0.000000 0.000000 0.129395 1.000000 2 6 0.307175 7 0.692825
6 -0.981130 -18.518964 -0.961812 0.000000 0.000000 -1.000000 0.013794 1.000000 2 6 0.307175 7 0.692825
2efb_kyj02_body_mesh1_d2
6 0.724477 -19.959243 -0.025193 1.000000 0.000000 0.000000 0.116699 0.158691 2 6 0.294789 7 0.705211
6 0.724477 -18.518964 -0.961812 1.000000 0.000000 0.000000 0.104553 0.170898 2 6 0.307175 7 0.692825
6 0.724477 -18.518960 0.911426 1.000000 0.000000 0.000000 0.128906 0.169922 2 6 0.306770 7 0.693230
2efb_kyj02_body_mesh1_d2
6 0.724477 -18.518964 -0.961812 1.000000 0.000000 0.000000 0.104553 0.170898 2 6 0.307175 7 0.692825
6 0.724477 -17.078679 -0.025193 1.000000 0.000000 0.000000 0.116699 0.182617 2 6 0.328501 7 0.671499
6 0.724477 -18.518960 0.911426 1.000000 0.000000 0.000000 0.128906 0.169922 2 6 0.306770 7 0.693230
2efb_kyj02_body_mesh1_d2
5 -0.136658 -0.004680 -0.857685 -0.694712 0.000000 -0.719288 0.132812 1.000000 2 5 0.500000 6 0.500000
5 0.717737 -0.225817 -0.032404 0.694393 0.002628 0.719592 0.000000 1.000000 2 5 0.500000 6 0.500000
6 -0.136658 -4.551837 -0.856039 -0.700386 -0.001300 -0.713763 0.132812 0.750000 2 6 0.800000 7 0.200000
2efb_kyj02_body_mesh1_d2
5 0.717737 -0.225817 -0.032404 0.694393 0.002628 0.719592 0.000000 1.000000 2 5 0.500000 6 0.500000
6 0.717737 -4.662406 -0.016202 0.700197 0.003699 0.713940 0.000000 0.750000 2 6 0.800000 7 0.200000
6 -0.136658 -4.551837 -0.856039 -0.700386 -0.001300 -0.713763 0.132812 0.750000 2 6 0.800000 7 0.200000
2efb_kyj02_body_mesh1_d2
6 -0.136658 -4.551837 -0.856039 -0.700386 -0.001300 -0.713763 0.132812 0.750000 2 6 0.800000 7 0.200000
6 0.717737 -4.662406 -0.016202 0.700197 0.003699 0.713940 0.000000 0.750000 2 6 0.800000 7 0.200000
6 -0.136657 -9.098993 -0.854394 -0.705240 0.002731 -0.708964 0.132812 0.500000 2 6 0.625000 7 0.375000
2efb_kyj02_body_mesh1_d2
6 0.717737 -4.662406 -0.016202 0.700197 0.003699 0.713940 0.000000 0.750000 2 6 0.800000 7 0.200000
6 0.717737 -9.098993 0.000000 0.705105 -0.004802 0.709086 0.000000 0.500000 2 6 0.625000 7 0.375000
6 -0.136657 -9.098993 -0.854394 -0.705240 0.002731 -0.708964 0.132812 0.500000 2 6 0.625000 7 0.375000
2efb_kyj02_body_mesh1_d2
6 -0.136657 -9.098993 -0.854394 -0.705240 0.002731 -0.708964 0.132812 0.500000 2 6 0.625000 7 0.375000
6 0.717737 -9.098993 0.000000 0.705105 -0.004802 0.709086 0.000000 0.500000 2 6 0.625000 7 0.375000
6 0.717737 -13.789062 -0.057030 0.686970 -0.012015 0.726586 0.000000 0.250000 2 6 0.450000 7 0.550000
2efb_kyj02_body_mesh1_d2
6 -0.136657 -9.098993 -0.854394 -0.705240 0.002731 -0.708964 0.132812 0.500000 2 6 0.625000 7 0.375000
6 0.717737 -13.789062 -0.057030 0.686970 -0.012015 0.726586 0.000000 0.250000 2 6 0.450000 7 0.550000
6 -0.136657 -13.969603 -0.871399 -0.687855 0.005483 -0.725827 0.132812 0.250000 2 6 0.450000 7 0.550000
2efb_kyj02_body_mesh1_d2
6 0.717737 -13.789062 -0.057030 0.686970 -0.012015 0.726586 0.000000 0.250000 2 6 0.450000 7 0.550000
6 0.717737 -18.479130 -0.114059 0.669417 -0.009033 0.742832 0.000000 0.000000 2 6 0.300932 7 0.699068
6 -0.136657 -13.969603 -0.871399 -0.687855 0.005483 -0.725827 0.132812 0.250000 2 6 0.450000 7 0.550000
2efb_kyj02_body_mesh1_d2
6 -0.136657 -13.969603 -0.871399 -0.687855 0.005483 -0.725827 0.132812 0.250000 2 6 0.450000 7 0.550000
6 0.717737 -18.479130 -0.114059 0.669417 -0.009033 0.742832 0.000000 0.000000 2 6 0.300932 7 0.699068
6 -0.136657 -18.840215 -0.888403 -0.670940 0.002589 -0.741507 0.132812 0.000000 2 6 0.303291 7 0.696709
2efb_kyj02_body_mesh1_d2
5 -0.136658 -0.004680 -0.857685 -0.694712 0.000000 -0.719288 0.000000 1.000000 2 5 0.500000 6 0.500000
6 -0.136658 -4.551837 -0.856039 -0.700386 -0.001300 -0.713763 0.000000 0.750000 2 6 0.800000 7 0.200000
5 -0.991052 -0.225817 -0.032404 -0.694392 0.002628 0.719592 0.132812 1.000000 2 5 0.500000 6 0.500000
2efb_kyj02_body_mesh1_d2
6 -0.136658 -4.551837 -0.856039 -0.700386 -0.001300 -0.713763 0.000000 0.750000 2 6 0.800000 7 0.200000
6 -0.991052 -4.662406 -0.016202 -0.700197 0.003699 0.713941 0.132812 0.750000 2 6 0.800000 7 0.200000
5 -0.991052 -0.225817 -0.032404 -0.694392 0.002628 0.719592 0.132812 1.000000 2 5 0.500000 6 0.500000
2efb_kyj02_body_mesh1_d2
5 -0.991052 -0.225817 -0.032404 -0.694392 0.002628 0.719592 0.000000 1.000000 2 5 0.500000 6 0.500000
6 -0.991052 -4.662406 -0.016202 -0.700197 0.003699 0.713941 0.000000 0.750000 2 6 0.800000 7 0.200000
5 -0.136658 -0.446954 0.792878 0.695384 0.003013 0.718632 0.132812 1.000000 2 5 0.500000 6 0.500000
2efb_kyj02_body_mesh1_d2
6 -0.991052 -4.662406 -0.016202 -0.700197 0.003699 0.713941 0.000000 0.750000 2 6 0.800000 7 0.200000
6 -0.136657 -4.772974 0.823636 0.701299 0.003973 0.712856 0.132812 0.750000 2 6 0.800000 7 0.200000
5 -0.136658 -0.446954 0.792878 0.695384 0.003013 0.718632 0.132812 1.000000 2 5 0.500000 6 0.500000
2efb_kyj02_body_mesh1_d2
5 0.717737 -0.225817 -0.032404 0.694393 0.002628 0.719592 0.132812 1.000000 2 5 0.500000 6 0.500000
5 -0.136658 -0.446954 0.792878 0.695384 0.003013 0.718632 0.000000 1.000000 2 5 0.500000 6 0.500000
6 0.717737 -4.662406 -0.016202 0.700197 0.003699 0.713940 0.132812 0.750000 2 6 0.800000 7 0.200000
2efb_kyj02_body_mesh1_d2
5 -0.136658 -0.446954 0.792878 0.695384 0.003013 0.718632 0.000000 1.000000 2 5 0.500000 6 0.500000
6 -0.136657 -4.772974 0.823636 0.701299 0.003973 0.712856 0.000000 0.750000 2 6 0.800000 7 0.200000
6 0.717737 -4.662406 -0.016202 0.700197 0.003699 0.713940 0.132812 0.750000 2 6 0.800000 7 0.200000
2efb_kyj02_body_mesh1_d2
6 0.717737 -4.662406 -0.016202 0.700197 0.003699 0.713940 0.132812 0.750000 2 6 0.800000 7 0.200000
6 -0.136657 -4.772974 0.823636 0.701299 0.003973 0.712856 0.000000 0.750000 2 6 0.800000 7 0.200000
6 0.717737 -9.098993 0.000000 0.705105 -0.004802 0.709086 0.132812 0.500000 2 6 0.625000 7 0.375000
2efb_kyj02_body_mesh1_d2
6 -0.136657 -4.772974 0.823636 0.701299 0.003973 0.712856 0.000000 0.750000 2 6 0.800000 7 0.200000
6 -0.136657 -9.098993 0.854394 0.707098 -0.005062 0.707098 0.000000 0.500000 2 6 0.625000 7 0.375000
6 0.717737 -9.098993 0.000000 0.705105 -0.004802 0.709086 0.132812 0.500000 2 6 0.625000 7 0.375000
2efb_kyj02_body_mesh1_d2
6 0.717737 -9.098993 0.000000 0.705105 -0.004802 0.709086 0.132812 0.500000 2 6 0.625000 7 0.375000
6 -0.136657 -9.098993 0.854394 0.707098 -0.005062 0.707098 0.000000 0.500000 2 6 0.625000 7 0.375000
6 -0.136657 -13.608520 0.757340 0.690116 -0.012388 0.723592 0.000000 0.250000 2 6 0.450000 7 0.550000
2efb_kyj02_body_mesh1_d2
6 0.717737 -9.098993 0.000000 0.705105 -0.004802 0.709086 0.132812 0.500000 2 6 0.625000 7 0.375000
6 -0.136657 -13.608520 0.757340 0.690116 -0.012388 0.723592 0.000000 0.250000 2 6 0.450000 7 0.550000
6 0.717737 -13.789062 -0.057030 0.686970 -0.012015 0.726586 0.132812 0.250000 2 6 0.450000 7 0.550000
2efb_kyj02_body_mesh1_d2
6 -0.136657 -13.608520 0.757340 0.690116 -0.012388 0.723592 0.000000 0.250000 2 6 0.450000 7 0.550000
6 -0.136657 -18.118046 0.660285 0.672087 -0.009962 0.740405 0.000000 0.000000 2 6 0.310447 7 0.689553
6 0.717737 -13.789062 -0.057030 0.686970 -0.012015 0.726586 0.132812 0.250000 2 6 0.450000 7 0.550000
2efb_kyj02_body_mesh1_d2
6 0.717737 -13.789062 -0.057030 0.686970 -0.012015 0.726586 0.132812 0.250000 2 6 0.450000 7 0.550000
6 -0.136657 -18.118046 0.660285 0.672087 -0.009962 0.740405 0.000000 0.000000 2 6 0.310447 7 0.689553
6 0.717737 -18.479130 -0.114059 0.669417 -0.009033 0.742832 0.132812 0.000000 2 6 0.300932 7 0.699068
2efb_kyj02_body_mesh1_d2
5 -0.981129 -1.438520 -0.025193 0.000000 -0.654652 -0.755930 0.116699 0.158691 2 5 0.500000 6 0.500000
5 -0.981129 0.001768 1.222128 0.000000 -0.654652 0.755930 0.128906 0.169922 2 5 0.500000 6 0.500000
5 -0.981130 0.001768 -1.272514 0.000000 0.654654 -0.755929 0.104553 0.170898 2 5 0.500000 6 0.500000
2efb_kyj02_body_mesh1_d2
5 -0.981129 0.001768 1.222128 0.000000 -0.654652 0.755930 0.128906 0.169922 2 5 0.500000 6 0.500000
5 -0.981129 1.442050 -0.025193 0.000000 0.654654 -0.755929 0.116699 0.182617 2 5 0.500000 6 0.500000
5 -0.981130 0.001768 -1.272514 0.000000 0.654654 -0.755929 0.104553 0.170898 2 5 0.500000 6 0.500000
2efb_kyj02_body_mesh1_d2
5 -0.981130 0.001768 -1.272514 0.000000 0.654654 -0.755929 0.013214 0.000000 2 5 0.500000 6 0.500000
5 0.724477 0.001768 -1.272515 1.000000 0.000000 0.000000 0.129639 0.000000 2 5 0.500000 6 0.500000
5 -0.981129 -1.438520 -0.025193 0.000000 -0.654652 -0.755930 0.013214 0.250488 2 5 0.500000 6 0.500000
2efb_kyj02_body_mesh1_d2
5 0.724477 0.001768 -1.272515 1.000000 0.000000 0.000000 0.129639 0.000000 2 5 0.500000 6 0.500000
5 0.724477 -1.438520 -0.025193 1.000000 0.000000 0.000000 0.129639 0.250488 2 5 0.500000 6 0.500000
5 -0.981129 -1.438520 -0.025193 0.000000 -0.654652 -0.755930 0.013214 0.250488 2 5 0.500000 6 0.500000
2efb_kyj02_body_mesh1_d2
5 -0.981129 -1.438520 -0.025193 0.000000 -0.654652 -0.755930 0.013214 0.250488 2 5 0.500000 6 0.500000
5 0.724477 -1.438520 -0.025193 1.000000 0.000000 0.000000 0.129639 0.250488 2 5 0.500000 6 0.500000
5 -0.981129 0.001768 1.222128 0.000000 -0.654652 0.755930 0.013214 0.500244 2 5 0.500000 6 0.500000
2efb_kyj02_body_mesh1_d2
5 0.724477 -1.438520 -0.025193 1.000000 0.000000 0.000000 0.129639 0.250488 2 5 0.500000 6 0.500000
5 0.724477 0.001768 1.222128 1.000000 0.000000 0.000000 0.129639 0.500244 2 5 0.500000 6 0.500000
5 -0.981129 0.001768 1.222128 0.000000 -0.654652 0.755930 0.013214 0.500244 2 5 0.500000 6 0.500000
2efb_kyj02_body_mesh1_d2
5 -0.981129 0.001768 1.222128 0.000000 -0.654652 0.755930 0.013214 0.500244 2 5 0.500000 6 0.500000
5 0.724477 0.001768 1.222128 1.000000 0.000000 0.000000 0.129639 0.500244 2 5 0.500000 6 0.500000
5 -0.981129 1.442050 -0.025193 0.000000 0.654654 -0.755929 0.013214 0.750122 2 5 0.500000 6 0.500000
2efb_kyj02_body_mesh1_d2
5 0.724477 0.001768 1.222128 1.000000 0.000000 0.000000 0.129639 0.500244 2 5 0.500000 6 0.500000
5 0.724477 1.442050 -0.025193 1.000000 0.000000 0.000000 0.129639 0.750122 2 5 0.500000 6 0.500000
5 -0.981129 1.442050 -0.025193 0.000000 0.654654 -0.755929 0.013214 0.750122 2 5 0.500000 6 0.500000
2efb_kyj02_body_mesh1_d2
5 -0.981129 1.442050 -0.025193 0.000000 0.654654 -0.755929 0.013214 0.750122 2 5 0.500000 6 0.500000
5 0.724477 1.442050 -0.025193 1.000000 0.000000 0.000000 0.129639 0.750122 2 5 0.500000 6 0.500000
5 -0.981130 0.001768 -1.272514 0.000000 0.654654 -0.755929 0.013214 1.000000 2 5 0.500000 6 0.500000
2efb_kyj02_body_mesh1_d2
5 0.724477 1.442050 -0.025193 1.000000 0.000000 0.000000 0.129639 0.750122 2 5 0.500000 6 0.500000
5 0.724477 0.001768 -1.272515 1.000000 0.000000 0.000000 0.129639 1.000000 2 5 0.500000 6 0.500000
5 -0.981130 0.001768 -1.272514 0.000000 0.654654 -0.755929 0.013214 1.000000 2 5 0.500000 6 0.500000
2efb_kyj02_body_mesh1_d2
5 0.724477 -1.438520 -0.025193 1.000000 0.000000 0.000000 0.116699 0.158691 2 5 0.500000 6 0.500000
5 0.724477 0.001768 -1.272515 1.000000 0.000000 0.000000 0.104553 0.170898 2 5 0.500000 6 0.500000
5 0.724477 0.001768 1.222128 1.000000 0.000000 0.000000 0.128906 0.169922 2 5 0.500000 6 0.500000
2efb_kyj02_body_mesh1_d2
5 0.724477 0.001768 -1.272515 1.000000 0.000000 0.000000 0.104553 0.170898 2 5 0.500000 6 0.500000
5 0.724477 1.442050 -0.025193 1.000000 0.000000 0.000000 0.116699 0.182617 2 5 0.500000 6 0.500000
5 0.724477 0.001768 1.222128 1.000000 0.000000 0.000000 0.128906 0.169922 2 5 0.500000 6 0.500000
2efb_kyj02_body_mesh1_d2
6 -11.133703 -18.617203 0.000000 0.000000 0.000000 1.000000 0.145386 1.000000 2 6 0.355496 7 0.644504
6 -11.133700 -26.067373 0.000000 0.000000 0.000000 1.000000 0.145386 0.833374 3 6 0.288191 7 0.690337 8 0.021473
6 -3.711232 -18.617202 0.000000 0.000000 0.000000 1.000000 0.431885 1.000000 2 6 0.307059 7 0.692941
2efb_kyj02_body_mesh1_d2
6 -11.133700 -26.067373 0.000000 0.000000 0.000000 1.000000 0.145386 0.833374 3 6 0.288191 7 0.690337 8 0.021473
6 -3.711231 -26.067367 0.000000 0.000000 0.000000 1.000000 0.431885 0.833374 3 6 0.272343 7 0.713544 8 0.014113
6 -3.711232 -18.617202 0.000000 0.000000 0.000000 1.000000 0.431885 1.000000 2 6 0.307059 7 0.692941
2efb_kyj02_body_mesh1_d2
6 -3.711232 -18.617202 0.000000 0.000000 0.000000 1.000000 0.431885 1.000000 2 6 0.307059 7 0.692941
6 -3.711231 -26.067367 0.000000 0.000000 0.000000 1.000000 0.431885 0.833374 3 6 0.272343 7 0.713544 8 0.014113
6 3.711238 -18.617202 0.000000 0.000000 0.000000 1.000000 0.718262 1.000000 2 6 0.307059 7 0.692941
2efb_kyj02_body_mesh1_d2
6 -3.711231 -26.067367 0.000000 0.000000 0.000000 1.000000 0.431885 0.833374 3 6 0.272343 7 0.713544 8 0.014113
6 3.711238 -26.067367 0.000000 0.000000 0.000000 1.000000 0.718262 0.833374 3 6 0.272343 7 0.713544 8 0.014113
6 3.711238 -18.617202 0.000000 0.000000 0.000000 1.000000 0.718262 1.000000 2 6 0.307059 7 0.692941
2efb_kyj02_body_mesh1_d2
6 3.711238 -18.617202 0.000000 0.000000 0.000000 1.000000 0.718262 1.000000 2 6 0.307059 7 0.692941
6 3.711238 -26.067367 0.000000 0.000000 0.000000 1.000000 0.718262 0.833374 3 6 0.272343 7 0.713544 8 0.014113
6 11.133708 -18.617200 0.000000 0.000000 0.000000 1.000000 1.004883 1.000000 2 6 0.355496 7 0.644504
2efb_kyj02_body_mesh1_d2
6 3.711238 -26.067367 0.000000 0.000000 0.000000 1.000000 0.718262 0.833374 3 6 0.272343 7 0.713544 8 0.014113
6 11.133709 -26.067364 0.000000 0.000000 0.000000 1.000000 1.004883 0.833374 3 6 0.288191 7 0.690337 8 0.021473
6 11.133708 -18.617200 0.000000 0.000000 0.000000 1.000000 1.004883 1.000000 2 6 0.355496 7 0.644504
2efb_kyj02_body_mesh1_d2
6 -11.133700 -26.067373 0.000000 0.000000 0.000000 1.000000 0.145386 0.833374 3 6 0.288191 7 0.690337 8 0.021473
6 -11.133702 -33.517534 0.000000 0.000000 0.000000 1.000000 0.145386 0.666748 3 6 0.229347 7 0.670777 8 0.099876
6 -3.711231 -26.067367 0.000000 0.000000 0.000000 1.000000 0.431885 0.833374 3 6 0.272343 7 0.713544 8 0.014113
2efb_kyj02_body_mesh1_d2
6 -11.133702 -33.517534 0.000000 0.000000 0.000000 1.000000 0.145386 0.666748 3 6 0.229347 7 0.670777 8 0.099876
6 -3.711230 -33.517531 0.000000 0.000000 0.000000 1.000000 0.431885 0.666748 3 6 0.224374 7 0.680348 8 0.095278
6 -3.711231 -26.067367 0.000000 0.000000 0.000000 1.000000 0.431885 0.833374 3 6 0.272343 7 0.713544 8 0.014113
2efb_kyj02_body_mesh1_d2
6 -3.711231 -26.067367 0.000000 0.000000 0.000000 1.000000 0.431885 0.833374 3 6 0.272343 7 0.713544 8 0.014113
6 -3.711230 -33.517531 0.000000 0.000000 0.000000 1.000000 0.431885 0.666748 3 6 0.224374 7 0.680348 8 0.095278
6 3.711238 -26.067367 0.000000 0.000000 0.000000 1.000000 0.718262 0.833374 3 6 0.272343 7 0.713544 8 0.014113
2efb_kyj02_body_mesh1_d2
6 -3.711230 -33.517531 0.000000 0.000000 0.000000 1.000000 0.431885 0.666748 3 6 0.224374 7 0.680348 8 0.095278
6 3.711240 -33.517531 0.000000 0.000000 0.000000 1.000000 0.718262 0.666748 3 6 0.224374 7 0.680348 8 0.095278
6 3.711238 -26.067367 0.000000 0.000000 0.000000 1.000000 0.718262 0.833374 3 6 0.272343 7 0.713544 8 0.014113
2efb_kyj02_body_mesh1_d2
6 3.711238 -26.067367 0.000000 0.000000 0.000000 1.000000 0.718262 0.833374 3 6 0.272343 7 0.713544 8 0.014113
6 3.711240 -33.517531 0.000000 0.000000 0.000000 1.000000 0.718262 0.666748 3 6 0.224374 7 0.680348 8 0.095278
6 11.133709 -26.067364 0.000000 0.000000 0.000000 1.000000 1.004883 0.833374 3 6 0.288191 7 0.690337 8 0.021473
2efb_kyj02_body_mesh1_d2
6 3.711240 -33.517531 0.000000 0.000000 0.000000 1.000000 0.718262 0.666748 3 6 0.224374 7 0.680348 8 0.095278
6 11.133711 -33.517528 0.000000 0.000000 0.000000 1.000000 1.004883 0.666748 3 6 0.229347 7 0.670777 8 0.099876
6 11.133709 -26.067364 0.000000 0.000000 0.000000 1.000000 1.004883 0.833374 3 6 0.288191 7 0.690337 8 0.021473
2efb_kyj02_body_mesh1_d2
6 -11.133702 -33.517534 0.000000 0.000000 0.000000 1.000000 0.145386 0.666748 3 6 0.229347 7 0.670777 8 0.099876
6 -11.133699 -40.967696 0.000000 0.000000 0.000000 1.000000 0.145386 0.500000 3 6 0.162864 7 0.594138 8 0.242998
6 -3.711230 -33.517531 0.000000 0.000000 0.000000 1.000000 0.431885 0.666748 3 6 0.224374 7 0.680348 8 0.095278
2efb_kyj02_body_mesh1_d2
6 -11.133699 -40.967696 0.000000 0.000000 0.000000 1.000000 0.145386 0.500000 3 6 0.162864 7 0.594138 8 0.242998
6 -3.711230 -40.967701 0.000000 0.000000 0.000000 1.000000 0.431885 0.500000 3 6 0.161159 7 0.595080 8 0.243762
6 -3.711230 -33.517531 0.000000 0.000000 0.000000 1.000000 0.431885 0.666748 3 6 0.224374 7 0.680348 8 0.095278
2efb_kyj02_body_mesh1_d2
6 -3.711230 -33.517531 0.000000 0.000000 0.000000 1.000000 0.431885 0.666748 3 6 0.224374 7 0.680348 8 0.095278
6 -3.711230 -40.967701 0.000000 0.000000 0.000000 1.000000 0.431885 0.500000 3 6 0.161159 7 0.595080 8 0.243762
6 3.711240 -33.517531 0.000000 0.000000 0.000000 1.000000 0.718262 0.666748 3 6 0.224374 7 0.680348 8 0.095278
2efb_kyj02_body_mesh1_d2
6 -3.711230 -40.967701 0.000000 0.000000 0.000000 1.000000 0.431885 0.500000 3 6 0.161159 7 0.595080 8 0.243762
6 3.711241 -40.967701 0.000000 0.000000 0.000000 1.000000 0.718262 0.500000 3 6 0.161159 7 0.595080 8 0.243762
6 3.711240 -33.517531 0.000000 0.000000 0.000000 1.000000 0.718262 0.666748 3 6 0.224374 7 0.680348 8 0.095278
2efb_kyj02_body_mesh1_d2
6 3.711240 -33.517531 0.000000 0.000000 0.000000 1.000000 0.718262 0.666748 3 6 0.224374 7 0.680348 8 0.095278
6 3.711241 -40.967701 0.000000 0.000000 0.000000 1.000000 0.718262 0.500000 3 6 0.161159 7 0.595080 8 0.243762
6 11.133711 -33.517528 0.000000 0.000000 0.000000 1.000000 1.004883 0.666748 3 6 0.229347 7 0.670777 8 0.099876
2efb_kyj02_body_mesh1_d2
6 3.711241 -40.967701 0.000000 0.000000 0.000000 1.000000 0.718262 0.500000 3 6 0.161159 7 0.595080 8 0.243762
6 11.133711 -40.967690 0.000000 0.000000 0.000000 1.000000 1.004883 0.500000 3 6 0.162864 7 0.594138 8 0.242998
6 11.133711 -33.517528 0.000000 0.000000 0.000000 1.000000 1.004883 0.666748 3 6 0.229347 7 0.670777 8 0.099876
2efb_kyj02_body_mesh1_d2
6 -11.133696 -63.318186 0.000000 0.000000 0.000000 1.000000 0.145386 0.000000 3 6 0.014462 7 0.269404 8 0.716134
6 -3.711226 -63.318186 0.000000 0.000000 0.000000 1.000000 0.431885 0.000000 3 6 0.014540 7 0.253008 8 0.732451
6 -11.133696 -59.593105 0.000000 0.000000 0.000000 1.000000 0.145386 0.083496 3 6 0.026400 7 0.295458 8 0.678142
2efb_kyj02_body_mesh1_d2
6 -3.711226 -63.318186 0.000000 0.000000 0.000000 1.000000 0.431885 0.000000 3 6 0.014540 7 0.253008 8 0.732451
6 -3.711226 -59.593105 0.000000 0.000000 0.000000 1.000000 0.431885 0.083496 3 6 0.026035 7 0.279580 8 0.694385
6 -11.133696 -59.593105 0.000000 0.000000 0.000000 1.000000 0.145386 0.083496 3 6 0.026400 7 0.295458 8 0.678142
2efb_kyj02_body_mesh1_d2
6 -11.133696 -59.593105 0.000000 0.000000 0.000000 1.000000 0.145386 0.083496 3 6 0.026400 7 0.295458 8 0.678142
6 -3.711226 -59.593105 0.000000 0.000000 0.000000 1.000000 0.431885 0.083496 3 6 0.026035 7 0.279580 8 0.694385
6 -3.711227 -55.868039 0.000000 0.000000 0.000000 1.000000 0.431885 0.166992 3 6 0.041967 7 0.321425 8 0.636608
2efb_kyj02_body_mesh1_d2
6 -3.711226 -59.593105 0.000000 0.000000 0.000000 1.000000 0.431885 0.083496 3 6 0.026035 7 0.279580 8 0.694385
6 3.711244 -55.868039 0.000000 0.000000 0.000000 1.000000 0.718262 0.166992 3 6 0.041967 7 0.321426 8 0.636608
6 -3.711227 -55.868039 0.000000 0.000000 0.000000 1.000000 0.431885 0.166992 3 6 0.041967 7 0.321425 8 0.636608
2efb_kyj02_body_mesh1_d2
6 -3.711227 -55.868039 0.000000 0.000000 0.000000 1.000000 0.431885 0.166992 3 6 0.041967 7 0.321425 8 0.636608
6 3.711244 -55.868039 0.000000 0.000000 0.000000 1.000000 0.718262 0.166992 3 6 0.041967 7 0.321426 8 0.636608
6 -3.711227 -52.142950 0.000000 0.000000 0.000000 1.000000 0.431885 0.250000 3 6 0.063330 7 0.377260 8 0.559409
2efb_kyj02_body_mesh1_d2
6 3.711244 -55.868039 0.000000 0.000000 0.000000 1.000000 0.718262 0.166992 3 6 0.041967 7 0.321426 8 0.636608
6 3.711242 -52.142950 0.000000 0.000000 0.000000 1.000000 0.718262 0.250000 3 6 0.063330 7 0.377260 8 0.559409
6 -3.711227 -52.142950 0.000000 0.000000 0.000000 1.000000 0.431885 0.250000 3 6 0.063330 7 0.377260 8 0.559409
2efb_kyj02_body_mesh1_d2
6 -3.711227 -52.142950 0.000000 0.000000 0.000000 1.000000 0.431885 0.250000 3 6 0.063330 7 0.377260 8 0.559409
6 3.711242 -52.142950 0.000000 0.000000 0.000000 1.000000 0.718262 0.250000 3 6 0.063330 7 0.377260 8 0.559409
6 3.711242 -48.417867 0.000000 0.000000 0.000000 1.000000 0.718262 0.333496 3 6 0.090803 7 0.445155 8 0.464041
2efb_kyj02_body_mesh1_d2
6 3.711242 -52.142950 0.000000 0.000000 0.000000 1.000000 0.718262 0.250000 3 6 0.063330 7 0.377260 8 0.559409
6 11.133713 -48.417867 0.000000 0.000000 0.000000 1.000000 1.004883 0.333496 3 6 0.091740 7 0.451914 8 0.456346
6 3.711242 -48.417867 0.000000 0.000000 0.000000 1.000000 0.718262 0.333496 3 6 0.090803 7 0.445155 8 0.464041
2efb_kyj02_body_mesh1_d2
6 3.711242 -48.417867 0.000000 0.000000 0.000000 1.000000 0.718262 0.333496 3 6 0.090803 7 0.445155 8 0.464041
6 11.133713 -48.417867 0.000000 0.000000 0.000000 1.000000 1.004883 0.333496 3 6 0.091740 7 0.451914 8 0.456346
6 3.711241 -44.692779 0.000000 0.000000 0.000000 1.000000 0.718262 0.416992 3 6 0.123989 7 0.520148 8 0.355863
2efb_kyj02_body_mesh1_d2
6 11.133713 -48.417867 0.000000 0.000000 0.000000 1.000000 1.004883 0.333496 3 6 0.091740 7 0.451914 8 0.456346
6 11.133712 -44.692779 0.000000 0.000000 0.000000 1.000000 1.004883 0.416992 3 6 0.125151 7 0.523209 8 0.351640
6 3.711241 -44.692779 0.000000 0.000000 0.000000 1.000000 0.718262 0.416992 3 6 0.123989 7 0.520148 8 0.355863
2efb_kyj02_body_mesh1_d2
6 3.711241 -44.692779 0.000000 0.000000 0.000000 1.000000 0.718262 0.416992 3 6 0.123989 7 0.520148 8 0.355863
6 11.133712 -44.692779 0.000000 0.000000 0.000000 1.000000 1.004883 0.416992 3 6 0.125151 7 0.523209 8 0.351640
6 11.133711 -40.967690 0.000000 0.000000 0.000000 1.000000 1.004883 0.500000 3 6 0.162864 7 0.594138 8 0.242998
2efb_kyj02_body_mesh1_d2
6 -3.711226 -63.318186 0.000000 0.000000 0.000000 1.000000 0.431885 0.000000 3 6 0.014540 7 0.253008 8 0.732451
6 3.711245 -63.318186 0.000000 0.000000 0.000000 1.000000 0.718262 0.000000 3 6 0.014540 7 0.253008 8 0.732451
6 -3.711226 -59.593105 0.000000 0.000000 0.000000 1.000000 0.431885 0.083496 3 6 0.026035 7 0.279580 8 0.694385
2efb_kyj02_body_mesh1_d2
6 3.711245 -63.318186 0.000000 0.000000 0.000000 1.000000 0.718262 0.000000 3 6 0.014540 7 0.253008 8 0.732451
6 3.711244 -59.593108 0.000000 0.000000 0.000000 1.000000 0.718262 0.083496 3 6 0.026035 7 0.279580 8 0.694385
6 -3.711226 -59.593105 0.000000 0.000000 0.000000 1.000000 0.431885 0.083496 3 6 0.026035 7 0.279580 8 0.694385
2efb_kyj02_body_mesh1_d2
6 -3.711226 -59.593105 0.000000 0.000000 0.000000 1.000000 0.431885 0.083496 3 6 0.026035 7 0.279580 8 0.694385
6 3.711244 -59.593108 0.000000 0.000000 0.000000 1.000000 0.718262 0.083496 3 6 0.026035 7 0.279580 8 0.694385
6 3.711244 -55.868039 0.000000 0.000000 0.000000 1.000000 0.718262 0.166992 3 6 0.041967 7 0.321426 8 0.636608
2efb_kyj02_body_mesh1_d2
6 3.711244 -59.593108 0.000000 0.000000 0.000000 1.000000 0.718262 0.083496 3 6 0.026035 7 0.279580 8 0.694385
6 11.133714 -55.868039 0.000000 0.000000 0.000000 1.000000 1.004883 0.166992 3 6 0.042585 7 0.334462 8 0.622953
6 3.711244 -55.868039 0.000000 0.000000 0.000000 1.000000 0.718262 0.166992 3 6 0.041967 7 0.321426 8 0.636608
2efb_kyj02_body_mesh1_d2
6 3.711244 -55.868039 0.000000 0.000000 0.000000 1.000000 0.718262 0.166992 3 6 0.041967 7 0.321426 8 0.636608
6 11.133714 -55.868039 0.000000 0.000000 0.000000 1.000000 1.004883 0.166992 3 6 0.042585 7 0.334462 8 0.622953
6 3.711242 -52.142950 0.000000 0.000000 0.000000 1.000000 0.718262 0.250000 3 6 0.063330 7 0.377260 8 0.559409
2efb_kyj02_body_mesh1_d2
6 11.133714 -55.868039 0.000000 0.000000 0.000000 1.000000 1.004883 0.166992 3 6 0.042585 7 0.334462 8 0.622953
6 11.133712 -52.142950 0.000000 0.000000 0.000000 1.000000 1.004883 0.250000 3 6 0.064125 7 0.387320 8 0.548555
6 3.711242 -52.142950 0.000000 0.000000 0.000000 1.000000 0.718262 0.250000 3 6 0.063330 7 0.377260 8 0.559409
2efb_kyj02_body_mesh1_d2
6 3.711242 -52.142950 0.000000 0.000000 0.000000 1.000000 0.718262 0.250000 3 6 0.063330 7 0.377260 8 0.559409
6 11.133712 -52.142950 0.000000 0.000000 0.000000 1.000000 1.004883 0.250000 3 6 0.064125 7 0.387320 8 0.548555
6 11.133713 -48.417867 0.000000 0.000000 0.000000 1.000000 1.004883 0.333496 3 6 0.091740 7 0.451914 8 0.456346
2efb_kyj02_body_mesh1_d2
6 3.711245 -63.318186 0.000000 0.000000 0.000000 1.000000 0.718262 0.000000 3 6 0.014540 7 0.253008 8 0.732451
6 11.133713 -63.318186 0.000000 0.000000 0.000000 1.000000 1.004883 0.000000 3 6 0.014462 7 0.269404 8 0.716134
6 3.711244 -59.593108 0.000000 0.000000 0.000000 1.000000 0.718262 0.083496 3 6 0.026035 7 0.279580 8 0.694385
2efb_kyj02_body_mesh1_d2
6 11.133713 -63.318186 0.000000 0.000000 0.000000 1.000000 1.004883 0.000000 3 6 0.014462 7 0.269404 8 0.716134
6 11.133714 -59.593114 0.000000 0.000000 0.000000 1.000000 1.004883 0.083496 3 6 0.026400 7 0.295458 8 0.678142
6 3.711244 -59.593108 0.000000 0.000000 0.000000 1.000000 0.718262 0.083496 3 6 0.026035 7 0.279580 8 0.694385
2efb_kyj02_body_mesh1_d2
6 3.711244 -59.593108 0.000000 0.000000 0.000000 1.000000 0.718262 0.083496 3 6 0.026035 7 0.279580 8 0.694385
6 11.133714 -59.593114 0.000000 0.000000 0.000000 1.000000 1.004883 0.083496 3 6 0.026400 7 0.295458 8 0.678142
6 11.133714 -55.868039 0.000000 0.000000 0.000000 1.000000 1.004883 0.166992 3 6 0.042585 7 0.334462 8 0.622953
2efb_kyj02_body_mesh1_d2
6 -0.136658 -4.551837 -0.856039 -0.700386 -0.001300 -0.713763 0.000000 0.750000 2 6 0.800000 7 0.200000
6 -0.136657 -9.098993 -0.854394 -0.705240 0.002731 -0.708964 0.000000 0.500000 2 6 0.625000 7 0.375000
6 -0.991052 -4.662406 -0.016202 -0.700197 0.003699 0.713941 0.132812 0.750000 2 6 0.800000 7 0.200000
2efb_kyj02_body_mesh1_d2
6 -0.136657 -9.098993 -0.854394 -0.705240 0.002731 -0.708964 0.000000 0.500000 2 6 0.625000 7 0.375000
6 -0.991051 -9.098993 0.000000 -0.705105 -0.004802 0.709087 0.132812 0.500000 2 6 0.625000 7 0.375000
6 -0.991052 -4.662406 -0.016202 -0.700197 0.003699 0.713941 0.132812 0.750000 2 6 0.800000 7 0.200000
2efb_kyj02_body_mesh1_d2
6 -0.991051 -9.098993 0.000000 -0.705105 -0.004802 0.709087 0.132812 0.500000 2 6 0.625000 7 0.375000
6 -0.136657 -9.098993 -0.854394 -0.705240 0.002731 -0.708964 0.000000 0.500000 2 6 0.625000 7 0.375000
6 -0.991051 -13.789062 -0.057030 -0.686970 -0.012015 0.726587 0.132812 0.250000 2 6 0.450000 7 0.550000
2efb_kyj02_body_mesh1_d2
6 -0.136657 -9.098993 -0.854394 -0.705240 0.002731 -0.708964 0.000000 0.500000 2 6 0.625000 7 0.375000
6 -0.136657 -13.969603 -0.871399 -0.687855 0.005483 -0.725827 0.000000 0.250000 2 6 0.450000 7 0.550000
6 -0.991051 -13.789062 -0.057030 -0.686970 -0.012015 0.726587 0.132812 0.250000 2 6 0.450000 7 0.550000
2efb_kyj02_body_mesh1_d2
6 -0.991051 -13.789062 -0.057030 -0.686970 -0.012015 0.726587 0.132812 0.250000 2 6 0.450000 7 0.550000
6 -0.136657 -13.969603 -0.871399 -0.687855 0.005483 -0.725827 0.000000 0.250000 2 6 0.450000 7 0.550000
6 -0.991051 -18.479130 -0.114059 -0.669417 -0.009033 0.742832 0.132812 0.000000 2 6 0.300932 7 0.699068
2efb_kyj02_body_mesh1_d2
6 -0.136657 -13.969603 -0.871399 -0.687855 0.005483 -0.725827 0.000000 0.250000 2 6 0.450000 7 0.550000
6 -0.136657 -18.840215 -0.888403 -0.670940 0.002589 -0.741507 0.000000 0.000000 2 6 0.303291 7 0.696709
6 -0.991051 -18.479130 -0.114059 -0.669417 -0.009033 0.742832 0.132812 0.000000 2 6 0.300932 7 0.699068
2efb_kyj02_body_mesh1_d2
6 -0.991052 -4.662406 -0.016202 -0.700197 0.003699 0.713941 0.000000 0.750000 2 6 0.800000 7 0.200000
6 -0.991051 -9.098993 0.000000 -0.705105 -0.004802 0.709087 0.000000 0.500000 2 6 0.625000 7 0.375000
6 -0.136657 -4.772974 0.823636 0.701299 0.003973 0.712856 0.132812 0.750000 2 6 0.800000 7 0.200000
2efb_kyj02_body_mesh1_d2
6 -0.991051 -9.098993 0.000000 -0.705105 -0.004802 0.709087 0.000000 0.500000 2 6 0.625000 7 0.375000
6 -0.136657 -9.098993 0.854394 0.707098 -0.005062 0.707098 0.132812 0.500000 2 6 0.625000 7 0.375000
6 -0.136657 -4.772974 0.823636 0.701299 0.003973 0.712856 0.132812 0.750000 2 6 0.800000 7 0.200000
2efb_kyj02_body_mesh1_d2
6 -0.136657 -9.098993 0.854394 0.707098 -0.005062 0.707098 0.132812 0.500000 2 6 0.625000 7 0.375000
6 -0.991051 -9.098993 0.000000 -0.705105 -0.004802 0.709087 0.000000 0.500000 2 6 0.625000 7 0.375000
6 -0.136657 -13.608520 0.757340 0.690116 -0.012388 0.723592 0.132812 0.250000 2 6 0.450000 7 0.550000
2efb_kyj02_body_mesh1_d2
6 -0.991051 -9.098993 0.000000 -0.705105 -0.004802 0.709087 0.000000 0.500000 2 6 0.625000 7 0.375000
6 -0.991051 -13.789062 -0.057030 -0.686970 -0.012015 0.726587 0.000000 0.250000 2 6 0.450000 7 0.550000
6 -0.136657 -13.608520 0.757340 0.690116 -0.012388 0.723592 0.132812 0.250000 2 6 0.450000 7 0.550000
2efb_kyj02_body_mesh1_d2
6 -0.136657 -13.608520 0.757340 0.690116 -0.012388 0.723592 0.132812 0.250000 2 6 0.450000 7 0.550000
6 -0.991051 -13.789062 -0.057030 -0.686970 -0.012015 0.726587 0.000000 0.250000 2 6 0.450000 7 0.550000
6 -0.136657 -18.118046 0.660285 0.672087 -0.009962 0.740405 0.132812 0.000000 2 6 0.310447 7 0.689553
2efb_kyj02_body_mesh1_d2
6 -0.991051 -13.789062 -0.057030 -0.686970 -0.012015 0.726587 0.000000 0.250000 2 6 0.450000 7 0.550000
6 -0.991051 -18.479130 -0.114059 -0.669417 -0.009033 0.742832 0.000000 0.000000 2 6 0.300932 7 0.699068
6 -0.136657 -18.118046 0.660285 0.672087 -0.009962 0.740405 0.132812 0.000000 2 6 0.310447 7 0.689553
2efb_kyj02_body_mesh1_d2
6 -11.133696 -59.593105 0.000000 0.000000 0.000000 1.000000 0.145386 0.083496 3 6 0.026400 7 0.295458 8 0.678142
6 -3.711227 -55.868039 0.000000 0.000000 0.000000 1.000000 0.431885 0.166992 3 6 0.041967 7 0.321425 8 0.636608
6 -11.133697 -55.868024 0.000000 0.000000 0.000000 1.000000 0.145386 0.166992 3 6 0.042585 7 0.334462 8 0.622953
2efb_kyj02_body_mesh1_d2
6 -3.711227 -55.868039 0.000000 0.000000 0.000000 1.000000 0.431885 0.166992 3 6 0.041967 7 0.321425 8 0.636608
6 -11.133697 -52.142950 0.000000 0.000000 0.000000 1.000000 0.145386 0.250000 3 6 0.064125 7 0.387320 8 0.548555
6 -11.133697 -55.868024 0.000000 0.000000 0.000000 1.000000 0.145386 0.166992 3 6 0.042585 7 0.334462 8 0.622953
2efb_kyj02_body_mesh1_d2
6 -3.711227 -55.868039 0.000000 0.000000 0.000000 1.000000 0.431885 0.166992 3 6 0.041967 7 0.321425 8 0.636608
6 -3.711227 -52.142950 0.000000 0.000000 0.000000 1.000000 0.431885 0.250000 3 6 0.063330 7 0.377260 8 0.559409
6 -11.133697 -52.142950 0.000000 0.000000 0.000000 1.000000 0.145386 0.250000 3 6 0.064125 7 0.387320 8 0.548555
2efb_kyj02_body_mesh1_d2
6 -3.711227 -52.142950 0.000000 0.000000 0.000000 1.000000 0.431885 0.250000 3 6 0.063330 7 0.377260 8 0.559409
6 -3.711228 -48.417867 0.000000 0.000000 0.000000 1.000000 0.431885 0.333496 3 6 0.090803 7 0.445155 8 0.464041
6 -11.133697 -52.142950 0.000000 0.000000 0.000000 1.000000 0.145386 0.250000 3 6 0.064125 7 0.387320 8 0.548555
2efb_kyj02_body_mesh1_d2
6 -11.133697 -52.142950 0.000000 0.000000 0.000000 1.000000 0.145386 0.250000 3 6 0.064125 7 0.387320 8 0.548555
6 -3.711228 -48.417867 0.000000 0.000000 0.000000 1.000000 0.431885 0.333496 3 6 0.090803 7 0.445155 8 0.464041
6 -11.133700 -48.417867 0.000000 0.000000 0.000000 1.000000 0.145386 0.333496 3 6 0.091740 7 0.451914 8 0.456346
2efb_kyj02_body_mesh1_d2
6 -3.711228 -48.417867 0.000000 0.000000 0.000000 1.000000 0.431885 0.333496 3 6 0.090803 7 0.445155 8 0.464041
6 -11.133700 -44.692788 0.000000 0.000000 0.000000 1.000000 0.145386 0.416992 3 6 0.125151 7 0.523209 8 0.351640
6 -11.133700 -48.417867 0.000000 0.000000 0.000000 1.000000 0.145386 0.333496 3 6 0.091740 7 0.451914 8 0.456346
2efb_kyj02_body_mesh1_d2
6 -3.711227 -52.142950 0.000000 0.000000 0.000000 1.000000 0.431885 0.250000 3 6 0.063330 7 0.377260 8 0.559409
6 3.711242 -48.417867 0.000000 0.000000 0.000000 1.000000 0.718262 0.333496 3 6 0.090803 7 0.445155 8 0.464041
6 -3.711228 -48.417867 0.000000 0.000000 0.000000 1.000000 0.431885 0.333496 3 6 0.090803 7 0.445155 8 0.464041
2efb_kyj02_body_mesh1_d2
6 3.711242 -48.417867 0.000000 0.000000 0.000000 1.000000 0.718262 0.333496 3 6 0.090803 7 0.445155 8 0.464041
6 -3.711229 -44.692779 0.000000 0.000000 0.000000 1.000000 0.431885 0.416992 3 6 0.123989 7 0.520148 8 0.355863
6 -3.711228 -48.417867 0.000000 0.000000 0.000000 1.000000 0.431885 0.333496 3 6 0.090803 7 0.445155 8 0.464041
2efb_kyj02_body_mesh1_d2
6 -3.711228 -48.417867 0.000000 0.000000 0.000000 1.000000 0.431885 0.333496 3 6 0.090803 7 0.445155 8 0.464041
6 -3.711229 -44.692779 0.000000 0.000000 0.000000 1.000000 0.431885 0.416992 3 6 0.123989 7 0.520148 8 0.355863
6 -11.133700 -44.692788 0.000000 0.000000 0.000000 1.000000 0.145386 0.416992 3 6 0.125151 7 0.523209 8 0.351640
2efb_kyj02_body_mesh1_d2
6 -3.711229 -44.692779 0.000000 0.000000 0.000000 1.000000 0.431885 0.416992 3 6 0.123989 7 0.520148 8 0.355863
6 -3.711230 -40.967701 0.000000 0.000000 0.000000 1.000000 0.431885 0.500000 3 6 0.161159 7 0.595080 8 0.243762
6 -11.133700 -44.692788 0.000000 0.000000 0.000000 1.000000 0.145386 0.416992 3 6 0.125151 7 0.523209 8 0.351640
2efb_kyj02_body_mesh1_d2
6 -11.133700 -44.692788 0.000000 0.000000 0.000000 1.000000 0.145386 0.416992 3 6 0.125151 7 0.523209 8 0.351640
6 -3.711230 -40.967701 0.000000 0.000000 0.000000 1.000000 0.431885 0.500000 3 6 0.161159 7 0.595080 8 0.243762
6 -11.133699 -40.967696 0.000000 0.000000 0.000000 1.000000 0.145386 0.500000 3 6 0.162864 7 0.594138 8 0.242998
2efb_kyj02_body_mesh1_d2
6 3.711242 -48.417867 0.000000 0.000000 0.000000 1.000000 0.718262 0.333496 3 6 0.090803 7 0.445155 8 0.464041
6 3.711241 -44.692779 0.000000 0.000000 0.000000 1.000000 0.718262 0.416992 3 6 0.123989 7 0.520148 8 0.355863
6 -3.711229 -44.692779 0.000000 0.000000 0.000000 1.000000 0.431885 0.416992 3 6 0.123989 7 0.520148 8 0.355863
2efb_kyj02_body_mesh1_d2
6 3.711241 -44.692779 0.000000 0.000000 0.000000 1.000000 0.718262 0.416992 3 6 0.123989 7 0.520148 8 0.355863
6 3.711241 -40.967701 0.000000 0.000000 0.000000 1.000000 0.718262 0.500000 3 6 0.161159 7 0.595080 8 0.243762
6 -3.711229 -44.692779 0.000000 0.000000 0.000000 1.000000 0.431885 0.416992 3 6 0.123989 7 0.520148 8 0.355863
2efb_kyj02_body_mesh1_d2
6 -3.711229 -44.692779 0.000000 0.000000 0.000000 1.000000 0.431885 0.416992 3 6 0.123989 7 0.520148 8 0.355863
6 3.711241 -40.967701 0.000000 0.000000 0.000000 1.000000 0.718262 0.500000 3 6 0.161159 7 0.595080 8 0.243762
6 -3.711230 -40.967701 0.000000 0.000000 0.000000 1.000000 0.431885 0.500000 3 6 0.161159 7 0.595080 8 0.243762
2efb_kyj02_body_mesh1_d2
6 -11.133702 -18.617200 -0.044532 0.000000 0.000000 -1.000000 1.004883 1.000000 2 6 0.355496 7 0.644504
6 -3.711233 -18.617200 -0.044532 0.000000 0.000000 -1.000000 0.718262 1.000000 2 6 0.305630 7 0.694370
6 -11.133700 -26.067377 -0.044532 0.000000 0.000000 -1.000000 1.004883 0.833374 3 6 0.288191 7 0.690337 8 0.021473
2efb_kyj02_body_mesh1_d2
6 -3.711233 -18.617200 -0.044532 0.000000 0.000000 -1.000000 0.718262 1.000000 2 6 0.305630 7 0.694370
6 -3.711232 -26.067367 -0.044532 0.000000 0.000000 -1.000000 0.718262 0.833374 3 6 0.272491 7 0.713489 8 0.014019
6 -11.133700 -26.067377 -0.044532 0.000000 0.000000 -1.000000 1.004883 0.833374 3 6 0.288191 7 0.690337 8 0.021473
2efb_kyj02_body_mesh1_d2
6 -11.133700 -26.067377 -0.044532 0.000000 0.000000 -1.000000 1.004883 0.833374 3 6 0.288191 7 0.690337 8 0.021473
6 -3.711232 -26.067367 -0.044532 0.000000 0.000000 -1.000000 0.718262 0.833374 3 6 0.272491 7 0.713489 8 0.014019
6 -11.133702 -33.517534 -0.044532 0.000000 0.000000 -1.000000 1.004883 0.666748 3 6 0.229347 7 0.670777 8 0.099876
2efb_kyj02_body_mesh1_d2
6 -3.711232 -26.067367 -0.044532 0.000000 0.000000 -1.000000 0.718262 0.833374 3 6 0.272491 7 0.713489 8 0.014019
6 -3.711231 -33.517531 -0.044532 0.000000 0.000000 -1.000000 0.718262 0.666748 3 6 0.224374 7 0.680348 8 0.095278
6 -11.133702 -33.517534 -0.044532 0.000000 0.000000 -1.000000 1.004883 0.666748 3 6 0.229347 7 0.670777 8 0.099876
2efb_kyj02_body_mesh1_d2
6 -11.133702 -33.517534 -0.044532 0.000000 0.000000 -1.000000 1.004883 0.666748 3 6 0.229347 7 0.670777 8 0.099876
6 -3.711231 -33.517531 -0.044532 0.000000 0.000000 -1.000000 0.718262 0.666748 3 6 0.224374 7 0.680348 8 0.095278
6 -11.133698 -40.967696 -0.044532 0.000000 0.000000 -1.000000 1.004883 0.500000 3 6 0.162418 7 0.593300 8 0.244281
2efb_kyj02_body_mesh1_d2
6 -3.711231 -33.517531 -0.044532 0.000000 0.000000 -1.000000 0.718262 0.666748 3 6 0.224374 7 0.680348 8 0.095278
6 -3.711230 -40.967702 -0.044532 0.000000 0.000000 -1.000000 0.718262 0.500000 3 6 0.160720 7 0.594195 8 0.245086
6 -11.133698 -40.967696 -0.044532 0.000000 0.000000 -1.000000 1.004883 0.500000 3 6 0.162418 7 0.593300 8 0.244281
2efb_kyj02_body_mesh1_d2
6 -11.133698 -40.967696 -0.044532 0.000000 0.000000 -1.000000 1.004883 0.500000 3 6 0.162418 7 0.593300 8 0.244281
6 -3.711230 -40.967702 -0.044532 0.000000 0.000000 -1.000000 0.718262 0.500000 3 6 0.160720 7 0.594195 8 0.245086
6 -11.133700 -44.692791 -0.044532 0.000000 0.000000 -1.000000 1.004883 0.416992 3 6 0.126233 7 0.523117 8 0.350650
2efb_kyj02_body_mesh1_d2
6 -3.711230 -40.967702 -0.044532 0.000000 0.000000 -1.000000 0.718262 0.500000 3 6 0.160720 7 0.594195 8 0.245086
6 -3.711229 -44.692782 -0.044532 0.000000 0.000000 -1.000000 0.718262 0.416992 3 6 0.124991 7 0.520133 8 0.354876
6 -11.133700 -44.692791 -0.044532 0.000000 0.000000 -1.000000 1.004883 0.416992 3 6 0.126233 7 0.523117 8 0.350650
2efb_kyj02_body_mesh1_d2
6 -11.133700 -44.692791 -0.044532 0.000000 0.000000 -1.000000 1.004883 0.416992 3 6 0.126233 7 0.523117 8 0.350650
6 -3.711229 -44.692782 -0.044532 0.000000 0.000000 -1.000000 0.718262 0.416992 3 6 0.124991 7 0.520133 8 0.354876
6 -3.711230 -48.417867 -0.044532 0.000000 0.000000 -1.000000 0.718262 0.333496 3 6 0.092240 7 0.446940 8 0.460820
2efb_kyj02_body_mesh1_d2
6 -3.711229 -44.692782 -0.044532 0.000000 0.000000 -1.000000 0.718262 0.416992 3 6 0.124991 7 0.520133 8 0.354876
6 3.711241 -48.417867 -0.044532 0.000000 0.000000 -1.000000 0.431885 0.333496 3 6 0.092240 7 0.446940 8 0.460820
6 -3.711230 -48.417867 -0.044532 0.000000 0.000000 -1.000000 0.718262 0.333496 3 6 0.092240 7 0.446940 8 0.460820
2efb_kyj02_body_mesh1_d2
6 -3.711230 -48.417867 -0.044532 0.000000 0.000000 -1.000000 0.718262 0.333496 3 6 0.092240 7 0.446940 8 0.460820
6 3.711241 -48.417867 -0.044532 0.000000 0.000000 -1.000000 0.431885 0.333496 3 6 0.092240 7 0.446940 8 0.460820
6 -3.711228 -52.142950 -0.044532 0.000000 0.000000 -1.000000 0.718262 0.250000 3 6 0.064867 7 0.380293 8 0.554840
2efb_kyj02_body_mesh1_d2
6 3.711241 -48.417867 -0.044532 0.000000 0.000000 -1.000000 0.431885 0.333496 3 6 0.092240 7 0.446940 8 0.460820
6 3.711242 -52.142950 -0.044532 0.000000 0.000000 -1.000000 0.431885 0.250000 3 6 0.064867 7 0.380293 8 0.554840
6 -3.711228 -52.142950 -0.044532 0.000000 0.000000 -1.000000 0.718262 0.250000 3 6 0.064867 7 0.380293 8 0.554840
2efb_kyj02_body_mesh1_d2
6 -3.711228 -52.142950 -0.044532 0.000000 0.000000 -1.000000 0.718262 0.250000 3 6 0.064867 7 0.380293 8 0.554840
6 3.711242 -52.142950 -0.044532 0.000000 0.000000 -1.000000 0.431885 0.250000 3 6 0.064867 7 0.380293 8 0.554840
6 3.711243 -55.868039 -0.044532 0.000000 0.000000 -1.000000 0.431885 0.166992 3 6 0.043333 7 0.324944 8 0.631724
2efb_kyj02_body_mesh1_d2
6 3.711242 -52.142950 -0.044532 0.000000 0.000000 -1.000000 0.431885 0.250000 3 6 0.064867 7 0.380293 8 0.554840
6 11.133715 -55.868039 -0.044532 0.000000 0.000000 -1.000000 0.145386 0.166992 3 6 0.043932 7 0.337946 8 0.618122
6 3.711243 -55.868039 -0.044532 0.000000 0.000000 -1.000000 0.431885 0.166992 3 6 0.043333 7 0.324944 8 0.631724
2efb_kyj02_body_mesh1_d2
6 3.711243 -55.868039 -0.044532 0.000000 0.000000 -1.000000 0.431885 0.166992 3 6 0.043333 7 0.324944 8 0.631724
6 11.133715 -55.868039 -0.044532 0.000000 0.000000 -1.000000 0.145386 0.166992 3 6 0.043932 7 0.337946 8 0.618122
6 3.711243 -59.593114 -0.044532 0.000000 0.000000 -1.000000 0.431885 0.083496 3 6 0.027151 7 0.283421 8 0.689428
2efb_kyj02_body_mesh1_d2
6 11.133715 -55.868039 -0.044532 0.000000 0.000000 -1.000000 0.145386 0.166992 3 6 0.043932 7 0.337946 8 0.618122
6 11.133715 -59.593114 -0.044532 0.000000 0.000000 -1.000000 0.145386 0.083496 3 6 0.027468 7 0.298715 8 0.673817
6 3.711243 -59.593114 -0.044532 0.000000 0.000000 -1.000000 0.431885 0.083496 3 6 0.027151 7 0.283421 8 0.689428
2efb_kyj02_body_mesh1_d2
6 3.711243 -59.593114 -0.044532 0.000000 0.000000 -1.000000 0.431885 0.083496 3 6 0.027151 7 0.283421 8 0.689428
6 11.133715 -59.593114 -0.044532 0.000000 0.000000 -1.000000 0.145386 0.083496 3 6 0.027468 7 0.298715 8 0.673817
6 11.133713 -63.318186 -0.044532 0.000000 0.000000 -1.000000 0.145386 0.000000 3 6 0.014603 7 0.269712 8 0.715686
2efb_kyj02_body_mesh1_d2
6 -3.711233 -18.617200 -0.044532 0.000000 0.000000 -1.000000 0.718262 1.000000 2 6 0.305630 7 0.694370
6 3.711237 -18.617202 -0.044532 0.000000 0.000000 -1.000000 0.431885 1.000000 2 6 0.305636 7 0.694364
6 -3.711232 -26.067367 -0.044532 0.000000 0.000000 -1.000000 0.718262 0.833374 3 6 0.272491 7 0.713489 8 0.014019
2efb_kyj02_body_mesh1_d2
6 3.711237 -18.617202 -0.044532 0.000000 0.000000 -1.000000 0.431885 1.000000 2 6 0.305636 7 0.694364
6 3.711238 -26.067367 -0.044532 0.000000 0.000000 -1.000000 0.431885 0.833374 3 6 0.272489 7 0.713490 8 0.014021
6 -3.711232 -26.067367 -0.044532 0.000000 0.000000 -1.000000 0.718262 0.833374 3 6 0.272491 7 0.713489 8 0.014019
2efb_kyj02_body_mesh1_d2
6 -3.711232 -26.067367 -0.044532 0.000000 0.000000 -1.000000 0.718262 0.833374 3 6 0.272491 7 0.713489 8 0.014019
6 3.711238 -26.067367 -0.044532 0.000000 0.000000 -1.000000 0.431885 0.833374 3 6 0.272489 7 0.713490 8 0.014021
6 -3.711231 -33.517531 -0.044532 0.000000 0.000000 -1.000000 0.718262 0.666748 3 6 0.224374 7 0.680348 8 0.095278
2efb_kyj02_body_mesh1_d2
6 3.711238 -26.067367 -0.044532 0.000000 0.000000 -1.000000 0.431885 0.833374 3 6 0.272489 7 0.713490 8 0.014021
6 3.711239 -33.517531 -0.044532 0.000000 0.000000 -1.000000 0.431885 0.666748 3 6 0.224374 7 0.680348 8 0.095278
6 -3.711231 -33.517531 -0.044532 0.000000 0.000000 -1.000000 0.718262 0.666748 3 6 0.224374 7 0.680348 8 0.095278
2efb_kyj02_body_mesh1_d2
6 -3.711231 -33.517531 -0.044532 0.000000 0.000000 -1.000000 0.718262 0.666748 3 6 0.224374 7 0.680348 8 0.095278
6 3.711239 -33.517531 -0.044532 0.000000 0.000000 -1.000000 0.431885 0.666748 3 6 0.224374 7 0.680348 8 0.095278
6 -3.711230 -40.967702 -0.044532 0.000000 0.000000 -1.000000 0.718262 0.500000 3 6 0.160720 7 0.594195 8 0.245086
2efb_kyj02_body_mesh1_d2
6 3.711239 -33.517531 -0.044532 0.000000 0.000000 -1.000000 0.431885 0.666748 3 6 0.224374 7 0.680348 8 0.095278
6 3.711241 -40.967702 -0.044532 0.000000 0.000000 -1.000000 0.431885 0.500000 3 6 0.160720 7 0.594195 8 0.245086
6 -3.711230 -40.967702 -0.044532 0.000000 0.000000 -1.000000 0.718262 0.500000 3 6 0.160720 7 0.594195 8 0.245086
2efb_kyj02_body_mesh1_d2
6 -3.711230 -40.967702 -0.044532 0.000000 0.000000 -1.000000 0.718262 0.500000 3 6 0.160720 7 0.594195 8 0.245086
6 3.711241 -40.967702 -0.044532 0.000000 0.000000 -1.000000 0.431885 0.500000 3 6 0.160720 7 0.594195 8 0.245086
6 -3.711229 -44.692782 -0.044532 0.000000 0.000000 -1.000000 0.718262 0.416992 3 6 0.124991 7 0.520133 8 0.354876
2efb_kyj02_body_mesh1_d2
6 3.711241 -40.967702 -0.044532 0.000000 0.000000 -1.000000 0.431885 0.500000 3 6 0.160720 7 0.594195 8 0.245086
6 3.711241 -44.692782 -0.044532 0.000000 0.000000 -1.000000 0.431885 0.416992 3 6 0.124991 7 0.520133 8 0.354876
6 -3.711229 -44.692782 -0.044532 0.000000 0.000000 -1.000000 0.718262 0.416992 3 6 0.124991 7 0.520133 8 0.354876
2efb_kyj02_body_mesh1_d2
6 -3.711229 -44.692782 -0.044532 0.000000 0.000000 -1.000000 0.718262 0.416992 3 6 0.124991 7 0.520133 8 0.354876
6 3.711241 -44.692782 -0.044532 0.000000 0.000000 -1.000000 0.431885 0.416992 3 6 0.124991 7 0.520133 8 0.354876
6 3.711241 -48.417867 -0.044532 0.000000 0.000000 -1.000000 0.431885 0.333496 3 6 0.092240 7 0.446940 8 0.460820
2efb_kyj02_body_mesh1_d2
6 3.711241 -44.692782 -0.044532 0.000000 0.000000 -1.000000 0.431885 0.416992 3 6 0.124991 7 0.520133 8 0.354876
6 11.133714 -48.417867 -0.044532 0.000000 0.000000 -1.000000 0.145386 0.333496 3 6 0.093198 7 0.453599 8 0.453203
6 3.711241 -48.417867 -0.044532 0.000000 0.000000 -1.000000 0.431885 0.333496 3 6 0.092240 7 0.446940 8 0.460820
2efb_kyj02_body_mesh1_d2
6 3.711241 -48.417867 -0.044532 0.000000 0.000000 -1.000000 0.431885 0.333496 3 6 0.092240 7 0.446940 8 0.460820
6 11.133714 -48.417867 -0.044532 0.000000 0.000000 -1.000000 0.145386 0.333496 3 6 0.093198 7 0.453599 8 0.453203
6 3.711242 -52.142950 -0.044532 0.000000 0.000000 -1.000000 0.431885 0.250000 3 6 0.064867 7 0.380293 8 0.554840
2efb_kyj02_body_mesh1_d2
6 11.133714 -48.417867 -0.044532 0.000000 0.000000 -1.000000 0.145386 0.333496 3 6 0.093198 7 0.453599 8 0.453203
6 11.133712 -52.142950 -0.044532 0.000000 0.000000 -1.000000 0.145386 0.250000 3 6 0.065653 7 0.390272 8 0.544076
6 3.711242 -52.142950 -0.044532 0.000000 0.000000 -1.000000 0.431885 0.250000 3 6 0.064867 7 0.380293 8 0.554840
2efb_kyj02_body_mesh1_d2
6 3.711242 -52.142950 -0.044532 0.000000 0.000000 -1.000000 0.431885 0.250000 3 6 0.064867 7 0.380293 8 0.554840
6 11.133712 -52.142950 -0.044532 0.000000 0.000000 -1.000000 0.145386 0.250000 3 6 0.065653 7 0.390272 8 0.544076
6 11.133715 -55.868039 -0.044532 0.000000 0.000000 -1.000000 0.145386 0.166992 3 6 0.043932 7 0.337946 8 0.618122
2efb_kyj02_body_mesh1_d2
6 3.711237 -18.617202 -0.044532 0.000000 0.000000 -1.000000 0.431885 1.000000 2 6 0.305636 7 0.694364
6 11.133709 -18.617203 -0.044532 0.000000 0.000000 -1.000000 0.145386 1.000000 2 6 0.355496 7 0.644504
6 3.711238 -26.067367 -0.044532 0.000000 0.000000 -1.000000 0.431885 0.833374 3 6 0.272489 7 0.713490 8 0.014021
2efb_kyj02_body_mesh1_d2
6 11.133709 -18.617203 -0.044532 0.000000 0.000000 -1.000000 0.145386 1.000000 2 6 0.355496 7 0.644504
6 11.133711 -26.067364 -0.044532 0.000000 0.000000 -1.000000 0.145386 0.833374 3 6 0.288191 7 0.690337 8 0.021473
6 3.711238 -26.067367 -0.044532 0.000000 0.000000 -1.000000 0.431885 0.833374 3 6 0.272489 7 0.713490 8 0.014021
2efb_kyj02_body_mesh1_d2
6 3.711238 -26.067367 -0.044532 0.000000 0.000000 -1.000000 0.431885 0.833374 3 6 0.272489 7 0.713490 8 0.014021
6 11.133711 -26.067364 -0.044532 0.000000 0.000000 -1.000000 0.145386 0.833374 3 6 0.288191 7 0.690337 8 0.021473
6 3.711239 -33.517531 -0.044532 0.000000 0.000000 -1.000000 0.431885 0.666748 3 6 0.224374 7 0.680348 8 0.095278
2efb_kyj02_body_mesh1_d2
6 11.133711 -26.067364 -0.044532 0.000000 0.000000 -1.000000 0.145386 0.833374 3 6 0.288191 7 0.690337 8 0.021473
6 11.133711 -33.517528 -0.044532 0.000000 0.000000 -1.000000 0.145386 0.666748 3 6 0.229347 7 0.670777 8 0.099876
6 3.711239 -33.517531 -0.044532 0.000000 0.000000 -1.000000 0.431885 0.666748 3 6 0.224374 7 0.680348 8 0.095278
2efb_kyj02_body_mesh1_d2
6 3.711239 -33.517531 -0.044532 0.000000 0.000000 -1.000000 0.431885 0.666748 3 6 0.224374 7 0.680348 8 0.095278
6 11.133711 -33.517528 -0.044532 0.000000 0.000000 -1.000000 0.145386 0.666748 3 6 0.229347 7 0.670777 8 0.099876
6 3.711241 -40.967702 -0.044532 0.000000 0.000000 -1.000000 0.431885 0.500000 3 6 0.160720 7 0.594195 8 0.245086
2efb_kyj02_body_mesh1_d2
6 11.133711 -33.517528 -0.044532 0.000000 0.000000 -1.000000 0.145386 0.666748 3 6 0.229347 7 0.670777 8 0.099876
6 11.133711 -40.967690 -0.044532 0.000000 0.000000 -1.000000 0.145386 0.500000 3 6 0.162418 7 0.593300 8 0.244281
6 3.711241 -40.967702 -0.044532 0.000000 0.000000 -1.000000 0.431885 0.500000 3 6 0.160720 7 0.594195 8 0.245086
2efb_kyj02_body_mesh1_d2
6 3.711241 -40.967702 -0.044532 0.000000 0.000000 -1.000000 0.431885 0.500000 3 6 0.160720 7 0.594195 8 0.245086
6 11.133711 -40.967690 -0.044532 0.000000 0.000000 -1.000000 0.145386 0.500000 3 6 0.162418 7 0.593300 8 0.244281
6 3.711241 -44.692782 -0.044532 0.000000 0.000000 -1.000000 0.431885 0.416992 3 6 0.124991 7 0.520133 8 0.354876
2efb_kyj02_body_mesh1_d2
6 11.133711 -40.967690 -0.044532 0.000000 0.000000 -1.000000 0.145386 0.500000 3 6 0.162418 7 0.593300 8 0.244281
6 11.133712 -44.692782 -0.044532 0.000000 0.000000 -1.000000 0.145386 0.416992 3 6 0.126233 7 0.523117 8 0.350650
6 3.711241 -44.692782 -0.044532 0.000000 0.000000 -1.000000 0.431885 0.416992 3 6 0.124991 7 0.520133 8 0.354876
2efb_kyj02_body_mesh1_d2
6 3.711241 -44.692782 -0.044532 0.000000 0.000000 -1.000000 0.431885 0.416992 3 6 0.124991 7 0.520133 8 0.354876
6 11.133712 -44.692782 -0.044532 0.000000 0.000000 -1.000000 0.145386 0.416992 3 6 0.126233 7 0.523117 8 0.350650
6 11.133714 -48.417867 -0.044532 0.000000 0.000000 -1.000000 0.145386 0.333496 3 6 0.093198 7 0.453599 8 0.453203
2efb_kyj02_body_mesh1_d2
6 -11.133700 -44.692791 -0.044532 0.000000 0.000000 -1.000000 1.004883 0.416992 3 6 0.126233 7 0.523117 8 0.350650
6 -3.711230 -48.417867 -0.044532 0.000000 0.000000 -1.000000 0.718262 0.333496 3 6 0.092240 7 0.446940 8 0.460820
6 -11.133700 -48.417867 -0.044532 0.000000 0.000000 -1.000000 1.004883 0.333496 3 6 0.093198 7 0.453599 8 0.453203
2efb_kyj02_body_mesh1_d2
6 -3.711230 -48.417867 -0.044532 0.000000 0.000000 -1.000000 0.718262 0.333496 3 6 0.092240 7 0.446940 8 0.460820
6 -11.133697 -52.142950 -0.044532 0.000000 0.000000 -1.000000 1.004883 0.250000 3 6 0.065653 7 0.390272 8 0.544076
6 -11.133700 -48.417867 -0.044532 0.000000 0.000000 -1.000000 1.004883 0.333496 3 6 0.093198 7 0.453599 8 0.453203
2efb_kyj02_body_mesh1_d2
6 11.133713 -63.318186 -0.044532 0.000000 0.000000 -1.000000 0.145386 0.000000 3 6 0.014603 7 0.269712 8 0.715686
6 3.711244 -63.318186 -0.044532 0.000000 0.000000 -1.000000 0.431885 0.000000 3 6 0.014676 7 0.253322 8 0.732002
6 3.711243 -59.593114 -0.044532 0.000000 0.000000 -1.000000 0.431885 0.083496 3 6 0.027151 7 0.283421 8 0.689428
2efb_kyj02_body_mesh1_d2
6 3.711244 -63.318186 -0.044532 0.000000 0.000000 -1.000000 0.431885 0.000000 3 6 0.014676 7 0.253322 8 0.732002
6 -3.711227 -59.593105 -0.044532 0.000000 0.000000 -1.000000 0.718262 0.083496 3 6 0.027151 7 0.283421 8 0.689428
6 3.711243 -59.593114 -0.044532 0.000000 0.000000 -1.000000 0.431885 0.083496 3 6 0.027151 7 0.283421 8 0.689428
2efb_kyj02_body_mesh1_d2
6 3.711243 -59.593114 -0.044532 0.000000 0.000000 -1.000000 0.431885 0.083496 3 6 0.027151 7 0.283421 8 0.689428
6 -3.711227 -59.593105 -0.044532 0.000000 0.000000 -1.000000 0.718262 0.083496 3 6 0.027151 7 0.283421 8 0.689428
6 3.711243 -55.868039 -0.044532 0.000000 0.000000 -1.000000 0.431885 0.166992 3 6 0.043333 7 0.324944 8 0.631724
2efb_kyj02_body_mesh1_d2
6 -3.711227 -59.593105 -0.044532 0.000000 0.000000 -1.000000 0.718262 0.083496 3 6 0.027151 7 0.283421 8 0.689428
6 -3.711228 -55.868039 -0.044532 0.000000 0.000000 -1.000000 0.718262 0.166992 3 6 0.043333 7 0.324944 8 0.631724
6 3.711243 -55.868039 -0.044532 0.000000 0.000000 -1.000000 0.431885 0.166992 3 6 0.043333 7 0.324944 8 0.631724
2efb_kyj02_body_mesh1_d2
6 3.711243 -55.868039 -0.044532 0.000000 0.000000 -1.000000 0.431885 0.166992 3 6 0.043333 7 0.324944 8 0.631724
6 -3.711228 -55.868039 -0.044532 0.000000 0.000000 -1.000000 0.718262 0.166992 3 6 0.043333 7 0.324944 8 0.631724
6 -3.711228 -52.142950 -0.044532 0.000000 0.000000 -1.000000 0.718262 0.250000 3 6 0.064867 7 0.380293 8 0.554840
2efb_kyj02_body_mesh1_d2
6 -3.711228 -55.868039 -0.044532 0.000000 0.000000 -1.000000 0.718262 0.166992 3 6 0.043333 7 0.324944 8 0.631724
6 -11.133697 -52.142950 -0.044532 0.000000 0.000000 -1.000000 1.004883 0.250000 3 6 0.065653 7 0.390272 8 0.544076
6 -3.711228 -52.142950 -0.044532 0.000000 0.000000 -1.000000 0.718262 0.250000 3 6 0.064867 7 0.380293 8 0.554840
2efb_kyj02_body_mesh1_d2
6 -3.711228 -52.142950 -0.044532 0.000000 0.000000 -1.000000 0.718262 0.250000 3 6 0.064867 7 0.380293 8 0.554840
6 -11.133697 -52.142950 -0.044532 0.000000 0.000000 -1.000000 1.004883 0.250000 3 6 0.065653 7 0.390272 8 0.544076
6 -3.711230 -48.417867 -0.044532 0.000000 0.000000 -1.000000 0.718262 0.333496 3 6 0.092240 7 0.446940 8 0.460820
2efb_kyj02_body_mesh1_d2
6 -11.133697 -52.142950 -0.044532 0.000000 0.000000 -1.000000 1.004883 0.250000 3 6 0.065653 7 0.390272 8 0.544076
6 -3.711228 -55.868039 -0.044532 0.000000 0.000000 -1.000000 0.718262 0.166992 3 6 0.043333 7 0.324944 8 0.631724
6 -11.133697 -55.868032 -0.044532 0.000000 0.000000 -1.000000 1.004883 0.166992 3 6 0.043932 7 0.337946 8 0.618122
2efb_kyj02_body_mesh1_d2
6 -3.711228 -55.868039 -0.044532 0.000000 0.000000 -1.000000 0.718262 0.166992 3 6 0.043333 7 0.324944 8 0.631724
6 -11.133696 -59.593105 -0.044532 0.000000 0.000000 -1.000000 1.004883 0.083496 3 6 0.027468 7 0.298715 8 0.673817
6 -11.133697 -55.868032 -0.044532 0.000000 0.000000 -1.000000 1.004883 0.166992 3 6 0.043932 7 0.337946 8 0.618122
2efb_kyj02_body_mesh1_d2
6 3.711244 -63.318186 -0.044532 0.000000 0.000000 -1.000000 0.431885 0.000000 3 6 0.014676 7 0.253322 8 0.732002
6 -3.711227 -63.318186 -0.044532 0.000000 0.000000 -1.000000 0.718262 0.000000 3 6 0.014676 7 0.253322 8 0.732002
6 -3.711227 -59.593105 -0.044532 0.000000 0.000000 -1.000000 0.718262 0.083496 3 6 0.027151 7 0.283421 8 0.689428
2efb_kyj02_body_mesh1_d2
6 -3.711227 -63.318186 -0.044532 0.000000 0.000000 -1.000000 0.718262 0.000000 3 6 0.014676 7 0.253322 8 0.732002
6 -11.133696 -59.593105 -0.044532 0.000000 0.000000 -1.000000 1.004883 0.083496 3 6 0.027468 7 0.298715 8 0.673817
6 -3.711227 -59.593105 -0.044532 0.000000 0.000000 -1.000000 0.718262 0.083496 3 6 0.027151 7 0.283421 8 0.689428
2efb_kyj02_body_mesh1_d2
6 -3.711227 -59.593105 -0.044532 0.000000 0.000000 -1.000000 0.718262 0.083496 3 6 0.027151 7 0.283421 8 0.689428
6 -11.133696 -59.593105 -0.044532 0.000000 0.000000 -1.000000 1.004883 0.083496 3 6 0.027468 7 0.298715 8 0.673817
6 -3.711228 -55.868039 -0.044532 0.000000 0.000000 -1.000000 0.718262 0.166992 3 6 0.043333 7 0.324944 8 0.631724
2efb_kyj02_body_mesh1_d2
6 11.133711 -40.967690 0.000000 0.000000 0.000000 1.000000 1.004883 0.500000 3 6 0.162864 7 0.594138 8 0.242998
6 3.711241 -40.967701 0.000000 0.000000 0.000000 1.000000 0.718262 0.500000 3 6 0.161159 7 0.595080 8 0.243762
6 3.711241 -44.692779 0.000000 0.000000 0.000000 1.000000 0.718262 0.416992 3 6 0.123989 7 0.520148 8 0.355863
2efb_kyj02_body_mesh1_d2
6 -3.711227 -63.318186 -0.044532 0.000000 0.000000 -1.000000 0.718262 0.000000 3 6 0.014676 7 0.253322 8 0.732002
6 -11.133696 -63.318180 -0.044532 0.000000 0.000000 -1.000000 1.004883 0.000000 3 6 0.014603 7 0.269712 8 0.715686
6 -11.133696 -59.593105 -0.044532 0.000000 0.000000 -1.000000 1.004883 0.083496 3 6 0.027468 7 0.298715 8 0.673817
2efb_kyj02_body_mesh1_d3
10 -0.981138 -19.959416 -0.025193 0.000000 -0.545168 -0.838327 0.116699 0.158691 2 10 0.294789 11 0.705211
10 -0.981138 -18.519120 0.911434 0.000000 0.000000 1.000000 0.128906 0.169922 2 10 0.306770 11 0.693230
10 -0.981138 -18.519124 -0.961821 0.000000 0.000000 -1.000000 0.104553 0.170898 2 10 0.307175 11 0.692825
2efb_kyj02_body_mesh1_d3
10 -0.981138 -18.519120 0.911434 0.000000 0.000000 1.000000 0.128906 0.169922 2 10 0.306770 11 0.693230
10 -0.981138 -17.078827 -0.025193 0.000000 0.545166 -0.838328 0.116699 0.182617 2 10 0.328501 11 0.671499
10 -0.981138 -18.519124 -0.961821 0.000000 0.000000 -1.000000 0.104553 0.170898 2 10 0.307175 11 0.692825
2efb_kyj02_body_mesh1_d3
10 -0.981138 -18.519124 -0.961821 0.000000 0.000000 -1.000000 0.013794 0.000000 2 10 0.307175 11 0.692825
10 0.724483 -18.519124 -0.961821 1.000000 0.000000 0.000000 0.129395 0.000000 2 10 0.307175 11 0.692825
10 -0.981138 -19.959416 -0.025193 0.000000 -0.545168 -0.838327 0.013794 0.250000 2 10 0.294789 11 0.705211
2efb_kyj02_body_mesh1_d3
10 0.724483 -18.519124 -0.961821 1.000000 0.000000 0.000000 0.129395 0.000000 2 10 0.307175 11 0.692825
10 0.724483 -19.959416 -0.025193 1.000000 0.000000 0.000000 0.129395 0.250488 2 10 0.294789 11 0.705211
10 -0.981138 -19.959416 -0.025193 0.000000 -0.545168 -0.838327 0.013794 0.250000 2 10 0.294789 11 0.705211
2efb_kyj02_body_mesh1_d3
10 -0.981138 -19.959416 -0.025193 0.000000 -0.545168 -0.838327 0.013794 0.250000 2 10 0.294789 11 0.705211
10 0.724483 -19.959416 -0.025193 1.000000 0.000000 0.000000 0.129395 0.250488 2 10 0.294789 11 0.705211
10 -0.981138 -18.519120 0.911434 0.000000 0.000000 1.000000 0.013794 0.500000 2 10 0.306770 11 0.693230
2efb_kyj02_body_mesh1_d3
10 0.724483 -19.959416 -0.025193 1.000000 0.000000 0.000000 0.129395 0.250488 2 10 0.294789 11 0.705211
10 0.724483 -18.519120 0.911434 1.000000 0.000000 0.000000 0.129395 0.500244 2 10 0.306770 11 0.693230
10 -0.981138 -18.519120 0.911434 0.000000 0.000000 1.000000 0.013794 0.500000 2 10 0.306770 11 0.693230
2efb_kyj02_body_mesh1_d3
10 -0.981138 -18.519120 0.911434 0.000000 0.000000 1.000000 0.013794 0.500000 2 10 0.306770 11 0.693230
10 0.724483 -18.519120 0.911434 1.000000 0.000000 0.000000 0.129395 0.500244 2 10 0.306770 11 0.693230
10 -0.981138 -17.078827 -0.025193 0.000000 0.545166 -0.838328 0.013794 0.750000 2 10 0.328501 11 0.671499
2efb_kyj02_body_mesh1_d3
10 0.724483 -18.519120 0.911434 1.000000 0.000000 0.000000 0.129395 0.500244 2 10 0.306770 11 0.693230
10 0.724483 -17.078827 -0.025193 1.000000 0.000000 0.000000 0.129395 0.750122 2 10 0.328501 11 0.671499
10 -0.981138 -17.078827 -0.025193 0.000000 0.545166 -0.838328 0.013794 0.750000 2 10 0.328501 11 0.671499
2efb_kyj02_body_mesh1_d3
10 -0.981138 -17.078827 -0.025193 0.000000 0.545166 -0.838328 0.013794 0.750000 2 10 0.328501 11 0.671499
10 0.724483 -17.078827 -0.025193 1.000000 0.000000 0.000000 0.129395 0.750122 2 10 0.328501 11 0.671499
10 -0.981138 -18.519124 -0.961821 0.000000 0.000000 -1.000000 0.013794 1.000000 2 10 0.307175 11 0.692825
2efb_kyj02_body_mesh1_d3
10 0.724483 -17.078827 -0.025193 1.000000 0.000000 0.000000 0.129395 0.750122 2 10 0.328501 11 0.671499
10 0.724483 -18.519124 -0.961821 1.000000 0.000000 0.000000 0.129395 1.000000 2 10 0.307175 11 0.692825
10 -0.981138 -18.519124 -0.961821 0.000000 0.000000 -1.000000 0.013794 1.000000 2 10 0.307175 11 0.692825
2efb_kyj02_body_mesh1_d3
10 0.724483 -19.959416 -0.025193 1.000000 0.000000 0.000000 0.116699 0.158691 2 10 0.294789 11 0.705211
10 0.724483 -18.519124 -0.961821 1.000000 0.000000 0.000000 0.104553 0.170898 2 10 0.307175 11 0.692825
10 0.724483 -18.519120 0.911434 1.000000 0.000000 0.000000 0.128906 0.169922 2 10 0.306770 11 0.693230
2efb_kyj02_body_mesh1_d3
10 0.724483 -18.519124 -0.961821 1.000000 0.000000 0.000000 0.104553 0.170898 2 10 0.307175 11 0.692825
10 0.724483 -17.078827 -0.025193 1.000000 0.000000 0.000000 0.116699 0.182617 2 10 0.328501 11 0.671499
10 0.724483 -18.519120 0.911434 1.000000 0.000000 0.000000 0.128906 0.169922 2 10 0.306770 11 0.693230
2efb_kyj02_body_mesh1_d3
9 -0.136659 -0.004680 -0.857692 -0.694712 0.000000 -0.719288 0.132812 1.000000 2 9 0.500000 10 0.500000
9 0.717743 -0.225819 -0.032404 0.694393 0.002628 0.719592 0.000000 1.000000 2 9 0.500000 10 0.500000
10 -0.136659 -4.551877 -0.856047 -0.700386 -0.001300 -0.713763 0.132812 0.750000 2 10 0.800000 11 0.200000
2efb_kyj02_body_mesh1_d3
9 0.717743 -0.225819 -0.032404 0.694393 0.002628 0.719592 0.000000 1.000000 2 9 0.500000 10 0.500000
10 0.717743 -4.662446 -0.016202 0.700197 0.003699 0.713940 0.000000 0.750000 2 10 0.800000 11 0.200000
10 -0.136659 -4.551877 -0.856047 -0.700386 -0.001300 -0.713763 0.132812 0.750000 2 10 0.800000 11 0.200000
2efb_kyj02_body_mesh1_d3
10 -0.136659 -4.551877 -0.856047 -0.700386 -0.001300 -0.713763 0.132812 0.750000 2 10 0.800000 11 0.200000
10 0.717743 -4.662446 -0.016202 0.700197 0.003699 0.713940 0.000000 0.750000 2 10 0.800000 11 0.200000
10 -0.136658 -9.099072 -0.854402 -0.705240 0.002731 -0.708964 0.132812 0.500000 2 10 0.625000 11 0.375000
2efb_kyj02_body_mesh1_d3
10 0.717743 -4.662446 -0.016202 0.700197 0.003699 0.713940 0.000000 0.750000 2 10 0.800000 11 0.200000
10 0.717743 -9.099072 0.000000 0.705105 -0.004802 0.709086 0.000000 0.500000 2 10 0.625000 11 0.375000
10 -0.136658 -9.099072 -0.854402 -0.705240 0.002731 -0.708964 0.132812 0.500000 2 10 0.625000 11 0.375000
2efb_kyj02_body_mesh1_d3
10 -0.136658 -9.099072 -0.854402 -0.705240 0.002731 -0.708964 0.132812 0.500000 2 10 0.625000 11 0.375000
10 0.717743 -9.099072 0.000000 0.705105 -0.004802 0.709086 0.000000 0.500000 2 10 0.625000 11 0.375000
10 0.717743 -13.789181 -0.057030 0.686970 -0.012015 0.726586 0.000000 0.250000 2 10 0.450000 11 0.550000
2efb_kyj02_body_mesh1_d3
10 -0.136658 -9.099072 -0.854402 -0.705240 0.002731 -0.708964 0.132812 0.500000 2 10 0.625000 11 0.375000
10 0.717743 -13.789181 -0.057030 0.686970 -0.012015 0.726586 0.000000 0.250000 2 10 0.450000 11 0.550000
10 -0.136658 -13.969724 -0.871406 -0.687855 0.005483 -0.725827 0.132812 0.250000 2 10 0.450000 11 0.550000
2efb_kyj02_body_mesh1_d3
10 0.717743 -13.789181 -0.057030 0.686970 -0.012015 0.726586 0.000000 0.250000 2 10 0.450000 11 0.550000
10 0.717743 -18.479290 -0.114060 0.669417 -0.009033 0.742832 0.000000 0.000000 2 10 0.300932 11 0.699068
10 -0.136658 -13.969724 -0.871406 -0.687855 0.005483 -0.725827 0.132812 0.250000 2 10 0.450000 11 0.550000
2efb_kyj02_body_mesh1_d3
10 -0.136658 -13.969724 -0.871406 -0.687855 0.005483 -0.725827 0.132812 0.250000 2 10 0.450000 11 0.550000
10 0.717743 -18.479290 -0.114060 0.669417 -0.009033 0.742832 0.000000 0.000000 2 10 0.300932 11 0.699068
10 -0.136658 -18.840378 -0.888411 -0.670940 0.002589 -0.741507 0.132812 0.000000 2 10 0.303291 11 0.696709
2efb_kyj02_body_mesh1_d3
9 -0.136659 -0.004680 -0.857692 -0.694712 0.000000 -0.719288 0.000000 1.000000 2 9 0.500000 10 0.500000
10 -0.136659 -4.551877 -0.856047 -0.700386 -0.001300 -0.713763 0.000000 0.750000 2 10 0.800000 11 0.200000
9 -0.991061 -0.225819 -0.032404 -0.694392 0.002628 0.719592 0.132812 1.000000 2 9 0.500000 10 0.500000
2efb_kyj02_body_mesh1_d3
10 -0.136659 -4.551877 -0.856047 -0.700386 -0.001300 -0.713763 0.000000 0.750000 2 10 0.800000 11 0.200000
10 -0.991060 -4.662446 -0.016202 -0.700197 0.003699 0.713941 0.132812 0.750000 2 10 0.800000 11 0.200000
9 -0.991061 -0.225819 -0.032404 -0.694392 0.002628 0.719592 0.132812 1.000000 2 9 0.500000 10 0.500000
2efb_kyj02_body_mesh1_d3
9 -0.991061 -0.225819 -0.032404 -0.694392 0.002628 0.719592 0.000000 1.000000 2 9 0.500000 10 0.500000
10 -0.991060 -4.662446 -0.016202 -0.700197 0.003699 0.713941 0.000000 0.750000 2 10 0.800000 11 0.200000
9 -0.136659 -0.446958 0.792885 0.695384 0.003013 0.718632 0.132812 1.000000 2 9 0.500000 10 0.500000
2efb_kyj02_body_mesh1_d3
10 -0.991060 -4.662446 -0.016202 -0.700197 0.003699 0.713941 0.000000 0.750000 2 10 0.800000 11 0.200000
10 -0.136658 -4.773015 0.823643 0.701299 0.003973 0.712856 0.132812 0.750000 2 10 0.800000 11 0.200000
9 -0.136659 -0.446958 0.792885 0.695384 0.003013 0.718632 0.132812 1.000000 2 9 0.500000 10 0.500000
2efb_kyj02_body_mesh1_d3
9 0.717743 -0.225819 -0.032404 0.694393 0.002628 0.719592 0.132812 1.000000 2 9 0.500000 10 0.500000
9 -0.136659 -0.446958 0.792885 0.695384 0.003013 0.718632 0.000000 1.000000 2 9 0.500000 10 0.500000
10 0.717743 -4.662446 -0.016202 0.700197 0.003699 0.713940 0.132812 0.750000 2 10 0.800000 11 0.200000
2efb_kyj02_body_mesh1_d3
9 -0.136659 -0.446958 0.792885 0.695384 0.003013 0.718632 0.000000 1.000000 2 9 0.500000 10 0.500000
10 -0.136658 -4.773015 0.823643 0.701299 0.003973 0.712856 0.000000 0.750000 2 10 0.800000 11 0.200000
10 0.717743 -4.662446 -0.016202 0.700197 0.003699 0.713940 0.132812 0.750000 2 10 0.800000 11 0.200000
2efb_kyj02_body_mesh1_d3
10 0.717743 -4.662446 -0.016202 0.700197 0.003699 0.713940 0.132812 0.750000 2 10 0.800000 11 0.200000
10 -0.136658 -4.773015 0.823643 0.701299 0.003973 0.712856 0.000000 0.750000 2 10 0.800000 11 0.200000
10 0.717743 -9.099072 0.000000 0.705105 -0.004802 0.709086 0.132812 0.500000 2 10 0.625000 11 0.375000
2efb_kyj02_body_mesh1_d3
10 -0.136658 -4.773015 0.823643 0.701299 0.003973 0.712856 0.000000 0.750000 2 10 0.800000 11 0.200000
10 -0.136658 -9.099072 0.854402 0.707098 -0.005062 0.707098 0.000000 0.500000 2 10 0.625000 11 0.375000
10 0.717743 -9.099072 0.000000 0.705105 -0.004802 0.709086 0.132812 0.500000 2 10 0.625000 11 0.375000
2efb_kyj02_body_mesh1_d3
10 0.717743 -9.099072 0.000000 0.705105 -0.004802 0.709086 0.132812 0.500000 2 10 0.625000 11 0.375000
10 -0.136658 -9.099072 0.854402 0.707098 -0.005062 0.707098 0.000000 0.500000 2 10 0.625000 11 0.375000
10 -0.136658 -13.608638 0.757346 0.690116 -0.012388 0.723592 0.000000 0.250000 2 10 0.450000 11 0.550000
2efb_kyj02_body_mesh1_d3
10 0.717743 -9.099072 0.000000 0.705105 -0.004802 0.709086 0.132812 0.500000 2 10 0.625000 11 0.375000
10 -0.136658 -13.608638 0.757346 0.690116 -0.012388 0.723592 0.000000 0.250000 2 10 0.450000 11 0.550000
10 0.717743 -13.789181 -0.057030 0.686970 -0.012015 0.726586 0.132812 0.250000 2 10 0.450000 11 0.550000
2efb_kyj02_body_mesh1_d3
10 -0.136658 -13.608638 0.757346 0.690116 -0.012388 0.723592 0.000000 0.250000 2 10 0.450000 11 0.550000
10 -0.136658 -18.118203 0.660291 0.672087 -0.009962 0.740405 0.000000 0.000000 2 10 0.310447 11 0.689553
10 0.717743 -13.789181 -0.057030 0.686970 -0.012015 0.726586 0.132812 0.250000 2 10 0.450000 11 0.550000
2efb_kyj02_body_mesh1_d3
10 0.717743 -13.789181 -0.057030 0.686970 -0.012015 0.726586 0.132812 0.250000 2 10 0.450000 11 0.550000
10 -0.136658 -18.118203 0.660291 0.672087 -0.009962 0.740405 0.000000 0.000000 2 10 0.310447 11 0.689553
10 0.717743 -18.479290 -0.114060 0.669417 -0.009033 0.742832 0.132812 0.000000 2 10 0.300932 11 0.699068
2efb_kyj02_body_mesh1_d3
9 -0.981138 -1.438532 -0.025193 0.000000 -0.654652 -0.755930 0.116699 0.158691 2 9 0.500000 10 0.500000
9 -0.981138 0.001768 1.222139 0.000000 -0.654652 0.755930 0.128906 0.169922 2 9 0.500000 10 0.500000
9 -0.981138 0.001768 -1.272525 0.000000 0.654654 -0.755929 0.104553 0.170898 2 9 0.500000 10 0.500000
2efb_kyj02_body_mesh1_d3
9 -0.981138 0.001768 1.222139 0.000000 -0.654652 0.755930 0.128906 0.169922 2 9 0.500000 10 0.500000
9 -0.981138 1.442062 -0.025193 0.000000 0.654654 -0.755929 0.116699 0.182617 2 9 0.500000 10 0.500000
9 -0.981138 0.001768 -1.272525 0.000000 0.654654 -0.755929 0.104553 0.170898 2 9 0.500000 10 0.500000
2efb_kyj02_body_mesh1_d3
9 -0.981138 0.001768 -1.272525 0.000000 0.654654 -0.755929 0.013214 0.000000 2 9 0.500000 10 0.500000
9 0.724483 0.001768 -1.272526 1.000000 0.000000 0.000000 0.129639 0.000000 2 9 0.500000 10 0.500000
9 -0.981138 -1.438532 -0.025193 0.000000 -0.654652 -0.755930 0.013214 0.250488 2 9 0.500000 10 0.500000
2efb_kyj02_body_mesh1_d3
9 0.724483 0.001768 -1.272526 1.000000 0.000000 0.000000 0.129639 0.000000 2 9 0.500000 10 0.500000
9 0.724484 -1.438532 -0.025193 1.000000 0.000000 0.000000 0.129639 0.250488 2 9 0.500000 10 0.500000
9 -0.981138 -1.438532 -0.025193 0.000000 -0.654652 -0.755930 0.013214 0.250488 2 9 0.500000 10 0.500000
2efb_kyj02_body_mesh1_d3
9 -0.981138 -1.438532 -0.025193 0.000000 -0.654652 -0.755930 0.013214 0.250488 2 9 0.500000 10 0.500000
9 0.724484 -1.438532 -0.025193 1.000000 0.000000 0.000000 0.129639 0.250488 2 9 0.500000 10 0.500000
9 -0.981138 0.001768 1.222139 0.000000 -0.654652 0.755930 0.013214 0.500244 2 9 0.500000 10 0.500000
2efb_kyj02_body_mesh1_d3
9 0.724484 -1.438532 -0.025193 1.000000 0.000000 0.000000 0.129639 0.250488 2 9 0.500000 10 0.500000
9 0.724484 0.001768 1.222139 1.000000 0.000000 0.000000 0.129639 0.500244 2 9 0.500000 10 0.500000
9 -0.981138 0.001768 1.222139 0.000000 -0.654652 0.755930 0.013214 0.500244 2 9 0.500000 10 0.500000
2efb_kyj02_body_mesh1_d3
9 -0.981138 0.001768 1.222139 0.000000 -0.654652 0.755930 0.013214 0.500244 2 9 0.500000 10 0.500000
9 0.724484 0.001768 1.222139 1.000000 0.000000 0.000000 0.129639 0.500244 2 9 0.500000 10 0.500000
9 -0.981138 1.442062 -0.025193 0.000000 0.654654 -0.755929 0.013214 0.750122 2 9 0.500000 10 0.500000
2efb_kyj02_body_mesh1_d3
9 0.724484 0.001768 1.222139 1.000000 0.000000 0.000000 0.129639 0.500244 2 9 0.500000 10 0.500000
9 0.724483 1.442062 -0.025193 1.000000 0.000000 0.000000 0.129639 0.750122 2 9 0.500000 10 0.500000
9 -0.981138 1.442062 -0.025193 0.000000 0.654654 -0.755929 0.013214 0.750122 2 9 0.500000 10 0.500000
2efb_kyj02_body_mesh1_d3
9 -0.981138 1.442062 -0.025193 0.000000 0.654654 -0.755929 0.013214 0.750122 2 9 0.500000 10 0.500000
9 0.724483 1.442062 -0.025193 1.000000 0.000000 0.000000 0.129639 0.750122 2 9 0.500000 10 0.500000
9 -0.981138 0.001768 -1.272525 0.000000 0.654654 -0.755929 0.013214 1.000000 2 9 0.500000 10 0.500000
2efb_kyj02_body_mesh1_d3
9 0.724483 1.442062 -0.025193 1.000000 0.000000 0.000000 0.129639 0.750122 2 9 0.500000 10 0.500000
9 0.724483 0.001768 -1.272526 1.000000 0.000000 0.000000 0.129639 1.000000 2 9 0.500000 10 0.500000
9 -0.981138 0.001768 -1.272525 0.000000 0.654654 -0.755929 0.013214 1.000000 2 9 0.500000 10 0.500000
2efb_kyj02_body_mesh1_d3
9 0.724484 -1.438532 -0.025193 1.000000 0.000000 0.000000 0.116699 0.158691 2 9 0.500000 10 0.500000
9 0.724483 0.001768 -1.272526 1.000000 0.000000 0.000000 0.104553 0.170898 2 9 0.500000 10 0.500000
9 0.724484 0.001768 1.222139 1.000000 0.000000 0.000000 0.128906 0.169922 2 9 0.500000 10 0.500000
2efb_kyj02_body_mesh1_d3
9 0.724483 0.001768 -1.272526 1.000000 0.000000 0.000000 0.104553 0.170898 2 9 0.500000 10 0.500000
9 0.724483 1.442062 -0.025193 1.000000 0.000000 0.000000 0.116699 0.182617 2 9 0.500000 10 0.500000
9 0.724484 0.001768 1.222139 1.000000 0.000000 0.000000 0.128906 0.169922 2 9 0.500000 10 0.500000
2efb_kyj02_body_mesh1_d3
10 -11.133799 -18.617364 0.000000 0.000000 0.000000 1.000000 0.145386 1.000000 2 10 0.355496 11 0.644504
10 -11.133796 -26.067598 0.000000 0.000000 0.000000 1.000000 0.145386 0.833374 3 10 0.288191 11 0.690337 12 0.021473
10 -3.711264 -18.617363 0.000000 0.000000 0.000000 1.000000 0.431885 1.000000 2 10 0.307059 11 0.692941
2efb_kyj02_body_mesh1_d3
10 -11.133796 -26.067598 0.000000 0.000000 0.000000 1.000000 0.145386 0.833374 3 10 0.288191 11 0.690337 12 0.021473
10 -3.711264 -26.067592 0.000000 0.000000 0.000000 1.000000 0.431885 0.833374 3 10 0.272343 11 0.713544 12 0.014113
10 -3.711264 -18.617363 0.000000 0.000000 0.000000 1.000000 0.431885 1.000000 2 10 0.307059 11 0.692941
2efb_kyj02_body_mesh1_d3
10 -3.711264 -18.617363 0.000000 0.000000 0.000000 1.000000 0.431885 1.000000 2 10 0.307059 11 0.692941
10 -3.711264 -26.067592 0.000000 0.000000 0.000000 1.000000 0.431885 0.833374 3 10 0.272343 11 0.713544 12 0.014113
10 3.711270 -18.617363 0.000000 0.000000 0.000000 1.000000 0.718262 1.000000 2 10 0.307059 11 0.692941
2efb_kyj02_body_mesh1_d3
10 -3.711264 -26.067592 0.000000 0.000000 0.000000 1.000000 0.431885 0.833374 3 10 0.272343 11 0.713544 12 0.014113
10 3.711271 -26.067592 0.000000 0.000000 0.000000 1.000000 0.718262 0.833374 3 10 0.272343 11 0.713544 12 0.014113
10 3.711270 -18.617363 0.000000 0.000000 0.000000 1.000000 0.718262 1.000000 2 10 0.307059 11 0.692941
2efb_kyj02_body_mesh1_d3
10 3.711270 -18.617363 0.000000 0.000000 0.000000 1.000000 0.718262 1.000000 2 10 0.307059 11 0.692941
10 3.711271 -26.067592 0.000000 0.000000 0.000000 1.000000 0.718262 0.833374 3 10 0.272343 11 0.713544 12 0.014113
10 11.133804 -18.617361 0.000000 0.000000 0.000000 1.000000 1.004883 1.000000 2 10 0.355496 11 0.644504
2efb_kyj02_body_mesh1_d3
10 3.711271 -26.067592 0.000000 0.000000 0.000000 1.000000 0.718262 0.833374 3 10 0.272343 11 0.713544 12 0.014113
10 11.133806 -26.067589 0.000000 0.000000 0.000000 1.000000 1.004883 0.833374 3 10 0.288191 11 0.690337 12 0.021473
10 11.133804 -18.617361 0.000000 0.000000 0.000000 1.000000 1.004883 1.000000 2 10 0.355496 11 0.644504
2efb_kyj02_body_mesh1_d3
10 -11.133796 -26.067598 0.000000 0.000000 0.000000 1.000000 0.145386 0.833374 3 10 0.288191 11 0.690337 12 0.021473
10 -11.133799 -33.517825 0.000000 0.000000 0.000000 1.000000 0.145386 0.666748 3 10 0.229347 11 0.670777 12 0.099876
10 -3.711264 -26.067592 0.000000 0.000000 0.000000 1.000000 0.431885 0.833374 3 10 0.272343 11 0.713544 12 0.014113
2efb_kyj02_body_mesh1_d3
10 -11.133799 -33.517825 0.000000 0.000000 0.000000 1.000000 0.145386 0.666748 3 10 0.229347 11 0.670777 12 0.099876
10 -3.711262 -33.517822 0.000000 0.000000 0.000000 1.000000 0.431885 0.666748 3 10 0.224374 11 0.680348 12 0.095278
10 -3.711264 -26.067592 0.000000 0.000000 0.000000 1.000000 0.431885 0.833374 3 10 0.272343 11 0.713544 12 0.014113
2efb_kyj02_body_mesh1_d3
10 -3.711264 -26.067592 0.000000 0.000000 0.000000 1.000000 0.431885 0.833374 3 10 0.272343 11 0.713544 12 0.014113
10 -3.711262 -33.517822 0.000000 0.000000 0.000000 1.000000 0.431885 0.666748 3 10 0.224374 11 0.680348 12 0.095278
10 3.711271 -26.067592 0.000000 0.000000 0.000000 1.000000 0.718262 0.833374 3 10 0.272343 11 0.713544 12 0.014113
2efb_kyj02_body_mesh1_d3
10 -3.711262 -33.517822 0.000000 0.000000 0.000000 1.000000 0.431885 0.666748 3 10 0.224374 11 0.680348 12 0.095278
10 3.711272 -33.517822 0.000000 0.000000 0.000000 1.000000 0.718262 0.666748 3 10 0.224374 11 0.680348 12 0.095278
10 3.711271 -26.067592 0.000000 0.000000 0.000000 1.000000 0.718262 0.833374 3 10 0.272343 11 0.713544 12 0.014113
2efb_kyj02_body_mesh1_d3
10 3.711271 -26.067592 0.000000 0.000000 0.000000 1.000000 0.718262 0.833374 3 10 0.272343 11 0.713544 12 0.014113
10 3.711272 -33.517822 0.000000 0.000000 0.000000 1.000000 0.718262 0.666748 3 10 0.224374 11 0.680348 12 0.095278
10 11.133806 -26.067589 0.000000 0.000000 0.000000 1.000000 1.004883 0.833374 3 10 0.288191 11 0.690337 12 0.021473
2efb_kyj02_body_mesh1_d3
10 3.711272 -33.517822 0.000000 0.000000 0.000000 1.000000 0.718262 0.666748 3 10 0.224374 11 0.680348 12 0.095278
10 11.133807 -33.517819 0.000000 0.000000 0.000000 1.000000 1.004883 0.666748 3 10 0.229347 11 0.670777 12 0.099876
10 11.133806 -26.067589 0.000000 0.000000 0.000000 1.000000 1.004883 0.833374 3 10 0.288191 11 0.690337 12 0.021473
2efb_kyj02_body_mesh1_d3
10 -11.133799 -33.517825 0.000000 0.000000 0.000000 1.000000 0.145386 0.666748 3 10 0.229347 11 0.670777 12 0.099876
10 -11.133795 -40.968051 0.000000 0.000000 0.000000 1.000000 0.145386 0.500000 3 10 0.162864 11 0.594138 12 0.242998
10 -3.711262 -33.517822 0.000000 0.000000 0.000000 1.000000 0.431885 0.666748 3 10 0.224374 11 0.680348 12 0.095278
2efb_kyj02_body_mesh1_d3
10 -11.133795 -40.968051 0.000000 0.000000 0.000000 1.000000 0.145386 0.500000 3 10 0.162864 11 0.594138 12 0.242998
10 -3.711262 -40.968055 0.000000 0.000000 0.000000 1.000000 0.431885 0.500000 3 10 0.161159 11 0.595080 12 0.243762
10 -3.711262 -33.517822 0.000000 0.000000 0.000000 1.000000 0.431885 0.666748 3 10 0.224374 11 0.680348 12 0.095278
2efb_kyj02_body_mesh1_d3
10 -3.711262 -33.517822 0.000000 0.000000 0.000000 1.000000 0.431885 0.666748 3 10 0.224374 11 0.680348 12 0.095278
10 -3.711262 -40.968055 0.000000 0.000000 0.000000 1.000000 0.431885 0.500000 3 10 0.161159 11 0.595080 12 0.243762
10 3.711272 -33.517822 0.000000 0.000000 0.000000 1.000000 0.718262 0.666748 3 10 0.224374 11 0.680348 12 0.095278
2efb_kyj02_body_mesh1_d3
10 -3.711262 -40.968055 0.000000 0.000000 0.000000 1.000000 0.431885 0.500000 3 10 0.161159 11 0.595080 12 0.243762
10 3.711273 -40.968055 0.000000 0.000000 0.000000 1.000000 0.718262 0.500000 3 10 0.161159 11 0.595080 12 0.243762
10 3.711272 -33.517822 0.000000 0.000000 0.000000 1.000000 0.718262 0.666748 3 10 0.224374 11 0.680348 12 0.095278
2efb_kyj02_body_mesh1_d3
10 3.711272 -33.517822 0.000000 0.000000 0.000000 1.000000 0.718262 0.666748 3 10 0.224374 11 0.680348 12 0.095278
10 3.711273 -40.968055 0.000000 0.000000 0.000000 1.000000 0.718262 0.500000 3 10 0.161159 11 0.595080 12 0.243762
10 11.133807 -33.517819 0.000000 0.000000 0.000000 1.000000 1.004883 0.666748 3 10 0.229347 11 0.670777 12 0.099876
2efb_kyj02_body_mesh1_d3
10 3.711273 -40.968055 0.000000 0.000000 0.000000 1.000000 0.718262 0.500000 3 10 0.161159 11 0.595080 12 0.243762
10 11.133807 -40.968045 0.000000 0.000000 0.000000 1.000000 1.004883 0.500000 3 10 0.162864 11 0.594138 12 0.242998
10 11.133807 -33.517819 0.000000 0.000000 0.000000 1.000000 1.004883 0.666748 3 10 0.229347 11 0.670777 12 0.099876
2efb_kyj02_body_mesh1_d3
10 -11.133792 -63.318734 0.000000 0.000000 0.000000 1.000000 0.145386 0.000000 3 10 0.014462 11 0.269404 12 0.716134
10 -3.711258 -63.318734 0.000000 0.000000 0.000000 1.000000 0.431885 0.000000 3 10 0.014540 11 0.253008 12 0.732451
10 -11.133792 -59.593621 0.000000 0.000000 0.000000 1.000000 0.145386 0.083496 3 10 0.026400 11 0.295458 12 0.678142
2efb_kyj02_body_mesh1_d3
10 -3.711258 -63.318734 0.000000 0.000000 0.000000 1.000000 0.431885 0.000000 3 10 0.014540 11 0.253008 12 0.732451
10 -3.711258 -59.593621 0.000000 0.000000 0.000000 1.000000 0.431885 0.083496 3 10 0.026035 11 0.279580 12 0.694385
10 -11.133792 -59.593621 0.000000 0.000000 0.000000 1.000000 0.145386 0.083496 3 10 0.026400 11 0.295458 12 0.678142
2efb_kyj02_body_mesh1_d3
10 -11.133792 -59.593621 0.000000 0.000000 0.000000 1.000000 0.145386 0.083496 3 10 0.026400 11 0.295458 12 0.678142
10 -3.711258 -59.593621 0.000000 0.000000 0.000000 1.000000 0.431885 0.083496 3 10 0.026035 11 0.279580 12 0.694385
10 -3.711260 -55.868523 0.000000 0.000000 0.000000 1.000000 0.431885 0.166992 3 10 0.041967 11 0.321425 12 0.636608
2efb_kyj02_body_mesh1_d3
10 -3.711258 -59.593621 0.000000 0.000000 0.000000 1.000000 0.431885 0.083496 3 10 0.026035 11 0.279580 12 0.694385
10 3.711276 -55.868523 0.000000 0.000000 0.000000 1.000000 0.718262 0.166992 3 10 0.041967 11 0.321426 12 0.636608
10 -3.711260 -55.868523 0.000000 0.000000 0.000000 1.000000 0.431885 0.166992 3 10 0.041967 11 0.321425 12 0.636608
2efb_kyj02_body_mesh1_d3
10 -3.711260 -55.868523 0.000000 0.000000 0.000000 1.000000 0.431885 0.166992 3 10 0.041967 11 0.321425 12 0.636608
10 3.711276 -55.868523 0.000000 0.000000 0.000000 1.000000 0.718262 0.166992 3 10 0.041967 11 0.321426 12 0.636608
10 -3.711260 -52.143401 0.000000 0.000000 0.000000 1.000000 0.431885 0.250000 3 10 0.063330 11 0.377260 12 0.559409
2efb_kyj02_body_mesh1_d3
10 3.711276 -55.868523 0.000000 0.000000 0.000000 1.000000 0.718262 0.166992 3 10 0.041967 11 0.321426 12 0.636608
10 3.711275 -52.143401 0.000000 0.000000 0.000000 1.000000 0.718262 0.250000 3 10 0.063330 11 0.377260 12 0.559409
10 -3.711260 -52.143401 0.000000 0.000000 0.000000 1.000000 0.431885 0.250000 3 10 0.063330 11 0.377260 12 0.559409
2efb_kyj02_body_mesh1_d3
10 -3.711260 -52.143401 0.000000 0.000000 0.000000 1.000000 0.431885 0.250000 3 10 0.063330 11 0.377260 12 0.559409
10 3.711275 -52.143401 0.000000 0.000000 0.000000 1.000000 0.718262 0.250000 3 10 0.063330 11 0.377260 12 0.559409
10 3.711274 -48.418286 0.000000 0.000000 0.000000 1.000000 0.718262 0.333496 3 10 0.090803 11 0.445155 12 0.464041
2efb_kyj02_body_mesh1_d3
10 3.711275 -52.143401 0.000000 0.000000 0.000000 1.000000 0.718262 0.250000 3 10 0.063330 11 0.377260 12 0.559409
10 11.133809 -48.418286 0.000000 0.000000 0.000000 1.000000 1.004883 0.333496 3 10 0.091740 11 0.451914 12 0.456346
10 3.711274 -48.418286 0.000000 0.000000 0.000000 1.000000 0.718262 0.333496 3 10 0.090803 11 0.445155 12 0.464041
2efb_kyj02_body_mesh1_d3
10 3.711274 -48.418286 0.000000 0.000000 0.000000 1.000000 0.718262 0.333496 3 10 0.090803 11 0.445155 12 0.464041
10 11.133809 -48.418286 0.000000 0.000000 0.000000 1.000000 1.004883 0.333496 3 10 0.091740 11 0.451914 12 0.456346
10 3.711273 -44.693166 0.000000 0.000000 0.000000 1.000000 0.718262 0.416992 3 10 0.123989 11 0.520148 12 0.355863
2efb_kyj02_body_mesh1_d3
10 11.133809 -48.418286 0.000000 0.000000 0.000000 1.000000 1.004883 0.333496 3 10 0.091740 11 0.451914 12 0.456346
10 11.133808 -44.693166 0.000000 0.000000 0.000000 1.000000 1.004883 0.416992 3 10 0.125151 11 0.523209 12 0.351640
10 3.711273 -44.693166 0.000000 0.000000 0.000000 1.000000 0.718262 0.416992 3 10 0.123989 11 0.520148 12 0.355863
2efb_kyj02_body_mesh1_d3
10 3.711273 -44.693166 0.000000 0.000000 0.000000 1.000000 0.718262 0.416992 3 10 0.123989 11 0.520148 12 0.355863
10 11.133808 -44.693166 0.000000 0.000000 0.000000 1.000000 1.004883 0.416992 3 10 0.125151 11 0.523209 12 0.351640
10 11.133807 -40.968045 0.000000 0.000000 0.000000 1.000000 1.004883 0.500000 3 10 0.162864 11 0.594138 12 0.242998
2efb_kyj02_body_mesh1_d3
10 -3.711258 -63.318734 0.000000 0.000000 0.000000 1.000000 0.431885 0.000000 3 10 0.014540 11 0.253008 12 0.732451
10 3.711277 -63.318734 0.000000 0.000000 0.000000 1.000000 0.718262 0.000000 3 10 0.014540 11 0.253008 12 0.732451
10 -3.711258 -59.593621 0.000000 0.000000 0.000000 1.000000 0.431885 0.083496 3 10 0.026035 11 0.279580 12 0.694385
2efb_kyj02_body_mesh1_d3
10 3.711277 -63.318734 0.000000 0.000000 0.000000 1.000000 0.718262 0.000000 3 10 0.014540 11 0.253008 12 0.732451
10 3.711276 -59.593624 0.000000 0.000000 0.000000 1.000000 0.718262 0.083496 3 10 0.026035 11 0.279580 12 0.694385
10 -3.711258 -59.593621 0.000000 0.000000 0.000000 1.000000 0.431885 0.083496 3 10 0.026035 11 0.279580 12 0.694385
2efb_kyj02_body_mesh1_d3
10 -3.711258 -59.593621 0.000000 0.000000 0.000000 1.000000 0.431885 0.083496 3 10 0.026035 11 0.279580 12 0.694385
10 3.711276 -59.593624 0.000000 0.000000 0.000000 1.000000 0.718262 0.083496 3 10 0.026035 11 0.279580 12 0.694385
10 3.711276 -55.868523 0.000000 0.000000 0.000000 1.000000 0.718262 0.166992 3 10 0.041967 11 0.321426 12 0.636608
2efb_kyj02_body_mesh1_d3
10 3.711276 -59.593624 0.000000 0.000000 0.000000 1.000000 0.718262 0.083496 3 10 0.026035 11 0.279580 12 0.694385
10 11.133810 -55.868523 0.000000 0.000000 0.000000 1.000000 1.004883 0.166992 3 10 0.042585 11 0.334462 12 0.622953
10 3.711276 -55.868523 0.000000 0.000000 0.000000 1.000000 0.718262 0.166992 3 10 0.041967 11 0.321426 12 0.636608
2efb_kyj02_body_mesh1_d3
10 3.711276 -55.868523 0.000000 0.000000 0.000000 1.000000 0.718262 0.166992 3 10 0.041967 11 0.321426 12 0.636608
10 11.133810 -55.868523 0.000000 0.000000 0.000000 1.000000 1.004883 0.166992 3 10 0.042585 11 0.334462 12 0.622953
10 3.711275 -52.143401 0.000000 0.000000 0.000000 1.000000 0.718262 0.250000 3 10 0.063330 11 0.377260 12 0.559409
2efb_kyj02_body_mesh1_d3
10 11.133810 -55.868523 0.000000 0.000000 0.000000 1.000000 1.004883 0.166992 3 10 0.042585 11 0.334462 12 0.622953
10 11.133808 -52.143401 0.000000 0.000000 0.000000 1.000000 1.004883 0.250000 3 10 0.064125 11 0.387320 12 0.548555
10 3.711275 -52.143401 0.000000 0.000000 0.000000 1.000000 0.718262 0.250000 3 10 0.063330 11 0.377260 12 0.559409
2efb_kyj02_body_mesh1_d3
10 3.711275 -52.143401 0.000000 0.000000 0.000000 1.000000 0.718262 0.250000 3 10 0.063330 11 0.377260 12 0.559409
10 11.133808 -52.143401 0.000000 0.000000 0.000000 1.000000 1.004883 0.250000 3 10 0.064125 11 0.387320 12 0.548555
10 11.133809 -48.418286 0.000000 0.000000 0.000000 1.000000 1.004883 0.333496 3 10 0.091740 11 0.451914 12 0.456346
2efb_kyj02_body_mesh1_d3
10 3.711277 -63.318734 0.000000 0.000000 0.000000 1.000000 0.718262 0.000000 3 10 0.014540 11 0.253008 12 0.732451
10 11.133809 -63.318734 0.000000 0.000000 0.000000 1.000000 1.004883 0.000000 3 10 0.014462 11 0.269404 12 0.716134
10 3.711276 -59.593624 0.000000 0.000000 0.000000 1.000000 0.718262 0.083496 3 10 0.026035 11 0.279580 12 0.694385
2efb_kyj02_body_mesh1_d3
10 11.133809 -63.318734 0.000000 0.000000 0.000000 1.000000 1.004883 0.000000 3 10 0.014462 11 0.269404 12 0.716134
10 11.133810 -59.593630 0.000000 0.000000 0.000000 1.000000 1.004883 0.083496 3 10 0.026400 11 0.295458 12 0.678142
10 3.711276 -59.593624 0.000000 0.000000 0.000000 1.000000 0.718262 0.083496 3 10 0.026035 11 0.279580 12 0.694385
2efb_kyj02_body_mesh1_d3
10 3.711276 -59.593624 0.000000 0.000000 0.000000 1.000000 0.718262 0.083496 3 10 0.026035 11 0.279580 12 0.694385
10 11.133810 -59.593630 0.000000 0.000000 0.000000 1.000000 1.004883 0.083496 3 10 0.026400 11 0.295458 12 0.678142
10 11.133810 -55.868523 0.000000 0.000000 0.000000 1.000000 1.004883 0.166992 3 10 0.042585 11 0.334462 12 0.622953
2efb_kyj02_body_mesh1_d3
10 -0.136659 -4.551877 -0.856047 -0.700386 -0.001300 -0.713763 0.000000 0.750000 2 10 0.800000 11 0.200000
10 -0.136658 -9.099072 -0.854402 -0.705240 0.002731 -0.708964 0.000000 0.500000 2 10 0.625000 11 0.375000
10 -0.991060 -4.662446 -0.016202 -0.700197 0.003699 0.713941 0.132812 0.750000 2 10 0.800000 11 0.200000
2efb_kyj02_body_mesh1_d3
10 -0.136658 -9.099072 -0.854402 -0.705240 0.002731 -0.708964 0.000000 0.500000 2 10 0.625000 11 0.375000
10 -0.991060 -9.099072 0.000000 -0.705105 -0.004802 0.709087 0.132812 0.500000 2 10 0.625000 11 0.375000
10 -0.991060 -4.662446 -0.016202 -0.700197 0.003699 0.713941 0.132812 0.750000 2 10 0.800000 11 0.200000
2efb_kyj02_body_mesh1_d3
10 -0.991060 -9.099072 0.000000 -0.705105 -0.004802 0.709087 0.132812 0.500000 2 10 0.625000 11 0.375000
10 -0.136658 -9.099072 -0.854402 -0.705240 0.002731 -0.708964 0.000000 0.500000 2 10 0.625000 11 0.375000
10 -0.991060 -13.789181 -0.057030 -0.686970 -0.012015 0.726587 0.132812 0.250000 2 10 0.450000 11 0.550000
2efb_kyj02_body_mesh1_d3
10 -0.136658 -9.099072 -0.854402 -0.705240 0.002731 -0.708964 0.000000 0.500000 2 10 0.625000 11 0.375000
10 -0.136658 -13.969724 -0.871406 -0.687855 0.005483 -0.725827 0.000000 0.250000 2 10 0.450000 11 0.550000
10 -0.991060 -13.789181 -0.057030 -0.686970 -0.012015 0.726587 0.132812 0.250000 2 10 0.450000 11 0.550000
2efb_kyj02_body_mesh1_d3
10 -0.991060 -13.789181 -0.057030 -0.686970 -0.012015 0.726587 0.132812 0.250000 2 10 0.450000 11 0.550000
10 -0.136658 -13.969724 -0.871406 -0.687855 0.005483 -0.725827 0.000000 0.250000 2 10 0.450000 11 0.550000
10 -0.991059 -18.479290 -0.114060 -0.669417 -0.009033 0.742832 0.132812 0.000000 2 10 0.300932 11 0.699068
2efb_kyj02_body_mesh1_d3
10 -0.136658 -13.969724 -0.871406 -0.687855 0.005483 -0.725827 0.000000 0.250000 2 10 0.450000 11 0.550000
10 -0.136658 -18.840378 -0.888411 -0.670940 0.002589 -0.741507 0.000000 0.000000 2 10 0.303291 11 0.696709
10 -0.991059 -18.479290 -0.114060 -0.669417 -0.009033 0.742832 0.132812 0.000000 2 10 0.300932 11 0.699068
2efb_kyj02_body_mesh1_d3
10 -0.991060 -4.662446 -0.016202 -0.700197 0.003699 0.713941 0.000000 0.750000 2 10 0.800000 11 0.200000
10 -0.991060 -9.099072 0.000000 -0.705105 -0.004802 0.709087 0.000000 0.500000 2 10 0.625000 11 0.375000
10 -0.136658 -4.773015 0.823643 0.701299 0.003973 0.712856 0.132812 0.750000 2 10 0.800000 11 0.200000
2efb_kyj02_body_mesh1_d3
10 -0.991060 -9.099072 0.000000 -0.705105 -0.004802 0.709087 0.000000 0.500000 2 10 0.625000 11 0.375000
10 -0.136658 -9.099072 0.854402 0.707098 -0.005062 0.707098 0.132812 0.500000 2 10 0.625000 11 0.375000
10 -0.136658 -4.773015 0.823643 0.701299 0.003973 0.712856 0.132812 0.750000 2 10 0.800000 11 0.200000
2efb_kyj02_body_mesh1_d3
10 -0.136658 -9.099072 0.854402 0.707098 -0.005062 0.707098 0.132812 0.500000 2 10 0.625000 11 0.375000
10 -0.991060 -9.099072 0.000000 -0.705105 -0.004802 0.709087 0.000000 0.500000 2 10 0.625000 11 0.375000
10 -0.136658 -13.608638 0.757346 0.690116 -0.012388 0.723592 0.132812 0.250000 2 10 0.450000 11 0.550000
2efb_kyj02_body_mesh1_d3
10 -0.991060 -9.099072 0.000000 -0.705105 -0.004802 0.709087 0.000000 0.500000 2 10 0.625000 11 0.375000
10 -0.991060 -13.789181 -0.057030 -0.686970 -0.012015 0.726587 0.000000 0.250000 2 10 0.450000 11 0.550000
10 -0.136658 -13.608638 0.757346 0.690116 -0.012388 0.723592 0.132812 0.250000 2 10 0.450000 11 0.550000
2efb_kyj02_body_mesh1_d3
10 -0.136658 -13.608638 0.757346 0.690116 -0.012388 0.723592 0.132812 0.250000 2 10 0.450000 11 0.550000
10 -0.991060 -13.789181 -0.057030 -0.686970 -0.012015 0.726587 0.000000 0.250000 2 10 0.450000 11 0.550000
10 -0.136658 -18.118203 0.660291 0.672087 -0.009962 0.740405 0.132812 0.000000 2 10 0.310447 11 0.689553
2efb_kyj02_body_mesh1_d3
10 -0.991060 -13.789181 -0.057030 -0.686970 -0.012015 0.726587 0.000000 0.250000 2 10 0.450000 11 0.550000
10 -0.991059 -18.479290 -0.114060 -0.669417 -0.009033 0.742832 0.000000 0.000000 2 10 0.300932 11 0.699068
10 -0.136658 -18.118203 0.660291 0.672087 -0.009962 0.740405 0.132812 0.000000 2 10 0.310447 11 0.689553
2efb_kyj02_body_mesh1_d3
10 -11.133792 -59.593621 0.000000 0.000000 0.000000 1.000000 0.145386 0.083496 3 10 0.026400 11 0.295458 12 0.678142
10 -3.711260 -55.868523 0.000000 0.000000 0.000000 1.000000 0.431885 0.166992 3 10 0.041967 11 0.321425 12 0.636608
10 -11.133793 -55.868508 0.000000 0.000000 0.000000 1.000000 0.145386 0.166992 3 10 0.042585 11 0.334462 12 0.622953
2efb_kyj02_body_mesh1_d3
10 -3.711260 -55.868523 0.000000 0.000000 0.000000 1.000000 0.431885 0.166992 3 10 0.041967 11 0.321425 12 0.636608
10 -11.133793 -52.143401 0.000000 0.000000 0.000000 1.000000 0.145386 0.250000 3 10 0.064125 11 0.387320 12 0.548555
10 -11.133793 -55.868508 0.000000 0.000000 0.000000 1.000000 0.145386 0.166992 3 10 0.042585 11 0.334462 12 0.622953
2efb_kyj02_body_mesh1_d3
10 -3.711260 -55.868523 0.000000 0.000000 0.000000 1.000000 0.431885 0.166992 3 10 0.041967 11 0.321425 12 0.636608
10 -3.711260 -52.143401 0.000000 0.000000 0.000000 1.000000 0.431885 0.250000 3 10 0.063330 11 0.377260 12 0.559409
10 -11.133793 -52.143401 0.000000 0.000000 0.000000 1.000000 0.145386 0.250000 3 10 0.064125 11 0.387320 12 0.548555
2efb_kyj02_body_mesh1_d3
10 -3.711260 -52.143401 0.000000 0.000000 0.000000 1.000000 0.431885 0.250000 3 10 0.063330 11 0.377260 12 0.559409
10 -3.711260 -48.418286 0.000000 0.000000 0.000000 1.000000 0.431885 0.333496 3 10 0.090803 11 0.445155 12 0.464041
10 -11.133793 -52.143401 0.000000 0.000000 0.000000 1.000000 0.145386 0.250000 3 10 0.064125 11 0.387320 12 0.548555
2efb_kyj02_body_mesh1_d3
10 -11.133793 -52.143401 0.000000 0.000000 0.000000 1.000000 0.145386 0.250000 3 10 0.064125 11 0.387320 12 0.548555
10 -3.711260 -48.418286 0.000000 0.000000 0.000000 1.000000 0.431885 0.333496 3 10 0.090803 11 0.445155 12 0.464041
10 -11.133796 -48.418286 0.000000 0.000000 0.000000 1.000000 0.145386 0.333496 3 10 0.091740 11 0.451914 12 0.456346
2efb_kyj02_body_mesh1_d3
10 -3.711260 -48.418286 0.000000 0.000000 0.000000 1.000000 0.431885 0.333496 3 10 0.090803 11 0.445155 12 0.464041
10 -11.133796 -44.693175 0.000000 0.000000 0.000000 1.000000 0.145386 0.416992 3 10 0.125151 11 0.523209 12 0.351640
10 -11.133796 -48.418286 0.000000 0.000000 0.000000 1.000000 0.145386 0.333496 3 10 0.091740 11 0.451914 12 0.456346
2efb_kyj02_body_mesh1_d3
10 -3.711260 -52.143401 0.000000 0.000000 0.000000 1.000000 0.431885 0.250000 3 10 0.063330 11 0.377260 12 0.559409
10 3.711274 -48.418286 0.000000 0.000000 0.000000 1.000000 0.718262 0.333496 3 10 0.090803 11 0.445155 12 0.464041
10 -3.711260 -48.418286 0.000000 0.000000 0.000000 1.000000 0.431885 0.333496 3 10 0.090803 11 0.445155 12 0.464041
2efb_kyj02_body_mesh1_d3
10 3.711274 -48.418286 0.000000 0.000000 0.000000 1.000000 0.718262 0.333496 3 10 0.090803 11 0.445155 12 0.464041
10 -3.711261 -44.693166 0.000000 0.000000 0.000000 1.000000 0.431885 0.416992 3 10 0.123989 11 0.520148 12 0.355863
10 -3.711260 -48.418286 0.000000 0.000000 0.000000 1.000000 0.431885 0.333496 3 10 0.090803 11 0.445155 12 0.464041
2efb_kyj02_body_mesh1_d3
10 -3.711260 -48.418286 0.000000 0.000000 0.000000 1.000000 0.431885 0.333496 3 10 0.090803 11 0.445155 12 0.464041
10 -3.711261 -44.693166 0.000000 0.000000 0.000000 1.000000 0.431885 0.416992 3 10 0.123989 11 0.520148 12 0.355863
10 -11.133796 -44.693175 0.000000 0.000000 0.000000 1.000000 0.145386 0.416992 3 10 0.125151 11 0.523209 12 0.351640
2efb_kyj02_body_mesh1_d3
10 -3.711261 -44.693166 0.000000 0.000000 0.000000 1.000000 0.431885 0.416992 3 10 0.123989 11 0.520148 12 0.355863
10 -3.711262 -40.968055 0.000000 0.000000 0.000000 1.000000 0.431885 0.500000 3 10 0.161159 11 0.595080 12 0.243762
10 -11.133796 -44.693175 0.000000 0.000000 0.000000 1.000000 0.145386 0.416992 3 10 0.125151 11 0.523209 12 0.351640
2efb_kyj02_body_mesh1_d3
10 -11.133796 -44.693175 0.000000 0.000000 0.000000 1.000000 0.145386 0.416992 3 10 0.125151 11 0.523209 12 0.351640
10 -3.711262 -40.968055 0.000000 0.000000 0.000000 1.000000 0.431885 0.500000 3 10 0.161159 11 0.595080 12 0.243762
10 -11.133795 -40.968051 0.000000 0.000000 0.000000 1.000000 0.145386 0.500000 3 10 0.162864 11 0.594138 12 0.242998
2efb_kyj02_body_mesh1_d3
10 3.711274 -48.418286 0.000000 0.000000 0.000000 1.000000 0.718262 0.333496 3 10 0.090803 11 0.445155 12 0.464041
10 3.711273 -44.693166 0.000000 0.000000 0.000000 1.000000 0.718262 0.416992 3 10 0.123989 11 0.520148 12 0.355863
10 -3.711261 -44.693166 0.000000 0.000000 0.000000 1.000000 0.431885 0.416992 3 10 0.123989 11 0.520148 12 0.355863
2efb_kyj02_body_mesh1_d3
10 3.711273 -44.693166 0.000000 0.000000 0.000000 1.000000 0.718262 0.416992 3 10 0.123989 11 0.520148 12 0.355863
10 3.711273 -40.968055 0.000000 0.000000 0.000000 1.000000 0.718262 0.500000 3 10 0.161159 11 0.595080 12 0.243762
10 -3.711261 -44.693166 0.000000 0.000000 0.000000 1.000000 0.431885 0.416992 3 10 0.123989 11 0.520148 12 0.355863
2efb_kyj02_body_mesh1_d3
10 -3.711261 -44.693166 0.000000 0.000000 0.000000 1.000000 0.431885 0.416992 3 10 0.123989 11 0.520148 12 0.355863
10 3.711273 -40.968055 0.000000 0.000000 0.000000 1.000000 0.718262 0.500000 3 10 0.161159 11 0.595080 12 0.243762
10 -3.711262 -40.968055 0.000000 0.000000 0.000000 1.000000 0.431885 0.500000 3 10 0.161159 11 0.595080 12 0.243762
2efb_kyj02_body_mesh1_d3
10 -11.133799 -18.617361 -0.044532 0.000000 0.000000 -1.000000 1.004883 1.000000 2 10 0.355496 11 0.644504
10 -3.711265 -18.617361 -0.044532 0.000000 0.000000 -1.000000 0.718262 1.000000 2 10 0.305630 11 0.694370
10 -11.133796 -26.067603 -0.044532 0.000000 0.000000 -1.000000 1.004883 0.833374 3 10 0.288191 11 0.690337 12 0.021473
2efb_kyj02_body_mesh1_d3
10 -3.711265 -18.617361 -0.044532 0.000000 0.000000 -1.000000 0.718262 1.000000 2 10 0.305630 11 0.694370
10 -3.711264 -26.067592 -0.044532 0.000000 0.000000 -1.000000 0.718262 0.833374 3 10 0.272491 11 0.713489 12 0.014019
10 -11.133796 -26.067603 -0.044532 0.000000 0.000000 -1.000000 1.004883 0.833374 3 10 0.288191 11 0.690337 12 0.021473
2efb_kyj02_body_mesh1_d3
10 -11.133796 -26.067603 -0.044532 0.000000 0.000000 -1.000000 1.004883 0.833374 3 10 0.288191 11 0.690337 12 0.021473
10 -3.711264 -26.067592 -0.044532 0.000000 0.000000 -1.000000 0.718262 0.833374 3 10 0.272491 11 0.713489 12 0.014019
10 -11.133799 -33.517825 -0.044532 0.000000 0.000000 -1.000000 1.004883 0.666748 3 10 0.229347 11 0.670777 12 0.099876
2efb_kyj02_body_mesh1_d3
10 -3.711264 -26.067592 -0.044532 0.000000 0.000000 -1.000000 0.718262 0.833374 3 10 0.272491 11 0.713489 12 0.014019
10 -3.711263 -33.517822 -0.044532 0.000000 0.000000 -1.000000 0.718262 0.666748 3 10 0.224374 11 0.680348 12 0.095278
10 -11.133799 -33.517825 -0.044532 0.000000 0.000000 -1.000000 1.004883 0.666748 3 10 0.229347 11 0.670777 12 0.099876
2efb_kyj02_body_mesh1_d3
10 -11.133799 -33.517825 -0.044532 0.000000 0.000000 -1.000000 1.004883 0.666748 3 10 0.229347 11 0.670777 12 0.099876
10 -3.711263 -33.517822 -0.044532 0.000000 0.000000 -1.000000 0.718262 0.666748 3 10 0.224374 11 0.680348 12 0.095278
10 -11.133794 -40.968051 -0.044532 0.000000 0.000000 -1.000000 1.004883 0.500000 3 10 0.162418 11 0.593300 12 0.244281
2efb_kyj02_body_mesh1_d3
10 -3.711263 -33.517822 -0.044532 0.000000 0.000000 -1.000000 0.718262 0.666748 3 10 0.224374 11 0.680348 12 0.095278
10 -3.711262 -40.968057 -0.044532 0.000000 0.000000 -1.000000 0.718262 0.500000 3 10 0.160720 11 0.594195 12 0.245086
10 -11.133794 -40.968051 -0.044532 0.000000 0.000000 -1.000000 1.004883 0.500000 3 10 0.162418 11 0.593300 12 0.244281
2efb_kyj02_body_mesh1_d3
10 -11.133794 -40.968051 -0.044532 0.000000 0.000000 -1.000000 1.004883 0.500000 3 10 0.162418 11 0.593300 12 0.244281
10 -3.711262 -40.968057 -0.044532 0.000000 0.000000 -1.000000 0.718262 0.500000 3 10 0.160720 11 0.594195 12 0.245086
10 -11.133796 -44.693178 -0.044532 0.000000 0.000000 -1.000000 1.004883 0.416992 3 10 0.126233 11 0.523117 12 0.350650
2efb_kyj02_body_mesh1_d3
10 -3.711262 -40.968057 -0.044532 0.000000 0.000000 -1.000000 0.718262 0.500000 3 10 0.160720 11 0.594195 12 0.245086
10 -3.711261 -44.693169 -0.044532 0.000000 0.000000 -1.000000 0.718262 0.416992 3 10 0.124991 11 0.520133 12 0.354876
10 -11.133796 -44.693178 -0.044532 0.000000 0.000000 -1.000000 1.004883 0.416992 3 10 0.126233 11 0.523117 12 0.350650
2efb_kyj02_body_mesh1_d3
10 -11.133796 -44.693178 -0.044532 0.000000 0.000000 -1.000000 1.004883 0.416992 3 10 0.126233 11 0.523117 12 0.350650
10 -3.711261 -44.693169 -0.044532 0.000000 0.000000 -1.000000 0.718262 0.416992 3 10 0.124991 11 0.520133 12 0.354876
10 -3.711262 -48.418286 -0.044532 0.000000 0.000000 -1.000000 0.718262 0.333496 3 10 0.092240 11 0.446940 12 0.460820
2efb_kyj02_body_mesh1_d3
10 -3.711261 -44.693169 -0.044532 0.000000 0.000000 -1.000000 0.718262 0.416992 3 10 0.124991 11 0.520133 12 0.354876
10 3.711273 -48.418286 -0.044532 0.000000 0.000000 -1.000000 0.431885 0.333496 3 10 0.092240 11 0.446940 12 0.460820
10 -3.711262 -48.418286 -0.044532 0.000000 0.000000 -1.000000 0.718262 0.333496 3 10 0.092240 11 0.446940 12 0.460820
2efb_kyj02_body_mesh1_d3
10 -3.711262 -48.418286 -0.044532 0.000000 0.000000 -1.000000 0.718262 0.333496 3 10 0.092240 11 0.446940 12 0.460820
10 3.711273 -48.418286 -0.044532 0.000000 0.000000 -1.000000 0.431885 0.333496 3 10 0.092240 11 0.446940 12 0.460820
10 -3.711260 -52.143401 -0.044532 0.000000 0.000000 -1.000000 0.718262 0.250000 3 10 0.064867 11 0.380293 12 0.554840
2efb_kyj02_body_mesh1_d3
10 3.711273 -48.418286 -0.044532 0.000000 0.000000 -1.000000 0.431885 0.333496 3 10 0.092240 11 0.446940 12 0.460820
10 3.711274 -52.143401 -0.044532 0.000000 0.000000 -1.000000 0.431885 0.250000 3 10 0.064867 11 0.380293 12 0.554840
10 -3.711260 -52.143401 -0.044532 0.000000 0.000000 -1.000000 0.718262 0.250000 3 10 0.064867 11 0.380293 12 0.554840
2efb_kyj02_body_mesh1_d3
10 -3.711260 -52.143401 -0.044532 0.000000 0.000000 -1.000000 0.718262 0.250000 3 10 0.064867 11 0.380293 12 0.554840
10 3.711274 -52.143401 -0.044532 0.000000 0.000000 -1.000000 0.431885 0.250000 3 10 0.064867 11 0.380293 12 0.554840
10 3.711275 -55.868523 -0.044532 0.000000 0.000000 -1.000000 0.431885 0.166992 3 10 0.043333 11 0.324944 12 0.631724
2efb_kyj02_body_mesh1_d3
10 3.711274 -52.143401 -0.044532 0.000000 0.000000 -1.000000 0.431885 0.250000 3 10 0.064867 11 0.380293 12 0.554840
10 11.133811 -55.868523 -0.044532 0.000000 0.000000 -1.000000 0.145386 0.166992 3 10 0.043932 11 0.337946 12 0.618122
10 3.711275 -55.868523 -0.044532 0.000000 0.000000 -1.000000 0.431885 0.166992 3 10 0.043333 11 0.324944 12 0.631724
2efb_kyj02_body_mesh1_d3
10 3.711275 -55.868523 -0.044532 0.000000 0.000000 -1.000000 0.431885 0.166992 3 10 0.043333 11 0.324944 12 0.631724
10 11.133811 -55.868523 -0.044532 0.000000 0.000000 -1.000000 0.145386 0.166992 3 10 0.043932 11 0.337946 12 0.618122
10 3.711275 -59.593630 -0.044532 0.000000 0.000000 -1.000000 0.431885 0.083496 3 10 0.027151 11 0.283421 12 0.689428
2efb_kyj02_body_mesh1_d3
10 11.133811 -55.868523 -0.044532 0.000000 0.000000 -1.000000 0.145386 0.166992 3 10 0.043932 11 0.337946 12 0.618122
10 11.133811 -59.593630 -0.044532 0.000000 0.000000 -1.000000 0.145386 0.083496 3 10 0.027468 11 0.298715 12 0.673817
10 3.711275 -59.593630 -0.044532 0.000000 0.000000 -1.000000 0.431885 0.083496 3 10 0.027151 11 0.283421 12 0.689428
2efb_kyj02_body_mesh1_d3
10 3.711275 -59.593630 -0.044532 0.000000 0.000000 -1.000000 0.431885 0.083496 3 10 0.027151 11 0.283421 12 0.689428
10 11.133811 -59.593630 -0.044532 0.000000 0.000000 -1.000000 0.145386 0.083496 3 10 0.027468 11 0.298715 12 0.673817
10 11.133809 -63.318734 -0.044532 0.000000 0.000000 -1.000000 0.145386 0.000000 3 10 0.014603 11 0.269712 12 0.715686
2efb_kyj02_body_mesh1_d3
10 -3.711265 -18.617361 -0.044532 0.000000 0.000000 -1.000000 0.718262 1.000000 2 10 0.305630 11 0.694370
10 3.711269 -18.617363 -0.044532 0.000000 0.000000 -1.000000 0.431885 1.000000 2 10 0.305636 11 0.694364
10 -3.711264 -26.067592 -0.044532 0.000000 0.000000 -1.000000 0.718262 0.833374 3 10 0.272491 11 0.713489 12 0.014019
2efb_kyj02_body_mesh1_d3
10 3.711269 -18.617363 -0.044532 0.000000 0.000000 -1.000000 0.431885 1.000000 2 10 0.305636 11 0.694364
10 3.711270 -26.067592 -0.044532 0.000000 0.000000 -1.000000 0.431885 0.833374 3 10 0.272489 11 0.713490 12 0.014021
10 -3.711264 -26.067592 -0.044532 0.000000 0.000000 -1.000000 0.718262 0.833374 3 10 0.272491 11 0.713489 12 0.014019
2efb_kyj02_body_mesh1_d3
10 -3.711264 -26.067592 -0.044532 0.000000 0.000000 -1.000000 0.718262 0.833374 3 10 0.272491 11 0.713489 12 0.014019
10 3.711270 -26.067592 -0.044532 0.000000 0.000000 -1.000000 0.431885 0.833374 3 10 0.272489 11 0.713490 12 0.014021
10 -3.711263 -33.517822 -0.044532 0.000000 0.000000 -1.000000 0.718262 0.666748 3 10 0.224374 11 0.680348 12 0.095278
2efb_kyj02_body_mesh1_d3
10 3.711270 -26.067592 -0.044532 0.000000 0.000000 -1.000000 0.431885 0.833374 3 10 0.272489 11 0.713490 12 0.014021
10 3.711271 -33.517822 -0.044532 0.000000 0.000000 -1.000000 0.431885 0.666748 3 10 0.224374 11 0.680348 12 0.095278
10 -3.711263 -33.517822 -0.044532 0.000000 0.000000 -1.000000 0.718262 0.666748 3 10 0.224374 11 0.680348 12 0.095278
2efb_kyj02_body_mesh1_d3
10 -3.711263 -33.517822 -0.044532 0.000000 0.000000 -1.000000 0.718262 0.666748 3 10 0.224374 11 0.680348 12 0.095278
10 3.711271 -33.517822 -0.044532 0.000000 0.000000 -1.000000 0.431885 0.666748 3 10 0.224374 11 0.680348 12 0.095278
10 -3.711262 -40.968057 -0.044532 0.000000 0.000000 -1.000000 0.718262 0.500000 3 10 0.160720 11 0.594195 12 0.245086
2efb_kyj02_body_mesh1_d3
10 3.711271 -33.517822 -0.044532 0.000000 0.000000 -1.000000 0.431885 0.666748 3 10 0.224374 11 0.680348 12 0.095278
10 3.711273 -40.968057 -0.044532 0.000000 0.000000 -1.000000 0.431885 0.500000 3 10 0.160720 11 0.594195 12 0.245086
10 -3.711262 -40.968057 -0.044532 0.000000 0.000000 -1.000000 0.718262 0.500000 3 10 0.160720 11 0.594195 12 0.245086
2efb_kyj02_body_mesh1_d3
10 -3.711262 -40.968057 -0.044532 0.000000 0.000000 -1.000000 0.718262 0.500000 3 10 0.160720 11 0.594195 12 0.245086
10 3.711273 -40.968057 -0.044532 0.000000 0.000000 -1.000000 0.431885 0.500000 3 10 0.160720 11 0.594195 12 0.245086
10 -3.711261 -44.693169 -0.044532 0.000000 0.000000 -1.000000 0.718262 0.416992 3 10 0.124991 11 0.520133 12 0.354876
2efb_kyj02_body_mesh1_d3
10 3.711273 -40.968057 -0.044532 0.000000 0.000000 -1.000000 0.431885 0.500000 3 10 0.160720 11 0.594195 12 0.245086
10 3.711273 -44.693169 -0.044532 0.000000 0.000000 -1.000000 0.431885 0.416992 3 10 0.124991 11 0.520133 12 0.354876
10 -3.711261 -44.693169 -0.044532 0.000000 0.000000 -1.000000 0.718262 0.416992 3 10 0.124991 11 0.520133 12 0.354876
2efb_kyj02_body_mesh1_d3
10 -3.711261 -44.693169 -0.044532 0.000000 0.000000 -1.000000 0.718262 0.416992 3 10 0.124991 11 0.520133 12 0.354876
10 3.711273 -44.693169 -0.044532 0.000000 0.000000 -1.000000 0.431885 0.416992 3 10 0.124991 11 0.520133 12 0.354876
10 3.711273 -48.418286 -0.044532 0.000000 0.000000 -1.000000 0.431885 0.333496 3 10 0.092240 11 0.446940 12 0.460820
2efb_kyj02_body_mesh1_d3
10 3.711273 -44.693169 -0.044532 0.000000 0.000000 -1.000000 0.431885 0.416992 3 10 0.124991 11 0.520133 12 0.354876
10 11.133810 -48.418286 -0.044532 0.000000 0.000000 -1.000000 0.145386 0.333496 3 10 0.093198 11 0.453599 12 0.453203
10 3.711273 -48.418286 -0.044532 0.000000 0.000000 -1.000000 0.431885 0.333496 3 10 0.092240 11 0.446940 12 0.460820
2efb_kyj02_body_mesh1_d3
10 3.711273 -48.418286 -0.044532 0.000000 0.000000 -1.000000 0.431885 0.333496 3 10 0.092240 11 0.446940 12 0.460820
10 11.133810 -48.418286 -0.044532 0.000000 0.000000 -1.000000 0.145386 0.333496 3 10 0.093198 11 0.453599 12 0.453203
10 3.711274 -52.143401 -0.044532 0.000000 0.000000 -1.000000 0.431885 0.250000 3 10 0.064867 11 0.380293 12 0.554840
2efb_kyj02_body_mesh1_d3
10 11.133810 -48.418286 -0.044532 0.000000 0.000000 -1.000000 0.145386 0.333496 3 10 0.093198 11 0.453599 12 0.453203
10 11.133808 -52.143401 -0.044532 0.000000 0.000000 -1.000000 0.145386 0.250000 3 10 0.065653 11 0.390272 12 0.544076
10 3.711274 -52.143401 -0.044532 0.000000 0.000000 -1.000000 0.431885 0.250000 3 10 0.064867 11 0.380293 12 0.554840
2efb_kyj02_body_mesh1_d3
10 3.711274 -52.143401 -0.044532 0.000000 0.000000 -1.000000 0.431885 0.250000 3 10 0.064867 11 0.380293 12 0.554840
10 11.133808 -52.143401 -0.044532 0.000000 0.000000 -1.000000 0.145386 0.250000 3 10 0.065653 11 0.390272 12 0.544076
10 11.133811 -55.868523 -0.044532 0.000000 0.000000 -1.000000 0.145386 0.166992 3 10 0.043932 11 0.337946 12 0.618122
2efb_kyj02_body_mesh1_d3
10 3.711269 -18.617363 -0.044532 0.000000 0.000000 -1.000000 0.431885 1.000000 2 10 0.305636 11 0.694364
10 11.133805 -18.617364 -0.044532 0.000000 0.000000 -1.000000 0.145386 1.000000 2 10 0.355496 11 0.644504
10 3.711270 -26.067592 -0.044532 0.000000 0.000000 -1.000000 0.431885 0.833374 3 10 0.272489 11 0.713490 12 0.014021
2efb_kyj02_body_mesh1_d3
10 11.133805 -18.617364 -0.044532 0.000000 0.000000 -1.000000 0.145386 1.000000 2 10 0.355496 11 0.644504
10 11.133807 -26.067589 -0.044532 0.000000 0.000000 -1.000000 0.145386 0.833374 3 10 0.288191 11 0.690337 12 0.021473
10 3.711270 -26.067592 -0.044532 0.000000 0.000000 -1.000000 0.431885 0.833374 3 10 0.272489 11 0.713490 12 0.014021
2efb_kyj02_body_mesh1_d3
10 3.711270 -26.067592 -0.044532 0.000000 0.000000 -1.000000 0.431885 0.833374 3 10 0.272489 11 0.713490 12 0.014021
10 11.133807 -26.067589 -0.044532 0.000000 0.000000 -1.000000 0.145386 0.833374 3 10 0.288191 11 0.690337 12 0.021473
10 3.711271 -33.517822 -0.044532 0.000000 0.000000 -1.000000 0.431885 0.666748 3 10 0.224374 11 0.680348 12 0.095278
2efb_kyj02_body_mesh1_d3
10 11.133807 -26.067589 -0.044532 0.000000 0.000000 -1.000000 0.145386 0.833374 3 10 0.288191 11 0.690337 12 0.021473
10 11.133807 -33.517819 -0.044532 0.000000 0.000000 -1.000000 0.145386 0.666748 3 10 0.229347 11 0.670777 12 0.099876
10 3.711271 -33.517822 -0.044532 0.000000 0.000000 -1.000000 0.431885 0.666748 3 10 0.224374 11 0.680348 12 0.095278
2efb_kyj02_body_mesh1_d3
10 3.711271 -33.517822 -0.044532 0.000000 0.000000 -1.000000 0.431885 0.666748 3 10 0.224374 11 0.680348 12 0.095278
10 11.133807 -33.517819 -0.044532 0.000000 0.000000 -1.000000 0.145386 0.666748 3 10 0.229347 11 0.670777 12 0.099876
10 3.711273 -40.968057 -0.044532 0.000000 0.000000 -1.000000 0.431885 0.500000 3 10 0.160720 11 0.594195 12 0.245086
2efb_kyj02_body_mesh1_d3
10 11.133807 -33.517819 -0.044532 0.000000 0.000000 -1.000000 0.145386 0.666748 3 10 0.229347 11 0.670777 12 0.099876
10 11.133807 -40.968045 -0.044532 0.000000 0.000000 -1.000000 0.145386 0.500000 3 10 0.162418 11 0.593300 12 0.244281
10 3.711273 -40.968057 -0.044532 0.000000 0.000000 -1.000000 0.431885 0.500000 3 10 0.160720 11 0.594195 12 0.245086
2efb_kyj02_body_mesh1_d3
10 3.711273 -40.968057 -0.044532 0.000000 0.000000 -1.000000 0.431885 0.500000 3 10 0.160720 11 0.594195 12 0.245086
10 11.133807 -40.968045 -0.044532 0.000000 0.000000 -1.000000 0.145386 0.500000 3 10 0.162418 11 0.593300 12 0.244281
10 3.711273 -44.693169 -0.044532 0.000000 0.000000 -1.000000 0.431885 0.416992 3 10 0.124991 11 0.520133 12 0.354876
2efb_kyj02_body_mesh1_d3
10 11.133807 -40.968045 -0.044532 0.000000 0.000000 -1.000000 0.145386 0.500000 3 10 0.162418 11 0.593300 12 0.244281
10 11.133808 -44.693169 -0.044532 0.000000 0.000000 -1.000000 0.145386 0.416992 3 10 0.126233 11 0.523117 12 0.350650
10 3.711273 -44.693169 -0.044532 0.000000 0.000000 -1.000000 0.431885 0.416992 3 10 0.124991 11 0.520133 12 0.354876
2efb_kyj02_body_mesh1_d3
10 3.711273 -44.693169 -0.044532 0.000000 0.000000 -1.000000 0.431885 0.416992 3 10 0.124991 11 0.520133 12 0.354876
10 11.133808 -44.693169 -0.044532 0.000000 0.000000 -1.000000 0.145386 0.416992 3 10 0.126233 11 0.523117 12 0.350650
10 11.133810 -48.418286 -0.044532 0.000000 0.000000 -1.000000 0.145386 0.333496 3 10 0.093198 11 0.453599 12 0.453203
2efb_kyj02_body_mesh1_d3
10 -11.133796 -44.693178 -0.044532 0.000000 0.000000 -1.000000 1.004883 0.416992 3 10 0.126233 11 0.523117 12 0.350650
10 -3.711262 -48.418286 -0.044532 0.000000 0.000000 -1.000000 0.718262 0.333496 3 10 0.092240 11 0.446940 12 0.460820
10 -11.133796 -48.418286 -0.044532 0.000000 0.000000 -1.000000 1.004883 0.333496 3 10 0.093198 11 0.453599 12 0.453203
2efb_kyj02_body_mesh1_d3
10 -3.711262 -48.418286 -0.044532 0.000000 0.000000 -1.000000 0.718262 0.333496 3 10 0.092240 11 0.446940 12 0.460820
10 -11.133793 -52.143401 -0.044532 0.000000 0.000000 -1.000000 1.004883 0.250000 3 10 0.065653 11 0.390272 12 0.544076
10 -11.133796 -48.418286 -0.044532 0.000000 0.000000 -1.000000 1.004883 0.333496 3 10 0.093198 11 0.453599 12 0.453203
2efb_kyj02_body_mesh1_d3
10 11.133809 -63.318734 -0.044532 0.000000 0.000000 -1.000000 0.145386 0.000000 3 10 0.014603 11 0.269712 12 0.715686
10 3.711276 -63.318734 -0.044532 0.000000 0.000000 -1.000000 0.431885 0.000000 3 10 0.014676 11 0.253322 12 0.732002
10 3.711275 -59.593630 -0.044532 0.000000 0.000000 -1.000000 0.431885 0.083496 3 10 0.027151 11 0.283421 12 0.689428
2efb_kyj02_body_mesh1_d3
10 3.711276 -63.318734 -0.044532 0.000000 0.000000 -1.000000 0.431885 0.000000 3 10 0.014676 11 0.253322 12 0.732002
10 -3.711259 -59.593621 -0.044532 0.000000 0.000000 -1.000000 0.718262 0.083496 3 10 0.027151 11 0.283421 12 0.689428
10 3.711275 -59.593630 -0.044532 0.000000 0.000000 -1.000000 0.431885 0.083496 3 10 0.027151 11 0.283421 12 0.689428
2efb_kyj02_body_mesh1_d3
10 3.711275 -59.593630 -0.044532 0.000000 0.000000 -1.000000 0.431885 0.083496 3 10 0.027151 11 0.283421 12 0.689428
10 -3.711259 -59.593621 -0.044532 0.000000 0.000000 -1.000000 0.718262 0.083496 3 10 0.027151 11 0.283421 12 0.689428
10 3.711275 -55.868523 -0.044532 0.000000 0.000000 -1.000000 0.431885 0.166992 3 10 0.043333 11 0.324944 12 0.631724
2efb_kyj02_body_mesh1_d3
10 -3.711259 -59.593621 -0.044532 0.000000 0.000000 -1.000000 0.718262 0.083496 3 10 0.027151 11 0.283421 12 0.689428
10 -3.711260 -55.868523 -0.044532 0.000000 0.000000 -1.000000 0.718262 0.166992 3 10 0.043333 11 0.324944 12 0.631724
10 3.711275 -55.868523 -0.044532 0.000000 0.000000 -1.000000 0.431885 0.166992 3 10 0.043333 11 0.324944 12 0.631724
2efb_kyj02_body_mesh1_d3
10 3.711275 -55.868523 -0.044532 0.000000 0.000000 -1.000000 0.431885 0.166992 3 10 0.043333 11 0.324944 12 0.631724
10 -3.711260 -55.868523 -0.044532 0.000000 0.000000 -1.000000 0.718262 0.166992 3 10 0.043333 11 0.324944 12 0.631724
10 -3.711260 -52.143401 -0.044532 0.000000 0.000000 -1.000000 0.718262 0.250000 3 10 0.064867 11 0.380293 12 0.554840
2efb_kyj02_body_mesh1_d3
10 -3.711260 -55.868523 -0.044532 0.000000 0.000000 -1.000000 0.718262 0.166992 3 10 0.043333 11 0.324944 12 0.631724
10 -11.133793 -52.143401 -0.044532 0.000000 0.000000 -1.000000 1.004883 0.250000 3 10 0.065653 11 0.390272 12 0.544076
10 -3.711260 -52.143401 -0.044532 0.000000 0.000000 -1.000000 0.718262 0.250000 3 10 0.064867 11 0.380293 12 0.554840
2efb_kyj02_body_mesh1_d3
10 -3.711260 -52.143401 -0.044532 0.000000 0.000000 -1.000000 0.718262 0.250000 3 10 0.064867 11 0.380293 12 0.554840
10 -11.133793 -52.143401 -0.044532 0.000000 0.000000 -1.000000 1.004883 0.250000 3 10 0.065653 11 0.390272 12 0.544076
10 -3.711262 -48.418286 -0.044532 0.000000 0.000000 -1.000000 0.718262 0.333496 3 10 0.092240 11 0.446940 12 0.460820
2efb_kyj02_body_mesh1_d3
10 -11.133793 -52.143401 -0.044532 0.000000 0.000000 -1.000000 1.004883 0.250000 3 10 0.065653 11 0.390272 12 0.544076
10 -3.711260 -55.868523 -0.044532 0.000000 0.000000 -1.000000 0.718262 0.166992 3 10 0.043333 11 0.324944 12 0.631724
10 -11.133793 -55.868516 -0.044532 0.000000 0.000000 -1.000000 1.004883 0.166992 3 10 0.043932 11 0.337946 12 0.618122
2efb_kyj02_body_mesh1_d3
10 -3.711260 -55.868523 -0.044532 0.000000 0.000000 -1.000000 0.718262 0.166992 3 10 0.043333 11 0.324944 12 0.631724
10 -11.133792 -59.593621 -0.044532 0.000000 0.000000 -1.000000 1.004883 0.083496 3 10 0.027468 11 0.298715 12 0.673817
10 -11.133793 -55.868516 -0.044532 0.000000 0.000000 -1.000000 1.004883 0.166992 3 10 0.043932 11 0.337946 12 0.618122
2efb_kyj02_body_mesh1_d3
10 3.711276 -63.318734 -0.044532 0.000000 0.000000 -1.000000 0.431885 0.000000 3 10 0.014676 11 0.253322 12 0.732002
10 -3.711259 -63.318734 -0.044532 0.000000 0.000000 -1.000000 0.718262 0.000000 3 10 0.014676 11 0.253322 12 0.732002
10 -3.711259 -59.593621 -0.044532 0.000000 0.000000 -1.000000 0.718262 0.083496 3 10 0.027151 11 0.283421 12 0.689428
2efb_kyj02_body_mesh1_d3
10 -3.711259 -63.318734 -0.044532 0.000000 0.000000 -1.000000 0.718262 0.000000 3 10 0.014676 11 0.253322 12 0.732002
10 -11.133792 -59.593621 -0.044532 0.000000 0.000000 -1.000000 1.004883 0.083496 3 10 0.027468 11 0.298715 12 0.673817
10 -3.711259 -59.593621 -0.044532 0.000000 0.000000 -1.000000 0.718262 0.083496 3 10 0.027151 11 0.283421 12 0.689428
2efb_kyj02_body_mesh1_d3
10 -3.711259 -59.593621 -0.044532 0.000000 0.000000 -1.000000 0.718262 0.083496 3 10 0.027151 11 0.283421 12 0.689428
10 -11.133792 -59.593621 -0.044532 0.000000 0.000000 -1.000000 1.004883 0.083496 3 10 0.027468 11 0.298715 12 0.673817
10 -3.711260 -55.868523 -0.044532 0.000000 0.000000 -1.000000 0.718262 0.166992 3 10 0.043333 11 0.324944 12 0.631724
2efb_kyj02_body_mesh1_d3
10 11.133807 -40.968045 0.000000 0.000000 0.000000 1.000000 1.004883 0.500000 3 10 0.162864 11 0.594138 12 0.242998
10 3.711273 -40.968055 0.000000 0.000000 0.000000 1.000000 0.718262 0.500000 3 10 0.161159 11 0.595080 12 0.243762
10 3.711273 -44.693166 0.000000 0.000000 0.000000 1.000000 0.718262 0.416992 3 10 0.123989 11 0.520148 12 0.355863
2efb_kyj02_body_mesh1_d3
10 -3.711259 -63.318734 -0.044532 0.000000 0.000000 -1.000000 0.718262 0.000000 3 10 0.014676 11 0.253322 12 0.732002
10 -11.133792 -63.318728 -0.044532 0.000000 0.000000 -1.000000 1.004883 0.000000 3 10 0.014603 11 0.269712 12 0.715686
10 -11.133792 -59.593621 -0.044532 0.000000 0.000000 -1.000000 1.004883 0.083496 3 10 0.027468 11 0.298715 12 0.673817
2efb_kyj02_body_mesh1_d4
14 -0.981125 -19.959161 -0.025193 0.000000 -0.545168 -0.838327 0.116699 0.158691 2 14 0.294789 15 0.705211
14 -0.981125 -18.518884 0.911422 0.000000 0.000000 1.000000 0.128906 0.169922 2 14 0.306770 15 0.693230
14 -0.981126 -18.518888 -0.961808 0.000000 0.000000 -1.000000 0.104553 0.170898 2 14 0.307175 15 0.692825
2efb_kyj02_body_mesh1_d4
14 -0.981125 -18.518884 0.911422 0.000000 0.000000 1.000000 0.128906 0.169922 2 14 0.306770 15 0.693230
14 -0.981125 -17.078609 -0.025193 0.000000 0.545166 -0.838328 0.116699 0.182617 2 14 0.328501 15 0.671499
14 -0.981126 -18.518888 -0.961808 0.000000 0.000000 -1.000000 0.104553 0.170898 2 14 0.307175 15 0.692825
2efb_kyj02_body_mesh1_d4
14 -0.981126 -18.518888 -0.961808 0.000000 0.000000 -1.000000 0.013794 0.000000 2 14 0.307175 15 0.692825
14 0.724474 -18.518888 -0.961808 1.000000 0.000000 0.000000 0.129395 0.000000 2 14 0.307175 15 0.692825
14 -0.981125 -19.959161 -0.025193 0.000000 -0.545168 -0.838327 0.013794 0.250000 2 14 0.294789 15 0.705211
2efb_kyj02_body_mesh1_d4
14 0.724474 -18.518888 -0.961808 1.000000 0.000000 0.000000 0.129395 0.000000 2 14 0.307175 15 0.692825
14 0.724474 -19.959161 -0.025193 1.000000 0.000000 0.000000 0.129395 0.250488 2 14 0.294789 15 0.705211
14 -0.981125 -19.959161 -0.025193 0.000000 -0.545168 -0.838327 0.013794 0.250000 2 14 0.294789 15 0.705211
2efb_kyj02_body_mesh1_d4
14 -0.981125 -19.959161 -0.025193 0.000000 -0.545168 -0.838327 0.013794 0.250000 2 14 0.294789 15 0.705211
14 0.724474 -19.959161 -0.025193 1.000000 0.000000 0.000000 0.129395 0.250488 2 14 0.294789 15 0.705211
14 -0.981125 -18.518884 0.911422 0.000000 0.000000 1.000000 0.013794 0.500000 2 14 0.306770 15 0.693230
2efb_kyj02_body_mesh1_d4
14 0.724474 -19.959161 -0.025193 1.000000 0.000000 0.000000 0.129395 0.250488 2 14 0.294789 15 0.705211
14 0.724474 -18.518884 0.911422 1.000000 0.000000 0.000000 0.129395 0.500244 2 14 0.306770 15 0.693230
14 -0.981125 -18.518884 0.911422 0.000000 0.000000 1.000000 0.013794 0.500000 2 14 0.306770 15 0.693230
2efb_kyj02_body_mesh1_d4
14 -0.981125 -18.518884 0.911422 0.000000 0.000000 1.000000 0.013794 0.500000 2 14 0.306770 15 0.693230
14 0.724474 -18.518884 0.911422 1.000000 0.000000 0.000000 0.129395 0.500244 2 14 0.306770 15 0.693230
14 -0.981125 -17.078609 -0.025193 0.000000 0.545166 -0.838328 0.013794 0.750000 2 14 0.328501 15 0.671499
2efb_kyj02_body_mesh1_d4
14 0.724474 -18.518884 0.911422 1.000000 0.000000 0.000000 0.129395 0.500244 2 14 0.306770 15 0.693230
14 0.724474 -17.078609 -0.025193 1.000000 0.000000 0.000000 0.129395 0.750122 2 14 0.328501 15 0.671499
14 -0.981125 -17.078609 -0.025193 0.000000 0.545166 -0.838328 0.013794 0.750000 2 14 0.328501 15 0.671499
2efb_kyj02_body_mesh1_d4
14 -0.981125 -17.078609 -0.025193 0.000000 0.545166 -0.838328 0.013794 0.750000 2 14 0.328501 15 0.671499
14 0.724474 -17.078609 -0.025193 1.000000 0.000000 0.000000 0.129395 0.750122 2 14 0.328501 15 0.671499
14 -0.981126 -18.518888 -0.961808 0.000000 0.000000 -1.000000 0.013794 1.000000 2 14 0.307175 15 0.692825
2efb_kyj02_body_mesh1_d4
14 0.724474 -17.078609 -0.025193 1.000000 0.000000 0.000000 0.129395 0.750122 2 14 0.328501 15 0.671499
14 0.724474 -18.518888 -0.961808 1.000000 0.000000 0.000000 0.129395 1.000000 2 14 0.307175 15 0.692825
14 -0.981126 -18.518888 -0.961808 0.000000 0.000000 -1.000000 0.013794 1.000000 2 14 0.307175 15 0.692825
2efb_kyj02_body_mesh1_d4
14 0.724474 -19.959161 -0.025193 1.000000 0.000000 0.000000 0.116699 0.158691 2 14 0.294789 15 0.705211
14 0.724474 -18.518888 -0.961808 1.000000 0.000000 0.000000 0.104553 0.170898 2 14 0.307175 15 0.692825
14 0.724474 -18.518884 0.911422 1.000000 0.000000 0.000000 0.128906 0.169922 2 14 0.306770 15 0.693230
2efb_kyj02_body_mesh1_d4
14 0.724474 -18.518888 -0.961808 1.000000 0.000000 0.000000 0.104553 0.170898 2 14 0.307175 15 0.692825
14 0.724474 -17.078609 -0.025193 1.000000 0.000000 0.000000 0.116699 0.182617 2 14 0.328501 15 0.671499
14 0.724474 -18.518884 0.911422 1.000000 0.000000 0.000000 0.128906 0.169922 2 14 0.306770 15 0.693230
2efb_kyj02_body_mesh1_d4
13 -0.136657 -0.004680 -0.857681 -0.694712 0.000000 -0.719288 0.132812 1.000000 2 13 0.500000 14 0.500000
13 0.717734 -0.225816 -0.032403 0.694393 0.002628 0.719592 0.000000 1.000000 2 13 0.500000 14 0.500000
14 -0.136657 -4.551819 -0.856036 -0.700386 -0.001300 -0.713763 0.132812 0.750000 2 14 0.800000 15 0.200000
2efb_kyj02_body_mesh1_d4
13 0.717734 -0.225816 -0.032403 0.694393 0.002628 0.719592 0.000000 1.000000 2 13 0.500000 14 0.500000
14 0.717734 -4.662386 -0.016202 0.700197 0.003699 0.713940 0.000000 0.750000 2 14 0.800000 15 0.200000
14 -0.136657 -4.551819 -0.856036 -0.700386 -0.001300 -0.713763 0.132812 0.750000 2 14 0.800000 15 0.200000
2efb_kyj02_body_mesh1_d4
14 -0.136657 -4.551819 -0.856036 -0.700386 -0.001300 -0.713763 0.132812 0.750000 2 14 0.800000 15 0.200000
14 0.717734 -4.662386 -0.016202 0.700197 0.003699 0.713940 0.000000 0.750000 2 14 0.800000 15 0.200000
14 -0.136657 -9.098956 -0.854391 -0.705240 0.002731 -0.708964 0.132812 0.500000 2 14 0.625000 15 0.375000
2efb_kyj02_body_mesh1_d4
14 0.717734 -4.662386 -0.016202 0.700197 0.003699 0.713940 0.000000 0.750000 2 14 0.800000 15 0.200000
14 0.717734 -9.098956 0.000000 0.705105 -0.004802 0.709086 0.000000 0.500000 2 14 0.625000 15 0.375000
14 -0.136657 -9.098956 -0.854391 -0.705240 0.002731 -0.708964 0.132812 0.500000 2 14 0.625000 15 0.375000
2efb_kyj02_body_mesh1_d4
14 -0.136657 -9.098956 -0.854391 -0.705240 0.002731 -0.708964 0.132812 0.500000 2 14 0.625000 15 0.375000
14 0.717734 -9.098956 0.000000 0.705105 -0.004802 0.709086 0.000000 0.500000 2 14 0.625000 15 0.375000
14 0.717734 -13.789005 -0.057029 0.686970 -0.012015 0.726586 0.000000 0.250000 2 14 0.450000 15 0.550000
2efb_kyj02_body_mesh1_d4
14 -0.136657 -9.098956 -0.854391 -0.705240 0.002731 -0.708964 0.132812 0.500000 2 14 0.625000 15 0.375000
14 0.717734 -13.789005 -0.057029 0.686970 -0.012015 0.726586 0.000000 0.250000 2 14 0.450000 15 0.550000
14 -0.136656 -13.969546 -0.871395 -0.687855 0.005483 -0.725827 0.132812 0.250000 2 14 0.450000 15 0.550000
2efb_kyj02_body_mesh1_d4
14 0.717734 -13.789005 -0.057029 0.686970 -0.012015 0.726586 0.000000 0.250000 2 14 0.450000 15 0.550000
14 0.717734 -18.479054 -0.114059 0.669417 -0.009033 0.742832 0.000000 0.000000 2 14 0.300932 15 0.699068
14 -0.136656 -13.969546 -0.871395 -0.687855 0.005483 -0.725827 0.132812 0.250000 2 14 0.450000 15 0.550000
2efb_kyj02_body_mesh1_d4
14 -0.136656 -13.969546 -0.871395 -0.687855 0.005483 -0.725827 0.132812 0.250000 2 14 0.450000 15 0.550000
14 0.717734 -18.479054 -0.114059 0.669417 -0.009033 0.742832 0.000000 0.000000 2 14 0.300932 15 0.699068
14 -0.136656 -18.840138 -0.888400 -0.670940 0.002589 -0.741507 0.132812 0.000000 2 14 0.303291 15 0.696709
2efb_kyj02_body_mesh1_d4
13 -0.136657 -0.004680 -0.857681 -0.694712 0.000000 -0.719288 0.000000 1.000000 2 13 0.500000 14 0.500000
14 -0.136657 -4.551819 -0.856036 -0.700386 -0.001300 -0.713763 0.000000 0.750000 2 14 0.800000 15 0.200000
13 -0.991048 -0.225816 -0.032403 -0.694392 0.002628 0.719592 0.132812 1.000000 2 13 0.500000 14 0.500000
2efb_kyj02_body_mesh1_d4
14 -0.136657 -4.551819 -0.856036 -0.700386 -0.001300 -0.713763 0.000000 0.750000 2 14 0.800000 15 0.200000
14 -0.991048 -4.662386 -0.016202 -0.700197 0.003699 0.713941 0.132812 0.750000 2 14 0.800000 15 0.200000
13 -0.991048 -0.225816 -0.032403 -0.694392 0.002628 0.719592 0.132812 1.000000 2 13 0.500000 14 0.500000
2efb_kyj02_body_mesh1_d4
13 -0.991048 -0.225816 -0.032403 -0.694392 0.002628 0.719592 0.000000 1.000000 2 13 0.500000 14 0.500000
14 -0.991048 -4.662386 -0.016202 -0.700197 0.003699 0.713941 0.000000 0.750000 2 14 0.800000 15 0.200000
13 -0.136657 -0.446952 0.792875 0.695384 0.003013 0.718632 0.132812 1.000000 2 13 0.500000 14 0.500000
2efb_kyj02_body_mesh1_d4
14 -0.991048 -4.662386 -0.016202 -0.700197 0.003699 0.713941 0.000000 0.750000 2 14 0.800000 15 0.200000
14 -0.136657 -4.772954 0.823633 0.701299 0.003973 0.712856 0.132812 0.750000 2 14 0.800000 15 0.200000
13 -0.136657 -0.446952 0.792875 0.695384 0.003013 0.718632 0.132812 1.000000 2 13 0.500000 14 0.500000
2efb_kyj02_body_mesh1_d4
13 0.717734 -0.225816 -0.032403 0.694393 0.002628 0.719592 0.132812 1.000000 2 13 0.500000 14 0.500000
13 -0.136657 -0.446952 0.792875 0.695384 0.003013 0.718632 0.000000 1.000000 2 13 0.500000 14 0.500000
14 0.717734 -4.662386 -0.016202 0.700197 0.003699 0.713940 0.132812 0.750000 2 14 0.800000 15 0.200000
2efb_kyj02_body_mesh1_d4
13 -0.136657 -0.446952 0.792875 0.695384 0.003013 0.718632 0.000000 1.000000 2 13 0.500000 14 0.500000
14 -0.136657 -4.772954 0.823633 0.701299 0.003973 0.712856 0.000000 0.750000 2 14 0.800000 15 0.200000
14 0.717734 -4.662386 -0.016202 0.700197 0.003699 0.713940 0.132812 0.750000 2 14 0.800000 15 0.200000
2efb_kyj02_body_mesh1_d4
14 0.717734 -4.662386 -0.016202 0.700197 0.003699 0.713940 0.132812 0.750000 2 14 0.800000 15 0.200000
14 -0.136657 -4.772954 0.823633 0.701299 0.003973 0.712856 0.000000 0.750000 2 14 0.800000 15 0.200000
14 0.717734 -9.098956 0.000000 0.705105 -0.004802 0.709086 0.132812 0.500000 2 14 0.625000 15 0.375000
2efb_kyj02_body_mesh1_d4
14 -0.136657 -4.772954 0.823633 0.701299 0.003973 0.712856 0.000000 0.750000 2 14 0.800000 15 0.200000
14 -0.136656 -9.098956 0.854391 0.707098 -0.005062 0.707098 0.000000 0.500000 2 14 0.625000 15 0.375000
14 0.717734 -9.098956 0.000000 0.705105 -0.004802 0.709086 0.132812 0.500000 2 14 0.625000 15 0.375000
2efb_kyj02_body_mesh1_d4
14 0.717734 -9.098956 0.000000 0.705105 -0.004802 0.709086 0.132812 0.500000 2 14 0.625000 15 0.375000
14 -0.136656 -9.098956 0.854391 0.707098 -0.005062 0.707098 0.000000 0.500000 2 14 0.625000 15 0.375000
14 -0.136656 -13.608464 0.757336 0.690116 -0.012388 0.723592 0.000000 0.250000 2 14 0.450000 15 0.550000
2efb_kyj02_body_mesh1_d4
14 0.717734 -9.098956 0.000000 0.705105 -0.004802 0.709086 0.132812 0.500000 2 14 0.625000 15 0.375000
14 -0.136656 -13.608464 0.757336 0.690116 -0.012388 0.723592 0.000000 0.250000 2 14 0.450000 15 0.550000
14 0.717734 -13.789005 -0.057029 0.686970 -0.012015 0.726586 0.132812 0.250000 2 14 0.450000 15 0.550000
2efb_kyj02_body_mesh1_d4
14 -0.136656 -13.608464 0.757336 0.690116 -0.012388 0.723592 0.000000 0.250000 2 14 0.450000 15 0.550000
14 -0.136656 -18.117972 0.660282 0.672087 -0.009962 0.740405 0.000000 0.000000 2 14 0.310447 15 0.689553
14 0.717734 -13.789005 -0.057029 0.686970 -0.012015 0.726586 0.132812 0.250000 2 14 0.450000 15 0.550000
2efb_kyj02_body_mesh1_d4
14 0.717734 -13.789005 -0.057029 0.686970 -0.012015 0.726586 0.132812 0.250000 2 14 0.450000 15 0.550000
14 -0.136656 -18.117972 0.660282 0.672087 -0.009962 0.740405 0.000000 0.000000 2 14 0.310447 15 0.689553
14 0.717734 -18.479054 -0.114059 0.669417 -0.009033 0.742832 0.132812 0.000000 2 14 0.300932 15 0.699068
2efb_kyj02_body_mesh1_d4
13 -0.981125 -1.438514 -0.025193 0.000000 -0.654652 -0.755930 0.116699 0.158691 2 13 0.500000 14 0.500000
13 -0.981125 0.001768 1.222123 0.000000 -0.654652 0.755930 0.128906 0.169922 2 13 0.500000 14 0.500000
13 -0.981125 0.001768 -1.272509 0.000000 0.654654 -0.755929 0.104553 0.170898 2 13 0.500000 14 0.500000
2efb_kyj02_body_mesh1_d4
13 -0.981125 0.001768 1.222123 0.000000 -0.654652 0.755930 0.128906 0.169922 2 13 0.500000 14 0.500000
13 -0.981125 1.442044 -0.025193 0.000000 0.654654 -0.755929 0.116699 0.182617 2 13 0.500000 14 0.500000
13 -0.981125 0.001768 -1.272509 0.000000 0.654654 -0.755929 0.104553 0.170898 2 13 0.500000 14 0.500000
2efb_kyj02_body_mesh1_d4
13 -0.981125 0.001768 -1.272509 0.000000 0.654654 -0.755929 0.013214 0.000000 2 13 0.500000 14 0.500000
13 0.724474 0.001768 -1.272509 1.000000 0.000000 0.000000 0.129639 0.000000 2 13 0.500000 14 0.500000
13 -0.981125 -1.438514 -0.025193 0.000000 -0.654652 -0.755930 0.013214 0.250488 2 13 0.500000 14 0.500000
2efb_kyj02_body_mesh1_d4
13 0.724474 0.001768 -1.272509 1.000000 0.000000 0.000000 0.129639 0.000000 2 13 0.500000 14 0.500000
13 0.724474 -1.438514 -0.025193 1.000000 0.000000 0.000000 0.129639 0.250488 2 13 0.500000 14 0.500000
13 -0.981125 -1.438514 -0.025193 0.000000 -0.654652 -0.755930 0.013214 0.250488 2 13 0.500000 14 0.500000
2efb_kyj02_body_mesh1_d4
13 -0.981125 -1.438514 -0.025193 0.000000 -0.654652 -0.755930 0.013214 0.250488 2 13 0.500000 14 0.500000
13 0.724474 -1.438514 -0.025193 1.000000 0.000000 0.000000 0.129639 0.250488 2 13 0.500000 14 0.500000
13 -0.981125 0.001768 1.222123 0.000000 -0.654652 0.755930 0.013214 0.500244 2 13 0.500000 14 0.500000
2efb_kyj02_body_mesh1_d4
13 0.724474 -1.438514 -0.025193 1.000000 0.000000 0.000000 0.129639 0.250488 2 13 0.500000 14 0.500000
13 0.724474 0.001768 1.222123 1.000000 0.000000 0.000000 0.129639 0.500244 2 13 0.500000 14 0.500000
13 -0.981125 0.001768 1.222123 0.000000 -0.654652 0.755930 0.013214 0.500244 2 13 0.500000 14 0.500000
2efb_kyj02_body_mesh1_d4
13 -0.981125 0.001768 1.222123 0.000000 -0.654652 0.755930 0.013214 0.500244 2 13 0.500000 14 0.500000
13 0.724474 0.001768 1.222123 1.000000 0.000000 0.000000 0.129639 0.500244 2 13 0.500000 14 0.500000
13 -0.981125 1.442044 -0.025193 0.000000 0.654654 -0.755929 0.013214 0.750122 2 13 0.500000 14 0.500000
2efb_kyj02_body_mesh1_d4
13 0.724474 0.001768 1.222123 1.000000 0.000000 0.000000 0.129639 0.500244 2 13 0.500000 14 0.500000
13 0.724474 1.442044 -0.025193 1.000000 0.000000 0.000000 0.129639 0.750122 2 13 0.500000 14 0.500000
13 -0.981125 1.442044 -0.025193 0.000000 0.654654 -0.755929 0.013214 0.750122 2 13 0.500000 14 0.500000
2efb_kyj02_body_mesh1_d4
13 -0.981125 1.442044 -0.025193 0.000000 0.654654 -0.755929 0.013214 0.750122 2 13 0.500000 14 0.500000
13 0.724474 1.442044 -0.025193 1.000000 0.000000 0.000000 0.129639 0.750122 2 13 0.500000 14 0.500000
13 -0.981125 0.001768 -1.272509 0.000000 0.654654 -0.755929 0.013214 1.000000 2 13 0.500000 14 0.500000
2efb_kyj02_body_mesh1_d4
13 0.724474 1.442044 -0.025193 1.000000 0.000000 0.000000 0.129639 0.750122 2 13 0.500000 14 0.500000
13 0.724474 0.001768 -1.272509 1.000000 0.000000 0.000000 0.129639 1.000000 2 13 0.500000 14 0.500000
13 -0.981125 0.001768 -1.272509 0.000000 0.654654 -0.755929 0.013214 1.000000 2 13 0.500000 14 0.500000
2efb_kyj02_body_mesh1_d4
13 0.724474 -1.438514 -0.025193 1.000000 0.000000 0.000000 0.116699 0.158691 2 13 0.500000 14 0.500000
13 0.724474 0.001768 -1.272509 1.000000 0.000000 0.000000 0.104553 0.170898 2 13 0.500000 14 0.500000
13 0.724474 0.001768 1.222123 1.000000 0.000000 0.000000 0.128906 0.169922 2 13 0.500000 14 0.500000
2efb_kyj02_body_mesh1_d4
13 0.724474 0.001768 -1.272509 1.000000 0.000000 0.000000 0.104553 0.170898 2 13 0.500000 14 0.500000
13 0.724474 1.442044 -0.025193 1.000000 0.000000 0.000000 0.116699 0.182617 2 13 0.500000 14 0.500000
13 0.724474 0.001768 1.222123 1.000000 0.000000 0.000000 0.128906 0.169922 2 13 0.500000 14 0.500000
2efb_kyj02_body_mesh1_d4
14 -11.133657 -18.617127 0.000000 0.000000 0.000000 1.000000 0.145386 1.000000 2 14 0.355496 15 0.644504
14 -11.133654 -26.067265 0.000000 0.000000 0.000000 1.000000 0.145386 0.833374 3 14 0.288191 15 0.690337 16 0.021473
14 -3.711217 -18.617125 0.000000 0.000000 0.000000 1.000000 0.431885 1.000000 2 14 0.307059 15 0.692941
2efb_kyj02_body_mesh1_d4
14 -11.133654 -26.067265 0.000000 0.000000 0.000000 1.000000 0.145386 0.833374 3 14 0.288191 15 0.690337 16 0.021473
14 -3.711216 -26.067259 0.000000 0.000000 0.000000 1.000000 0.431885 0.833374 3 14 0.272343 15 0.713544 16 0.014113
14 -3.711217 -18.617125 0.000000 0.000000 0.000000 1.000000 0.431885 1.000000 2 14 0.307059 15 0.692941
2efb_kyj02_body_mesh1_d4
14 -3.711217 -18.617125 0.000000 0.000000 0.000000 1.000000 0.431885 1.000000 2 14 0.307059 15 0.692941
14 -3.711216 -26.067259 0.000000 0.000000 0.000000 1.000000 0.431885 0.833374 3 14 0.272343 15 0.713544 16 0.014113
14 3.711223 -18.617125 0.000000 0.000000 0.000000 1.000000 0.718262 1.000000 2 14 0.307059 15 0.692941
2efb_kyj02_body_mesh1_d4
14 -3.711216 -26.067259 0.000000 0.000000 0.000000 1.000000 0.431885 0.833374 3 14 0.272343 15 0.713544 16 0.014113
14 3.711223 -26.067259 0.000000 0.000000 0.000000 1.000000 0.718262 0.833374 3 14 0.272343 15 0.713544 16 0.014113
14 3.711223 -18.617125 0.000000 0.000000 0.000000 1.000000 0.718262 1.000000 2 14 0.307059 15 0.692941
2efb_kyj02_body_mesh1_d4
14 3.711223 -18.617125 0.000000 0.000000 0.000000 1.000000 0.718262 1.000000 2 14 0.307059 15 0.692941
14 3.711223 -26.067259 0.000000 0.000000 0.000000 1.000000 0.718262 0.833374 3 14 0.272343 15 0.713544 16 0.014113
14 11.133662 -18.617124 0.000000 0.000000 0.000000 1.000000 1.004883 1.000000 2 14 0.355496 15 0.644504
2efb_kyj02_body_mesh1_d4
14 3.711223 -26.067259 0.000000 0.000000 0.000000 1.000000 0.718262 0.833374 3 14 0.272343 15 0.713544 16 0.014113
14 11.133664 -26.067256 0.000000 0.000000 0.000000 1.000000 1.004883 0.833374 3 14 0.288191 15 0.690337 16 0.021473
14 11.133662 -18.617124 0.000000 0.000000 0.000000 1.000000 1.004883 1.000000 2 14 0.355496 15 0.644504
2efb_kyj02_body_mesh1_d4
14 -11.133654 -26.067265 0.000000 0.000000 0.000000 1.000000 0.145386 0.833374 3 14 0.288191 15 0.690337 16 0.021473
14 -11.133657 -33.517397 0.000000 0.000000 0.000000 1.000000 0.145386 0.666748 3 14 0.229347 15 0.670777 16 0.099876
14 -3.711216 -26.067259 0.000000 0.000000 0.000000 1.000000 0.431885 0.833374 3 14 0.272343 15 0.713544 16 0.014113
2efb_kyj02_body_mesh1_d4
14 -11.133657 -33.517397 0.000000 0.000000 0.000000 1.000000 0.145386 0.666748 3 14 0.229347 15 0.670777 16 0.099876
14 -3.711215 -33.517394 0.000000 0.000000 0.000000 1.000000 0.431885 0.666748 3 14 0.224374 15 0.680348 16 0.095278
14 -3.711216 -26.067259 0.000000 0.000000 0.000000 1.000000 0.431885 0.833374 3 14 0.272343 15 0.713544 16 0.014113
2efb_kyj02_body_mesh1_d4
14 -3.711216 -26.067259 0.000000 0.000000 0.000000 1.000000 0.431885 0.833374 3 14 0.272343 15 0.713544 16 0.014113
14 -3.711215 -33.517394 0.000000 0.000000 0.000000 1.000000 0.431885 0.666748 3 14 0.224374 15 0.680348 16 0.095278
14 3.711223 -26.067259 0.000000 0.000000 0.000000 1.000000 0.718262 0.833374 3 14 0.272343 15 0.713544 16 0.014113
2efb_kyj02_body_mesh1_d4
14 -3.711215 -33.517394 0.000000 0.000000 0.000000 1.000000 0.431885 0.666748 3 14 0.224374 15 0.680348 16 0.095278
14 3.711224 -33.517394 0.000000 0.000000 0.000000 1.000000 0.718262 0.666748 3 14 0.224374 15 0.680348 16 0.095278
14 3.711223 -26.067259 0.000000 0.000000 0.000000 1.000000 0.718262 0.833374 3 14 0.272343 15 0.713544 16 0.014113
2efb_kyj02_body_mesh1_d4
14 3.711223 -26.067259 0.000000 0.000000 0.000000 1.000000 0.718262 0.833374 3 14 0.272343 15 0.713544 16 0.014113
14 3.711224 -33.517394 0.000000 0.000000 0.000000 1.000000 0.718262 0.666748 3 14 0.224374 15 0.680348 16 0.095278
14 11.133664 -26.067256 0.000000 0.000000 0.000000 1.000000 1.004883 0.833374 3 14 0.288191 15 0.690337 16 0.021473
2efb_kyj02_body_mesh1_d4
14 3.711224 -33.517394 0.000000 0.000000 0.000000 1.000000 0.718262 0.666748 3 14 0.224374 15 0.680348 16 0.095278
14 11.133665 -33.517391 0.000000 0.000000 0.000000 1.000000 1.004883 0.666748 3 14 0.229347 15 0.670777 16 0.099876
14 11.133664 -26.067256 0.000000 0.000000 0.000000 1.000000 1.004883 0.833374 3 14 0.288191 15 0.690337 16 0.021473
2efb_kyj02_body_mesh1_d4
14 -11.133657 -33.517397 0.000000 0.000000 0.000000 1.000000 0.145386 0.666748 3 14 0.229347 15 0.670777 16 0.099876
14 -11.133653 -40.967528 0.000000 0.000000 0.000000 1.000000 0.145386 0.500000 3 14 0.162864 15 0.594138 16 0.242998
14 -3.711215 -33.517394 0.000000 0.000000 0.000000 1.000000 0.431885 0.666748 3 14 0.224374 15 0.680348 16 0.095278
2efb_kyj02_body_mesh1_d4
14 -11.133653 -40.967528 0.000000 0.000000 0.000000 1.000000 0.145386 0.500000 3 14 0.162864 15 0.594138 16 0.242998
14 -3.711214 -40.967532 0.000000 0.000000 0.000000 1.000000 0.431885 0.500000 3 14 0.161159 15 0.595080 16 0.243762
14 -3.711215 -33.517394 0.000000 0.000000 0.000000 1.000000 0.431885 0.666748 3 14 0.224374 15 0.680348 16 0.095278
2efb_kyj02_body_mesh1_d4
14 -3.711215 -33.517394 0.000000 0.000000 0.000000 1.000000 0.431885 0.666748 3 14 0.224374 15 0.680348 16 0.095278
14 -3.711214 -40.967532 0.000000 0.000000 0.000000 1.000000 0.431885 0.500000 3 14 0.161159 15 0.595080 16 0.243762
14 3.711224 -33.517394 0.000000 0.000000 0.000000 1.000000 0.718262 0.666748 3 14 0.224374 15 0.680348 16 0.095278
2efb_kyj02_body_mesh1_d4
14 -3.711214 -40.967532 0.000000 0.000000 0.000000 1.000000 0.431885 0.500000 3 14 0.161159 15 0.595080 16 0.243762
14 3.711226 -40.967532 0.000000 0.000000 0.000000 1.000000 0.718262 0.500000 3 14 0.161159 15 0.595080 16 0.243762
14 3.711224 -33.517394 0.000000 0.000000 0.000000 1.000000 0.718262 0.666748 3 14 0.224374 15 0.680348 16 0.095278
2efb_kyj02_body_mesh1_d4
14 3.711224 -33.517394 0.000000 0.000000 0.000000 1.000000 0.718262 0.666748 3 14 0.224374 15 0.680348 16 0.095278
14 3.711226 -40.967532 0.000000 0.000000 0.000000 1.000000 0.718262 0.500000 3 14 0.161159 15 0.595080 16 0.243762
14 11.133665 -33.517391 0.000000 0.000000 0.000000 1.000000 1.004883 0.666748 3 14 0.229347 15 0.670777 16 0.099876
2efb_kyj02_body_mesh1_d4
14 3.711226 -40.967532 0.000000 0.000000 0.000000 1.000000 0.718262 0.500000 3 14 0.161159 15 0.595080 16 0.243762
14 11.133665 -40.967522 0.000000 0.000000 0.000000 1.000000 1.004883 0.500000 3 14 0.162864 15 0.594138 16 0.242998
14 11.133665 -33.517391 0.000000 0.000000 0.000000 1.000000 1.004883 0.666748 3 14 0.229347 15 0.670777 16 0.099876
2efb_kyj02_body_mesh1_d4
14 -11.133650 -63.317926 0.000000 0.000000 0.000000 1.000000 0.145386 0.000000 3 14 0.014462 15 0.269404 16 0.716134
14 -3.711210 -63.317926 0.000000 0.000000 0.000000 1.000000 0.431885 0.000000 3 14 0.014540 15 0.253008 16 0.732451
14 -11.133650 -59.592861 0.000000 0.000000 0.000000 1.000000 0.145386 0.083496 3 14 0.026400 15 0.295458 16 0.678142
2efb_kyj02_body_mesh1_d4
14 -3.711210 -63.317926 0.000000 0.000000 0.000000 1.000000 0.431885 0.000000 3 14 0.014540 15 0.253008 16 0.732451
14 -3.711211 -59.592861 0.000000 0.000000 0.000000 1.000000 0.431885 0.083496 3 14 0.026035 15 0.279580 16 0.694385
14 -11.133650 -59.592861 0.000000 0.000000 0.000000 1.000000 0.145386 0.083496 3 14 0.026400 15 0.295458 16 0.678142
2efb_kyj02_body_mesh1_d4
14 -11.133650 -59.592861 0.000000 0.000000 0.000000 1.000000 0.145386 0.083496 3 14 0.026400 15 0.295458 16 0.678142
14 -3.711211 -59.592861 0.000000 0.000000 0.000000 1.000000 0.431885 0.083496 3 14 0.026035 15 0.279580 16 0.694385
14 -3.711212 -55.867810 0.000000 0.000000 0.000000 1.000000 0.431885 0.166992 3 14 0.041967 15 0.321425 16 0.636608
2efb_kyj02_body_mesh1_d4
14 -3.711211 -59.592861 0.000000 0.000000 0.000000 1.000000 0.431885 0.083496 3 14 0.026035 15 0.279580 16 0.694385
14 3.711228 -55.867810 0.000000 0.000000 0.000000 1.000000 0.718262 0.166992 3 14 0.041967 15 0.321426 16 0.636608
14 -3.711212 -55.867810 0.000000 0.000000 0.000000 1.000000 0.431885 0.166992 3 14 0.041967 15 0.321425 16 0.636608
2efb_kyj02_body_mesh1_d4
14 -3.711212 -55.867810 0.000000 0.000000 0.000000 1.000000 0.431885 0.166992 3 14 0.041967 15 0.321425 16 0.636608
14 3.711228 -55.867810 0.000000 0.000000 0.000000 1.000000 0.718262 0.166992 3 14 0.041967 15 0.321426 16 0.636608
14 -3.711212 -52.142735 0.000000 0.000000 0.000000 1.000000 0.431885 0.250000 3 14 0.063330 15 0.377260 16 0.559409
2efb_kyj02_body_mesh1_d4
14 3.711228 -55.867810 0.000000 0.000000 0.000000 1.000000 0.718262 0.166992 3 14 0.041967 15 0.321426 16 0.636608
14 3.711227 -52.142735 0.000000 0.000000 0.000000 1.000000 0.718262 0.250000 3 14 0.063330 15 0.377260 16 0.559409
14 -3.711212 -52.142735 0.000000 0.000000 0.000000 1.000000 0.431885 0.250000 3 14 0.063330 15 0.377260 16 0.559409
2efb_kyj02_body_mesh1_d4
14 -3.711212 -52.142735 0.000000 0.000000 0.000000 1.000000 0.431885 0.250000 3 14 0.063330 15 0.377260 16 0.559409
14 3.711227 -52.142735 0.000000 0.000000 0.000000 1.000000 0.718262 0.250000 3 14 0.063330 15 0.377260 16 0.559409
14 3.711227 -48.417668 0.000000 0.000000 0.000000 1.000000 0.718262 0.333496 3 14 0.090803 15 0.445155 16 0.464041
2efb_kyj02_body_mesh1_d4
14 3.711227 -52.142735 0.000000 0.000000 0.000000 1.000000 0.718262 0.250000 3 14 0.063330 15 0.377260 16 0.559409
14 11.133667 -48.417668 0.000000 0.000000 0.000000 1.000000 1.004883 0.333496 3 14 0.091740 15 0.451914 16 0.456346
14 3.711227 -48.417668 0.000000 0.000000 0.000000 1.000000 0.718262 0.333496 3 14 0.090803 15 0.445155 16 0.464041
2efb_kyj02_body_mesh1_d4
14 3.711227 -48.417668 0.000000 0.000000 0.000000 1.000000 0.718262 0.333496 3 14 0.090803 15 0.445155 16 0.464041
14 11.133667 -48.417668 0.000000 0.000000 0.000000 1.000000 1.004883 0.333496 3 14 0.091740 15 0.451914 16 0.456346
14 3.711226 -44.692595 0.000000 0.000000 0.000000 1.000000 0.718262 0.416992 3 14 0.123989 15 0.520148 16 0.355863
2efb_kyj02_body_mesh1_d4
14 11.133667 -48.417668 0.000000 0.000000 0.000000 1.000000 1.004883 0.333496 3 14 0.091740 15 0.451914 16 0.456346
14 11.133666 -44.692595 0.000000 0.000000 0.000000 1.000000 1.004883 0.416992 3 14 0.125151 15 0.523209 16 0.351640
14 3.711226 -44.692595 0.000000 0.000000 0.000000 1.000000 0.718262 0.416992 3 14 0.123989 15 0.520148 16 0.355863
2efb_kyj02_body_mesh1_d4
14 3.711226 -44.692595 0.000000 0.000000 0.000000 1.000000 0.718262 0.416992 3 14 0.123989 15 0.520148 16 0.355863
14 11.133666 -44.692595 0.000000 0.000000 0.000000 1.000000 1.004883 0.416992 3 14 0.125151 15 0.523209 16 0.351640
14 11.133665 -40.967522 0.000000 0.000000 0.000000 1.000000 1.004883 0.500000 3 14 0.162864 15 0.594138 16 0.242998
2efb_kyj02_body_mesh1_d4
14 -3.711210 -63.317926 0.000000 0.000000 0.000000 1.000000 0.431885 0.000000 3 14 0.014540 15 0.253008 16 0.732451
14 3.711229 -63.317926 0.000000 0.000000 0.000000 1.000000 0.718262 0.000000 3 14 0.014540 15 0.253008 16 0.732451
14 -3.711211 -59.592861 0.000000 0.000000 0.000000 1.000000 0.431885 0.083496 3 14 0.026035 15 0.279580 16 0.694385
2efb_kyj02_body_mesh1_d4
14 3.711229 -63.317926 0.000000 0.000000 0.000000 1.000000 0.718262 0.000000 3 14 0.014540 15 0.253008 16 0.732451
14 3.711228 -59.592864 0.000000 0.000000 0.000000 1.000000 0.718262 0.083496 3 14 0.026035 15 0.279580 16 0.694385
14 -3.711211 -59.592861 0.000000 0.000000 0.000000 1.000000 0.431885 0.083496 3 14 0.026035 15 0.279580 16 0.694385
2efb_kyj02_body_mesh1_d4
14 -3.711211 -59.592861 0.000000 0.000000 0.000000 1.000000 0.431885 0.083496 3 14 0.026035 15 0.279580 16 0.694385
14 3.711228 -59.592864 0.000000 0.000000 0.000000 1.000000 0.718262 0.083496 3 14 0.026035 15 0.279580 16 0.694385
14 3.711228 -55.867810 0.000000 0.000000 0.000000 1.000000 0.718262 0.166992 3 14 0.041967 15 0.321426 16 0.636608
2efb_kyj02_body_mesh1_d4
14 3.711228 -59.592864 0.000000 0.000000 0.000000 1.000000 0.718262 0.083496 3 14 0.026035 15 0.279580 16 0.694385
14 11.133668 -55.867810 0.000000 0.000000 0.000000 1.000000 1.004883 0.166992 3 14 0.042585 15 0.334462 16 0.622953
14 3.711228 -55.867810 0.000000 0.000000 0.000000 1.000000 0.718262 0.166992 3 14 0.041967 15 0.321426 16 0.636608
2efb_kyj02_body_mesh1_d4
14 3.711228 -55.867810 0.000000 0.000000 0.000000 1.000000 0.718262 0.166992 3 14 0.041967 15 0.321426 16 0.636608
14 11.133668 -55.867810 0.000000 0.000000 0.000000 1.000000 1.004883 0.166992 3 14 0.042585 15 0.334462 16 0.622953
14 3.711227 -52.142735 0.000000 0.000000 0.000000 1.000000 0.718262 0.250000 3 14 0.063330 15 0.377260 16 0.559409
2efb_kyj02_body_mesh1_d4
14 11.133668 -55.867810 0.000000 0.000000 0.000000 1.000000 1.004883 0.166992 3 14 0.042585 15 0.334462 16 0.622953
14 11.133666 -52.142735 0.000000 0.000000 0.000000 1.000000 1.004883 0.250000 3 14 0.064125 15 0.387320 16 0.548555
14 3.711227 -52.142735 0.000000 0.000000 0.000000 1.000000 0.718262 0.250000 3 14 0.063330 15 0.377260 16 0.559409
2efb_kyj02_body_mesh1_d4
14 3.711227 -52.142735 0.000000 0.000000 0.000000 1.000000 0.718262 0.250000 3 14 0.063330 15 0.377260 16 0.559409
14 11.133666 -52.142735 0.000000 0.000000 0.000000 1.000000 1.004883 0.250000 3 14 0.064125 15 0.387320 16 0.548555
14 11.133667 -48.417668 0.000000 0.000000 0.000000 1.000000 1.004883 0.333496 3 14 0.091740 15 0.451914 16 0.456346
2efb_kyj02_body_mesh1_d4
14 3.711229 -63.317926 0.000000 0.000000 0.000000 1.000000 0.718262 0.000000 3 14 0.014540 15 0.253008 16 0.732451
14 11.133667 -63.317926 0.000000 0.000000 0.000000 1.000000 1.004883 0.000000 3 14 0.014462 15 0.269404 16 0.716134
14 3.711228 -59.592864 0.000000 0.000000 0.000000 1.000000 0.718262 0.083496 3 14 0.026035 15 0.279580 16 0.694385
2efb_kyj02_body_mesh1_d4
14 11.133667 -63.317926 0.000000 0.000000 0.000000 1.000000 1.004883 0.000000 3 14 0.014462 15 0.269404 16 0.716134
14 11.133668 -59.592870 0.000000 0.000000 0.000000 1.000000 1.004883 0.083496 3 14 0.026400 15 0.295458 16 0.678142
14 3.711228 -59.592864 0.000000 0.000000 0.000000 1.000000 0.718262 0.083496 3 14 0.026035 15 0.279580 16 0.694385
2efb_kyj02_body_mesh1_d4
14 3.711228 -59.592864 0.000000 0.000000 0.000000 1.000000 0.718262 0.083496 3 14 0.026035 15 0.279580 16 0.694385
14 11.133668 -59.592870 0.000000 0.000000 0.000000 1.000000 1.004883 0.083496 3 14 0.026400 15 0.295458 16 0.678142
14 11.133668 -55.867810 0.000000 0.000000 0.000000 1.000000 1.004883 0.166992 3 14 0.042585 15 0.334462 16 0.622953
2efb_kyj02_body_mesh1_d4
14 -0.136657 -4.551819 -0.856036 -0.700386 -0.001300 -0.713763 0.000000 0.750000 2 14 0.800000 15 0.200000
14 -0.136657 -9.098956 -0.854391 -0.705240 0.002731 -0.708964 0.000000 0.500000 2 14 0.625000 15 0.375000
14 -0.991048 -4.662386 -0.016202 -0.700197 0.003699 0.713941 0.132812 0.750000 2 14 0.800000 15 0.200000
2efb_kyj02_body_mesh1_d4
14 -0.136657 -9.098956 -0.854391 -0.705240 0.002731 -0.708964 0.000000 0.500000 2 14 0.625000 15 0.375000
14 -0.991047 -9.098956 0.000000 -0.705105 -0.004802 0.709087 0.132812 0.500000 2 14 0.625000 15 0.375000
14 -0.991048 -4.662386 -0.016202 -0.700197 0.003699 0.713941 0.132812 0.750000 2 14 0.800000 15 0.200000
2efb_kyj02_body_mesh1_d4
14 -0.991047 -9.098956 0.000000 -0.705105 -0.004802 0.709087 0.132812 0.500000 2 14 0.625000 15 0.375000
14 -0.136657 -9.098956 -0.854391 -0.705240 0.002731 -0.708964 0.000000 0.500000 2 14 0.625000 15 0.375000
14 -0.991047 -13.789005 -0.057029 -0.686970 -0.012015 0.726587 0.132812 0.250000 2 14 0.450000 15 0.550000
2efb_kyj02_body_mesh1_d4
14 -0.136657 -9.098956 -0.854391 -0.705240 0.002731 -0.708964 0.000000 0.500000 2 14 0.625000 15 0.375000
14 -0.136656 -13.969546 -0.871395 -0.687855 0.005483 -0.725827 0.000000 0.250000 2 14 0.450000 15 0.550000
14 -0.991047 -13.789005 -0.057029 -0.686970 -0.012015 0.726587 0.132812 0.250000 2 14 0.450000 15 0.550000
2efb_kyj02_body_mesh1_d4
14 -0.991047 -13.789005 -0.057029 -0.686970 -0.012015 0.726587 0.132812 0.250000 2 14 0.450000 15 0.550000
14 -0.136656 -13.969546 -0.871395 -0.687855 0.005483 -0.725827 0.000000 0.250000 2 14 0.450000 15 0.550000
14 -0.991047 -18.479054 -0.114059 -0.669417 -0.009033 0.742832 0.132812 0.000000 2 14 0.300932 15 0.699068
2efb_kyj02_body_mesh1_d4
14 -0.136656 -13.969546 -0.871395 -0.687855 0.005483 -0.725827 0.000000 0.250000 2 14 0.450000 15 0.550000
14 -0.136656 -18.840138 -0.888400 -0.670940 0.002589 -0.741507 0.000000 0.000000 2 14 0.303291 15 0.696709
14 -0.991047 -18.479054 -0.114059 -0.669417 -0.009033 0.742832 0.132812 0.000000 2 14 0.300932 15 0.699068
2efb_kyj02_body_mesh1_d4
14 -0.991048 -4.662386 -0.016202 -0.700197 0.003699 0.713941 0.000000 0.750000 2 14 0.800000 15 0.200000
14 -0.991047 -9.098956 0.000000 -0.705105 -0.004802 0.709087 0.000000 0.500000 2 14 0.625000 15 0.375000
14 -0.136657 -4.772954 0.823633 0.701299 0.003973 0.712856 0.132812 0.750000 2 14 0.800000 15 0.200000
2efb_kyj02_body_mesh1_d4
14 -0.991047 -9.098956 0.000000 -0.705105 -0.004802 0.709087 0.000000 0.500000 2 14 0.625000 15 0.375000
14 -0.136656 -9.098956 0.854391 0.707098 -0.005062 0.707098 0.132812 0.500000 2 14 0.625000 15 0.375000
14 -0.136657 -4.772954 0.823633 0.701299 0.003973 0.712856 0.132812 0.750000 2 14 0.800000 15 0.200000
2efb_kyj02_body_mesh1_d4
14 -0.136656 -9.098956 0.854391 0.707098 -0.005062 0.707098 0.132812 0.500000 2 14 0.625000 15 0.375000
14 -0.991047 -9.098956 0.000000 -0.705105 -0.004802 0.709087 0.000000 0.500000 2 14 0.625000 15 0.375000
14 -0.136656 -13.608464 0.757336 0.690116 -0.012388 0.723592 0.132812 0.250000 2 14 0.450000 15 0.550000
2efb_kyj02_body_mesh1_d4
14 -0.991047 -9.098956 0.000000 -0.705105 -0.004802 0.709087 0.000000 0.500000 2 14 0.625000 15 0.375000
14 -0.991047 -13.789005 -0.057029 -0.686970 -0.012015 0.726587 0.000000 0.250000 2 14 0.450000 15 0.550000
14 -0.136656 -13.608464 0.757336 0.690116 -0.012388 0.723592 0.132812 0.250000 2 14 0.450000 15 0.550000
2efb_kyj02_body_mesh1_d4
14 -0.136656 -13.608464 0.757336 0.690116 -0.012388 0.723592 0.132812 0.250000 2 14 0.450000 15 0.550000
14 -0.991047 -13.789005 -0.057029 -0.686970 -0.012015 0.726587 0.000000 0.250000 2 14 0.450000 15 0.550000
14 -0.136656 -18.117972 0.660282 0.672087 -0.009962 0.740405 0.132812 0.000000 2 14 0.310447 15 0.689553
2efb_kyj02_body_mesh1_d4
14 -0.991047 -13.789005 -0.057029 -0.686970 -0.012015 0.726587 0.000000 0.250000 2 14 0.450000 15 0.550000
14 -0.991047 -18.479054 -0.114059 -0.669417 -0.009033 0.742832 0.000000 0.000000 2 14 0.300932 15 0.699068
14 -0.136656 -18.117972 0.660282 0.672087 -0.009962 0.740405 0.132812 0.000000 2 14 0.310447 15 0.689553
2efb_kyj02_body_mesh1_d4
14 -11.133650 -59.592861 0.000000 0.000000 0.000000 1.000000 0.145386 0.083496 3 14 0.026400 15 0.295458 16 0.678142
14 -3.711212 -55.867810 0.000000 0.000000 0.000000 1.000000 0.431885 0.166992 3 14 0.041967 15 0.321425 16 0.636608
14 -11.133651 -55.867795 0.000000 0.000000 0.000000 1.000000 0.145386 0.166992 3 14 0.042585 15 0.334462 16 0.622953
2efb_kyj02_body_mesh1_d4
14 -3.711212 -55.867810 0.000000 0.000000 0.000000 1.000000 0.431885 0.166992 3 14 0.041967 15 0.321425 16 0.636608
14 -11.133651 -52.142735 0.000000 0.000000 0.000000 1.000000 0.145386 0.250000 3 14 0.064125 15 0.387320 16 0.548555
14 -11.133651 -55.867795 0.000000 0.000000 0.000000 1.000000 0.145386 0.166992 3 14 0.042585 15 0.334462 16 0.622953
2efb_kyj02_body_mesh1_d4
14 -3.711212 -55.867810 0.000000 0.000000 0.000000 1.000000 0.431885 0.166992 3 14 0.041967 15 0.321425 16 0.636608
14 -3.711212 -52.142735 0.000000 0.000000 0.000000 1.000000 0.431885 0.250000 3 14 0.063330 15 0.377260 16 0.559409
14 -11.133651 -52.142735 0.000000 0.000000 0.000000 1.000000 0.145386 0.250000 3 14 0.064125 15 0.387320 16 0.548555
2efb_kyj02_body_mesh1_d4
14 -3.711212 -52.142735 0.000000 0.000000 0.000000 1.000000 0.431885 0.250000 3 14 0.063330 15 0.377260 16 0.559409
14 -3.711213 -48.417668 0.000000 0.000000 0.000000 1.000000 0.431885 0.333496 3 14 0.090803 15 0.445155 16 0.464041
14 -11.133651 -52.142735 0.000000 0.000000 0.000000 1.000000 0.145386 0.250000 3 14 0.064125 15 0.387320 16 0.548555
2efb_kyj02_body_mesh1_d4
14 -11.133651 -52.142735 0.000000 0.000000 0.000000 1.000000 0.145386 0.250000 3 14 0.064125 15 0.387320 16 0.548555
14 -3.711213 -48.417668 0.000000 0.000000 0.000000 1.000000 0.431885 0.333496 3 14 0.090803 15 0.445155 16 0.464041
14 -11.133654 -48.417668 0.000000 0.000000 0.000000 1.000000 0.145386 0.333496 3 14 0.091740 15 0.451914 16 0.456346
2efb_kyj02_body_mesh1_d4
14 -3.711213 -48.417668 0.000000 0.000000 0.000000 1.000000 0.431885 0.333496 3 14 0.090803 15 0.445155 16 0.464041
14 -11.133654 -44.692604 0.000000 0.000000 0.000000 1.000000 0.145386 0.416992 3 14 0.125151 15 0.523209 16 0.351640
14 -11.133654 -48.417668 0.000000 0.000000 0.000000 1.000000 0.145386 0.333496 3 14 0.091740 15 0.451914 16 0.456346
2efb_kyj02_body_mesh1_d4
14 -3.711212 -52.142735 0.000000 0.000000 0.000000 1.000000 0.431885 0.250000 3 14 0.063330 15 0.377260 16 0.559409
14 3.711227 -48.417668 0.000000 0.000000 0.000000 1.000000 0.718262 0.333496 3 14 0.090803 15 0.445155 16 0.464041
14 -3.711213 -48.417668 0.000000 0.000000 0.000000 1.000000 0.431885 0.333496 3 14 0.090803 15 0.445155 16 0.464041
2efb_kyj02_body_mesh1_d4
14 3.711227 -48.417668 0.000000 0.000000 0.000000 1.000000 0.718262 0.333496 3 14 0.090803 15 0.445155 16 0.464041
14 -3.711213 -44.692595 0.000000 0.000000 0.000000 1.000000 0.431885 0.416992 3 14 0.123989 15 0.520148 16 0.355863
14 -3.711213 -48.417668 0.000000 0.000000 0.000000 1.000000 0.431885 0.333496 3 14 0.090803 15 0.445155 16 0.464041
2efb_kyj02_body_mesh1_d4
14 -3.711213 -48.417668 0.000000 0.000000 0.000000 1.000000 0.431885 0.333496 3 14 0.090803 15 0.445155 16 0.464041
14 -3.711213 -44.692595 0.000000 0.000000 0.000000 1.000000 0.431885 0.416992 3 14 0.123989 15 0.520148 16 0.355863
14 -11.133654 -44.692604 0.000000 0.000000 0.000000 1.000000 0.145386 0.416992 3 14 0.125151 15 0.523209 16 0.351640
2efb_kyj02_body_mesh1_d4
14 -3.711213 -44.692595 0.000000 0.000000 0.000000 1.000000 0.431885 0.416992 3 14 0.123989 15 0.520148 16 0.355863
14 -3.711214 -40.967532 0.000000 0.000000 0.000000 1.000000 0.431885 0.500000 3 14 0.161159 15 0.595080 16 0.243762
14 -11.133654 -44.692604 0.000000 0.000000 0.000000 1.000000 0.145386 0.416992 3 14 0.125151 15 0.523209 16 0.351640
2efb_kyj02_body_mesh1_d4
14 -11.133654 -44.692604 0.000000 0.000000 0.000000 1.000000 0.145386 0.416992 3 14 0.125151 15 0.523209 16 0.351640
14 -3.711214 -40.967532 0.000000 0.000000 0.000000 1.000000 0.431885 0.500000 3 14 0.161159 15 0.595080 16 0.243762
14 -11.133653 -40.967528 0.000000 0.000000 0.000000 1.000000 0.145386 0.500000 3 14 0.162864 15 0.594138 16 0.242998
2efb_kyj02_body_mesh1_d4
14 3.711227 -48.417668 0.000000 0.000000 0.000000 1.000000 0.718262 0.333496 3 14 0.090803 15 0.445155 16 0.464041
14 3.711226 -44.692595 0.000000 0.000000 0.000000 1.000000 0.718262 0.416992 3 14 0.123989 15 0.520148 16 0.355863
14 -3.711213 -44.692595 0.000000 0.000000 0.000000 1.000000 0.431885 0.416992 3 14 0.123989 15 0.520148 16 0.355863
2efb_kyj02_body_mesh1_d4
14 3.711226 -44.692595 0.000000 0.000000 0.000000 1.000000 0.718262 0.416992 3 14 0.123989 15 0.520148 16 0.355863
14 3.711226 -40.967532 0.000000 0.000000 0.000000 1.000000 0.718262 0.500000 3 14 0.161159 15 0.595080 16 0.243762
14 -3.711213 -44.692595 0.000000 0.000000 0.000000 1.000000 0.431885 0.416992 3 14 0.123989 15 0.520148 16 0.355863
2efb_kyj02_body_mesh1_d4
14 -3.711213 -44.692595 0.000000 0.000000 0.000000 1.000000 0.431885 0.416992 3 14 0.123989 15 0.520148 16 0.355863
14 3.711226 -40.967532 0.000000 0.000000 0.000000 1.000000 0.718262 0.500000 3 14 0.161159 15 0.595080 16 0.243762
14 -3.711214 -40.967532 0.000000 0.000000 0.000000 1.000000 0.431885 0.500000 3 14 0.161159 15 0.595080 16 0.243762
2efb_kyj02_body_mesh1_d4
14 -11.133657 -18.617124 -0.044531 0.000000 0.000000 -1.000000 1.004883 1.000000 2 14 0.355496 15 0.644504
14 -3.711218 -18.617124 -0.044531 0.000000 0.000000 -1.000000 0.718262 1.000000 2 14 0.305630 15 0.694370
14 -11.133654 -26.067270 -0.044531 0.000000 0.000000 -1.000000 1.004883 0.833374 3 14 0.288191 15 0.690337 16 0.021473
2efb_kyj02_body_mesh1_d4
14 -3.711218 -18.617124 -0.044531 0.000000 0.000000 -1.000000 0.718262 1.000000 2 14 0.305630 15 0.694370
14 -3.711217 -26.067259 -0.044531 0.000000 0.000000 -1.000000 0.718262 0.833374 3 14 0.272491 15 0.713489 16 0.014019
14 -11.133654 -26.067270 -0.044531 0.000000 0.000000 -1.000000 1.004883 0.833374 3 14 0.288191 15 0.690337 16 0.021473
2efb_kyj02_body_mesh1_d4
14 -11.133654 -26.067270 -0.044531 0.000000 0.000000 -1.000000 1.004883 0.833374 3 14 0.288191 15 0.690337 16 0.021473
14 -3.711217 -26.067259 -0.044531 0.000000 0.000000 -1.000000 0.718262 0.833374 3 14 0.272491 15 0.713489 16 0.014019
14 -11.133657 -33.517397 -0.044531 0.000000 0.000000 -1.000000 1.004883 0.666748 3 14 0.229347 15 0.670777 16 0.099876
2efb_kyj02_body_mesh1_d4
14 -3.711217 -26.067259 -0.044531 0.000000 0.000000 -1.000000 0.718262 0.833374 3 14 0.272491 15 0.713489 16 0.014019
14 -3.711216 -33.517394 -0.044531 0.000000 0.000000 -1.000000 0.718262 0.666748 3 14 0.224374 15 0.680348 16 0.095278
14 -11.133657 -33.517397 -0.044531 0.000000 0.000000 -1.000000 1.004883 0.666748 3 14 0.229347 15 0.670777 16 0.099876
2efb_kyj02_body_mesh1_d4
14 -11.133657 -33.517397 -0.044531 0.000000 0.000000 -1.000000 1.004883 0.666748 3 14 0.229347 15 0.670777 16 0.099876
14 -3.711216 -33.517394 -0.044531 0.000000 0.000000 -1.000000 0.718262 0.666748 3 14 0.224374 15 0.680348 16 0.095278
14 -11.133652 -40.967528 -0.044531 0.000000 0.000000 -1.000000 1.004883 0.500000 3 14 0.162418 15 0.593300 16 0.244281
2efb_kyj02_body_mesh1_d4
14 -3.711216 -33.517394 -0.044531 0.000000 0.000000 -1.000000 0.718262 0.666748 3 14 0.224374 15 0.680348 16 0.095278
14 -3.711215 -40.967534 -0.044531 0.000000 0.000000 -1.000000 0.718262 0.500000 3 14 0.160720 15 0.594195 16 0.245086
14 -11.133652 -40.967528 -0.044531 0.000000 0.000000 -1.000000 1.004883 0.500000 3 14 0.162418 15 0.593300 16 0.244281
2efb_kyj02_body_mesh1_d4
14 -11.133652 -40.967528 -0.044531 0.000000 0.000000 -1.000000 1.004883 0.500000 3 14 0.162418 15 0.593300 16 0.244281
14 -3.711215 -40.967534 -0.044531 0.000000 0.000000 -1.000000 0.718262 0.500000 3 14 0.160720 15 0.594195 16 0.245086
14 -11.133654 -44.692607 -0.044531 0.000000 0.000000 -1.000000 1.004883 0.416992 3 14 0.126233 15 0.523117 16 0.350650
2efb_kyj02_body_mesh1_d4
14 -3.711215 -40.967534 -0.044531 0.000000 0.000000 -1.000000 0.718262 0.500000 3 14 0.160720 15 0.594195 16 0.245086
14 -3.711214 -44.692598 -0.044531 0.000000 0.000000 -1.000000 0.718262 0.416992 3 14 0.124991 15 0.520133 16 0.354876
14 -11.133654 -44.692607 -0.044531 0.000000 0.000000 -1.000000 1.004883 0.416992 3 14 0.126233 15 0.523117 16 0.350650
2efb_kyj02_body_mesh1_d4
14 -11.133654 -44.692607 -0.044531 0.000000 0.000000 -1.000000 1.004883 0.416992 3 14 0.126233 15 0.523117 16 0.350650
14 -3.711214 -44.692598 -0.044531 0.000000 0.000000 -1.000000 0.718262 0.416992 3 14 0.124991 15 0.520133 16 0.354876
14 -3.711214 -48.417668 -0.044531 0.000000 0.000000 -1.000000 0.718262 0.333496 3 14 0.092240 15 0.446940 16 0.460820
2efb_kyj02_body_mesh1_d4
14 -3.711214 -44.692598 -0.044531 0.000000 0.000000 -1.000000 0.718262 0.416992 3 14 0.124991 15 0.520133 16 0.354876
14 3.711226 -48.417668 -0.044531 0.000000 0.000000 -1.000000 0.431885 0.333496 3 14 0.092240 15 0.446940 16 0.460820
14 -3.711214 -48.417668 -0.044531 0.000000 0.000000 -1.000000 0.718262 0.333496 3 14 0.092240 15 0.446940 16 0.460820
2efb_kyj02_body_mesh1_d4
14 -3.711214 -48.417668 -0.044531 0.000000 0.000000 -1.000000 0.718262 0.333496 3 14 0.092240 15 0.446940 16 0.460820
14 3.711226 -48.417668 -0.044531 0.000000 0.000000 -1.000000 0.431885 0.333496 3 14 0.092240 15 0.446940 16 0.460820
14 -3.711213 -52.142735 -0.044531 0.000000 0.000000 -1.000000 0.718262 0.250000 3 14 0.064867 15 0.380293 16 0.554840
2efb_kyj02_body_mesh1_d4
14 3.711226 -48.417668 -0.044531 0.000000 0.000000 -1.000000 0.431885 0.333496 3 14 0.092240 15 0.446940 16 0.460820
14 3.711227 -52.142735 -0.044531 0.000000 0.000000 -1.000000 0.431885 0.250000 3 14 0.064867 15 0.380293 16 0.554840
14 -3.711213 -52.142735 -0.044531 0.000000 0.000000 -1.000000 0.718262 0.250000 3 14 0.064867 15 0.380293 16 0.554840
2efb_kyj02_body_mesh1_d4
14 -3.711213 -52.142735 -0.044531 0.000000 0.000000 -1.000000 0.718262 0.250000 3 14 0.064867 15 0.380293 16 0.554840
14 3.711227 -52.142735 -0.044531 0.000000 0.000000 -1.000000 0.431885 0.250000 3 14 0.064867 15 0.380293 16 0.554840
14 3.711228 -55.867810 -0.044531 0.000000 0.000000 -1.000000 0.431885 0.166992 3 14 0.043333 15 0.324944 16 0.631724
2efb_kyj02_body_mesh1_d4
14 3.711227 -52.142735 -0.044531 0.000000 0.000000 -1.000000 0.431885 0.250000 3 14 0.064867 15 0.380293 16 0.554840
14 11.133669 -55.867810 -0.044531 0.000000 0.000000 -1.000000 0.145386 0.166992 3 14 0.043932 15 0.337946 16 0.618122
14 3.711228 -55.867810 -0.044531 0.000000 0.000000 -1.000000 0.431885 0.166992 3 14 0.043333 15 0.324944 16 0.631724
2efb_kyj02_body_mesh1_d4
14 3.711228 -55.867810 -0.044531 0.000000 0.000000 -1.000000 0.431885 0.166992 3 14 0.043333 15 0.324944 16 0.631724
14 11.133669 -55.867810 -0.044531 0.000000 0.000000 -1.000000 0.145386 0.166992 3 14 0.043932 15 0.337946 16 0.618122
14 3.711228 -59.592870 -0.044531 0.000000 0.000000 -1.000000 0.431885 0.083496 3 14 0.027151 15 0.283421 16 0.689428
2efb_kyj02_body_mesh1_d4
14 11.133669 -55.867810 -0.044531 0.000000 0.000000 -1.000000 0.145386 0.166992 3 14 0.043932 15 0.337946 16 0.618122
14 11.133669 -59.592870 -0.044531 0.000000 0.000000 -1.000000 0.145386 0.083496 3 14 0.027468 15 0.298715 16 0.673817
14 3.711228 -59.592870 -0.044531 0.000000 0.000000 -1.000000 0.431885 0.083496 3 14 0.027151 15 0.283421 16 0.689428
2efb_kyj02_body_mesh1_d4
14 3.711228 -59.592870 -0.044531 0.000000 0.000000 -1.000000 0.431885 0.083496 3 14 0.027151 15 0.283421 16 0.689428
14 11.133669 -59.592870 -0.044531 0.000000 0.000000 -1.000000 0.145386 0.083496 3 14 0.027468 15 0.298715 16 0.673817
14 11.133667 -63.317926 -0.044531 0.000000 0.000000 -1.000000 0.145386 0.000000 3 14 0.014603 15 0.269712 16 0.715686
2efb_kyj02_body_mesh1_d4
14 -3.711218 -18.617124 -0.044531 0.000000 0.000000 -1.000000 0.718262 1.000000 2 14 0.305630 15 0.694370
14 3.711222 -18.617125 -0.044531 0.000000 0.000000 -1.000000 0.431885 1.000000 2 14 0.305636 15 0.694364
14 -3.711217 -26.067259 -0.044531 0.000000 0.000000 -1.000000 0.718262 0.833374 3 14 0.272491 15 0.713489 16 0.014019
2efb_kyj02_body_mesh1_d4
14 3.711222 -18.617125 -0.044531 0.000000 0.000000 -1.000000 0.431885 1.000000 2 14 0.305636 15 0.694364
14 3.711223 -26.067259 -0.044531 0.000000 0.000000 -1.000000 0.431885 0.833374 3 14 0.272489 15 0.713490 16 0.014021
14 -3.711217 -26.067259 -0.044531 0.000000 0.000000 -1.000000 0.718262 0.833374 3 14 0.272491 15 0.713489 16 0.014019
2efb_kyj02_body_mesh1_d4
14 -3.711217 -26.067259 -0.044531 0.000000 0.000000 -1.000000 0.718262 0.833374 3 14 0.272491 15 0.713489 16 0.014019
14 3.711223 -26.067259 -0.044531 0.000000 0.000000 -1.000000 0.431885 0.833374 3 14 0.272489 15 0.713490 16 0.014021
14 -3.711216 -33.517394 -0.044531 0.000000 0.000000 -1.000000 0.718262 0.666748 3 14 0.224374 15 0.680348 16 0.095278
2efb_kyj02_body_mesh1_d4
14 3.711223 -26.067259 -0.044531 0.000000 0.000000 -1.000000 0.431885 0.833374 3 14 0.272489 15 0.713490 16 0.014021
14 3.711224 -33.517394 -0.044531 0.000000 0.000000 -1.000000 0.431885 0.666748 3 14 0.224374 15 0.680348 16 0.095278
14 -3.711216 -33.517394 -0.044531 0.000000 0.000000 -1.000000 0.718262 0.666748 3 14 0.224374 15 0.680348 16 0.095278
2efb_kyj02_body_mesh1_d4
14 -3.711216 -33.517394 -0.044531 0.000000 0.000000 -1.000000 0.718262 0.666748 3 14 0.224374 15 0.680348 16 0.095278
14 3.711224 -33.517394 -0.044531 0.000000 0.000000 -1.000000 0.431885 0.666748 3 14 0.224374 15 0.680348 16 0.095278
14 -3.711215 -40.967534 -0.044531 0.000000 0.000000 -1.000000 0.718262 0.500000 3 14 0.160720 15 0.594195 16 0.245086
2efb_kyj02_body_mesh1_d4
14 3.711224 -33.517394 -0.044531 0.000000 0.000000 -1.000000 0.431885 0.666748 3 14 0.224374 15 0.680348 16 0.095278
14 3.711225 -40.967534 -0.044531 0.000000 0.000000 -1.000000 0.431885 0.500000 3 14 0.160720 15 0.594195 16 0.245086
14 -3.711215 -40.967534 -0.044531 0.000000 0.000000 -1.000000 0.718262 0.500000 3 14 0.160720 15 0.594195 16 0.245086
2efb_kyj02_body_mesh1_d4
14 -3.711215 -40.967534 -0.044531 0.000000 0.000000 -1.000000 0.718262 0.500000 3 14 0.160720 15 0.594195 16 0.245086
14 3.711225 -40.967534 -0.044531 0.000000 0.000000 -1.000000 0.431885 0.500000 3 14 0.160720 15 0.594195 16 0.245086
14 -3.711214 -44.692598 -0.044531 0.000000 0.000000 -1.000000 0.718262 0.416992 3 14 0.124991 15 0.520133 16 0.354876
2efb_kyj02_body_mesh1_d4
14 3.711225 -40.967534 -0.044531 0.000000 0.000000 -1.000000 0.431885 0.500000 3 14 0.160720 15 0.594195 16 0.245086
14 3.711225 -44.692598 -0.044531 0.000000 0.000000 -1.000000 0.431885 0.416992 3 14 0.124991 15 0.520133 16 0.354876
14 -3.711214 -44.692598 -0.044531 0.000000 0.000000 -1.000000 0.718262 0.416992 3 14 0.124991 15 0.520133 16 0.354876
2efb_kyj02_body_mesh1_d4
14 -3.711214 -44.692598 -0.044531 0.000000 0.000000 -1.000000 0.718262 0.416992 3 14 0.124991 15 0.520133 16 0.354876
14 3.711225 -44.692598 -0.044531 0.000000 0.000000 -1.000000 0.431885 0.416992 3 14 0.124991 15 0.520133 16 0.354876
14 3.711226 -48.417668 -0.044531 0.000000 0.000000 -1.000000 0.431885 0.333496 3 14 0.092240 15 0.446940 16 0.460820
2efb_kyj02_body_mesh1_d4
14 3.711225 -44.692598 -0.044531 0.000000 0.000000 -1.000000 0.431885 0.416992 3 14 0.124991 15 0.520133 16 0.354876
14 11.133668 -48.417668 -0.044531 0.000000 0.000000 -1.000000 0.145386 0.333496 3 14 0.093198 15 0.453599 16 0.453203
14 3.711226 -48.417668 -0.044531 0.000000 0.000000 -1.000000 0.431885 0.333496 3 14 0.092240 15 0.446940 16 0.460820
2efb_kyj02_body_mesh1_d4
14 3.711226 -48.417668 -0.044531 0.000000 0.000000 -1.000000 0.431885 0.333496 3 14 0.092240 15 0.446940 16 0.460820
14 11.133668 -48.417668 -0.044531 0.000000 0.000000 -1.000000 0.145386 0.333496 3 14 0.093198 15 0.453599 16 0.453203
14 3.711227 -52.142735 -0.044531 0.000000 0.000000 -1.000000 0.431885 0.250000 3 14 0.064867 15 0.380293 16 0.554840
2efb_kyj02_body_mesh1_d4
14 11.133668 -48.417668 -0.044531 0.000000 0.000000 -1.000000 0.145386 0.333496 3 14 0.093198 15 0.453599 16 0.453203
14 11.133666 -52.142735 -0.044531 0.000000 0.000000 -1.000000 0.145386 0.250000 3 14 0.065653 15 0.390272 16 0.544076
14 3.711227 -52.142735 -0.044531 0.000000 0.000000 -1.000000 0.431885 0.250000 3 14 0.064867 15 0.380293 16 0.554840
2efb_kyj02_body_mesh1_d4
14 3.711227 -52.142735 -0.044531 0.000000 0.000000 -1.000000 0.431885 0.250000 3 14 0.064867 15 0.380293 16 0.554840
14 11.133666 -52.142735 -0.044531 0.000000 0.000000 -1.000000 0.145386 0.250000 3 14 0.065653 15 0.390272 16 0.544076
14 11.133669 -55.867810 -0.044531 0.000000 0.000000 -1.000000 0.145386 0.166992 3 14 0.043932 15 0.337946 16 0.618122
2efb_kyj02_body_mesh1_d4
14 3.711222 -18.617125 -0.044531 0.000000 0.000000 -1.000000 0.431885 1.000000 2 14 0.305636 15 0.694364
14 11.133663 -18.617127 -0.044531 0.000000 0.000000 -1.000000 0.145386 1.000000 2 14 0.355496 15 0.644504
14 3.711223 -26.067259 -0.044531 0.000000 0.000000 -1.000000 0.431885 0.833374 3 14 0.272489 15 0.713490 16 0.014021
2efb_kyj02_body_mesh1_d4
14 11.133663 -18.617127 -0.044531 0.000000 0.000000 -1.000000 0.145386 1.000000 2 14 0.355496 15 0.644504
14 11.133665 -26.067256 -0.044531 0.000000 0.000000 -1.000000 0.145386 0.833374 3 14 0.288191 15 0.690337 16 0.021473
14 3.711223 -26.067259 -0.044531 0.000000 0.000000 -1.000000 0.431885 0.833374 3 14 0.272489 15 0.713490 16 0.014021
2efb_kyj02_body_mesh1_d4
14 3.711223 -26.067259 -0.044531 0.000000 0.000000 -1.000000 0.431885 0.833374 3 14 0.272489 15 0.713490 16 0.014021
14 11.133665 -26.067256 -0.044531 0.000000 0.000000 -1.000000 0.145386 0.833374 3 14 0.288191 15 0.690337 16 0.021473
14 3.711224 -33.517394 -0.044531 0.000000 0.000000 -1.000000 0.431885 0.666748 3 14 0.224374 15 0.680348 16 0.095278
2efb_kyj02_body_mesh1_d4
14 11.133665 -26.067256 -0.044531 0.000000 0.000000 -1.000000 0.145386 0.833374 3 14 0.288191 15 0.690337 16 0.021473
14 11.133665 -33.517391 -0.044531 0.000000 0.000000 -1.000000 0.145386 0.666748 3 14 0.229347 15 0.670777 16 0.099876
14 3.711224 -33.517394 -0.044531 0.000000 0.000000 -1.000000 0.431885 0.666748 3 14 0.224374 15 0.680348 16 0.095278
2efb_kyj02_body_mesh1_d4
14 3.711224 -33.517394 -0.044531 0.000000 0.000000 -1.000000 0.431885 0.666748 3 14 0.224374 15 0.680348 16 0.095278
14 11.133665 -33.517391 -0.044531 0.000000 0.000000 -1.000000 0.145386 0.666748 3 14 0.229347 15 0.670777 16 0.099876
14 3.711225 -40.967534 -0.044531 0.000000 0.000000 -1.000000 0.431885 0.500000 3 14 0.160720 15 0.594195 16 0.245086
2efb_kyj02_body_mesh1_d4
14 11.133665 -33.517391 -0.044531 0.000000 0.000000 -1.000000 0.145386 0.666748 3 14 0.229347 15 0.670777 16 0.099876
14 11.133665 -40.967522 -0.044531 0.000000 0.000000 -1.000000 0.145386 0.500000 3 14 0.162418 15 0.593300 16 0.244281
14 3.711225 -40.967534 -0.044531 0.000000 0.000000 -1.000000 0.431885 0.500000 3 14 0.160720 15 0.594195 16 0.245086
2efb_kyj02_body_mesh1_d4
14 3.711225 -40.967534 -0.044531 0.000000 0.000000 -1.000000 0.431885 0.500000 3 14 0.160720 15 0.594195 16 0.245086
14 11.133665 -40.967522 -0.044531 0.000000 0.000000 -1.000000 0.145386 0.500000 3 14 0.162418 15 0.593300 16 0.244281
14 3.711225 -44.692598 -0.044531 0.000000 0.000000 -1.000000 0.431885 0.416992 3 14 0.124991 15 0.520133 16 0.354876
2efb_kyj02_body_mesh1_d4
14 11.133665 -40.967522 -0.044531 0.000000 0.000000 -1.000000 0.145386 0.500000 3 14 0.162418 15 0.593300 16 0.244281
14 11.133666 -44.692598 -0.044531 0.000000 0.000000 -1.000000 0.145386 0.416992 3 14 0.126233 15 0.523117 16 0.350650
14 3.711225 -44.692598 -0.044531 0.000000 0.000000 -1.000000 0.431885 0.416992 3 14 0.124991 15 0.520133 16 0.354876
2efb_kyj02_body_mesh1_d4
14 3.711225 -44.692598 -0.044531 0.000000 0.000000 -1.000000 0.431885 0.416992 3 14 0.124991 15 0.520133 16 0.354876
14 11.133666 -44.692598 -0.044531 0.000000 0.000000 -1.000000 0.145386 0.416992 3 14 0.126233 15 0.523117 16 0.350650
14 11.133668 -48.417668 -0.044531 0.000000 0.000000 -1.000000 0.145386 0.333496 3 14 0.093198 15 0.453599 16 0.453203
2efb_kyj02_body_mesh1_d4
14 -11.133654 -44.692607 -0.044531 0.000000 0.000000 -1.000000 1.004883 0.416992 3 14 0.126233 15 0.523117 16 0.350650
14 -3.711214 -48.417668 -0.044531 0.000000 0.000000 -1.000000 0.718262 0.333496 3 14 0.092240 15 0.446940 16 0.460820
14 -11.133654 -48.417668 -0.044531 0.000000 0.000000 -1.000000 1.004883 0.333496 3 14 0.093198 15 0.453599 16 0.453203
2efb_kyj02_body_mesh1_d4
14 -3.711214 -48.417668 -0.044531 0.000000 0.000000 -1.000000 0.718262 0.333496 3 14 0.092240 15 0.446940 16 0.460820
14 -11.133651 -52.142735 -0.044531 0.000000 0.000000 -1.000000 1.004883 0.250000 3 14 0.065653 15 0.390272 16 0.544076
14 -11.133654 -48.417668 -0.044531 0.000000 0.000000 -1.000000 1.004883 0.333496 3 14 0.093198 15 0.453599 16 0.453203
2efb_kyj02_body_mesh1_d4
14 11.133667 -63.317926 -0.044531 0.000000 0.000000 -1.000000 0.145386 0.000000 3 14 0.014603 15 0.269712 16 0.715686
14 3.711229 -63.317926 -0.044531 0.000000 0.000000 -1.000000 0.431885 0.000000 3 14 0.014676 15 0.253322 16 0.732002
14 3.711228 -59.592870 -0.044531 0.000000 0.000000 -1.000000 0.431885 0.083496 3 14 0.027151 15 0.283421 16 0.689428
2efb_kyj02_body_mesh1_d4
14 3.711229 -63.317926 -0.044531 0.000000 0.000000 -1.000000 0.431885 0.000000 3 14 0.014676 15 0.253322 16 0.732002
14 -3.711212 -59.592861 -0.044531 0.000000 0.000000 -1.000000 0.718262 0.083496 3 14 0.027151 15 0.283421 16 0.689428
14 3.711228 -59.592870 -0.044531 0.000000 0.000000 -1.000000 0.431885 0.083496 3 14 0.027151 15 0.283421 16 0.689428
2efb_kyj02_body_mesh1_d4
14 3.711228 -59.592870 -0.044531 0.000000 0.000000 -1.000000 0.431885 0.083496 3 14 0.027151 15 0.283421 16 0.689428
14 -3.711212 -59.592861 -0.044531 0.000000 0.000000 -1.000000 0.718262 0.083496 3 14 0.027151 15 0.283421 16 0.689428
14 3.711228 -55.867810 -0.044531 0.000000 0.000000 -1.000000 0.431885 0.166992 3 14 0.043333 15 0.324944 16 0.631724
2efb_kyj02_body_mesh1_d4
14 -3.711212 -59.592861 -0.044531 0.000000 0.000000 -1.000000 0.718262 0.083496 3 14 0.027151 15 0.283421 16 0.689428
14 -3.711213 -55.867810 -0.044531 0.000000 0.000000 -1.000000 0.718262 0.166992 3 14 0.043333 15 0.324944 16 0.631724
14 3.711228 -55.867810 -0.044531 0.000000 0.000000 -1.000000 0.431885 0.166992 3 14 0.043333 15 0.324944 16 0.631724
2efb_kyj02_body_mesh1_d4
14 3.711228 -55.867810 -0.044531 0.000000 0.000000 -1.000000 0.431885 0.166992 3 14 0.043333 15 0.324944 16 0.631724
14 -3.711213 -55.867810 -0.044531 0.000000 0.000000 -1.000000 0.718262 0.166992 3 14 0.043333 15 0.324944 16 0.631724
14 -3.711213 -52.142735 -0.044531 0.000000 0.000000 -1.000000 0.718262 0.250000 3 14 0.064867 15 0.380293 16 0.554840
2efb_kyj02_body_mesh1_d4
14 -3.711213 -55.867810 -0.044531 0.000000 0.000000 -1.000000 0.718262 0.166992 3 14 0.043333 15 0.324944 16 0.631724
14 -11.133651 -52.142735 -0.044531 0.000000 0.000000 -1.000000 1.004883 0.250000 3 14 0.065653 15 0.390272 16 0.544076
14 -3.711213 -52.142735 -0.044531 0.000000 0.000000 -1.000000 0.718262 0.250000 3 14 0.064867 15 0.380293 16 0.554840
2efb_kyj02_body_mesh1_d4
14 -3.711213 -52.142735 -0.044531 0.000000 0.000000 -1.000000 0.718262 0.250000 3 14 0.064867 15 0.380293 16 0.554840
14 -11.133651 -52.142735 -0.044531 0.000000 0.000000 -1.000000 1.004883 0.250000 3 14 0.065653 15 0.390272 16 0.544076
14 -3.711214 -48.417668 -0.044531 0.000000 0.000000 -1.000000 0.718262 0.333496 3 14 0.092240 15 0.446940 16 0.460820
2efb_kyj02_body_mesh1_d4
14 -11.133651 -52.142735 -0.044531 0.000000 0.000000 -1.000000 1.004883 0.250000 3 14 0.065653 15 0.390272 16 0.544076
14 -3.711213 -55.867810 -0.044531 0.000000 0.000000 -1.000000 0.718262 0.166992 3 14 0.043333 15 0.324944 16 0.631724
14 -11.133651 -55.867802 -0.044531 0.000000 0.000000 -1.000000 1.004883 0.166992 3 14 0.043932 15 0.337946 16 0.618122
2efb_kyj02_body_mesh1_d4
14 -3.711213 -55.867810 -0.044531 0.000000 0.000000 -1.000000 0.718262 0.166992 3 14 0.043333 15 0.324944 16 0.631724
14 -11.133650 -59.592861 -0.044531 0.000000 0.000000 -1.000000 1.004883 0.083496 3 14 0.027468 15 0.298715 16 0.673817
14 -11.133651 -55.867802 -0.044531 0.000000 0.000000 -1.000000 1.004883 0.166992 3 14 0.043932 15 0.337946 16 0.618122
2efb_kyj02_body_mesh1_d4
14 3.711229 -63.317926 -0.044531 0.000000 0.000000 -1.000000 0.431885 0.000000 3 14 0.014676 15 0.253322 16 0.732002
14 -3.711212 -63.317926 -0.044531 0.000000 0.000000 -1.000000 0.718262 0.000000 3 14 0.014676 15 0.253322 16 0.732002
14 -3.711212 -59.592861 -0.044531 0.000000 0.000000 -1.000000 0.718262 0.083496 3 14 0.027151 15 0.283421 16 0.689428
2efb_kyj02_body_mesh1_d4
14 -3.711212 -63.317926 -0.044531 0.000000 0.000000 -1.000000 0.718262 0.000000 3 14 0.014676 15 0.253322 16 0.732002
14 -11.133650 -59.592861 -0.044531 0.000000 0.000000 -1.000000 1.004883 0.083496 3 14 0.027468 15 0.298715 16 0.673817
14 -3.711212 -59.592861 -0.044531 0.000000 0.000000 -1.000000 0.718262 0.083496 3 14 0.027151 15 0.283421 16 0.689428
2efb_kyj02_body_mesh1_d4
14 -3.711212 -59.592861 -0.044531 0.000000 0.000000 -1.000000 0.718262 0.083496 3 14 0.027151 15 0.283421 16 0.689428
14 -11.133650 -59.592861 -0.044531 0.000000 0.000000 -1.000000 1.004883 0.083496 3 14 0.027468 15 0.298715 16 0.673817
14 -3.711213 -55.867810 -0.044531 0.000000 0.000000 -1.000000 0.718262 0.166992 3 14 0.043333 15 0.324944 16 0.631724
2efb_kyj02_body_mesh1_d4
14 11.133665 -40.967522 0.000000 0.000000 0.000000 1.000000 1.004883 0.500000 3 14 0.162864 15 0.594138 16 0.242998
14 3.711226 -40.967532 0.000000 0.000000 0.000000 1.000000 0.718262 0.500000 3 14 0.161159 15 0.595080 16 0.243762
14 3.711226 -44.692595 0.000000 0.000000 0.000000 1.000000 0.718262 0.416992 3 14 0.123989 15 0.520148 16 0.355863
2efb_kyj02_body_mesh1_d4
14 -3.711212 -63.317926 -0.044531 0.000000 0.000000 -1.000000 0.718262 0.000000 3 14 0.014676 15 0.253322 16 0.732002
14 -11.133650 -63.317920 -0.044531 0.000000 0.000000 -1.000000 1.004883 0.000000 3 14 0.014603 15 0.269712 16 0.715686
14 -11.133650 -59.592861 -0.044531 0.000000 0.000000 -1.000000 1.004883 0.083496 3 14 0.027468 15 0.298715 16 0.673817
end
