version 1
nodes
0 "root" -1
1 "draw1_0_2efb_kyj02_trall" 0
2 "draw1_1_2efb_kyj02_bone01" 0
3 "draw1_2_2efb_kyj02_bone02" 0
4 "draw1_3_2efb_kyj02_bone03" 0
5 "draw2_0_2efb_kyj02_trall" 0
6 "draw2_1_2efb_kyj02_bone01" 0
7 "draw2_2_2efb_kyj02_bone02" 0
8 "draw2_3_2efb_kyj02_bone03" 0
9 "draw3_0_2efb_kyj02_trall" 0
10 "draw3_1_2efb_kyj02_bone01" 0
11 "draw3_2_2efb_kyj02_bone02" 0
12 "draw3_3_2efb_kyj02_bone03" 0
13 "draw4_0_2efb_kyj02_trall" 0
14 "draw4_1_2efb_kyj02_bone01" 0
15 "draw4_2_2efb_kyj02_bone02" 0
16 "draw4_3_2efb_kyj02_bone03" 0
17 "draw5_0_2efb_kyj06_body_trall" 0
18 "draw5_1_2efb_kyj06_body" 0
19 "draw5_2_2efb_kyj06_bone01" 0
20 "draw5_3_2efb_kyj06_bone02" 0
21 "draw5_4_2efb_kyj06_bone03" 0
22 "draw5_5_2efb_kyj06_bone04" 0
23 "draw5_6_2efb_kyj06_bone05" 0
24 "draw5_7_2efb_kyj06_bone06" 0
25 "draw5_8_2efb_kyj06_bone07" 0
26 "draw5_9_2efb_kyj06_bone08" 0
27 "draw5_10_2efb_kyj06_bone09" 0
28 "draw5_11_2efb_kyj06_bone10" 0
29 "draw5_12_2efb_kyj06_bone11" 0
30 "draw5_13_2efb_kyj06_bone12" 0
31 "draw5_14_2efb_kyj06_bone13" 0
32 "draw5_15_2efb_kyj06_bone14" 0
end
skeleton
time 0
0 0.000000 0.000000 0.000000 0.000000 -0.000000 0.000000
1 0.000000 0.000000 0.000000 0.000000 -0.000000 0.000000
2 0.000000 0.000000 0.000000 0.000000 -0.000000 0.000000
3 0.000000 -18.570662 0.000000 0.000000 -0.000000 0.000000
4 0.000000 -63.123015 0.000000 0.000000 -0.000000 0.000000
5 0.000000 0.000000 0.000000 0.000000 -0.000000 0.000000
6 0.000000 0.000000 0.000000 0.000000 -0.000000 0.000000
7 0.000000 -18.570635 0.000000 0.000000 -0.000000 0.000000
8 0.000000 -63.122926 0.000000 0.000000 -0.000000 0.000000
9 0.000000 0.000000 0.000000 0.000000 -0.000000 0.000000
10 0.000000 0.000000 0.000000 0.000000 -0.000000 0.000000
11 0.000000 -18.570796 0.000000 0.000000 -0.000000 0.000000
12 0.000000 -63.123472 0.000000 0.000000 -0.000000 0.000000
13 0.000000 0.000000 0.000000 0.000000 -0.000000 0.000000
14 0.000000 0.000000 0.000000 0.000000 -0.000000 0.000000
15 0.000000 -18.570559 0.000000 0.000000 -0.000000 0.000000
16 0.000000 -63.122668 0.000000 0.000000 -0.000000 0.000000
17 0.000000 0.000000 0.000000 0.000000 -0.000000 0.000000
18 0.000000 0.000000 0.000000 -0.000000 -0.000000 0.000000
19 0.000000 -0.000000 0.000000 0.000000 -0.000000 0.000000
20 0.000000 -0.000006 24.235044 0.000000 -0.000000 0.000000
21 0.000000 -0.000023 50.483786 0.000000 -0.000000 0.000000
22 0.000000 -0.000041 76.732527 0.000000 -0.000000 0.000000
23 0.000000 -0.000059 102.981269 0.000000 -0.000000 0.000000
24 0.000000 -0.000081 155.478752 0.000000 -0.000000 0.000000
25 0.000000 -0.000118 207.976235 0.000000 -0.000000 0.000000
26 0.000000 -0.000154 260.473718 0.000000 -0.000000 0.000000
27 0.000000 -0.000190 312.971201 0.000000 -0.000000 0.000000
28 0.000000 -0.000226 365.468684 0.000000 -0.000000 0.000000
29 0.000000 -0.000263 417.966167 0.000000 -0.000000 0.000000
30 0.000000 -0.000299 470.463650 0.000000 -0.000000 0.000000
31 0.000000 -0.000332 500.462212 0.000000 -0.000000 0.000000
32 0.000000 -0.000335 522.961133 0.000000 -0.000000 0.000000
end
triangles
2efb_kyj06_body_mesh1
19 -0.402653 0.000000 -0.237799 -1.000000 0.000000 0.000000 0.500000 0.000000 3 19 0.743391 20 0.230989 21 0.025620
19 0.000000 0.403912 -0.237799 0.000000 1.000000 0.000000 0.500000 0.000000 3 19 0.743420 20 0.230964 21 0.025617
19 0.402653 0.000000 -0.237799 1.000000 0.000000 0.000000 0.500000 0.000000 3 19 0.743391 20 0.230989 21 0.025620
2efb_kyj06_body_mesh1
19 0.000000 0.403912 -0.237799 0.000000 1.000000 0.000000 0.500000 0.000000 3 19 0.743420 20 0.230964 21 0.025617
19 0.000000 0.403866 10.226307 0.000000 1.000000 0.000000 0.500000 0.020020 3 19 0.600583 20 0.337109 21 0.062308
19 0.402653 0.000000 -0.237799 1.000000 0.000000 0.000000 0.500000 0.000000 3 19 0.743391 20 0.230989 21 0.025620
2efb_kyj06_body_mesh1
19 0.402653 0.000000 -0.237799 1.000000 0.000000 0.000000 0.500000 0.000000 3 19 0.743391 20 0.230989 21 0.025620
19 0.000000 0.403866 10.226307 0.000000 1.000000 0.000000 0.500000 0.020020 3 19 0.600583 20 0.337109 21 0.062308
19 0.402656 0.000000 10.226304 1.000000 0.000000 0.000000 0.500000 0.020020 3 19 0.600523 20 0.337166 21 0.062311
2efb_kyj06_body_mesh1
19 0.000000 0.403866 10.226307 0.000000 1.000000 0.000000 0.500000 0.020020 3 19 0.600583 20 0.337109 21 0.062308
20 0.000000 0.403866 20.690412 0.000000 1.000000 0.000000 0.500000 0.040039 3 20 0.510951 19 0.359576 21 0.129474
19 0.402656 0.000000 10.226304 1.000000 0.000000 0.000000 0.500000 0.020020 3 19 0.600523 20 0.337166 21 0.062311
2efb_kyj06_body_mesh1
19 0.402656 0.000000 10.226304 1.000000 0.000000 0.000000 0.500000 0.020020 3 19 0.600523 20 0.337166 21 0.062311
20 0.000000 0.403866 20.690412 0.000000 1.000000 0.000000 0.500000 0.040039 3 20 0.510951 19 0.359576 21 0.129474
20 0.402659 0.000000 20.690412 1.000000 0.000000 0.000000 0.500000 0.040039 3 20 0.511179 19 0.359391 21 0.129430
2efb_kyj06_body_mesh1
20 0.000000 0.403866 20.690412 0.000000 1.000000 0.000000 0.500000 0.040039 3 20 0.510951 19 0.359576 21 0.129474
20 0.000000 0.403912 31.154520 0.000000 1.000000 0.000000 0.500000 0.060059 3 20 0.494800 21 0.270615 19 0.234584
20 0.402659 0.000000 20.690412 1.000000 0.000000 0.000000 0.500000 0.040039 3 20 0.511179 19 0.359391 21 0.129430
2efb_kyj06_body_mesh1
20 0.402659 0.000000 20.690412 1.000000 0.000000 0.000000 0.500000 0.040039 3 20 0.511179 19 0.359391 21 0.129430
20 0.000000 0.403912 31.154520 0.000000 1.000000 0.000000 0.500000 0.060059 3 20 0.494800 21 0.270615 19 0.234584
20 0.402662 0.000000 31.154511 1.000000 0.000000 0.000000 0.500000 0.060059 3 20 0.494900 21 0.270590 19 0.234510
2efb_kyj06_body_mesh1
20 0.000000 0.403912 31.154520 0.000000 1.000000 0.000000 0.500000 0.060059 3 20 0.494800 21 0.270615 19 0.234584
21 0.000000 0.403866 41.618622 0.000000 1.000000 0.000000 0.500000 0.080078 3 21 0.518417 20 0.342841 19 0.138742
20 0.402662 0.000000 31.154511 1.000000 0.000000 0.000000 0.500000 0.060059 3 20 0.494900 21 0.270590 19 0.234510
2efb_kyj06_body_mesh1
20 0.402662 0.000000 31.154511 1.000000 0.000000 0.000000 0.500000 0.060059 3 20 0.494900 21 0.270590 19 0.234510
21 0.000000 0.403866 41.618622 0.000000 1.000000 0.000000 0.500000 0.080078 3 21 0.518417 20 0.342841 19 0.138742
21 0.402665 0.000000 41.618622 1.000000 0.000000 0.000000 0.500000 0.080078 3 21 0.518478 20 0.342822 19 0.138700
2efb_kyj06_body_mesh1
21 0.000000 0.403866 41.618622 0.000000 1.000000 0.000000 0.500000 0.080078 3 21 0.518417 20 0.342841 19 0.138742
21 0.000000 0.403912 52.082723 0.000000 1.000000 0.000000 0.500000 0.100098 3 21 0.629359 22 0.203503 20 0.167138
21 0.402665 0.000000 41.618622 1.000000 0.000000 0.000000 0.500000 0.080078 3 21 0.518478 20 0.342822 19 0.138700
2efb_kyj06_body_mesh1
21 0.402665 0.000000 41.618622 1.000000 0.000000 0.000000 0.500000 0.080078 3 21 0.518478 20 0.342822 19 0.138700
21 0.000000 0.403912 52.082723 0.000000 1.000000 0.000000 0.500000 0.100098 3 21 0.629359 22 0.203503 20 0.167138
21 0.402668 0.000000 52.082723 1.000000 0.000000 0.000000 0.500000 0.100098 3 21 0.629793 22 0.203265 20 0.166942
2efb_kyj06_body_mesh1
21 0.000000 0.403912 52.082723 0.000000 1.000000 0.000000 0.500000 0.100098 3 21 0.629359 22 0.203503 20 0.167138
21 0.000000 0.403912 62.546830 0.000000 1.000000 0.000000 0.500000 0.120117 3 21 0.476119 22 0.429564 20 0.094317
21 0.402668 0.000000 52.082723 1.000000 0.000000 0.000000 0.500000 0.100098 3 21 0.629793 22 0.203265 20 0.166942
2efb_kyj06_body_mesh1
21 0.402668 0.000000 52.082723 1.000000 0.000000 0.000000 0.500000 0.100098 3 21 0.629793 22 0.203265 20 0.166942
21 0.000000 0.403912 62.546830 0.000000 1.000000 0.000000 0.500000 0.120117 3 21 0.476119 22 0.429564 20 0.094317
21 0.402672 0.000000 62.546826 1.000000 0.000000 0.000000 0.500000 0.120117 3 21 0.476134 22 0.429561 20 0.094306
2efb_kyj06_body_mesh1
21 0.000000 0.403912 62.546830 0.000000 1.000000 0.000000 0.500000 0.120117 3 21 0.476119 22 0.429564 20 0.094317
22 0.000000 0.403820 73.010938 0.000000 1.000000 0.000000 0.500000 0.140137 3 22 0.605504 21 0.241732 23 0.152764
21 0.402672 0.000000 62.546826 1.000000 0.000000 0.000000 0.500000 0.120117 3 21 0.476134 22 0.429561 20 0.094306
2efb_kyj06_body_mesh1
21 0.402672 0.000000 62.546826 1.000000 0.000000 0.000000 0.500000 0.120117 3 21 0.476134 22 0.429561 20 0.094306
22 0.000000 0.403820 73.010938 0.000000 1.000000 0.000000 0.500000 0.140137 3 22 0.605504 21 0.241732 23 0.152764
22 0.402675 0.000000 73.010944 1.000000 0.000000 0.000000 0.500000 0.140137 3 22 0.605677 21 0.241629 23 0.152695
2efb_kyj06_body_mesh1
22 0.000000 0.403820 73.010938 0.000000 1.000000 0.000000 0.500000 0.140137 3 22 0.605504 21 0.241732 23 0.152764
22 0.000000 0.403866 83.475051 0.000000 1.000000 0.000000 0.500000 0.160156 3 22 0.564750 23 0.303566 21 0.131685
22 0.402675 0.000000 73.010944 1.000000 0.000000 0.000000 0.500000 0.140137 3 22 0.605677 21 0.241629 23 0.152695
2efb_kyj06_body_mesh1
22 0.402675 0.000000 73.010944 1.000000 0.000000 0.000000 0.500000 0.140137 3 22 0.605677 21 0.241629 23 0.152695
22 0.000000 0.403866 83.475051 0.000000 1.000000 0.000000 0.500000 0.160156 3 22 0.564750 23 0.303566 21 0.131685
22 0.402678 0.000000 83.475040 1.000000 0.000000 0.000000 0.500000 0.160156 3 22 0.564828 23 0.303515 21 0.131656
2efb_kyj06_body_mesh1
22 0.000000 0.403866 83.475051 0.000000 1.000000 0.000000 0.500000 0.160156 3 22 0.564750 23 0.303566 21 0.131685
23 0.000000 0.403820 93.939142 0.000000 1.000000 0.000000 0.500000 0.180176 3 23 0.561100 22 0.377518 21 0.061382
22 0.402678 0.000000 83.475040 1.000000 0.000000 0.000000 0.500000 0.160156 3 22 0.564828 23 0.303515 21 0.131656
2efb_kyj06_body_mesh1
22 0.402678 0.000000 83.475040 1.000000 0.000000 0.000000 0.500000 0.160156 3 22 0.564828 23 0.303515 21 0.131656
23 0.000000 0.403820 93.939142 0.000000 1.000000 0.000000 0.500000 0.180176 3 23 0.561100 22 0.377518 21 0.061382
23 0.402681 0.000000 93.939170 1.000000 0.000000 0.000000 0.500000 0.180176 3 23 0.561143 22 0.377485 21 0.061373
2efb_kyj06_body_mesh1
23 0.000000 0.403820 93.939142 0.000000 1.000000 0.000000 0.500000 0.180176 3 23 0.561100 22 0.377518 21 0.061382
23 0.000000 0.403866 104.403244 0.000000 1.000000 0.000000 0.500000 0.200195 3 23 0.768556 22 0.204975 24 0.026469
23 0.402681 0.000000 93.939170 1.000000 0.000000 0.000000 0.500000 0.180176 3 23 0.561143 22 0.377485 21 0.061373
2efb_kyj06_body_mesh1
23 0.402681 0.000000 93.939170 1.000000 0.000000 0.000000 0.500000 0.180176 3 23 0.561143 22 0.377485 21 0.061373
23 0.000000 0.403866 104.403244 0.000000 1.000000 0.000000 0.500000 0.200195 3 23 0.768556 22 0.204975 24 0.026469
23 0.402684 0.000000 104.403244 1.000000 0.000000 0.000000 0.500000 0.200195 3 23 0.768931 22 0.204643 24 0.026426
2efb_kyj06_body_mesh1
23 0.000000 0.403866 104.403244 0.000000 1.000000 0.000000 0.500000 0.200195 3 23 0.768556 22 0.204975 24 0.026469
23 0.000000 0.403912 114.867358 0.000000 1.000000 0.000000 0.500000 0.220215 3 23 0.734727 22 0.146424 24 0.118848
23 0.402684 0.000000 104.403244 1.000000 0.000000 0.000000 0.500000 0.200195 3 23 0.768931 22 0.204643 24 0.026426
2efb_kyj06_body_mesh1
23 0.402684 0.000000 104.403244 1.000000 0.000000 0.000000 0.500000 0.200195 3 23 0.768931 22 0.204643 24 0.026426
23 0.000000 0.403912 114.867358 0.000000 1.000000 0.000000 0.500000 0.220215 3 23 0.734727 22 0.146424 24 0.118848
23 0.402687 0.000000 114.867358 1.000000 0.000000 0.000000 0.500000 0.220215 3 23 0.734757 22 0.146408 24 0.118835
2efb_kyj06_body_mesh1
23 0.000000 0.403912 114.867358 0.000000 1.000000 0.000000 0.500000 0.220215 3 23 0.734727 22 0.146424 24 0.118848
22 0.000000 0.403912 125.331471 0.000000 1.000000 0.000000 0.500000 0.240234 3 22 0.072272 23 0.573289 24 0.354439
23 0.402687 0.000000 114.867358 1.000000 0.000000 0.000000 0.500000 0.220215 3 23 0.734757 22 0.146408 24 0.118835
2efb_kyj06_body_mesh1
23 0.402687 0.000000 114.867358 1.000000 0.000000 0.000000 0.500000 0.220215 3 23 0.734757 22 0.146408 24 0.118835
22 0.000000 0.403912 125.331471 0.000000 1.000000 0.000000 0.500000 0.240234 3 22 0.072272 23 0.573289 24 0.354439
22 0.402690 0.000000 125.331447 1.000000 0.000000 0.000000 0.500000 0.240234 3 22 0.072271 23 0.573296 24 0.354433
2efb_kyj06_body_mesh1
22 0.000000 0.403912 125.331471 0.000000 1.000000 0.000000 0.500000 0.240234 3 22 0.072272 23 0.573289 24 0.354439
24 0.000000 0.403912 135.795548 0.000000 1.000000 0.000000 0.500000 0.260254 3 24 0.681462 23 0.302250 22 0.016288
22 0.402690 0.000000 125.331447 1.000000 0.000000 0.000000 0.500000 0.240234 3 22 0.072271 23 0.573296 24 0.354433
2efb_kyj06_body_mesh1
22 0.402690 0.000000 125.331447 1.000000 0.000000 0.000000 0.500000 0.240234 3 22 0.072271 23 0.573296 24 0.354433
24 0.000000 0.403912 135.795548 0.000000 1.000000 0.000000 0.500000 0.260254 3 24 0.681462 23 0.302250 22 0.016288
24 0.402694 0.000000 135.795569 1.000000 0.000000 0.000000 0.500000 0.260254 3 24 0.681472 23 0.302239 22 0.016289
2efb_kyj06_body_mesh1
24 0.000000 0.403912 135.795548 0.000000 1.000000 0.000000 0.500000 0.260254 3 24 0.681462 23 0.302250 22 0.016288
24 0.000000 0.403866 146.259662 0.000000 1.000000 0.000000 0.500000 0.280273 3 24 0.892556 23 0.100098 25 0.007346
24 0.402694 0.000000 135.795569 1.000000 0.000000 0.000000 0.500000 0.260254 3 24 0.681472 23 0.302239 22 0.016289
2efb_kyj06_body_mesh1
24 0.402694 0.000000 135.795569 1.000000 0.000000 0.000000 0.500000 0.260254 3 24 0.681472 23 0.302239 22 0.016289
24 0.000000 0.403866 146.259662 0.000000 1.000000 0.000000 0.500000 0.280273 3 24 0.892556 23 0.100098 25 0.007346
24 0.402697 0.000000 146.259683 1.000000 0.000000 0.000000 0.500000 0.280273 3 24 0.892577 23 0.100078 25 0.007345
2efb_kyj06_body_mesh1
24 0.000000 0.403866 146.259662 0.000000 1.000000 0.000000 0.500000 0.280273 3 24 0.892556 23 0.100098 25 0.007346
23 0.000000 0.403957 156.723781 0.000000 1.000000 0.000000 0.500000 0.300293 3 23 0.022688 24 0.945680 25 0.031632
24 0.402697 0.000000 146.259683 1.000000 0.000000 0.000000 0.500000 0.280273 3 24 0.892577 23 0.100078 25 0.007345
2efb_kyj06_body_mesh1
24 0.402697 0.000000 146.259683 1.000000 0.000000 0.000000 0.500000 0.280273 3 24 0.892577 23 0.100078 25 0.007345
23 0.000000 0.403957 156.723781 0.000000 1.000000 0.000000 0.500000 0.300293 3 23 0.022688 24 0.945680 25 0.031632
23 0.402700 0.000000 156.723781 1.000000 0.000000 0.000000 0.500000 0.300293 3 23 0.022636 24 0.945803 25 0.031560
2efb_kyj06_body_mesh1
23 0.000000 0.403957 156.723781 0.000000 1.000000 0.000000 0.500000 0.300293 3 23 0.022688 24 0.945680 25 0.031632
23 0.000000 0.403912 167.187888 0.000000 1.000000 0.000000 0.500000 0.320312 3 23 0.004261 24 0.859921 25 0.135817
23 0.402700 0.000000 156.723781 1.000000 0.000000 0.000000 0.500000 0.300293 3 23 0.022636 24 0.945803 25 0.031560
2efb_kyj06_body_mesh1
23 0.402700 0.000000 156.723781 1.000000 0.000000 0.000000 0.500000 0.300293 3 23 0.022636 24 0.945803 25 0.031560
23 0.000000 0.403912 167.187888 0.000000 1.000000 0.000000 0.500000 0.320312 3 23 0.004261 24 0.859921 25 0.135817
23 0.402703 0.000000 167.187888 1.000000 0.000000 0.000000 0.500000 0.320312 3 23 0.004262 24 0.859939 25 0.135799
2efb_kyj06_body_mesh1
23 0.000000 0.403912 167.187888 0.000000 1.000000 0.000000 0.500000 0.320312 3 23 0.004261 24 0.859921 25 0.135817
24 0.000000 0.403912 177.651993 0.000000 1.000000 0.000000 0.500000 0.340332 2 24 0.623113 25 0.376887
23 0.402703 0.000000 167.187888 1.000000 0.000000 0.000000 0.500000 0.320312 3 23 0.004262 24 0.859939 25 0.135799
2efb_kyj06_body_mesh1
23 0.402703 0.000000 167.187888 1.000000 0.000000 0.000000 0.500000 0.320312 3 23 0.004262 24 0.859939 25 0.135799
24 0.000000 0.403912 177.651993 0.000000 1.000000 0.000000 0.500000 0.340332 2 24 0.623113 25 0.376887
24 0.402706 0.000000 177.651993 1.000000 0.000000 0.000000 0.500000 0.340332 2 24 0.623120 25 0.376880
2efb_kyj06_body_mesh1
24 0.000000 0.403912 177.651993 0.000000 1.000000 0.000000 0.500000 0.340332 2 24 0.623113 25 0.376887
24 0.000000 0.403912 188.116136 0.000000 1.000000 0.000000 0.500000 0.360352 3 24 0.311969 25 0.687956 26 0.000075
24 0.402706 0.000000 177.651993 1.000000 0.000000 0.000000 0.500000 0.340332 2 24 0.623120 25 0.376880
2efb_kyj06_body_mesh1
24 0.402706 0.000000 177.651993 1.000000 0.000000 0.000000 0.500000 0.340332 2 24 0.623120 25 0.376880
24 0.000000 0.403912 188.116136 0.000000 1.000000 0.000000 0.500000 0.360352 3 24 0.311969 25 0.687956 26 0.000075
24 0.402709 0.000000 188.116106 1.000000 0.000000 0.000000 0.500000 0.360352 3 24 0.311959 25 0.687965 26 0.000075
2efb_kyj06_body_mesh1
24 0.000000 0.403912 188.116136 0.000000 1.000000 0.000000 0.500000 0.360352 3 24 0.311969 25 0.687956 26 0.000075
24 0.000000 0.403866 198.580219 0.000000 1.000000 0.000000 0.500000 0.380371 3 24 0.102376 25 0.890528 26 0.007097
24 0.402709 0.000000 188.116106 1.000000 0.000000 0.000000 0.500000 0.360352 3 24 0.311959 25 0.687965 26 0.000075
2efb_kyj06_body_mesh1
24 0.402709 0.000000 188.116106 1.000000 0.000000 0.000000 0.500000 0.360352 3 24 0.311959 25 0.687965 26 0.000075
24 0.000000 0.403866 198.580219 0.000000 1.000000 0.000000 0.500000 0.380371 3 24 0.102376 25 0.890528 26 0.007097
24 0.402712 0.000000 198.580189 1.000000 0.000000 0.000000 0.500000 0.380371 3 24 0.102355 25 0.890549 26 0.007096
2efb_kyj06_body_mesh1
24 0.000000 0.403866 198.580219 0.000000 1.000000 0.000000 0.500000 0.380371 3 24 0.102376 25 0.890528 26 0.007097
24 0.000000 0.403866 209.044288 0.000000 1.000000 0.000000 0.500000 0.400391 3 24 0.023113 25 0.946151 26 0.030736
24 0.402712 0.000000 198.580189 1.000000 0.000000 0.000000 0.500000 0.380371 3 24 0.102355 25 0.890549 26 0.007096
2efb_kyj06_body_mesh1
24 0.402712 0.000000 198.580189 1.000000 0.000000 0.000000 0.500000 0.380371 3 24 0.102355 25 0.890549 26 0.007096
24 0.000000 0.403866 209.044288 0.000000 1.000000 0.000000 0.500000 0.400391 3 24 0.023113 25 0.946151 26 0.030736
24 0.402715 0.000000 209.044258 1.000000 0.000000 0.000000 0.500000 0.400391 3 24 0.023052 25 0.946293 26 0.030654
2efb_kyj06_body_mesh1
24 0.000000 0.403866 209.044288 0.000000 1.000000 0.000000 0.500000 0.400391 3 24 0.023113 25 0.946151 26 0.030736
24 0.000000 0.403957 219.508401 0.000000 1.000000 0.000000 0.500000 0.420410 3 24 0.004451 25 0.862540 26 0.133009
24 0.402715 0.000000 209.044258 1.000000 0.000000 0.000000 0.500000 0.400391 3 24 0.023052 25 0.946293 26 0.030654
2efb_kyj06_body_mesh1
24 0.402715 0.000000 209.044258 1.000000 0.000000 0.000000 0.500000 0.400391 3 24 0.023052 25 0.946293 26 0.030654
24 0.000000 0.403957 219.508401 0.000000 1.000000 0.000000 0.500000 0.420410 3 24 0.004451 25 0.862540 26 0.133009
24 0.402719 0.000000 219.508356 1.000000 0.000000 0.000000 0.500000 0.420410 3 24 0.004451 25 0.862559 26 0.132990
2efb_kyj06_body_mesh1
24 0.000000 0.403957 219.508401 0.000000 1.000000 0.000000 0.500000 0.420410 3 24 0.004451 25 0.862540 26 0.133009
25 0.000000 0.403912 229.972514 0.000000 1.000000 0.000000 0.500000 0.440430 2 25 0.628252 26 0.371747
24 0.402719 0.000000 219.508356 1.000000 0.000000 0.000000 0.500000 0.420410 3 24 0.004451 25 0.862559 26 0.132990
2efb_kyj06_body_mesh1
24 0.402719 0.000000 219.508356 1.000000 0.000000 0.000000 0.500000 0.420410 3 24 0.004451 25 0.862559 26 0.132990
25 0.000000 0.403912 229.972514 0.000000 1.000000 0.000000 0.500000 0.440430 2 25 0.628252 26 0.371747
25 0.402722 0.000000 229.972514 1.000000 0.000000 0.000000 0.500000 0.440430 2 25 0.628259 26 0.371740
2efb_kyj06_body_mesh1
25 0.000000 0.403912 229.972514 0.000000 1.000000 0.000000 0.500000 0.440430 2 25 0.628252 26 0.371747
25 0.000000 0.403912 240.436627 0.000000 1.000000 0.000000 0.500000 0.460449 3 25 0.316749 26 0.683190 27 0.000061
25 0.402722 0.000000 229.972514 1.000000 0.000000 0.000000 0.500000 0.440430 2 25 0.628259 26 0.371740
2efb_kyj06_body_mesh1
25 0.402722 0.000000 229.972514 1.000000 0.000000 0.000000 0.500000 0.440430 2 25 0.628259 26 0.371740
25 0.000000 0.403912 240.436627 0.000000 1.000000 0.000000 0.500000 0.460449 3 25 0.316749 26 0.683190 27 0.000061
25 0.402725 0.000000 240.436597 1.000000 0.000000 0.000000 0.500000 0.460449 3 25 0.316740 26 0.683199 27 0.000061
2efb_kyj06_body_mesh1
25 0.000000 0.403912 240.436627 0.000000 1.000000 0.000000 0.500000 0.460449 3 25 0.316749 26 0.683190 27 0.000061
25 0.000000 0.403866 250.900741 0.000000 1.000000 0.000000 0.500000 0.480469 3 25 0.104692 26 0.888456 27 0.006852
25 0.402725 0.000000 240.436597 1.000000 0.000000 0.000000 0.500000 0.460449 3 25 0.316740 26 0.683199 27 0.000061
2efb_kyj06_body_mesh1
25 0.402725 0.000000 240.436597 1.000000 0.000000 0.000000 0.500000 0.460449 3 25 0.316740 26 0.683199 27 0.000061
25 0.000000 0.403866 250.900741 0.000000 1.000000 0.000000 0.500000 0.480469 3 25 0.104692 26 0.888456 27 0.006852
25 0.402728 0.000000 250.900741 1.000000 0.000000 0.000000 0.500000 0.480469 3 25 0.104672 26 0.888476 27 0.006852
2efb_kyj06_body_mesh1
25 0.000000 0.403866 250.900741 0.000000 1.000000 0.000000 0.500000 0.480469 3 25 0.104692 26 0.888456 27 0.006852
25 0.000000 0.403774 261.364809 0.000000 1.000000 0.000000 0.500000 0.500000 3 25 0.023545 26 0.946592 27 0.029863
25 0.402728 0.000000 250.900741 1.000000 0.000000 0.000000 0.500000 0.480469 3 25 0.104672 26 0.888476 27 0.006852
2efb_kyj06_body_mesh1
25 0.402728 0.000000 250.900741 1.000000 0.000000 0.000000 0.500000 0.480469 3 25 0.104672 26 0.888476 27 0.006852
25 0.000000 0.403774 261.364809 0.000000 1.000000 0.000000 0.500000 0.500000 3 25 0.023545 26 0.946592 27 0.029863
25 0.402731 0.000000 261.364824 1.000000 0.000000 0.000000 0.500000 0.500000 3 25 0.023471 26 0.946760 27 0.029769
2efb_kyj06_body_mesh1
25 0.000000 0.403774 261.364809 0.000000 1.000000 0.000000 0.500000 0.500000 3 25 0.023545 26 0.946592 27 0.029863
25 0.000000 0.403866 271.828922 0.000000 1.000000 0.000000 0.500000 0.520020 3 25 0.004645 26 0.865112 27 0.130243
25 0.402731 0.000000 261.364824 1.000000 0.000000 0.000000 0.500000 0.500000 3 25 0.023471 26 0.946760 27 0.029769
2efb_kyj06_body_mesh1
25 0.402731 0.000000 261.364824 1.000000 0.000000 0.000000 0.500000 0.500000 3 25 0.023471 26 0.946760 27 0.029769
25 0.000000 0.403866 271.828922 0.000000 1.000000 0.000000 0.500000 0.520020 3 25 0.004645 26 0.865112 27 0.130243
25 0.402734 0.000000 271.828937 1.000000 0.000000 0.000000 0.500000 0.520020 3 25 0.004645 26 0.865131 27 0.130224
2efb_kyj06_body_mesh1
25 0.000000 0.403866 271.828922 0.000000 1.000000 0.000000 0.500000 0.520020 3 25 0.004645 26 0.865112 27 0.130243
25 0.000000 0.403912 282.293036 0.000000 1.000000 0.000000 0.500000 0.540039 3 25 0.000001 26 0.633365 27 0.366633
25 0.402734 0.000000 271.828937 1.000000 0.000000 0.000000 0.500000 0.520020 3 25 0.004645 26 0.865131 27 0.130224
2efb_kyj06_body_mesh1
25 0.402734 0.000000 271.828937 1.000000 0.000000 0.000000 0.500000 0.520020 3 25 0.004645 26 0.865131 27 0.130224
25 0.000000 0.403912 282.293036 0.000000 1.000000 0.000000 0.500000 0.540039 3 25 0.000001 26 0.633365 27 0.366633
25 0.402737 0.000000 282.293036 1.000000 0.000000 0.000000 0.500000 0.540039 3 25 0.000001 26 0.633372 27 0.366626
2efb_kyj06_body_mesh1
25 0.000000 0.403912 282.293036 0.000000 1.000000 0.000000 0.500000 0.540039 3 25 0.000001 26 0.633365 27 0.366633
26 0.000000 0.403820 292.757119 0.000000 1.000000 0.000000 0.500000 0.560059 3 26 0.321562 27 0.678388 28 0.000049
25 0.402737 0.000000 282.293036 1.000000 0.000000 0.000000 0.500000 0.540039 3 25 0.000001 26 0.633372 27 0.366626
2efb_kyj06_body_mesh1
25 0.402737 0.000000 282.293036 1.000000 0.000000 0.000000 0.500000 0.540039 3 25 0.000001 26 0.633372 27 0.366626
26 0.000000 0.403820 292.757119 0.000000 1.000000 0.000000 0.500000 0.560059 3 26 0.321562 27 0.678388 28 0.000049
26 0.402741 0.000000 292.757119 1.000000 0.000000 0.000000 0.500000 0.560059 3 26 0.321554 27 0.678397 28 0.000049
2efb_kyj06_body_mesh1
26 0.000000 0.403820 292.757119 0.000000 1.000000 0.000000 0.500000 0.560059 3 26 0.321562 27 0.678388 28 0.000049
26 0.000000 0.403912 303.221262 0.000000 1.000000 0.000000 0.500000 0.580078 3 26 0.107047 27 0.886340 28 0.006613
26 0.402741 0.000000 292.757119 1.000000 0.000000 0.000000 0.500000 0.560059 3 26 0.321554 27 0.678397 28 0.000049
2efb_kyj06_body_mesh1
26 0.402741 0.000000 292.757119 1.000000 0.000000 0.000000 0.500000 0.560059 3 26 0.321554 27 0.678397 28 0.000049
26 0.000000 0.403912 303.221262 0.000000 1.000000 0.000000 0.500000 0.580078 3 26 0.107047 27 0.886340 28 0.006613
26 0.402744 0.000000 303.221217 1.000000 0.000000 0.000000 0.500000 0.580078 3 26 0.107027 27 0.886361 28 0.006612
2efb_kyj06_body_mesh1
26 0.000000 0.403912 303.221262 0.000000 1.000000 0.000000 0.500000 0.580078 3 26 0.107047 27 0.886340 28 0.006613
26 0.000000 0.403820 313.685331 0.000000 1.000000 0.000000 0.500000 0.600098 3 26 0.023985 27 0.946998 28 0.029017
26 0.402744 0.000000 303.221217 1.000000 0.000000 0.000000 0.500000 0.580078 3 26 0.107027 27 0.886361 28 0.006612
2efb_kyj06_body_mesh1
26 0.402744 0.000000 303.221217 1.000000 0.000000 0.000000 0.500000 0.580078 3 26 0.107027 27 0.886361 28 0.006612
26 0.000000 0.403820 313.685331 0.000000 1.000000 0.000000 0.500000 0.600098 3 26 0.023985 27 0.946998 28 0.029017
26 0.402747 0.000000 313.685331 1.000000 0.000000 0.000000 0.500000 0.600098 3 26 0.023892 27 0.947203 28 0.028905
2efb_kyj06_body_mesh1
26 0.000000 0.403820 313.685331 0.000000 1.000000 0.000000 0.500000 0.600098 3 26 0.023985 27 0.946998 28 0.029017
26 0.000000 0.403774 324.149369 0.000000 1.000000 0.000000 0.500000 0.620117 3 26 0.004843 27 0.867639 28 0.127517
26 0.402747 0.000000 313.685331 1.000000 0.000000 0.000000 0.500000 0.600098 3 26 0.023892 27 0.947203 28 0.028905
2efb_kyj06_body_mesh1
26 0.402747 0.000000 313.685331 1.000000 0.000000 0.000000 0.500000 0.600098 3 26 0.023892 27 0.947203 28 0.028905
26 0.000000 0.403774 324.149369 0.000000 1.000000 0.000000 0.500000 0.620117 3 26 0.004843 27 0.867639 28 0.127517
26 0.402750 0.000000 324.149414 1.000000 0.000000 0.000000 0.500000 0.620117 3 26 0.004843 27 0.867657 28 0.127499
2efb_kyj06_body_mesh1
26 0.000000 0.403774 324.149369 0.000000 1.000000 0.000000 0.500000 0.620117 3 26 0.004843 27 0.867639 28 0.127517
26 0.000000 0.403820 334.613557 0.000000 1.000000 0.000000 0.500000 0.640137 3 26 0.000003 27 0.638453 28 0.361545
26 0.402750 0.000000 324.149414 1.000000 0.000000 0.000000 0.500000 0.620117 3 26 0.004843 27 0.867657 28 0.127499
2efb_kyj06_body_mesh1
26 0.402750 0.000000 324.149414 1.000000 0.000000 0.000000 0.500000 0.620117 3 26 0.004843 27 0.867657 28 0.127499
26 0.000000 0.403820 334.613557 0.000000 1.000000 0.000000 0.500000 0.640137 3 26 0.000003 27 0.638453 28 0.361545
26 0.402753 0.000000 334.613557 1.000000 0.000000 0.000000 0.500000 0.640137 3 26 0.000003 27 0.638460 28 0.361537
2efb_kyj06_body_mesh1
26 0.000000 0.403820 334.613557 0.000000 1.000000 0.000000 0.500000 0.640137 3 26 0.000003 27 0.638453 28 0.361545
27 0.000000 0.403866 345.077686 0.000000 1.000000 0.000000 0.500000 0.660156 3 27 0.326408 28 0.673554 29 0.000039
26 0.402753 0.000000 334.613557 1.000000 0.000000 0.000000 0.500000 0.640137 3 26 0.000003 27 0.638460 28 0.361537
2efb_kyj06_body_mesh1
26 0.402753 0.000000 334.613557 1.000000 0.000000 0.000000 0.500000 0.640137 3 26 0.000003 27 0.638460 28 0.361537
27 0.000000 0.403866 345.077686 0.000000 1.000000 0.000000 0.500000 0.660156 3 27 0.326408 28 0.673554 29 0.000039
27 0.402756 0.000000 345.077716 1.000000 0.000000 0.000000 0.500000 0.660156 3 27 0.326398 28 0.673563 29 0.000039
2efb_kyj06_body_mesh1
27 0.000000 0.403866 345.077686 0.000000 1.000000 0.000000 0.500000 0.660156 3 27 0.326408 28 0.673554 29 0.000039
27 0.000000 0.403912 355.541784 0.000000 1.000000 0.000000 0.500000 0.680176 3 27 0.109441 28 0.884181 29 0.006377
27 0.402756 0.000000 345.077716 1.000000 0.000000 0.000000 0.500000 0.660156 3 27 0.326398 28 0.673563 29 0.000039
2efb_kyj06_body_mesh1
27 0.402756 0.000000 345.077716 1.000000 0.000000 0.000000 0.500000 0.660156 3 27 0.326398 28 0.673563 29 0.000039
27 0.000000 0.403912 355.541784 0.000000 1.000000 0.000000 0.500000 0.680176 3 27 0.109441 28 0.884181 29 0.006377
27 0.402760 0.000000 355.541754 1.000000 0.000000 0.000000 0.500000 0.680176 3 27 0.109422 28 0.884201 29 0.006377
2efb_kyj06_body_mesh1
27 0.000000 0.403912 355.541784 0.000000 1.000000 0.000000 0.500000 0.680176 3 27 0.109441 28 0.884181 29 0.006377
27 0.000000 0.403866 366.005882 0.000000 1.000000 0.000000 0.500000 0.700195 3 27 0.024437 28 0.947363 29 0.028200
27 0.402760 0.000000 355.541754 1.000000 0.000000 0.000000 0.500000 0.680176 3 27 0.109422 28 0.884201 29 0.006377
2efb_kyj06_body_mesh1
27 0.402760 0.000000 355.541754 1.000000 0.000000 0.000000 0.500000 0.680176 3 27 0.109422 28 0.884201 29 0.006377
27 0.000000 0.403866 366.005882 0.000000 1.000000 0.000000 0.500000 0.700195 3 27 0.024437 28 0.947363 29 0.028200
27 0.402763 0.000000 366.005912 1.000000 0.000000 0.000000 0.500000 0.700195 3 27 0.024316 28 0.947624 29 0.028060
2efb_kyj06_body_mesh1
27 0.000000 0.403866 366.005882 0.000000 1.000000 0.000000 0.500000 0.700195 3 27 0.024437 28 0.947363 29 0.028200
27 0.000000 0.403866 376.470025 0.000000 1.000000 0.000000 0.500000 0.720215 3 27 0.005046 28 0.870117 29 0.124837
27 0.402763 0.000000 366.005912 1.000000 0.000000 0.000000 0.500000 0.700195 3 27 0.024316 28 0.947624 29 0.028060
2efb_kyj06_body_mesh1
27 0.402763 0.000000 366.005912 1.000000 0.000000 0.000000 0.500000 0.700195 3 27 0.024316 28 0.947624 29 0.028060
27 0.000000 0.403866 376.470025 0.000000 1.000000 0.000000 0.500000 0.720215 3 27 0.005046 28 0.870117 29 0.124837
27 0.402766 0.000000 376.469995 1.000000 0.000000 0.000000 0.500000 0.720215 3 27 0.005046 28 0.870136 29 0.124818
2efb_kyj06_body_mesh1
27 0.000000 0.403866 376.470025 0.000000 1.000000 0.000000 0.500000 0.720215 3 27 0.005046 28 0.870117 29 0.124837
27 0.000000 0.403820 386.934019 0.000000 1.000000 0.000000 0.500000 0.740234 3 27 0.000005 28 0.643510 29 0.356485
27 0.402766 0.000000 376.469995 1.000000 0.000000 0.000000 0.500000 0.720215 3 27 0.005046 28 0.870136 29 0.124818
2efb_kyj06_body_mesh1
27 0.402766 0.000000 376.469995 1.000000 0.000000 0.000000 0.500000 0.720215 3 27 0.005046 28 0.870136 29 0.124818
27 0.000000 0.403820 386.934019 0.000000 1.000000 0.000000 0.500000 0.740234 3 27 0.000005 28 0.643510 29 0.356485
27 0.402769 0.000000 386.934049 1.000000 0.000000 0.000000 0.500000 0.740234 3 27 0.000005 28 0.643518 29 0.356478
2efb_kyj06_body_mesh1
27 0.000000 0.403820 386.934019 0.000000 1.000000 0.000000 0.500000 0.740234 3 27 0.000005 28 0.643510 29 0.356485
28 0.000000 0.403912 397.398177 0.000000 1.000000 0.000000 0.500000 0.760010 3 28 0.331287 29 0.668683 30 0.000030
27 0.402769 0.000000 386.934049 1.000000 0.000000 0.000000 0.500000 0.740234 3 27 0.000005 28 0.643518 29 0.356478
2efb_kyj06_body_mesh1
27 0.402769 0.000000 386.934049 1.000000 0.000000 0.000000 0.500000 0.740234 3 27 0.000005 28 0.643518 29 0.356478
28 0.000000 0.403912 397.398177 0.000000 1.000000 0.000000 0.500000 0.760010 3 28 0.331287 29 0.668683 30 0.000030
28 0.402772 0.000000 397.398177 1.000000 0.000000 0.000000 0.500000 0.760010 3 28 0.331278 29 0.668692 30 0.000030
2efb_kyj06_body_mesh1
28 0.000000 0.403912 397.398177 0.000000 1.000000 0.000000 0.500000 0.760010 3 28 0.331287 29 0.668683 30 0.000030
28 0.000000 0.403866 407.862290 0.000000 1.000000 0.000000 0.500000 0.780029 3 28 0.111876 29 0.881978 30 0.006146
28 0.402772 0.000000 397.398177 1.000000 0.000000 0.000000 0.500000 0.760010 3 28 0.331278 29 0.668692 30 0.000030
2efb_kyj06_body_mesh1
28 0.402772 0.000000 397.398177 1.000000 0.000000 0.000000 0.500000 0.760010 3 28 0.331278 29 0.668692 30 0.000030
28 0.000000 0.403866 407.862290 0.000000 1.000000 0.000000 0.500000 0.780029 3 28 0.111876 29 0.881978 30 0.006146
28 0.402775 0.000000 407.862245 1.000000 0.000000 0.000000 0.500000 0.780029 3 28 0.111858 29 0.881996 30 0.006146
2efb_kyj06_body_mesh1
28 0.000000 0.403866 407.862290 0.000000 1.000000 0.000000 0.500000 0.780029 3 28 0.111876 29 0.881978 30 0.006146
28 0.000000 0.403866 418.326344 0.000000 1.000000 0.000000 0.500000 0.800049 3 28 0.024909 29 0.947672 30 0.027419
28 0.402775 0.000000 407.862245 1.000000 0.000000 0.000000 0.500000 0.780029 3 28 0.111858 29 0.881996 30 0.006146
2efb_kyj06_body_mesh1
28 0.402775 0.000000 407.862245 1.000000 0.000000 0.000000 0.500000 0.780029 3 28 0.111858 29 0.881996 30 0.006146
28 0.000000 0.403866 418.326344 0.000000 1.000000 0.000000 0.500000 0.800049 3 28 0.024909 29 0.947672 30 0.027419
28 0.402778 0.000000 418.326404 1.000000 0.000000 0.000000 0.500000 0.800049 3 28 0.024742 29 0.948023 30 0.027235
2efb_kyj06_body_mesh1
28 0.000000 0.403866 418.326344 0.000000 1.000000 0.000000 0.500000 0.800049 3 28 0.024909 29 0.947672 30 0.027419
29 0.000000 0.403820 428.790517 0.000000 1.000000 0.000000 0.500000 0.820068 3 29 0.872549 30 0.122197 28 0.005254
28 0.402778 0.000000 418.326404 1.000000 0.000000 0.000000 0.500000 0.800049 3 28 0.024742 29 0.948023 30 0.027235
2efb_kyj06_body_mesh1
28 0.402778 0.000000 418.326404 1.000000 0.000000 0.000000 0.500000 0.800049 3 28 0.024742 29 0.948023 30 0.027235
29 0.000000 0.403820 428.790517 0.000000 1.000000 0.000000 0.500000 0.820068 3 29 0.872549 30 0.122197 28 0.005254
29 0.402781 0.000000 428.790472 1.000000 0.000000 0.000000 0.500000 0.820068 3 29 0.872569 30 0.122177 28 0.005254
2efb_kyj06_body_mesh1
29 0.000000 0.403820 428.790517 0.000000 1.000000 0.000000 0.500000 0.820068 3 29 0.872549 30 0.122197 28 0.005254
29 0.000000 0.403866 439.254585 0.000000 1.000000 0.000000 0.500000 0.840088 3 29 0.641504 30 0.347642 31 0.010854
29 0.402781 0.000000 428.790472 1.000000 0.000000 0.000000 0.500000 0.820068 3 29 0.872569 30 0.122177 28 0.005254
2efb_kyj06_body_mesh1
29 0.402781 0.000000 428.790472 1.000000 0.000000 0.000000 0.500000 0.820068 3 29 0.872569 30 0.122177 28 0.005254
29 0.000000 0.403866 439.254585 0.000000 1.000000 0.000000 0.500000 0.840088 3 29 0.641504 30 0.347642 31 0.010854
29 0.402785 0.000000 439.254540 1.000000 0.000000 0.000000 0.500000 0.840088 3 29 0.641514 30 0.347631 31 0.010855
2efb_kyj06_body_mesh1
29 0.000000 0.403866 439.254585 0.000000 1.000000 0.000000 0.500000 0.840088 3 29 0.641504 30 0.347642 31 0.010854
30 0.000000 0.403866 449.718699 0.000000 1.000000 0.000000 0.500000 0.860107 3 30 0.626632 29 0.317384 31 0.055984
29 0.402785 0.000000 439.254540 1.000000 0.000000 0.000000 0.500000 0.840088 3 29 0.641514 30 0.347631 31 0.010855
2efb_kyj06_body_mesh1
29 0.402785 0.000000 439.254540 1.000000 0.000000 0.000000 0.500000 0.840088 3 29 0.641514 30 0.347631 31 0.010855
30 0.000000 0.403866 449.718699 0.000000 1.000000 0.000000 0.500000 0.860107 3 30 0.626632 29 0.317384 31 0.055984
30 0.402788 0.000000 449.718744 1.000000 0.000000 0.000000 0.500000 0.860107 3 30 0.626642 29 0.317373 31 0.055984
2efb_kyj06_body_mesh1
30 0.000000 0.403866 449.718699 0.000000 1.000000 0.000000 0.500000 0.860107 3 30 0.626632 29 0.317384 31 0.055984
30 0.000000 0.403774 460.182767 0.000000 1.000000 0.000000 0.500000 0.880005 3 30 0.778577 31 0.120220 29 0.101203
30 0.402788 0.000000 449.718744 1.000000 0.000000 0.000000 0.500000 0.860107 3 30 0.626642 29 0.317373 31 0.055984
2efb_kyj06_body_mesh1
30 0.402788 0.000000 449.718744 1.000000 0.000000 0.000000 0.500000 0.860107 3 30 0.626642 29 0.317373 31 0.055984
30 0.000000 0.403774 460.182767 0.000000 1.000000 0.000000 0.500000 0.880005 3 30 0.778577 31 0.120220 29 0.101203
30 0.402791 0.000000 460.182857 1.000000 0.000000 0.000000 0.500000 0.880005 3 30 0.778610 31 0.120203 29 0.101187
2efb_kyj06_body_mesh1
30 0.000000 0.403774 460.182767 0.000000 1.000000 0.000000 0.500000 0.880005 3 30 0.778577 31 0.120220 29 0.101203
30 0.000000 0.403866 470.646925 0.000000 1.000000 0.000000 0.500000 0.900024 3 30 0.799560 31 0.177928 32 0.022512
30 0.402791 0.000000 460.182857 1.000000 0.000000 0.000000 0.500000 0.880005 3 30 0.778610 31 0.120203 29 0.101187
2efb_kyj06_body_mesh1
30 0.402791 0.000000 460.182857 1.000000 0.000000 0.000000 0.500000 0.880005 3 30 0.778610 31 0.120203 29 0.101187
30 0.000000 0.403866 470.646925 0.000000 1.000000 0.000000 0.500000 0.900024 3 30 0.799560 31 0.177928 32 0.022512
30 0.402794 0.000000 470.646880 1.000000 0.000000 0.000000 0.500000 0.900024 3 30 0.801205 31 0.176468 32 0.022327
2efb_kyj06_body_mesh1
30 0.000000 0.403866 470.646925 0.000000 1.000000 0.000000 0.500000 0.900024 3 30 0.799560 31 0.177928 32 0.022512
30 0.000000 0.403912 481.111039 0.000000 1.000000 0.000000 0.500000 0.920044 3 30 0.560731 31 0.362622 32 0.076647
30 0.402794 0.000000 470.646880 1.000000 0.000000 0.000000 0.500000 0.900024 3 30 0.801205 31 0.176468 32 0.022327
2efb_kyj06_body_mesh1
30 0.402794 0.000000 470.646880 1.000000 0.000000 0.000000 0.500000 0.900024 3 30 0.801205 31 0.176468 32 0.022327
30 0.000000 0.403912 481.111039 0.000000 1.000000 0.000000 0.500000 0.920044 3 30 0.560731 31 0.362622 32 0.076647
30 0.402797 0.000000 481.110994 1.000000 0.000000 0.000000 0.500000 0.920044 3 30 0.560765 31 0.362597 32 0.076637
2efb_kyj06_body_mesh1
30 0.000000 0.403912 481.111039 0.000000 1.000000 0.000000 0.500000 0.920044 3 30 0.560731 31 0.362622 32 0.076647
31 0.000000 0.403820 491.575152 0.000000 1.000000 0.000000 0.500000 0.940002 3 31 0.546813 30 0.296179 32 0.157008
30 0.402797 0.000000 481.110994 1.000000 0.000000 0.000000 0.500000 0.920044 3 30 0.560765 31 0.362597 32 0.076637
2efb_kyj06_body_mesh1
30 0.402797 0.000000 481.110994 1.000000 0.000000 0.000000 0.500000 0.920044 3 30 0.560765 31 0.362597 32 0.076637
31 0.000000 0.403820 491.575152 0.000000 1.000000 0.000000 0.500000 0.940002 3 31 0.546813 30 0.296179 32 0.157008
31 0.402800 0.000000 491.575152 1.000000 0.000000 0.000000 0.500000 0.940002 3 31 0.546866 30 0.296148 32 0.156986
2efb_kyj06_body_mesh1
31 0.000000 0.403820 491.575152 0.000000 1.000000 0.000000 0.500000 0.940002 3 31 0.546813 30 0.296179 32 0.157008
30 0.000000 0.403820 502.039220 0.000000 1.000000 0.000000 0.500000 0.960022 3 30 0.128925 31 0.622080 32 0.248994
31 0.402800 0.000000 491.575152 1.000000 0.000000 0.000000 0.500000 0.940002 3 31 0.546866 30 0.296148 32 0.156986
2efb_kyj06_body_mesh1
31 0.402800 0.000000 491.575152 1.000000 0.000000 0.000000 0.500000 0.940002 3 31 0.546866 30 0.296148 32 0.156986
30 0.000000 0.403820 502.039220 0.000000 1.000000 0.000000 0.500000 0.960022 3 30 0.128925 31 0.622080 32 0.248994
30 0.402803 0.000000 502.039220 1.000000 0.000000 0.000000 0.500000 0.960022 3 30 0.128771 31 0.622522 32 0.248706
2efb_kyj06_body_mesh1
30 0.000000 0.403820 502.039220 0.000000 1.000000 0.000000 0.500000 0.960022 3 30 0.128925 31 0.622080 32 0.248994
30 0.000000 0.403820 512.503378 0.000000 1.000000 0.000000 0.500000 0.980011 3 30 0.064610 31 0.450293 32 0.485097
30 0.402803 0.000000 502.039220 1.000000 0.000000 0.000000 0.500000 0.960022 3 30 0.128771 31 0.622522 32 0.248706
2efb_kyj06_body_mesh1
30 0.402803 0.000000 502.039220 1.000000 0.000000 0.000000 0.500000 0.960022 3 30 0.128771 31 0.622522 32 0.248706
30 0.000000 0.403820 512.503378 0.000000 1.000000 0.000000 0.500000 0.980011 3 30 0.064610 31 0.450293 32 0.485097
30 0.402807 0.000000 512.503378 1.000000 0.000000 0.000000 0.500000 0.980011 3 30 0.064600 31 0.450288 32 0.485112
2efb_kyj06_body_mesh1
30 0.000000 0.403820 512.503378 0.000000 1.000000 0.000000 0.500000 0.980011 3 30 0.064610 31 0.450293 32 0.485097
30 0.000000 0.403912 522.967447 0.000000 0.000000 1.000000 0.500000 1.000000 3 30 0.019925 31 0.253240 32 0.726834
30 0.402807 0.000000 512.503378 1.000000 0.000000 0.000000 0.500000 0.980011 3 30 0.064600 31 0.450288 32 0.485112
2efb_kyj06_body_mesh1
30 0.402807 0.000000 512.503378 1.000000 0.000000 0.000000 0.500000 0.980011 3 30 0.064600 31 0.450288 32 0.485112
30 0.000000 0.403912 522.967447 0.000000 0.000000 1.000000 0.500000 1.000000 3 30 0.019925 31 0.253240 32 0.726834
30 0.402810 0.000000 522.967447 0.000000 0.000000 1.000000 0.500000 1.000000 3 30 0.019698 31 0.250350 32 0.729952
2efb_kyj06_body_mesh1
30 0.000000 0.403912 522.967447 0.000000 0.000000 1.000000 0.500000 1.000000 3 30 0.019925 31 0.253240 32 0.726834
30 -0.402496 0.000000 522.967447 0.000000 0.000000 1.000000 0.500000 1.000000 3 30 0.019698 31 0.250350 32 0.729952
30 0.402810 0.000000 522.967447 0.000000 0.000000 1.000000 0.500000 1.000000 3 30 0.019698 31 0.250350 32 0.729952
2efb_kyj06_body_mesh1
30 0.402810 0.000000 522.967447 0.000000 0.000000 1.000000 0.500000 1.000000 3 30 0.019698 31 0.250350 32 0.729952
30 -0.402496 0.000000 522.967447 0.000000 0.000000 1.000000 0.500000 1.000000 3 30 0.019698 31 0.250350 32 0.729952
30 0.000000 -0.401440 522.967447 0.000000 0.000000 1.000000 0.500000 1.000000 3 30 0.019923 31 0.253218 32 0.726859
2efb_kyj06_body_mesh1
30 -0.402496 0.000000 522.967447 0.000000 0.000000 1.000000 0.500000 1.000000 3 30 0.019698 31 0.250350 32 0.729952
30 -0.402499 0.000000 512.503378 -1.000000 0.000000 0.000000 0.500000 0.980011 3 30 0.064600 31 0.450288 32 0.485112
30 0.000000 -0.401440 522.967447 0.000000 0.000000 1.000000 0.500000 1.000000 3 30 0.019923 31 0.253218 32 0.726859
2efb_kyj06_body_mesh1
30 0.000000 -0.401440 522.967447 0.000000 0.000000 1.000000 0.500000 1.000000 3 30 0.019923 31 0.253218 32 0.726859
30 -0.402499 0.000000 512.503378 -1.000000 0.000000 0.000000 0.500000 0.980011 3 30 0.064600 31 0.450288 32 0.485112
30 0.000000 -0.401531 512.503378 0.000000 -1.000000 0.000000 0.500000 0.980011 3 30 0.064610 31 0.450293 32 0.485098
2efb_kyj06_body_mesh1
30 -0.402499 0.000000 512.503378 -1.000000 0.000000 0.000000 0.500000 0.980011 3 30 0.064600 31 0.450288 32 0.485112
30 -0.402502 0.000000 502.039220 -1.000000 0.000000 0.000000 0.500000 0.960022 3 30 0.128771 31 0.622522 32 0.248706
30 0.000000 -0.401531 512.503378 0.000000 -1.000000 0.000000 0.500000 0.980011 3 30 0.064610 31 0.450293 32 0.485098
2efb_kyj06_body_mesh1
30 0.000000 -0.401531 512.503378 0.000000 -1.000000 0.000000 0.500000 0.980011 3 30 0.064610 31 0.450293 32 0.485098
30 -0.402502 0.000000 502.039220 -1.000000 0.000000 0.000000 0.500000 0.960022 3 30 0.128771 31 0.622522 32 0.248706
30 0.000000 -0.401531 502.039220 0.000000 -1.000000 0.000000 0.500000 0.960022 3 30 0.128923 31 0.622087 32 0.248990
2efb_kyj06_body_mesh1
30 -0.402502 0.000000 502.039220 -1.000000 0.000000 0.000000 0.500000 0.960022 3 30 0.128771 31 0.622522 32 0.248706
31 -0.402505 0.000000 491.575152 -1.000000 0.000000 0.000000 0.500000 0.940002 3 31 0.546866 30 0.296148 32 0.156986
30 0.000000 -0.401531 502.039220 0.000000 -1.000000 0.000000 0.500000 0.960022 3 30 0.128923 31 0.622087 32 0.248990
2efb_kyj06_body_mesh1
30 0.000000 -0.401531 502.039220 0.000000 -1.000000 0.000000 0.500000 0.960022 3 30 0.128923 31 0.622087 32 0.248990
31 -0.402505 0.000000 491.575152 -1.000000 0.000000 0.000000 0.500000 0.940002 3 31 0.546866 30 0.296148 32 0.156986
31 0.000000 -0.401531 491.575062 0.000000 -1.000000 0.000000 0.500000 0.940002 3 31 0.546814 30 0.296179 32 0.157007
2efb_kyj06_body_mesh1
31 -0.402505 0.000000 491.575152 -1.000000 0.000000 0.000000 0.500000 0.940002 3 31 0.546866 30 0.296148 32 0.156986
30 -0.402508 0.000000 481.110994 -1.000000 0.000000 0.000000 0.500000 0.920044 3 30 0.560765 31 0.362597 32 0.076637
31 0.000000 -0.401531 491.575062 0.000000 -1.000000 0.000000 0.500000 0.940002 3 31 0.546814 30 0.296179 32 0.157007
2efb_kyj06_body_mesh1
31 0.000000 -0.401531 491.575062 0.000000 -1.000000 0.000000 0.500000 0.940002 3 31 0.546814 30 0.296179 32 0.157007
30 -0.402508 0.000000 481.110994 -1.000000 0.000000 0.000000 0.500000 0.920044 3 30 0.560765 31 0.362597 32 0.076637
30 0.000000 -0.401440 481.110994 0.000000 -1.000000 0.000000 0.500000 0.920044 3 30 0.560732 31 0.362622 32 0.076646
2efb_kyj06_body_mesh1
30 -0.402508 0.000000 481.110994 -1.000000 0.000000 0.000000 0.500000 0.920044 3 30 0.560765 31 0.362597 32 0.076637
30 -0.402511 0.000000 470.646880 -1.000000 0.000000 0.000000 0.500000 0.900024 3 30 0.801205 31 0.176468 32 0.022327
30 0.000000 -0.401440 481.110994 0.000000 -1.000000 0.000000 0.500000 0.920044 3 30 0.560732 31 0.362622 32 0.076646
2efb_kyj06_body_mesh1
30 0.000000 -0.401440 481.110994 0.000000 -1.000000 0.000000 0.500000 0.920044 3 30 0.560732 31 0.362622 32 0.076646
30 -0.402511 0.000000 470.646880 -1.000000 0.000000 0.000000 0.500000 0.900024 3 30 0.801205 31 0.176468 32 0.022327
30 0.000000 -0.401440 470.646880 0.000000 -1.000000 0.000000 0.500000 0.900024 3 30 0.799579 31 0.177912 32 0.022510
2efb_kyj06_body_mesh1
30 -0.402511 0.000000 470.646880 -1.000000 0.000000 0.000000 0.500000 0.900024 3 30 0.801205 31 0.176468 32 0.022327
30 -0.402515 0.000000 460.182857 -1.000000 0.000000 0.000000 0.500000 0.880005 3 30 0.778610 31 0.120203 29 0.101187
30 0.000000 -0.401440 470.646880 0.000000 -1.000000 0.000000 0.500000 0.900024 3 30 0.799579 31 0.177912 32 0.022510
2efb_kyj06_body_mesh1
30 0.000000 -0.401440 470.646880 0.000000 -1.000000 0.000000 0.500000 0.900024 3 30 0.799579 31 0.177912 32 0.022510
30 -0.402515 0.000000 460.182857 -1.000000 0.000000 0.000000 0.500000 0.880005 3 30 0.778610 31 0.120203 29 0.101187
30 0.000000 -0.401486 460.182767 0.000000 -1.000000 0.000000 0.500000 0.880005 3 30 0.778577 31 0.120220 29 0.101203
2efb_kyj06_body_mesh1
30 -0.402515 0.000000 460.182857 -1.000000 0.000000 0.000000 0.500000 0.880005 3 30 0.778610 31 0.120203 29 0.101187
30 -0.402518 0.000000 449.718744 -1.000000 0.000000 0.000000 0.500000 0.860107 3 30 0.626642 29 0.317373 31 0.055984
30 0.000000 -0.401486 460.182767 0.000000 -1.000000 0.000000 0.500000 0.880005 3 30 0.778577 31 0.120220 29 0.101203
2efb_kyj06_body_mesh1
30 0.000000 -0.401486 460.182767 0.000000 -1.000000 0.000000 0.500000 0.880005 3 30 0.778577 31 0.120220 29 0.101203
30 -0.402518 0.000000 449.718744 -1.000000 0.000000 0.000000 0.500000 0.860107 3 30 0.626642 29 0.317373 31 0.055984
30 0.000000 -0.401486 449.718789 0.000000 -1.000000 0.000000 0.500000 0.860107 3 30 0.626634 29 0.317381 31 0.055985
2efb_kyj06_body_mesh1
30 -0.402518 0.000000 449.718744 -1.000000 0.000000 0.000000 0.500000 0.860107 3 30 0.626642 29 0.317373 31 0.055984
29 -0.402521 0.000000 439.254540 -1.000000 0.000000 0.000000 0.500000 0.840088 3 29 0.641514 30 0.347631 31 0.010855
30 0.000000 -0.401486 449.718789 0.000000 -1.000000 0.000000 0.500000 0.860107 3 30 0.626634 29 0.317381 31 0.055985
2efb_kyj06_body_mesh1
30 0.000000 -0.401486 449.718789 0.000000 -1.000000 0.000000 0.500000 0.860107 3 30 0.626634 29 0.317381 31 0.055985
29 -0.402521 0.000000 439.254540 -1.000000 0.000000 0.000000 0.500000 0.840088 3 29 0.641514 30 0.347631 31 0.010855
29 0.000000 -0.401531 439.254585 0.000000 -1.000000 0.000000 0.500000 0.840088 3 29 0.641505 30 0.347641 31 0.010854
2efb_kyj06_body_mesh1
29 -0.402521 0.000000 439.254540 -1.000000 0.000000 0.000000 0.500000 0.840088 3 29 0.641514 30 0.347631 31 0.010855
29 -0.402524 0.000000 428.790472 -1.000000 0.000000 0.000000 0.500000 0.820068 3 29 0.872569 30 0.122177 28 0.005254
29 0.000000 -0.401531 439.254585 0.000000 -1.000000 0.000000 0.500000 0.840088 3 29 0.641505 30 0.347641 31 0.010854
2efb_kyj06_body_mesh1
29 0.000000 -0.401531 439.254585 0.000000 -1.000000 0.000000 0.500000 0.840088 3 29 0.641505 30 0.347641 31 0.010854
29 -0.402524 0.000000 428.790472 -1.000000 0.000000 0.000000 0.500000 0.820068 3 29 0.872569 30 0.122177 28 0.005254
29 0.000000 -0.401440 428.790472 0.000000 -1.000000 0.000000 0.500000 0.820068 3 29 0.872550 30 0.122196 28 0.005254
2efb_kyj06_body_mesh1
29 -0.402524 0.000000 428.790472 -1.000000 0.000000 0.000000 0.500000 0.820068 3 29 0.872569 30 0.122177 28 0.005254
28 -0.402527 0.000000 418.326404 -1.000000 0.000000 0.000000 0.500000 0.800049 3 28 0.024742 29 0.948023 30 0.027235
29 0.000000 -0.401440 428.790472 0.000000 -1.000000 0.000000 0.500000 0.820068 3 29 0.872550 30 0.122196 28 0.005254
2efb_kyj06_body_mesh1
29 0.000000 -0.401440 428.790472 0.000000 -1.000000 0.000000 0.500000 0.820068 3 29 0.872550 30 0.122196 28 0.005254
28 -0.402527 0.000000 418.326404 -1.000000 0.000000 0.000000 0.500000 0.800049 3 28 0.024742 29 0.948023 30 0.027235
28 0.000000 -0.401394 418.326449 0.000000 -1.000000 0.000000 0.500000 0.800049 3 28 0.024907 29 0.947677 30 0.027417
2efb_kyj06_body_mesh1
28 -0.402527 0.000000 418.326404 -1.000000 0.000000 0.000000 0.500000 0.800049 3 28 0.024742 29 0.948023 30 0.027235
28 -0.402530 0.000000 407.862245 -1.000000 0.000000 0.000000 0.500000 0.780029 3 28 0.111858 29 0.881996 30 0.006146
28 0.000000 -0.401394 418.326449 0.000000 -1.000000 0.000000 0.500000 0.800049 3 28 0.024907 29 0.947677 30 0.027417
2efb_kyj06_body_mesh1
28 0.000000 -0.401394 418.326449 0.000000 -1.000000 0.000000 0.500000 0.800049 3 28 0.024907 29 0.947677 30 0.027417
28 -0.402530 0.000000 407.862245 -1.000000 0.000000 0.000000 0.500000 0.780029 3 28 0.111858 29 0.881996 30 0.006146
28 0.000000 -0.401531 407.862245 0.000000 -1.000000 0.000000 0.500000 0.780029 3 28 0.111876 29 0.881977 30 0.006146
2efb_kyj06_body_mesh1
28 -0.402530 0.000000 407.862245 -1.000000 0.000000 0.000000 0.500000 0.780029 3 28 0.111858 29 0.881996 30 0.006146
28 -0.402533 0.000000 397.398177 -1.000000 0.000000 0.000000 0.500000 0.760010 3 28 0.331278 29 0.668692 30 0.000030
28 0.000000 -0.401531 407.862245 0.000000 -1.000000 0.000000 0.500000 0.780029 3 28 0.111876 29 0.881977 30 0.006146
2efb_kyj06_body_mesh1
28 0.000000 -0.401531 407.862245 0.000000 -1.000000 0.000000 0.500000 0.780029 3 28 0.111876 29 0.881977 30 0.006146
28 -0.402533 0.000000 397.398177 -1.000000 0.000000 0.000000 0.500000 0.760010 3 28 0.331278 29 0.668692 30 0.000030
28 0.000000 -0.401531 397.398222 0.000000 -1.000000 0.000000 0.500000 0.760010 3 28 0.331287 29 0.668683 30 0.000030
2efb_kyj06_body_mesh1
28 -0.402533 0.000000 397.398177 -1.000000 0.000000 0.000000 0.500000 0.760010 3 28 0.331278 29 0.668692 30 0.000030
27 -0.402537 0.000000 386.934049 -1.000000 0.000000 0.000000 0.500000 0.740234 3 27 0.000005 28 0.643518 29 0.356478
28 0.000000 -0.401531 397.398222 0.000000 -1.000000 0.000000 0.500000 0.760010 3 28 0.331287 29 0.668683 30 0.000030
2efb_kyj06_body_mesh1
28 0.000000 -0.401531 397.398222 0.000000 -1.000000 0.000000 0.500000 0.760010 3 28 0.331287 29 0.668683 30 0.000030
27 -0.402537 0.000000 386.934049 -1.000000 0.000000 0.000000 0.500000 0.740234 3 27 0.000005 28 0.643518 29 0.356478
27 0.000000 -0.401531 386.934109 0.000000 -1.000000 0.000000 0.500000 0.740234 3 27 0.000005 28 0.643510 29 0.356485
2efb_kyj06_body_mesh1
27 -0.402537 0.000000 386.934049 -1.000000 0.000000 0.000000 0.500000 0.740234 3 27 0.000005 28 0.643518 29 0.356478
27 -0.402540 0.000000 376.469995 -1.000000 0.000000 0.000000 0.500000 0.720215 3 27 0.005046 28 0.870136 29 0.124818
27 0.000000 -0.401531 386.934109 0.000000 -1.000000 0.000000 0.500000 0.740234 3 27 0.000005 28 0.643510 29 0.356485
2efb_kyj06_body_mesh1
27 0.000000 -0.401531 386.934109 0.000000 -1.000000 0.000000 0.500000 0.740234 3 27 0.000005 28 0.643510 29 0.356485
27 -0.402540 0.000000 376.469995 -1.000000 0.000000 0.000000 0.500000 0.720215 3 27 0.005046 28 0.870136 29 0.124818
27 0.000000 -0.401577 376.469950 0.000000 -1.000000 0.000000 0.500000 0.720215 3 27 0.005046 28 0.870117 29 0.124836
2efb_kyj06_body_mesh1
27 -0.402540 0.000000 376.469995 -1.000000 0.000000 0.000000 0.500000 0.720215 3 27 0.005046 28 0.870136 29 0.124818
27 -0.402543 0.000000 366.005912 -1.000000 0.000000 0.000000 0.500000 0.700195 3 27 0.024316 28 0.947624 29 0.028060
27 0.000000 -0.401577 376.469950 0.000000 -1.000000 0.000000 0.500000 0.720215 3 27 0.005046 28 0.870117 29 0.124836
2efb_kyj06_body_mesh1
27 0.000000 -0.401577 376.469950 0.000000 -1.000000 0.000000 0.500000 0.720215 3 27 0.005046 28 0.870117 29 0.124836
27 -0.402543 0.000000 366.005912 -1.000000 0.000000 0.000000 0.500000 0.700195 3 27 0.024316 28 0.947624 29 0.028060
27 0.000000 -0.401531 366.005882 0.000000 -1.000000 0.000000 0.500000 0.700195 3 27 0.024435 28 0.947367 29 0.028198
2efb_kyj06_body_mesh1
27 -0.402543 0.000000 366.005912 -1.000000 0.000000 0.000000 0.500000 0.700195 3 27 0.024316 28 0.947624 29 0.028060
27 -0.402546 0.000000 355.541754 -1.000000 0.000000 0.000000 0.500000 0.680176 3 27 0.109422 28 0.884201 29 0.006377
27 0.000000 -0.401531 366.005882 0.000000 -1.000000 0.000000 0.500000 0.700195 3 27 0.024435 28 0.947367 29 0.028198
2efb_kyj06_body_mesh1
27 0.000000 -0.401531 366.005882 0.000000 -1.000000 0.000000 0.500000 0.700195 3 27 0.024435 28 0.947367 29 0.028198
27 -0.402546 0.000000 355.541754 -1.000000 0.000000 0.000000 0.500000 0.680176 3 27 0.109422 28 0.884201 29 0.006377
27 0.000000 -0.401394 355.541724 0.000000 -1.000000 0.000000 0.500000 0.680176 3 27 0.109442 28 0.884181 29 0.006377
2efb_kyj06_body_mesh1
27 -0.402546 0.000000 355.541754 -1.000000 0.000000 0.000000 0.500000 0.680176 3 27 0.109422 28 0.884201 29 0.006377
27 -0.402549 0.000000 345.077716 -1.000000 0.000000 0.000000 0.500000 0.660156 3 27 0.326398 28 0.673563 29 0.000039
27 0.000000 -0.401394 355.541724 0.000000 -1.000000 0.000000 0.500000 0.680176 3 27 0.109442 28 0.884181 29 0.006377
2efb_kyj06_body_mesh1
27 0.000000 -0.401394 355.541724 0.000000 -1.000000 0.000000 0.500000 0.680176 3 27 0.109442 28 0.884181 29 0.006377
27 -0.402549 0.000000 345.077716 -1.000000 0.000000 0.000000 0.500000 0.660156 3 27 0.326398 28 0.673563 29 0.000039
27 0.000000 -0.401531 345.077596 0.000000 -1.000000 0.000000 0.500000 0.660156 3 27 0.326409 28 0.673553 29 0.000039
2efb_kyj06_body_mesh1
27 -0.402549 0.000000 345.077716 -1.000000 0.000000 0.000000 0.500000 0.660156 3 27 0.326398 28 0.673563 29 0.000039
26 -0.402552 0.000000 334.613557 -1.000000 0.000000 0.000000 0.500000 0.640137 3 26 0.000003 27 0.638460 28 0.361537
27 0.000000 -0.401531 345.077596 0.000000 -1.000000 0.000000 0.500000 0.660156 3 27 0.326409 28 0.673553 29 0.000039
2efb_kyj06_body_mesh1
27 0.000000 -0.401531 345.077596 0.000000 -1.000000 0.000000 0.500000 0.660156 3 27 0.326409 28 0.673553 29 0.000039
26 -0.402552 0.000000 334.613557 -1.000000 0.000000 0.000000 0.500000 0.640137 3 26 0.000003 27 0.638460 28 0.361537
26 0.000000 -0.401577 334.613602 0.000000 -1.000000 0.000000 0.500000 0.640137 3 26 0.000003 27 0.638452 28 0.361546
2efb_kyj06_body_mesh1
26 -0.402552 0.000000 334.613557 -1.000000 0.000000 0.000000 0.500000 0.640137 3 26 0.000003 27 0.638460 28 0.361537
26 -0.402555 0.000000 324.149414 -1.000000 0.000000 0.000000 0.500000 0.620117 3 26 0.004843 27 0.867657 28 0.127499
26 0.000000 -0.401577 334.613602 0.000000 -1.000000 0.000000 0.500000 0.640137 3 26 0.000003 27 0.638452 28 0.361546
2efb_kyj06_body_mesh1
26 0.000000 -0.401577 334.613602 0.000000 -1.000000 0.000000 0.500000 0.640137 3 26 0.000003 27 0.638452 28 0.361546
26 -0.402555 0.000000 324.149414 -1.000000 0.000000 0.000000 0.500000 0.620117 3 26 0.004843 27 0.867657 28 0.127499
26 0.000000 -0.401486 324.149444 0.000000 -1.000000 0.000000 0.500000 0.620117 3 26 0.004843 27 0.867639 28 0.127518
2efb_kyj06_body_mesh1
26 -0.402555 0.000000 324.149414 -1.000000 0.000000 0.000000 0.500000 0.620117 3 26 0.004843 27 0.867657 28 0.127499
26 -0.402559 0.000000 313.685331 -1.000000 0.000000 0.000000 0.500000 0.600098 3 26 0.023892 27 0.947203 28 0.028905
26 0.000000 -0.401486 324.149444 0.000000 -1.000000 0.000000 0.500000 0.620117 3 26 0.004843 27 0.867639 28 0.127518
2efb_kyj06_body_mesh1
26 0.000000 -0.401486 324.149444 0.000000 -1.000000 0.000000 0.500000 0.620117 3 26 0.004843 27 0.867639 28 0.127518
26 -0.402559 0.000000 313.685331 -1.000000 0.000000 0.000000 0.500000 0.600098 3 26 0.023892 27 0.947203 28 0.028905
26 0.000000 -0.401440 313.685346 0.000000 -1.000000 0.000000 0.500000 0.600098 3 26 0.023984 27 0.947001 28 0.029016
2efb_kyj06_body_mesh1
26 -0.402559 0.000000 313.685331 -1.000000 0.000000 0.000000 0.500000 0.600098 3 26 0.023892 27 0.947203 28 0.028905
26 -0.402562 0.000000 303.221217 -1.000000 0.000000 0.000000 0.500000 0.580078 3 26 0.107027 27 0.886361 28 0.006612
26 0.000000 -0.401440 313.685346 0.000000 -1.000000 0.000000 0.500000 0.600098 3 26 0.023984 27 0.947001 28 0.029016
2efb_kyj06_body_mesh1
26 0.000000 -0.401440 313.685346 0.000000 -1.000000 0.000000 0.500000 0.600098 3 26 0.023984 27 0.947001 28 0.029016
26 -0.402562 0.000000 303.221217 -1.000000 0.000000 0.000000 0.500000 0.580078 3 26 0.107027 27 0.886361 28 0.006612
26 0.000000 -0.401486 303.221217 0.000000 -1.000000 0.000000 0.500000 0.580078 3 26 0.107047 27 0.886340 28 0.006612
2efb_kyj06_body_mesh1
26 -0.402562 0.000000 303.221217 -1.000000 0.000000 0.000000 0.500000 0.580078 3 26 0.107027 27 0.886361 28 0.006612
26 -0.402565 0.000000 292.757119 -1.000000 0.000000 0.000000 0.500000 0.560059 3 26 0.321554 27 0.678397 28 0.000049
26 0.000000 -0.401486 303.221217 0.000000 -1.000000 0.000000 0.500000 0.580078 3 26 0.107047 27 0.886340 28 0.006612
2efb_kyj06_body_mesh1
26 0.000000 -0.401486 303.221217 0.000000 -1.000000 0.000000 0.500000 0.580078 3 26 0.107047 27 0.886340 28 0.006612
26 -0.402565 0.000000 292.757119 -1.000000 0.000000 0.000000 0.500000 0.560059 3 26 0.321554 27 0.678397 28 0.000049
26 0.000000 -0.401440 292.757149 0.000000 -1.000000 0.000000 0.500000 0.560059 3 26 0.321562 27 0.678389 28 0.000049
2efb_kyj06_body_mesh1
26 -0.402565 0.000000 292.757119 -1.000000 0.000000 0.000000 0.500000 0.560059 3 26 0.321554 27 0.678397 28 0.000049
25 -0.402568 0.000000 282.293036 -1.000000 0.000000 0.000000 0.500000 0.540039 3 25 0.000001 26 0.633372 27 0.366626
26 0.000000 -0.401440 292.757149 0.000000 -1.000000 0.000000 0.500000 0.560059 3 26 0.321562 27 0.678389 28 0.000049
2efb_kyj06_body_mesh1
26 0.000000 -0.401440 292.757149 0.000000 -1.000000 0.000000 0.500000 0.560059 3 26 0.321562 27 0.678389 28 0.000049
25 -0.402568 0.000000 282.293036 -1.000000 0.000000 0.000000 0.500000 0.540039 3 25 0.000001 26 0.633372 27 0.366626
25 0.000000 -0.401440 282.293036 0.000000 -1.000000 0.000000 0.500000 0.540039 3 25 0.000001 26 0.633365 27 0.366634
2efb_kyj06_body_mesh1
25 -0.402568 0.000000 282.293036 -1.000000 0.000000 0.000000 0.500000 0.540039 3 25 0.000001 26 0.633372 27 0.366626
25 -0.402571 0.000000 271.828937 -1.000000 0.000000 0.000000 0.500000 0.520020 3 25 0.004645 26 0.865131 27 0.130224
25 0.000000 -0.401440 282.293036 0.000000 -1.000000 0.000000 0.500000 0.540039 3 25 0.000001 26 0.633365 27 0.366634
2efb_kyj06_body_mesh1
25 0.000000 -0.401440 282.293036 0.000000 -1.000000 0.000000 0.500000 0.540039 3 25 0.000001 26 0.633365 27 0.366634
25 -0.402571 0.000000 271.828937 -1.000000 0.000000 0.000000 0.500000 0.520020 3 25 0.004645 26 0.865131 27 0.130224
25 0.000000 -0.401394 271.828937 0.000000 -1.000000 0.000000 0.500000 0.520020 3 25 0.004645 26 0.865113 27 0.130242
2efb_kyj06_body_mesh1
25 -0.402571 0.000000 271.828937 -1.000000 0.000000 0.000000 0.500000 0.520020 3 25 0.004645 26 0.865131 27 0.130224
25 -0.402574 0.000000 261.364824 -1.000000 0.000000 0.000000 0.500000 0.500000 3 25 0.023471 26 0.946760 27 0.029769
25 0.000000 -0.401394 271.828937 0.000000 -1.000000 0.000000 0.500000 0.520020 3 25 0.004645 26 0.865113 27 0.130242
2efb_kyj06_body_mesh1
25 0.000000 -0.401394 271.828937 0.000000 -1.000000 0.000000 0.500000 0.520020 3 25 0.004645 26 0.865113 27 0.130242
25 -0.402574 0.000000 261.364824 -1.000000 0.000000 0.000000 0.500000 0.500000 3 25 0.023471 26 0.946760 27 0.029769
25 0.000000 -0.401531 261.364824 0.000000 -1.000000 0.000000 0.500000 0.500000 3 25 0.023544 26 0.946594 27 0.029862
2efb_kyj06_body_mesh1
25 -0.402574 0.000000 261.364824 -1.000000 0.000000 0.000000 0.500000 0.500000 3 25 0.023471 26 0.946760 27 0.029769
25 -0.402577 0.000000 250.900741 -1.000000 0.000000 0.000000 0.500000 0.480469 3 25 0.104672 26 0.888476 27 0.006852
25 0.000000 -0.401531 261.364824 0.000000 -1.000000 0.000000 0.500000 0.500000 3 25 0.023544 26 0.946594 27 0.029862
2efb_kyj06_body_mesh1
25 0.000000 -0.401531 261.364824 0.000000 -1.000000 0.000000 0.500000 0.500000 3 25 0.023544 26 0.946594 27 0.029862
25 -0.402577 0.000000 250.900741 -1.000000 0.000000 0.000000 0.500000 0.480469 3 25 0.104672 26 0.888476 27 0.006852
25 0.000000 -0.401486 250.900756 0.000000 -1.000000 0.000000 0.500000 0.480469 3 25 0.104691 26 0.888457 27 0.006852
2efb_kyj06_body_mesh1
25 -0.402577 0.000000 250.900741 -1.000000 0.000000 0.000000 0.500000 0.480469 3 25 0.104672 26 0.888476 27 0.006852
25 -0.402581 0.000000 240.436597 -1.000000 0.000000 0.000000 0.500000 0.460449 3 25 0.316740 26 0.683199 27 0.000061
25 0.000000 -0.401486 250.900756 0.000000 -1.000000 0.000000 0.500000 0.480469 3 25 0.104691 26 0.888457 27 0.006852
2efb_kyj06_body_mesh1
25 0.000000 -0.401486 250.900756 0.000000 -1.000000 0.000000 0.500000 0.480469 3 25 0.104691 26 0.888457 27 0.006852
25 -0.402581 0.000000 240.436597 -1.000000 0.000000 0.000000 0.500000 0.460449 3 25 0.316740 26 0.683199 27 0.000061
25 0.000000 -0.401486 240.436597 0.000000 -1.000000 0.000000 0.500000 0.460449 3 25 0.316750 26 0.683189 27 0.000061
2efb_kyj06_body_mesh1
25 -0.402581 0.000000 240.436597 -1.000000 0.000000 0.000000 0.500000 0.460449 3 25 0.316740 26 0.683199 27 0.000061
25 -0.402584 0.000000 229.972514 -1.000000 0.000000 0.000000 0.500000 0.440430 2 25 0.628259 26 0.371740
25 0.000000 -0.401486 240.436597 0.000000 -1.000000 0.000000 0.500000 0.460449 3 25 0.316750 26 0.683189 27 0.000061
2efb_kyj06_body_mesh1
25 0.000000 -0.401486 240.436597 0.000000 -1.000000 0.000000 0.500000 0.460449 3 25 0.316750 26 0.683189 27 0.000061
25 -0.402584 0.000000 229.972514 -1.000000 0.000000 0.000000 0.500000 0.440430 2 25 0.628259 26 0.371740
25 0.000000 -0.401440 229.972559 0.000000 -1.000000 0.000000 0.500000 0.440430 2 25 0.628252 26 0.371748
2efb_kyj06_body_mesh1
25 -0.402584 0.000000 229.972514 -1.000000 0.000000 0.000000 0.500000 0.440430 2 25 0.628259 26 0.371740
24 -0.402587 0.000000 219.508356 -1.000000 0.000000 0.000000 0.500000 0.420410 3 24 0.004451 25 0.862559 26 0.132990
25 0.000000 -0.401440 229.972559 0.000000 -1.000000 0.000000 0.500000 0.440430 2 25 0.628252 26 0.371748
2efb_kyj06_body_mesh1
25 0.000000 -0.401440 229.972559 0.000000 -1.000000 0.000000 0.500000 0.440430 2 25 0.628252 26 0.371748
24 -0.402587 0.000000 219.508356 -1.000000 0.000000 0.000000 0.500000 0.420410 3 24 0.004451 25 0.862559 26 0.132990
24 0.000000 -0.401531 219.508401 0.000000 -1.000000 0.000000 0.500000 0.420410 3 24 0.004451 25 0.862541 26 0.133008
2efb_kyj06_body_mesh1
24 -0.402587 0.000000 219.508356 -1.000000 0.000000 0.000000 0.500000 0.420410 3 24 0.004451 25 0.862559 26 0.132990
24 -0.402590 0.000000 209.044258 -1.000000 0.000000 0.000000 0.500000 0.400391 3 24 0.023052 25 0.946293 26 0.030654
24 0.000000 -0.401531 219.508401 0.000000 -1.000000 0.000000 0.500000 0.420410 3 24 0.004451 25 0.862541 26 0.133008
2efb_kyj06_body_mesh1
24 0.000000 -0.401531 219.508401 0.000000 -1.000000 0.000000 0.500000 0.420410 3 24 0.004451 25 0.862541 26 0.133008
24 -0.402590 0.000000 209.044258 -1.000000 0.000000 0.000000 0.500000 0.400391 3 24 0.023052 25 0.946293 26 0.030654
24 0.000000 -0.401531 209.044228 0.000000 -1.000000 0.000000 0.500000 0.400391 3 24 0.023113 25 0.946153 26 0.030735
2efb_kyj06_body_mesh1
24 -0.402590 0.000000 209.044258 -1.000000 0.000000 0.000000 0.500000 0.400391 3 24 0.023052 25 0.946293 26 0.030654
24 -0.402593 0.000000 198.580189 -1.000000 0.000000 0.000000 0.500000 0.380371 3 24 0.102355 25 0.890549 26 0.007096
24 0.000000 -0.401531 209.044228 0.000000 -1.000000 0.000000 0.500000 0.400391 3 24 0.023113 25 0.946153 26 0.030735
2efb_kyj06_body_mesh1
24 0.000000 -0.401531 209.044228 0.000000 -1.000000 0.000000 0.500000 0.400391 3 24 0.023113 25 0.946153 26 0.030735
24 -0.402593 0.000000 198.580189 -1.000000 0.000000 0.000000 0.500000 0.380371 3 24 0.102355 25 0.890549 26 0.007096
24 0.000000 -0.401531 198.580189 0.000000 -1.000000 0.000000 0.500000 0.380371 3 24 0.102375 25 0.890528 26 0.007097
2efb_kyj06_body_mesh1
24 -0.402593 0.000000 198.580189 -1.000000 0.000000 0.000000 0.500000 0.380371 3 24 0.102355 25 0.890549 26 0.007096
24 -0.402596 0.000000 188.116106 -1.000000 0.000000 0.000000 0.500000 0.360352 3 24 0.311959 25 0.687965 26 0.000075
24 0.000000 -0.401531 198.580189 0.000000 -1.000000 0.000000 0.500000 0.380371 3 24 0.102375 25 0.890528 26 0.007097
2efb_kyj06_body_mesh1
24 0.000000 -0.401531 198.580189 0.000000 -1.000000 0.000000 0.500000 0.380371 3 24 0.102375 25 0.890528 26 0.007097
24 -0.402596 0.000000 188.116106 -1.000000 0.000000 0.000000 0.500000 0.360352 3 24 0.311959 25 0.687965 26 0.000075
24 0.000000 -0.401486 188.116106 0.000000 -1.000000 0.000000 0.500000 0.360352 3 24 0.311969 25 0.687955 26 0.000075
2efb_kyj06_body_mesh1
24 -0.402596 0.000000 188.116106 -1.000000 0.000000 0.000000 0.500000 0.360352 3 24 0.311959 25 0.687965 26 0.000075
24 -0.402599 0.000000 177.651993 -1.000000 0.000000 0.000000 0.500000 0.340332 2 24 0.623120 25 0.376880
24 0.000000 -0.401486 188.116106 0.000000 -1.000000 0.000000 0.500000 0.360352 3 24 0.311969 25 0.687955 26 0.000075
2efb_kyj06_body_mesh1
24 0.000000 -0.401486 188.116106 0.000000 -1.000000 0.000000 0.500000 0.360352 3 24 0.311969 25 0.687955 26 0.000075
24 -0.402599 0.000000 177.651993 -1.000000 0.000000 0.000000 0.500000 0.340332 2 24 0.623120 25 0.376880
24 0.000000 -0.401440 177.651993 0.000000 -1.000000 0.000000 0.500000 0.340332 2 24 0.623113 25 0.376887
2efb_kyj06_body_mesh1
24 -0.402599 0.000000 177.651993 -1.000000 0.000000 0.000000 0.500000 0.340332 2 24 0.623120 25 0.376880
23 -0.402603 0.000000 167.187888 -1.000000 0.000000 0.000000 0.500000 0.320312 3 23 0.004262 24 0.859939 25 0.135799
24 0.000000 -0.401440 177.651993 0.000000 -1.000000 0.000000 0.500000 0.340332 2 24 0.623113 25 0.376887
2efb_kyj06_body_mesh1
24 0.000000 -0.401440 177.651993 0.000000 -1.000000 0.000000 0.500000 0.340332 2 24 0.623113 25 0.376887
23 -0.402603 0.000000 167.187888 -1.000000 0.000000 0.000000 0.500000 0.320312 3 23 0.004262 24 0.859939 25 0.135799
23 0.000000 -0.401394 167.187888 0.000000 -1.000000 0.000000 0.500000 0.320312 3 23 0.004261 24 0.859922 25 0.135817
2efb_kyj06_body_mesh1
23 -0.402603 0.000000 167.187888 -1.000000 0.000000 0.000000 0.500000 0.320312 3 23 0.004262 24 0.859939 25 0.135799
23 -0.402606 0.000000 156.723781 -1.000000 0.000000 0.000000 0.500000 0.300293 3 23 0.022636 24 0.945803 25 0.031560
23 0.000000 -0.401394 167.187888 0.000000 -1.000000 0.000000 0.500000 0.320312 3 23 0.004261 24 0.859922 25 0.135817
2efb_kyj06_body_mesh1
23 0.000000 -0.401394 167.187888 0.000000 -1.000000 0.000000 0.500000 0.320312 3 23 0.004261 24 0.859922 25 0.135817
23 -0.402606 0.000000 156.723781 -1.000000 0.000000 0.000000 0.500000 0.300293 3 23 0.022636 24 0.945803 25 0.031560
23 0.000000 -0.401531 156.723775 0.000000 -1.000000 0.000000 0.500000 0.300293 3 23 0.022687 24 0.945682 25 0.031631
2efb_kyj06_body_mesh1
23 -0.402606 0.000000 156.723781 -1.000000 0.000000 0.000000 0.500000 0.300293 3 23 0.022636 24 0.945803 25 0.031560
24 -0.402609 0.000000 146.259683 -1.000000 0.000000 0.000000 0.500000 0.280273 3 24 0.892577 23 0.100078 25 0.007345
23 0.000000 -0.401531 156.723775 0.000000 -1.000000 0.000000 0.500000 0.300293 3 23 0.022687 24 0.945682 25 0.031631
2efb_kyj06_body_mesh1
23 0.000000 -0.401531 156.723775 0.000000 -1.000000 0.000000 0.500000 0.300293 3 23 0.022687 24 0.945682 25 0.031631
24 -0.402609 0.000000 146.259683 -1.000000 0.000000 0.000000 0.500000 0.280273 3 24 0.892577 23 0.100078 25 0.007345
24 0.000000 -0.401486 146.259683 0.000000 -1.000000 0.000000 0.500000 0.280273 3 24 0.892556 23 0.100098 25 0.007346
2efb_kyj06_body_mesh1
24 -0.402609 0.000000 146.259683 -1.000000 0.000000 0.000000 0.500000 0.280273 3 24 0.892577 23 0.100078 25 0.007345
24 -0.402612 0.000000 135.795569 -1.000000 0.000000 0.000000 0.500000 0.260254 3 24 0.681472 23 0.302239 22 0.016289
24 0.000000 -0.401486 146.259683 0.000000 -1.000000 0.000000 0.500000 0.280273 3 24 0.892556 23 0.100098 25 0.007346
2efb_kyj06_body_mesh1
24 0.000000 -0.401486 146.259683 0.000000 -1.000000 0.000000 0.500000 0.280273 3 24 0.892556 23 0.100098 25 0.007346
24 -0.402612 0.000000 135.795569 -1.000000 0.000000 0.000000 0.500000 0.260254 3 24 0.681472 23 0.302239 22 0.016289
24 0.000000 -0.401531 135.795548 0.000000 -1.000000 0.000000 0.500000 0.260254 3 24 0.681463 23 0.302249 22 0.016288
2efb_kyj06_body_mesh1
24 -0.402612 0.000000 135.795569 -1.000000 0.000000 0.000000 0.500000 0.260254 3 24 0.681472 23 0.302239 22 0.016289
22 -0.402615 0.000000 125.331447 -1.000000 0.000000 0.000000 0.500000 0.240234 3 22 0.072271 23 0.573296 24 0.354433
24 0.000000 -0.401531 135.795548 0.000000 -1.000000 0.000000 0.500000 0.260254 3 24 0.681463 23 0.302249 22 0.016288
2efb_kyj06_body_mesh1
24 0.000000 -0.401531 135.795548 0.000000 -1.000000 0.000000 0.500000 0.260254 3 24 0.681463 23 0.302249 22 0.016288
22 -0.402615 0.000000 125.331447 -1.000000 0.000000 0.000000 0.500000 0.240234 3 22 0.072271 23 0.573296 24 0.354433
22 0.000000 -0.401440 125.331447 0.000000 -1.000000 0.000000 0.500000 0.240234 3 22 0.072272 23 0.573290 24 0.354439
2efb_kyj06_body_mesh1
22 -0.402615 0.000000 125.331447 -1.000000 0.000000 0.000000 0.500000 0.240234 3 22 0.072271 23 0.573296 24 0.354433
23 -0.402618 0.000000 114.867358 -1.000000 0.000000 0.000000 0.500000 0.220215 3 23 0.734757 22 0.146408 24 0.118835
22 0.000000 -0.401440 125.331447 0.000000 -1.000000 0.000000 0.500000 0.240234 3 22 0.072272 23 0.573290 24 0.354439
2efb_kyj06_body_mesh1
22 0.000000 -0.401440 125.331447 0.000000 -1.000000 0.000000 0.500000 0.240234 3 22 0.072272 23 0.573290 24 0.354439
23 -0.402618 0.000000 114.867358 -1.000000 0.000000 0.000000 0.500000 0.220215 3 23 0.734757 22 0.146408 24 0.118835
23 0.000000 -0.401440 114.867358 0.000000 -1.000000 0.000000 0.500000 0.220215 3 23 0.734728 22 0.146424 24 0.118848
2efb_kyj06_body_mesh1
23 -0.402618 0.000000 114.867358 -1.000000 0.000000 0.000000 0.500000 0.220215 3 23 0.734757 22 0.146408 24 0.118835
23 -0.402621 0.000000 104.403244 -1.000000 0.000000 0.000000 0.500000 0.200195 3 23 0.768931 22 0.204643 24 0.026426
23 0.000000 -0.401440 114.867358 0.000000 -1.000000 0.000000 0.500000 0.220215 3 23 0.734728 22 0.146424 24 0.118848
2efb_kyj06_body_mesh1
23 0.000000 -0.401440 114.867358 0.000000 -1.000000 0.000000 0.500000 0.220215 3 23 0.734728 22 0.146424 24 0.118848
23 -0.402621 0.000000 104.403244 -1.000000 0.000000 0.000000 0.500000 0.200195 3 23 0.768931 22 0.204643 24 0.026426
23 0.000000 -0.401531 104.403244 0.000000 -1.000000 0.000000 0.500000 0.200195 3 23 0.768561 22 0.204971 24 0.026468
2efb_kyj06_body_mesh1
23 -0.402621 0.000000 104.403244 -1.000000 0.000000 0.000000 0.500000 0.200195 3 23 0.768931 22 0.204643 24 0.026426
23 -0.402625 0.000000 93.939170 -1.000000 0.000000 0.000000 0.500000 0.180176 3 23 0.561143 22 0.377485 21 0.061373
23 0.000000 -0.401531 104.403244 0.000000 -1.000000 0.000000 0.500000 0.200195 3 23 0.768561 22 0.204971 24 0.026468
2efb_kyj06_body_mesh1
23 0.000000 -0.401531 104.403244 0.000000 -1.000000 0.000000 0.500000 0.200195 3 23 0.768561 22 0.204971 24 0.026468
23 -0.402625 0.000000 93.939170 -1.000000 0.000000 0.000000 0.500000 0.180176 3 23 0.561143 22 0.377485 21 0.061373
23 0.000000 -0.401531 93.939154 0.000000 -1.000000 0.000000 0.500000 0.180176 3 23 0.561100 22 0.377518 21 0.061382
2efb_kyj06_body_mesh1
23 -0.402625 0.000000 93.939170 -1.000000 0.000000 0.000000 0.500000 0.180176 3 23 0.561143 22 0.377485 21 0.061373
22 -0.402628 0.000000 83.475040 -1.000000 0.000000 0.000000 0.500000 0.160156 3 22 0.564828 23 0.303515 21 0.131656
23 0.000000 -0.401531 93.939154 0.000000 -1.000000 0.000000 0.500000 0.180176 3 23 0.561100 22 0.377518 21 0.061382
2efb_kyj06_body_mesh1
23 0.000000 -0.401531 93.939154 0.000000 -1.000000 0.000000 0.500000 0.180176 3 23 0.561100 22 0.377518 21 0.061382
22 -0.402628 0.000000 83.475040 -1.000000 0.000000 0.000000 0.500000 0.160156 3 22 0.564828 23 0.303515 21 0.131656
22 0.000000 -0.401440 83.475057 0.000000 -1.000000 0.000000 0.500000 0.160156 3 22 0.564751 23 0.303565 21 0.131684
2efb_kyj06_body_mesh1
22 -0.402628 0.000000 83.475040 -1.000000 0.000000 0.000000 0.500000 0.160156 3 22 0.564828 23 0.303515 21 0.131656
22 -0.402631 0.000000 73.010944 -1.000000 0.000000 0.000000 0.500000 0.140137 3 22 0.605677 21 0.241629 23 0.152695
22 0.000000 -0.401440 83.475057 0.000000 -1.000000 0.000000 0.500000 0.160156 3 22 0.564751 23 0.303565 21 0.131684
2efb_kyj06_body_mesh1
22 0.000000 -0.401440 83.475057 0.000000 -1.000000 0.000000 0.500000 0.160156 3 22 0.564751 23 0.303565 21 0.131684
22 -0.402631 0.000000 73.010944 -1.000000 0.000000 0.000000 0.500000 0.140137 3 22 0.605677 21 0.241629 23 0.152695
22 0.000000 -0.401531 73.010938 0.000000 -1.000000 0.000000 0.500000 0.140137 3 22 0.605506 21 0.241731 23 0.152763
2efb_kyj06_body_mesh1
22 -0.402631 0.000000 73.010944 -1.000000 0.000000 0.000000 0.500000 0.140137 3 22 0.605677 21 0.241629 23 0.152695
21 -0.402634 0.000000 62.546826 -1.000000 0.000000 0.000000 0.500000 0.120117 3 21 0.476134 22 0.429561 20 0.094306
22 0.000000 -0.401531 73.010938 0.000000 -1.000000 0.000000 0.500000 0.140137 3 22 0.605506 21 0.241731 23 0.152763
2efb_kyj06_body_mesh1
22 0.000000 -0.401531 73.010938 0.000000 -1.000000 0.000000 0.500000 0.140137 3 22 0.605506 21 0.241731 23 0.152763
21 -0.402634 0.000000 62.546826 -1.000000 0.000000 0.000000 0.500000 0.120117 3 21 0.476134 22 0.429561 20 0.094306
21 0.000000 -0.401531 62.546826 0.000000 -1.000000 0.000000 0.500000 0.120117 3 21 0.476119 22 0.429564 20 0.094317
2efb_kyj06_body_mesh1
21 -0.402634 0.000000 62.546826 -1.000000 0.000000 0.000000 0.500000 0.120117 3 21 0.476134 22 0.429561 20 0.094306
21 -0.402637 0.000000 52.082723 -1.000000 0.000000 0.000000 0.500000 0.100098 3 21 0.629793 22 0.203265 20 0.166942
21 0.000000 -0.401531 62.546826 0.000000 -1.000000 0.000000 0.500000 0.120117 3 21 0.476119 22 0.429564 20 0.094317
2efb_kyj06_body_mesh1
21 0.000000 -0.401531 62.546826 0.000000 -1.000000 0.000000 0.500000 0.120117 3 21 0.476119 22 0.429564 20 0.094317
21 -0.402637 0.000000 52.082723 -1.000000 0.000000 0.000000 0.500000 0.100098 3 21 0.629793 22 0.203265 20 0.166942
21 0.000000 -0.401394 52.082729 0.000000 -1.000000 0.000000 0.500000 0.100098 3 21 0.629364 22 0.203500 20 0.167136
2efb_kyj06_body_mesh1
21 -0.402637 0.000000 52.082723 -1.000000 0.000000 0.000000 0.500000 0.100098 3 21 0.629793 22 0.203265 20 0.166942
21 -0.402640 0.000000 41.618622 -1.000000 0.000000 0.000000 0.500000 0.080078 3 21 0.518478 20 0.342822 19 0.138700
21 0.000000 -0.401394 52.082729 0.000000 -1.000000 0.000000 0.500000 0.100098 3 21 0.629364 22 0.203500 20 0.167136
2efb_kyj06_body_mesh1
21 0.000000 -0.401394 52.082729 0.000000 -1.000000 0.000000 0.500000 0.100098 3 21 0.629364 22 0.203500 20 0.167136
21 -0.402640 0.000000 41.618622 -1.000000 0.000000 0.000000 0.500000 0.080078 3 21 0.518478 20 0.342822 19 0.138700
21 0.000000 -0.401531 41.618616 0.000000 -1.000000 0.000000 0.500000 0.080078 3 21 0.518417 20 0.342841 19 0.138742
2efb_kyj06_body_mesh1
21 -0.402640 0.000000 41.618622 -1.000000 0.000000 0.000000 0.500000 0.080078 3 21 0.518478 20 0.342822 19 0.138700
20 -0.402643 0.000000 31.154511 -1.000000 0.000000 0.000000 0.500000 0.060059 3 20 0.494900 21 0.270590 19 0.234510
21 0.000000 -0.401531 41.618616 0.000000 -1.000000 0.000000 0.500000 0.080078 3 21 0.518417 20 0.342841 19 0.138742
2efb_kyj06_body_mesh1
21 0.000000 -0.401531 41.618616 0.000000 -1.000000 0.000000 0.500000 0.080078 3 21 0.518417 20 0.342841 19 0.138742
20 -0.402643 0.000000 31.154511 -1.000000 0.000000 0.000000 0.500000 0.060059 3 20 0.494900 21 0.270590 19 0.234510
20 0.000000 -0.401394 31.154514 0.000000 -1.000000 0.000000 0.500000 0.060059 3 20 0.494801 21 0.270615 19 0.234584
2efb_kyj06_body_mesh1
20 -0.402643 0.000000 31.154511 -1.000000 0.000000 0.000000 0.500000 0.060059 3 20 0.494900 21 0.270590 19 0.234510
20 -0.402647 0.000000 20.690412 -1.000000 0.000000 0.000000 0.500000 0.040039 3 20 0.511179 19 0.359391 21 0.129430
20 0.000000 -0.401394 31.154514 0.000000 -1.000000 0.000000 0.500000 0.060059 3 20 0.494801 21 0.270615 19 0.234584
2efb_kyj06_body_mesh1
20 0.000000 -0.401394 31.154514 0.000000 -1.000000 0.000000 0.500000 0.060059 3 20 0.494801 21 0.270615 19 0.234584
20 -0.402647 0.000000 20.690412 -1.000000 0.000000 0.000000 0.500000 0.040039 3 20 0.511179 19 0.359391 21 0.129430
20 0.000000 -0.401486 20.690413 0.000000 -1.000000 0.000000 0.500000 0.040039 3 20 0.510953 19 0.359574 21 0.129473
2efb_kyj06_body_mesh1
20 -0.402647 0.000000 20.690412 -1.000000 0.000000 0.000000 0.500000 0.040039 3 20 0.511179 19 0.359391 21 0.129430
19 -0.402650 0.000000 10.226304 -1.000000 0.000000 0.000000 0.500000 0.020020 3 19 0.600523 20 0.337166 21 0.062311
20 0.000000 -0.401486 20.690413 0.000000 -1.000000 0.000000 0.500000 0.040039 3 20 0.510953 19 0.359574 21 0.129473
2efb_kyj06_body_mesh1
20 0.000000 -0.401486 20.690413 0.000000 -1.000000 0.000000 0.500000 0.040039 3 20 0.510953 19 0.359574 21 0.129473
19 -0.402650 0.000000 10.226304 -1.000000 0.000000 0.000000 0.500000 0.020020 3 19 0.600523 20 0.337166 21 0.062311
19 0.000000 -0.401486 10.226306 0.000000 -1.000000 0.000000 0.500000 0.020020 3 19 0.600591 20 0.337103 21 0.062306
2efb_kyj06_body_mesh1
19 -0.402650 0.000000 10.226304 -1.000000 0.000000 0.000000 0.500000 0.020020 3 19 0.600523 20 0.337166 21 0.062311
19 -0.402653 0.000000 -0.237799 -1.000000 0.000000 0.000000 0.500000 0.000000 3 19 0.743391 20 0.230989 21 0.025620
19 0.000000 -0.401486 10.226306 0.000000 -1.000000 0.000000 0.500000 0.020020 3 19 0.600591 20 0.337103 21 0.062306
2efb_kyj06_body_mesh1
19 0.000000 -0.401486 10.226306 0.000000 -1.000000 0.000000 0.500000 0.020020 3 19 0.600591 20 0.337103 21 0.062306
19 -0.402653 0.000000 -0.237799 -1.000000 0.000000 0.000000 0.500000 0.000000 3 19 0.743391 20 0.230989 21 0.025620
19 0.000000 -0.401486 -0.237799 0.000000 -1.000000 0.000000 0.500000 0.000000 3 19 0.743438 20 0.230947 21 0.025615
2efb_kyj06_body_mesh1
19 -0.402653 0.000000 -0.237799 -1.000000 0.000000 0.000000 0.500000 0.000000 3 19 0.743391 20 0.230989 21 0.025620
19 0.402653 0.000000 -0.237799 1.000000 0.000000 0.000000 0.500000 0.000000 3 19 0.743391 20 0.230989 21 0.025620
19 0.000000 -0.401486 -0.237799 0.000000 -1.000000 0.000000 0.500000 0.000000 3 19 0.743438 20 0.230947 21 0.025615
2efb_kyj06_body_mesh1
19 0.000000 -0.401486 -0.237799 0.000000 -1.000000 0.000000 0.500000 0.000000 3 19 0.743438 20 0.230947 21 0.025615
19 0.402653 0.000000 -0.237799 1.000000 0.000000 0.000000 0.500000 0.000000 3 19 0.743391 20 0.230989 21 0.025620
19 0.402656 0.000000 10.226304 1.000000 0.000000 0.000000 0.500000 0.020020 3 19 0.600523 20 0.337166 21 0.062311
2efb_kyj06_body_mesh1
19 -0.402653 0.000000 -0.237799 -1.000000 0.000000 0.000000 0.500000 0.000000 3 19 0.743391 20 0.230989 21 0.025620
19 -0.402650 0.000000 10.226304 -1.000000 0.000000 0.000000 0.500000 0.020020 3 19 0.600523 20 0.337166 21 0.062311
19 0.000000 0.403912 -0.237799 0.000000 1.000000 0.000000 0.500000 0.000000 3 19 0.743420 20 0.230964 21 0.025617
2efb_kyj06_body_mesh1
19 -0.402650 0.000000 10.226304 -1.000000 0.000000 0.000000 0.500000 0.020020 3 19 0.600523 20 0.337166 21 0.062311
19 0.000000 0.403866 10.226307 0.000000 1.000000 0.000000 0.500000 0.020020 3 19 0.600583 20 0.337109 21 0.062308
19 0.000000 0.403912 -0.237799 0.000000 1.000000 0.000000 0.500000 0.000000 3 19 0.743420 20 0.230964 21 0.025617
2efb_kyj06_body_mesh1
19 0.000000 -0.401486 -0.237799 0.000000 -1.000000 0.000000 0.500000 0.000000 3 19 0.743438 20 0.230947 21 0.025615
19 0.402656 0.000000 10.226304 1.000000 0.000000 0.000000 0.500000 0.020020 3 19 0.600523 20 0.337166 21 0.062311
19 0.000000 -0.401486 10.226306 0.000000 -1.000000 0.000000 0.500000 0.020020 3 19 0.600591 20 0.337103 21 0.062306
2efb_kyj06_body_mesh1
19 0.402656 0.000000 10.226304 1.000000 0.000000 0.000000 0.500000 0.020020 3 19 0.600523 20 0.337166 21 0.062311
20 0.402659 0.000000 20.690412 1.000000 0.000000 0.000000 0.500000 0.040039 3 20 0.511179 19 0.359391 21 0.129430
19 0.000000 -0.401486 10.226306 0.000000 -1.000000 0.000000 0.500000 0.020020 3 19 0.600591 20 0.337103 21 0.062306
2efb_kyj06_body_mesh1
19 0.000000 -0.401486 10.226306 0.000000 -1.000000 0.000000 0.500000 0.020020 3 19 0.600591 20 0.337103 21 0.062306
20 0.402659 0.000000 20.690412 1.000000 0.000000 0.000000 0.500000 0.040039 3 20 0.511179 19 0.359391 21 0.129430
20 0.000000 -0.401486 20.690413 0.000000 -1.000000 0.000000 0.500000 0.040039 3 20 0.510953 19 0.359574 21 0.129473
2efb_kyj06_body_mesh1
20 0.402659 0.000000 20.690412 1.000000 0.000000 0.000000 0.500000 0.040039 3 20 0.511179 19 0.359391 21 0.129430
20 0.402662 0.000000 31.154511 1.000000 0.000000 0.000000 0.500000 0.060059 3 20 0.494900 21 0.270590 19 0.234510
20 0.000000 -0.401486 20.690413 0.000000 -1.000000 0.000000 0.500000 0.040039 3 20 0.510953 19 0.359574 21 0.129473
2efb_kyj06_body_mesh1
20 0.000000 -0.401486 20.690413 0.000000 -1.000000 0.000000 0.500000 0.040039 3 20 0.510953 19 0.359574 21 0.129473
20 0.402662 0.000000 31.154511 1.000000 0.000000 0.000000 0.500000 0.060059 3 20 0.494900 21 0.270590 19 0.234510
20 0.000000 -0.401394 31.154514 0.000000 -1.000000 0.000000 0.500000 0.060059 3 20 0.494801 21 0.270615 19 0.234584
2efb_kyj06_body_mesh1
20 0.402662 0.000000 31.154511 1.000000 0.000000 0.000000 0.500000 0.060059 3 20 0.494900 21 0.270590 19 0.234510
21 0.402665 0.000000 41.618622 1.000000 0.000000 0.000000 0.500000 0.080078 3 21 0.518478 20 0.342822 19 0.138700
20 0.000000 -0.401394 31.154514 0.000000 -1.000000 0.000000 0.500000 0.060059 3 20 0.494801 21 0.270615 19 0.234584
2efb_kyj06_body_mesh1
20 0.000000 -0.401394 31.154514 0.000000 -1.000000 0.000000 0.500000 0.060059 3 20 0.494801 21 0.270615 19 0.234584
21 0.402665 0.000000 41.618622 1.000000 0.000000 0.000000 0.500000 0.080078 3 21 0.518478 20 0.342822 19 0.138700
21 0.000000 -0.401531 41.618616 0.000000 -1.000000 0.000000 0.500000 0.080078 3 21 0.518417 20 0.342841 19 0.138742
2efb_kyj06_body_mesh1
21 0.402665 0.000000 41.618622 1.000000 0.000000 0.000000 0.500000 0.080078 3 21 0.518478 20 0.342822 19 0.138700
21 0.402668 0.000000 52.082723 1.000000 0.000000 0.000000 0.500000 0.100098 3 21 0.629793 22 0.203265 20 0.166942
21 0.000000 -0.401531 41.618616 0.000000 -1.000000 0.000000 0.500000 0.080078 3 21 0.518417 20 0.342841 19 0.138742
2efb_kyj06_body_mesh1
21 0.000000 -0.401531 41.618616 0.000000 -1.000000 0.000000 0.500000 0.080078 3 21 0.518417 20 0.342841 19 0.138742
21 0.402668 0.000000 52.082723 1.000000 0.000000 0.000000 0.500000 0.100098 3 21 0.629793 22 0.203265 20 0.166942
21 0.000000 -0.401394 52.082729 0.000000 -1.000000 0.000000 0.500000 0.100098 3 21 0.629364 22 0.203500 20 0.167136
2efb_kyj06_body_mesh1
21 0.402668 0.000000 52.082723 1.000000 0.000000 0.000000 0.500000 0.100098 3 21 0.629793 22 0.203265 20 0.166942
21 0.402672 0.000000 62.546826 1.000000 0.000000 0.000000 0.500000 0.120117 3 21 0.476134 22 0.429561 20 0.094306
21 0.000000 -0.401394 52.082729 0.000000 -1.000000 0.000000 0.500000 0.100098 3 21 0.629364 22 0.203500 20 0.167136
2efb_kyj06_body_mesh1
21 0.000000 -0.401394 52.082729 0.000000 -1.000000 0.000000 0.500000 0.100098 3 21 0.629364 22 0.203500 20 0.167136
21 0.402672 0.000000 62.546826 1.000000 0.000000 0.000000 0.500000 0.120117 3 21 0.476134 22 0.429561 20 0.094306
21 0.000000 -0.401531 62.546826 0.000000 -1.000000 0.000000 0.500000 0.120117 3 21 0.476119 22 0.429564 20 0.094317
2efb_kyj06_body_mesh1
21 0.402672 0.000000 62.546826 1.000000 0.000000 0.000000 0.500000 0.120117 3 21 0.476134 22 0.429561 20 0.094306
22 0.402675 0.000000 73.010944 1.000000 0.000000 0.000000 0.500000 0.140137 3 22 0.605677 21 0.241629 23 0.152695
21 0.000000 -0.401531 62.546826 0.000000 -1.000000 0.000000 0.500000 0.120117 3 21 0.476119 22 0.429564 20 0.094317
2efb_kyj06_body_mesh1
21 0.000000 -0.401531 62.546826 0.000000 -1.000000 0.000000 0.500000 0.120117 3 21 0.476119 22 0.429564 20 0.094317
22 0.402675 0.000000 73.010944 1.000000 0.000000 0.000000 0.500000 0.140137 3 22 0.605677 21 0.241629 23 0.152695
22 0.000000 -0.401531 73.010938 0.000000 -1.000000 0.000000 0.500000 0.140137 3 22 0.605506 21 0.241731 23 0.152763
2efb_kyj06_body_mesh1
22 0.402675 0.000000 73.010944 1.000000 0.000000 0.000000 0.500000 0.140137 3 22 0.605677 21 0.241629 23 0.152695
22 0.402678 0.000000 83.475040 1.000000 0.000000 0.000000 0.500000 0.160156 3 22 0.564828 23 0.303515 21 0.131656
22 0.000000 -0.401531 73.010938 0.000000 -1.000000 0.000000 0.500000 0.140137 3 22 0.605506 21 0.241731 23 0.152763
2efb_kyj06_body_mesh1
22 0.000000 -0.401531 73.010938 0.000000 -1.000000 0.000000 0.500000 0.140137 3 22 0.605506 21 0.241731 23 0.152763
22 0.402678 0.000000 83.475040 1.000000 0.000000 0.000000 0.500000 0.160156 3 22 0.564828 23 0.303515 21 0.131656
22 0.000000 -0.401440 83.475057 0.000000 -1.000000 0.000000 0.500000 0.160156 3 22 0.564751 23 0.303565 21 0.131684
2efb_kyj06_body_mesh1
22 0.402678 0.000000 83.475040 1.000000 0.000000 0.000000 0.500000 0.160156 3 22 0.564828 23 0.303515 21 0.131656
23 0.402681 0.000000 93.939170 1.000000 0.000000 0.000000 0.500000 0.180176 3 23 0.561143 22 0.377485 21 0.061373
22 0.000000 -0.401440 83.475057 0.000000 -1.000000 0.000000 0.500000 0.160156 3 22 0.564751 23 0.303565 21 0.131684
2efb_kyj06_body_mesh1
22 0.000000 -0.401440 83.475057 0.000000 -1.000000 0.000000 0.500000 0.160156 3 22 0.564751 23 0.303565 21 0.131684
23 0.402681 0.000000 93.939170 1.000000 0.000000 0.000000 0.500000 0.180176 3 23 0.561143 22 0.377485 21 0.061373
23 0.000000 -0.401531 93.939154 0.000000 -1.000000 0.000000 0.500000 0.180176 3 23 0.561100 22 0.377518 21 0.061382
2efb_kyj06_body_mesh1
23 0.402681 0.000000 93.939170 1.000000 0.000000 0.000000 0.500000 0.180176 3 23 0.561143 22 0.377485 21 0.061373
23 0.402684 0.000000 104.403244 1.000000 0.000000 0.000000 0.500000 0.200195 3 23 0.768931 22 0.204643 24 0.026426
23 0.000000 -0.401531 93.939154 0.000000 -1.000000 0.000000 0.500000 0.180176 3 23 0.561100 22 0.377518 21 0.061382
2efb_kyj06_body_mesh1
23 0.000000 -0.401531 93.939154 0.000000 -1.000000 0.000000 0.500000 0.180176 3 23 0.561100 22 0.377518 21 0.061382
23 0.402684 0.000000 104.403244 1.000000 0.000000 0.000000 0.500000 0.200195 3 23 0.768931 22 0.204643 24 0.026426
23 0.000000 -0.401531 104.403244 0.000000 -1.000000 0.000000 0.500000 0.200195 3 23 0.768561 22 0.204971 24 0.026468
2efb_kyj06_body_mesh1
23 0.402684 0.000000 104.403244 1.000000 0.000000 0.000000 0.500000 0.200195 3 23 0.768931 22 0.204643 24 0.026426
23 0.402687 0.000000 114.867358 1.000000 0.000000 0.000000 0.500000 0.220215 3 23 0.734757 22 0.146408 24 0.118835
23 0.000000 -0.401531 104.403244 0.000000 -1.000000 0.000000 0.500000 0.200195 3 23 0.768561 22 0.204971 24 0.026468
2efb_kyj06_body_mesh1
23 0.000000 -0.401531 104.403244 0.000000 -1.000000 0.000000 0.500000 0.200195 3 23 0.768561 22 0.204971 24 0.026468
23 0.402687 0.000000 114.867358 1.000000 0.000000 0.000000 0.500000 0.220215 3 23 0.734757 22 0.146408 24 0.118835
23 0.000000 -0.401440 114.867358 0.000000 -1.000000 0.000000 0.500000 0.220215 3 23 0.734728 22 0.146424 24 0.118848
2efb_kyj06_body_mesh1
23 0.402687 0.000000 114.867358 1.000000 0.000000 0.000000 0.500000 0.220215 3 23 0.734757 22 0.146408 24 0.118835
22 0.402690 0.000000 125.331447 1.000000 0.000000 0.000000 0.500000 0.240234 3 22 0.072271 23 0.573296 24 0.354433
23 0.000000 -0.401440 114.867358 0.000000 -1.000000 0.000000 0.500000 0.220215 3 23 0.734728 22 0.146424 24 0.118848
2efb_kyj06_body_mesh1
23 0.000000 -0.401440 114.867358 0.000000 -1.000000 0.000000 0.500000 0.220215 3 23 0.734728 22 0.146424 24 0.118848
22 0.402690 0.000000 125.331447 1.000000 0.000000 0.000000 0.500000 0.240234 3 22 0.072271 23 0.573296 24 0.354433
22 0.000000 -0.401440 125.331447 0.000000 -1.000000 0.000000 0.500000 0.240234 3 22 0.072272 23 0.573290 24 0.354439
2efb_kyj06_body_mesh1
22 0.402690 0.000000 125.331447 1.000000 0.000000 0.000000 0.500000 0.240234 3 22 0.072271 23 0.573296 24 0.354433
24 0.402694 0.000000 135.795569 1.000000 0.000000 0.000000 0.500000 0.260254 3 24 0.681472 23 0.302239 22 0.016289
22 0.000000 -0.401440 125.331447 0.000000 -1.000000 0.000000 0.500000 0.240234 3 22 0.072272 23 0.573290 24 0.354439
2efb_kyj06_body_mesh1
22 0.000000 -0.401440 125.331447 0.000000 -1.000000 0.000000 0.500000 0.240234 3 22 0.072272 23 0.573290 24 0.354439
24 0.402694 0.000000 135.795569 1.000000 0.000000 0.000000 0.500000 0.260254 3 24 0.681472 23 0.302239 22 0.016289
24 0.000000 -0.401531 135.795548 0.000000 -1.000000 0.000000 0.500000 0.260254 3 24 0.681463 23 0.302249 22 0.016288
2efb_kyj06_body_mesh1
24 0.402694 0.000000 135.795569 1.000000 0.000000 0.000000 0.500000 0.260254 3 24 0.681472 23 0.302239 22 0.016289
24 0.402697 0.000000 146.259683 1.000000 0.000000 0.000000 0.500000 0.280273 3 24 0.892577 23 0.100078 25 0.007345
24 0.000000 -0.401531 135.795548 0.000000 -1.000000 0.000000 0.500000 0.260254 3 24 0.681463 23 0.302249 22 0.016288
2efb_kyj06_body_mesh1
24 0.000000 -0.401531 135.795548 0.000000 -1.000000 0.000000 0.500000 0.260254 3 24 0.681463 23 0.302249 22 0.016288
24 0.402697 0.000000 146.259683 1.000000 0.000000 0.000000 0.500000 0.280273 3 24 0.892577 23 0.100078 25 0.007345
24 0.000000 -0.401486 146.259683 0.000000 -1.000000 0.000000 0.500000 0.280273 3 24 0.892556 23 0.100098 25 0.007346
2efb_kyj06_body_mesh1
24 0.402697 0.000000 146.259683 1.000000 0.000000 0.000000 0.500000 0.280273 3 24 0.892577 23 0.100078 25 0.007345
23 0.402700 0.000000 156.723781 1.000000 0.000000 0.000000 0.500000 0.300293 3 23 0.022636 24 0.945803 25 0.031560
24 0.000000 -0.401486 146.259683 0.000000 -1.000000 0.000000 0.500000 0.280273 3 24 0.892556 23 0.100098 25 0.007346
2efb_kyj06_body_mesh1
24 0.000000 -0.401486 146.259683 0.000000 -1.000000 0.000000 0.500000 0.280273 3 24 0.892556 23 0.100098 25 0.007346
23 0.402700 0.000000 156.723781 1.000000 0.000000 0.000000 0.500000 0.300293 3 23 0.022636 24 0.945803 25 0.031560
23 0.000000 -0.401531 156.723775 0.000000 -1.000000 0.000000 0.500000 0.300293 3 23 0.022687 24 0.945682 25 0.031631
2efb_kyj06_body_mesh1
23 0.402700 0.000000 156.723781 1.000000 0.000000 0.000000 0.500000 0.300293 3 23 0.022636 24 0.945803 25 0.031560
23 0.402703 0.000000 167.187888 1.000000 0.000000 0.000000 0.500000 0.320312 3 23 0.004262 24 0.859939 25 0.135799
23 0.000000 -0.401531 156.723775 0.000000 -1.000000 0.000000 0.500000 0.300293 3 23 0.022687 24 0.945682 25 0.031631
2efb_kyj06_body_mesh1
23 0.000000 -0.401531 156.723775 0.000000 -1.000000 0.000000 0.500000 0.300293 3 23 0.022687 24 0.945682 25 0.031631
23 0.402703 0.000000 167.187888 1.000000 0.000000 0.000000 0.500000 0.320312 3 23 0.004262 24 0.859939 25 0.135799
23 0.000000 -0.401394 167.187888 0.000000 -1.000000 0.000000 0.500000 0.320312 3 23 0.004261 24 0.859922 25 0.135817
2efb_kyj06_body_mesh1
23 0.402703 0.000000 167.187888 1.000000 0.000000 0.000000 0.500000 0.320312 3 23 0.004262 24 0.859939 25 0.135799
24 0.402706 0.000000 177.651993 1.000000 0.000000 0.000000 0.500000 0.340332 2 24 0.623120 25 0.376880
23 0.000000 -0.401394 167.187888 0.000000 -1.000000 0.000000 0.500000 0.320312 3 23 0.004261 24 0.859922 25 0.135817
2efb_kyj06_body_mesh1
23 0.000000 -0.401394 167.187888 0.000000 -1.000000 0.000000 0.500000 0.320312 3 23 0.004261 24 0.859922 25 0.135817
24 0.402706 0.000000 177.651993 1.000000 0.000000 0.000000 0.500000 0.340332 2 24 0.623120 25 0.376880
24 0.000000 -0.401440 177.651993 0.000000 -1.000000 0.000000 0.500000 0.340332 2 24 0.623113 25 0.376887
2efb_kyj06_body_mesh1
24 0.402706 0.000000 177.651993 1.000000 0.000000 0.000000 0.500000 0.340332 2 24 0.623120 25 0.376880
24 0.402709 0.000000 188.116106 1.000000 0.000000 0.000000 0.500000 0.360352 3 24 0.311959 25 0.687965 26 0.000075
24 0.000000 -0.401440 177.651993 0.000000 -1.000000 0.000000 0.500000 0.340332 2 24 0.623113 25 0.376887
2efb_kyj06_body_mesh1
24 0.000000 -0.401440 177.651993 0.000000 -1.000000 0.000000 0.500000 0.340332 2 24 0.623113 25 0.376887
24 0.402709 0.000000 188.116106 1.000000 0.000000 0.000000 0.500000 0.360352 3 24 0.311959 25 0.687965 26 0.000075
24 0.000000 -0.401486 188.116106 0.000000 -1.000000 0.000000 0.500000 0.360352 3 24 0.311969 25 0.687955 26 0.000075
2efb_kyj06_body_mesh1
24 0.402709 0.000000 188.116106 1.000000 0.000000 0.000000 0.500000 0.360352 3 24 0.311959 25 0.687965 26 0.000075
24 0.402712 0.000000 198.580189 1.000000 0.000000 0.000000 0.500000 0.380371 3 24 0.102355 25 0.890549 26 0.007096
24 0.000000 -0.401486 188.116106 0.000000 -1.000000 0.000000 0.500000 0.360352 3 24 0.311969 25 0.687955 26 0.000075
2efb_kyj06_body_mesh1
24 0.000000 -0.401486 188.116106 0.000000 -1.000000 0.000000 0.500000 0.360352 3 24 0.311969 25 0.687955 26 0.000075
24 0.402712 0.000000 198.580189 1.000000 0.000000 0.000000 0.500000 0.380371 3 24 0.102355 25 0.890549 26 0.007096
24 0.000000 -0.401531 198.580189 0.000000 -1.000000 0.000000 0.500000 0.380371 3 24 0.102375 25 0.890528 26 0.007097
2efb_kyj06_body_mesh1
24 0.402712 0.000000 198.580189 1.000000 0.000000 0.000000 0.500000 0.380371 3 24 0.102355 25 0.890549 26 0.007096
24 0.402715 0.000000 209.044258 1.000000 0.000000 0.000000 0.500000 0.400391 3 24 0.023052 25 0.946293 26 0.030654
24 0.000000 -0.401531 198.580189 0.000000 -1.000000 0.000000 0.500000 0.380371 3 24 0.102375 25 0.890528 26 0.007097
2efb_kyj06_body_mesh1
24 0.000000 -0.401531 198.580189 0.000000 -1.000000 0.000000 0.500000 0.380371 3 24 0.102375 25 0.890528 26 0.007097
24 0.402715 0.000000 209.044258 1.000000 0.000000 0.000000 0.500000 0.400391 3 24 0.023052 25 0.946293 26 0.030654
24 0.000000 -0.401531 209.044228 0.000000 -1.000000 0.000000 0.500000 0.400391 3 24 0.023113 25 0.946153 26 0.030735
2efb_kyj06_body_mesh1
24 0.402715 0.000000 209.044258 1.000000 0.000000 0.000000 0.500000 0.400391 3 24 0.023052 25 0.946293 26 0.030654
24 0.402719 0.000000 219.508356 1.000000 0.000000 0.000000 0.500000 0.420410 3 24 0.004451 25 0.862559 26 0.132990
24 0.000000 -0.401531 209.044228 0.000000 -1.000000 0.000000 0.500000 0.400391 3 24 0.023113 25 0.946153 26 0.030735
2efb_kyj06_body_mesh1
24 0.000000 -0.401531 209.044228 0.000000 -1.000000 0.000000 0.500000 0.400391 3 24 0.023113 25 0.946153 26 0.030735
24 0.402719 0.000000 219.508356 1.000000 0.000000 0.000000 0.500000 0.420410 3 24 0.004451 25 0.862559 26 0.132990
24 0.000000 -0.401531 219.508401 0.000000 -1.000000 0.000000 0.500000 0.420410 3 24 0.004451 25 0.862541 26 0.133008
2efb_kyj06_body_mesh1
24 0.402719 0.000000 219.508356 1.000000 0.000000 0.000000 0.500000 0.420410 3 24 0.004451 25 0.862559 26 0.132990
25 0.402722 0.000000 229.972514 1.000000 0.000000 0.000000 0.500000 0.440430 2 25 0.628259 26 0.371740
24 0.000000 -0.401531 219.508401 0.000000 -1.000000 0.000000 0.500000 0.420410 3 24 0.004451 25 0.862541 26 0.133008
2efb_kyj06_body_mesh1
24 0.000000 -0.401531 219.508401 0.000000 -1.000000 0.000000 0.500000 0.420410 3 24 0.004451 25 0.862541 26 0.133008
25 0.402722 0.000000 229.972514 1.000000 0.000000 0.000000 0.500000 0.440430 2 25 0.628259 26 0.371740
25 0.000000 -0.401440 229.972559 0.000000 -1.000000 0.000000 0.500000 0.440430 2 25 0.628252 26 0.371748
2efb_kyj06_body_mesh1
25 0.402722 0.000000 229.972514 1.000000 0.000000 0.000000 0.500000 0.440430 2 25 0.628259 26 0.371740
25 0.402725 0.000000 240.436597 1.000000 0.000000 0.000000 0.500000 0.460449 3 25 0.316740 26 0.683199 27 0.000061
25 0.000000 -0.401440 229.972559 0.000000 -1.000000 0.000000 0.500000 0.440430 2 25 0.628252 26 0.371748
2efb_kyj06_body_mesh1
25 0.000000 -0.401440 229.972559 0.000000 -1.000000 0.000000 0.500000 0.440430 2 25 0.628252 26 0.371748
25 0.402725 0.000000 240.436597 1.000000 0.000000 0.000000 0.500000 0.460449 3 25 0.316740 26 0.683199 27 0.000061
25 0.000000 -0.401486 240.436597 0.000000 -1.000000 0.000000 0.500000 0.460449 3 25 0.316750 26 0.683189 27 0.000061
2efb_kyj06_body_mesh1
25 0.402725 0.000000 240.436597 1.000000 0.000000 0.000000 0.500000 0.460449 3 25 0.316740 26 0.683199 27 0.000061
25 0.402728 0.000000 250.900741 1.000000 0.000000 0.000000 0.500000 0.480469 3 25 0.104672 26 0.888476 27 0.006852
25 0.000000 -0.401486 240.436597 0.000000 -1.000000 0.000000 0.500000 0.460449 3 25 0.316750 26 0.683189 27 0.000061
2efb_kyj06_body_mesh1
25 0.000000 -0.401486 240.436597 0.000000 -1.000000 0.000000 0.500000 0.460449 3 25 0.316750 26 0.683189 27 0.000061
25 0.402728 0.000000 250.900741 1.000000 0.000000 0.000000 0.500000 0.480469 3 25 0.104672 26 0.888476 27 0.006852
25 0.000000 -0.401486 250.900756 0.000000 -1.000000 0.000000 0.500000 0.480469 3 25 0.104691 26 0.888457 27 0.006852
2efb_kyj06_body_mesh1
25 0.402728 0.000000 250.900741 1.000000 0.000000 0.000000 0.500000 0.480469 3 25 0.104672 26 0.888476 27 0.006852
25 0.402731 0.000000 261.364824 1.000000 0.000000 0.000000 0.500000 0.500000 3 25 0.023471 26 0.946760 27 0.029769
25 0.000000 -0.401486 250.900756 0.000000 -1.000000 0.000000 0.500000 0.480469 3 25 0.104691 26 0.888457 27 0.006852
2efb_kyj06_body_mesh1
25 0.000000 -0.401486 250.900756 0.000000 -1.000000 0.000000 0.500000 0.480469 3 25 0.104691 26 0.888457 27 0.006852
25 0.402731 0.000000 261.364824 1.000000 0.000000 0.000000 0.500000 0.500000 3 25 0.023471 26 0.946760 27 0.029769
25 0.000000 -0.401531 261.364824 0.000000 -1.000000 0.000000 0.500000 0.500000 3 25 0.023544 26 0.946594 27 0.029862
2efb_kyj06_body_mesh1
25 0.402731 0.000000 261.364824 1.000000 0.000000 0.000000 0.500000 0.500000 3 25 0.023471 26 0.946760 27 0.029769
25 0.402734 0.000000 271.828937 1.000000 0.000000 0.000000 0.500000 0.520020 3 25 0.004645 26 0.865131 27 0.130224
25 0.000000 -0.401531 261.364824 0.000000 -1.000000 0.000000 0.500000 0.500000 3 25 0.023544 26 0.946594 27 0.029862
2efb_kyj06_body_mesh1
25 0.000000 -0.401531 261.364824 0.000000 -1.000000 0.000000 0.500000 0.500000 3 25 0.023544 26 0.946594 27 0.029862
25 0.402734 0.000000 271.828937 1.000000 0.000000 0.000000 0.500000 0.520020 3 25 0.004645 26 0.865131 27 0.130224
25 0.000000 -0.401394 271.828937 0.000000 -1.000000 0.000000 0.500000 0.520020 3 25 0.004645 26 0.865113 27 0.130242
2efb_kyj06_body_mesh1
25 0.402734 0.000000 271.828937 1.000000 0.000000 0.000000 0.500000 0.520020 3 25 0.004645 26 0.865131 27 0.130224
25 0.402737 0.000000 282.293036 1.000000 0.000000 0.000000 0.500000 0.540039 3 25 0.000001 26 0.633372 27 0.366626
25 0.000000 -0.401394 271.828937 0.000000 -1.000000 0.000000 0.500000 0.520020 3 25 0.004645 26 0.865113 27 0.130242
2efb_kyj06_body_mesh1
25 0.000000 -0.401394 271.828937 0.000000 -1.000000 0.000000 0.500000 0.520020 3 25 0.004645 26 0.865113 27 0.130242
25 0.402737 0.000000 282.293036 1.000000 0.000000 0.000000 0.500000 0.540039 3 25 0.000001 26 0.633372 27 0.366626
25 0.000000 -0.401440 282.293036 0.000000 -1.000000 0.000000 0.500000 0.540039 3 25 0.000001 26 0.633365 27 0.366634
2efb_kyj06_body_mesh1
25 0.402737 0.000000 282.293036 1.000000 0.000000 0.000000 0.500000 0.540039 3 25 0.000001 26 0.633372 27 0.366626
26 0.402741 0.000000 292.757119 1.000000 0.000000 0.000000 0.500000 0.560059 3 26 0.321554 27 0.678397 28 0.000049
25 0.000000 -0.401440 282.293036 0.000000 -1.000000 0.000000 0.500000 0.540039 3 25 0.000001 26 0.633365 27 0.366634
2efb_kyj06_body_mesh1
25 0.000000 -0.401440 282.293036 0.000000 -1.000000 0.000000 0.500000 0.540039 3 25 0.000001 26 0.633365 27 0.366634
26 0.402741 0.000000 292.757119 1.000000 0.000000 0.000000 0.500000 0.560059 3 26 0.321554 27 0.678397 28 0.000049
26 0.000000 -0.401440 292.757149 0.000000 -1.000000 0.000000 0.500000 0.560059 3 26 0.321562 27 0.678389 28 0.000049
2efb_kyj06_body_mesh1
26 0.402741 0.000000 292.757119 1.000000 0.000000 0.000000 0.500000 0.560059 3 26 0.321554 27 0.678397 28 0.000049
26 0.402744 0.000000 303.221217 1.000000 0.000000 0.000000 0.500000 0.580078 3 26 0.107027 27 0.886361 28 0.006612
26 0.000000 -0.401440 292.757149 0.000000 -1.000000 0.000000 0.500000 0.560059 3 26 0.321562 27 0.678389 28 0.000049
2efb_kyj06_body_mesh1
26 0.000000 -0.401440 292.757149 0.000000 -1.000000 0.000000 0.500000 0.560059 3 26 0.321562 27 0.678389 28 0.000049
26 0.402744 0.000000 303.221217 1.000000 0.000000 0.000000 0.500000 0.580078 3 26 0.107027 27 0.886361 28 0.006612
26 0.000000 -0.401486 303.221217 0.000000 -1.000000 0.000000 0.500000 0.580078 3 26 0.107047 27 0.886340 28 0.006612
2efb_kyj06_body_mesh1
26 0.402744 0.000000 303.221217 1.000000 0.000000 0.000000 0.500000 0.580078 3 26 0.107027 27 0.886361 28 0.006612
26 0.402747 0.000000 313.685331 1.000000 0.000000 0.000000 0.500000 0.600098 3 26 0.023892 27 0.947203 28 0.028905
26 0.000000 -0.401486 303.221217 0.000000 -1.000000 0.000000 0.500000 0.580078 3 26 0.107047 27 0.886340 28 0.006612
2efb_kyj06_body_mesh1
26 0.000000 -0.401486 303.221217 0.000000 -1.000000 0.000000 0.500000 0.580078 3 26 0.107047 27 0.886340 28 0.006612
26 0.402747 0.000000 313.685331 1.000000 0.000000 0.000000 0.500000 0.600098 3 26 0.023892 27 0.947203 28 0.028905
26 0.000000 -0.401440 313.685346 0.000000 -1.000000 0.000000 0.500000 0.600098 3 26 0.023984 27 0.947001 28 0.029016
2efb_kyj06_body_mesh1
26 0.402747 0.000000 313.685331 1.000000 0.000000 0.000000 0.500000 0.600098 3 26 0.023892 27 0.947203 28 0.028905
26 0.402750 0.000000 324.149414 1.000000 0.000000 0.000000 0.500000 0.620117 3 26 0.004843 27 0.867657 28 0.127499
26 0.000000 -0.401440 313.685346 0.000000 -1.000000 0.000000 0.500000 0.600098 3 26 0.023984 27 0.947001 28 0.029016
2efb_kyj06_body_mesh1
26 0.000000 -0.401440 313.685346 0.000000 -1.000000 0.000000 0.500000 0.600098 3 26 0.023984 27 0.947001 28 0.029016
26 0.402750 0.000000 324.149414 1.000000 0.000000 0.000000 0.500000 0.620117 3 26 0.004843 27 0.867657 28 0.127499
26 0.000000 -0.401486 324.149444 0.000000 -1.000000 0.000000 0.500000 0.620117 3 26 0.004843 27 0.867639 28 0.127518
2efb_kyj06_body_mesh1
26 0.402750 0.000000 324.149414 1.000000 0.000000 0.000000 0.500000 0.620117 3 26 0.004843 27 0.867657 28 0.127499
26 0.402753 0.000000 334.613557 1.000000 0.000000 0.000000 0.500000 0.640137 3 26 0.000003 27 0.638460 28 0.361537
26 0.000000 -0.401486 324.149444 0.000000 -1.000000 0.000000 0.500000 0.620117 3 26 0.004843 27 0.867639 28 0.127518
2efb_kyj06_body_mesh1
26 0.000000 -0.401486 324.149444 0.000000 -1.000000 0.000000 0.500000 0.620117 3 26 0.004843 27 0.867639 28 0.127518
26 0.402753 0.000000 334.613557 1.000000 0.000000 0.000000 0.500000 0.640137 3 26 0.000003 27 0.638460 28 0.361537
26 0.000000 -0.401577 334.613602 0.000000 -1.000000 0.000000 0.500000 0.640137 3 26 0.000003 27 0.638452 28 0.361546
2efb_kyj06_body_mesh1
26 0.402753 0.000000 334.613557 1.000000 0.000000 0.000000 0.500000 0.640137 3 26 0.000003 27 0.638460 28 0.361537
27 0.402756 0.000000 345.077716 1.000000 0.000000 0.000000 0.500000 0.660156 3 27 0.326398 28 0.673563 29 0.000039
26 0.000000 -0.401577 334.613602 0.000000 -1.000000 0.000000 0.500000 0.640137 3 26 0.000003 27 0.638452 28 0.361546
2efb_kyj06_body_mesh1
26 0.000000 -0.401577 334.613602 0.000000 -1.000000 0.000000 0.500000 0.640137 3 26 0.000003 27 0.638452 28 0.361546
27 0.402756 0.000000 345.077716 1.000000 0.000000 0.000000 0.500000 0.660156 3 27 0.326398 28 0.673563 29 0.000039
27 0.000000 -0.401531 345.077596 0.000000 -1.000000 0.000000 0.500000 0.660156 3 27 0.326409 28 0.673553 29 0.000039
2efb_kyj06_body_mesh1
27 0.402756 0.000000 345.077716 1.000000 0.000000 0.000000 0.500000 0.660156 3 27 0.326398 28 0.673563 29 0.000039
27 0.402760 0.000000 355.541754 1.000000 0.000000 0.000000 0.500000 0.680176 3 27 0.109422 28 0.884201 29 0.006377
27 0.000000 -0.401531 345.077596 0.000000 -1.000000 0.000000 0.500000 0.660156 3 27 0.326409 28 0.673553 29 0.000039
2efb_kyj06_body_mesh1
27 0.000000 -0.401531 345.077596 0.000000 -1.000000 0.000000 0.500000 0.660156 3 27 0.326409 28 0.673553 29 0.000039
27 0.402760 0.000000 355.541754 1.000000 0.000000 0.000000 0.500000 0.680176 3 27 0.109422 28 0.884201 29 0.006377
27 0.000000 -0.401394 355.541724 0.000000 -1.000000 0.000000 0.500000 0.680176 3 27 0.109442 28 0.884181 29 0.006377
2efb_kyj06_body_mesh1
27 0.402760 0.000000 355.541754 1.000000 0.000000 0.000000 0.500000 0.680176 3 27 0.109422 28 0.884201 29 0.006377
27 0.402763 0.000000 366.005912 1.000000 0.000000 0.000000 0.500000 0.700195 3 27 0.024316 28 0.947624 29 0.028060
27 0.000000 -0.401394 355.541724 0.000000 -1.000000 0.000000 0.500000 0.680176 3 27 0.109442 28 0.884181 29 0.006377
2efb_kyj06_body_mesh1
27 0.000000 -0.401394 355.541724 0.000000 -1.000000 0.000000 0.500000 0.680176 3 27 0.109442 28 0.884181 29 0.006377
27 0.402763 0.000000 366.005912 1.000000 0.000000 0.000000 0.500000 0.700195 3 27 0.024316 28 0.947624 29 0.028060
27 0.000000 -0.401531 366.005882 0.000000 -1.000000 0.000000 0.500000 0.700195 3 27 0.024435 28 0.947367 29 0.028198
2efb_kyj06_body_mesh1
27 0.402763 0.000000 366.005912 1.000000 0.000000 0.000000 0.500000 0.700195 3 27 0.024316 28 0.947624 29 0.028060
27 0.402766 0.000000 376.469995 1.000000 0.000000 0.000000 0.500000 0.720215 3 27 0.005046 28 0.870136 29 0.124818
27 0.000000 -0.401531 366.005882 0.000000 -1.000000 0.000000 0.500000 0.700195 3 27 0.024435 28 0.947367 29 0.028198
2efb_kyj06_body_mesh1
27 0.000000 -0.401531 366.005882 0.000000 -1.000000 0.000000 0.500000 0.700195 3 27 0.024435 28 0.947367 29 0.028198
27 0.402766 0.000000 376.469995 1.000000 0.000000 0.000000 0.500000 0.720215 3 27 0.005046 28 0.870136 29 0.124818
27 0.000000 -0.401577 376.469950 0.000000 -1.000000 0.000000 0.500000 0.720215 3 27 0.005046 28 0.870117 29 0.124836
2efb_kyj06_body_mesh1
27 0.402766 0.000000 376.469995 1.000000 0.000000 0.000000 0.500000 0.720215 3 27 0.005046 28 0.870136 29 0.124818
27 0.402769 0.000000 386.934049 1.000000 0.000000 0.000000 0.500000 0.740234 3 27 0.000005 28 0.643518 29 0.356478
27 0.000000 -0.401577 376.469950 0.000000 -1.000000 0.000000 0.500000 0.720215 3 27 0.005046 28 0.870117 29 0.124836
2efb_kyj06_body_mesh1
27 0.000000 -0.401577 376.469950 0.000000 -1.000000 0.000000 0.500000 0.720215 3 27 0.005046 28 0.870117 29 0.124836
27 0.402769 0.000000 386.934049 1.000000 0.000000 0.000000 0.500000 0.740234 3 27 0.000005 28 0.643518 29 0.356478
27 0.000000 -0.401531 386.934109 0.000000 -1.000000 0.000000 0.500000 0.740234 3 27 0.000005 28 0.643510 29 0.356485
2efb_kyj06_body_mesh1
27 0.402769 0.000000 386.934049 1.000000 0.000000 0.000000 0.500000 0.740234 3 27 0.000005 28 0.643518 29 0.356478
28 0.402772 0.000000 397.398177 1.000000 0.000000 0.000000 0.500000 0.760010 3 28 0.331278 29 0.668692 30 0.000030
27 0.000000 -0.401531 386.934109 0.000000 -1.000000 0.000000 0.500000 0.740234 3 27 0.000005 28 0.643510 29 0.356485
2efb_kyj06_body_mesh1
27 0.000000 -0.401531 386.934109 0.000000 -1.000000 0.000000 0.500000 0.740234 3 27 0.000005 28 0.643510 29 0.356485
28 0.402772 0.000000 397.398177 1.000000 0.000000 0.000000 0.500000 0.760010 3 28 0.331278 29 0.668692 30 0.000030
28 0.000000 -0.401531 397.398222 0.000000 -1.000000 0.000000 0.500000 0.760010 3 28 0.331287 29 0.668683 30 0.000030
2efb_kyj06_body_mesh1
28 0.402772 0.000000 397.398177 1.000000 0.000000 0.000000 0.500000 0.760010 3 28 0.331278 29 0.668692 30 0.000030
28 0.402775 0.000000 407.862245 1.000000 0.000000 0.000000 0.500000 0.780029 3 28 0.111858 29 0.881996 30 0.006146
28 0.000000 -0.401531 397.398222 0.000000 -1.000000 0.000000 0.500000 0.760010 3 28 0.331287 29 0.668683 30 0.000030
2efb_kyj06_body_mesh1
28 0.000000 -0.401531 397.398222 0.000000 -1.000000 0.000000 0.500000 0.760010 3 28 0.331287 29 0.668683 30 0.000030
28 0.402775 0.000000 407.862245 1.000000 0.000000 0.000000 0.500000 0.780029 3 28 0.111858 29 0.881996 30 0.006146
28 0.000000 -0.401531 407.862245 0.000000 -1.000000 0.000000 0.500000 0.780029 3 28 0.111876 29 0.881977 30 0.006146
2efb_kyj06_body_mesh1
28 0.402775 0.000000 407.862245 1.000000 0.000000 0.000000 0.500000 0.780029 3 28 0.111858 29 0.881996 30 0.006146
28 0.402778 0.000000 418.326404 1.000000 0.000000 0.000000 0.500000 0.800049 3 28 0.024742 29 0.948023 30 0.027235
28 0.000000 -0.401531 407.862245 0.000000 -1.000000 0.000000 0.500000 0.780029 3 28 0.111876 29 0.881977 30 0.006146
2efb_kyj06_body_mesh1
28 0.000000 -0.401531 407.862245 0.000000 -1.000000 0.000000 0.500000 0.780029 3 28 0.111876 29 0.881977 30 0.006146
28 0.402778 0.000000 418.326404 1.000000 0.000000 0.000000 0.500000 0.800049 3 28 0.024742 29 0.948023 30 0.027235
28 0.000000 -0.401394 418.326449 0.000000 -1.000000 0.000000 0.500000 0.800049 3 28 0.024907 29 0.947677 30 0.027417
2efb_kyj06_body_mesh1
28 0.402778 0.000000 418.326404 1.000000 0.000000 0.000000 0.500000 0.800049 3 28 0.024742 29 0.948023 30 0.027235
29 0.402781 0.000000 428.790472 1.000000 0.000000 0.000000 0.500000 0.820068 3 29 0.872569 30 0.122177 28 0.005254
28 0.000000 -0.401394 418.326449 0.000000 -1.000000 0.000000 0.500000 0.800049 3 28 0.024907 29 0.947677 30 0.027417
2efb_kyj06_body_mesh1
28 0.000000 -0.401394 418.326449 0.000000 -1.000000 0.000000 0.500000 0.800049 3 28 0.024907 29 0.947677 30 0.027417
29 0.402781 0.000000 428.790472 1.000000 0.000000 0.000000 0.500000 0.820068 3 29 0.872569 30 0.122177 28 0.005254
29 0.000000 -0.401440 428.790472 0.000000 -1.000000 0.000000 0.500000 0.820068 3 29 0.872550 30 0.122196 28 0.005254
2efb_kyj06_body_mesh1
29 0.402781 0.000000 428.790472 1.000000 0.000000 0.000000 0.500000 0.820068 3 29 0.872569 30 0.122177 28 0.005254
29 0.402785 0.000000 439.254540 1.000000 0.000000 0.000000 0.500000 0.840088 3 29 0.641514 30 0.347631 31 0.010855
29 0.000000 -0.401440 428.790472 0.000000 -1.000000 0.000000 0.500000 0.820068 3 29 0.872550 30 0.122196 28 0.005254
2efb_kyj06_body_mesh1
29 0.000000 -0.401440 428.790472 0.000000 -1.000000 0.000000 0.500000 0.820068 3 29 0.872550 30 0.122196 28 0.005254
29 0.402785 0.000000 439.254540 1.000000 0.000000 0.000000 0.500000 0.840088 3 29 0.641514 30 0.347631 31 0.010855
29 0.000000 -0.401531 439.254585 0.000000 -1.000000 0.000000 0.500000 0.840088 3 29 0.641505 30 0.347641 31 0.010854
2efb_kyj06_body_mesh1
29 0.402785 0.000000 439.254540 1.000000 0.000000 0.000000 0.500000 0.840088 3 29 0.641514 30 0.347631 31 0.010855
30 0.402788 0.000000 449.718744 1.000000 0.000000 0.000000 0.500000 0.860107 3 30 0.626642 29 0.317373 31 0.055984
29 0.000000 -0.401531 439.254585 0.000000 -1.000000 0.000000 0.500000 0.840088 3 29 0.641505 30 0.347641 31 0.010854
2efb_kyj06_body_mesh1
29 0.000000 -0.401531 439.254585 0.000000 -1.000000 0.000000 0.500000 0.840088 3 29 0.641505 30 0.347641 31 0.010854
30 0.402788 0.000000 449.718744 1.000000 0.000000 0.000000 0.500000 0.860107 3 30 0.626642 29 0.317373 31 0.055984
30 0.000000 -0.401486 449.718789 0.000000 -1.000000 0.000000 0.500000 0.860107 3 30 0.626634 29 0.317381 31 0.055985
2efb_kyj06_body_mesh1
30 0.402788 0.000000 449.718744 1.000000 0.000000 0.000000 0.500000 0.860107 3 30 0.626642 29 0.317373 31 0.055984
30 0.402791 0.000000 460.182857 1.000000 0.000000 0.000000 0.500000 0.880005 3 30 0.778610 31 0.120203 29 0.101187
30 0.000000 -0.401486 449.718789 0.000000 -1.000000 0.000000 0.500000 0.860107 3 30 0.626634 29 0.317381 31 0.055985
2efb_kyj06_body_mesh1
30 0.000000 -0.401486 449.718789 0.000000 -1.000000 0.000000 0.500000 0.860107 3 30 0.626634 29 0.317381 31 0.055985
30 0.402791 0.000000 460.182857 1.000000 0.000000 0.000000 0.500000 0.880005 3 30 0.778610 31 0.120203 29 0.101187
30 0.000000 -0.401486 460.182767 0.000000 -1.000000 0.000000 0.500000 0.880005 3 30 0.778577 31 0.120220 29 0.101203
2efb_kyj06_body_mesh1
30 0.402791 0.000000 460.182857 1.000000 0.000000 0.000000 0.500000 0.880005 3 30 0.778610 31 0.120203 29 0.101187
30 0.402794 0.000000 470.646880 1.000000 0.000000 0.000000 0.500000 0.900024 3 30 0.801205 31 0.176468 32 0.022327
30 0.000000 -0.401486 460.182767 0.000000 -1.000000 0.000000 0.500000 0.880005 3 30 0.778577 31 0.120220 29 0.101203
2efb_kyj06_body_mesh1
30 0.000000 -0.401486 460.182767 0.000000 -1.000000 0.000000 0.500000 0.880005 3 30 0.778577 31 0.120220 29 0.101203
30 0.402794 0.000000 470.646880 1.000000 0.000000 0.000000 0.500000 0.900024 3 30 0.801205 31 0.176468 32 0.022327
30 0.000000 -0.401440 470.646880 0.000000 -1.000000 0.000000 0.500000 0.900024 3 30 0.799579 31 0.177912 32 0.022510
2efb_kyj06_body_mesh1
30 0.402794 0.000000 470.646880 1.000000 0.000000 0.000000 0.500000 0.900024 3 30 0.801205 31 0.176468 32 0.022327
30 0.402797 0.000000 481.110994 1.000000 0.000000 0.000000 0.500000 0.920044 3 30 0.560765 31 0.362597 32 0.076637
30 0.000000 -0.401440 470.646880 0.000000 -1.000000 0.000000 0.500000 0.900024 3 30 0.799579 31 0.177912 32 0.022510
2efb_kyj06_body_mesh1
30 0.000000 -0.401440 470.646880 0.000000 -1.000000 0.000000 0.500000 0.900024 3 30 0.799579 31 0.177912 32 0.022510
30 0.402797 0.000000 481.110994 1.000000 0.000000 0.000000 0.500000 0.920044 3 30 0.560765 31 0.362597 32 0.076637
30 0.000000 -0.401440 481.110994 0.000000 -1.000000 0.000000 0.500000 0.920044 3 30 0.560732 31 0.362622 32 0.076646
2efb_kyj06_body_mesh1
30 0.402797 0.000000 481.110994 1.000000 0.000000 0.000000 0.500000 0.920044 3 30 0.560765 31 0.362597 32 0.076637
31 0.402800 0.000000 491.575152 1.000000 0.000000 0.000000 0.500000 0.940002 3 31 0.546866 30 0.296148 32 0.156986
30 0.000000 -0.401440 481.110994 0.000000 -1.000000 0.000000 0.500000 0.920044 3 30 0.560732 31 0.362622 32 0.076646
2efb_kyj06_body_mesh1
30 0.000000 -0.401440 481.110994 0.000000 -1.000000 0.000000 0.500000 0.920044 3 30 0.560732 31 0.362622 32 0.076646
31 0.402800 0.000000 491.575152 1.000000 0.000000 0.000000 0.500000 0.940002 3 31 0.546866 30 0.296148 32 0.156986
31 0.000000 -0.401531 491.575062 0.000000 -1.000000 0.000000 0.500000 0.940002 3 31 0.546814 30 0.296179 32 0.157007
2efb_kyj06_body_mesh1
31 0.402800 0.000000 491.575152 1.000000 0.000000 0.000000 0.500000 0.940002 3 31 0.546866 30 0.296148 32 0.156986
30 0.402803 0.000000 502.039220 1.000000 0.000000 0.000000 0.500000 0.960022 3 30 0.128771 31 0.622522 32 0.248706
31 0.000000 -0.401531 491.575062 0.000000 -1.000000 0.000000 0.500000 0.940002 3 31 0.546814 30 0.296179 32 0.157007
2efb_kyj06_body_mesh1
31 0.000000 -0.401531 491.575062 0.000000 -1.000000 0.000000 0.500000 0.940002 3 31 0.546814 30 0.296179 32 0.157007
30 0.402803 0.000000 502.039220 1.000000 0.000000 0.000000 0.500000 0.960022 3 30 0.128771 31 0.622522 32 0.248706
30 0.000000 -0.401531 502.039220 0.000000 -1.000000 0.000000 0.500000 0.960022 3 30 0.128923 31 0.622087 32 0.248990
2efb_kyj06_body_mesh1
30 0.402803 0.000000 502.039220 1.000000 0.000000 0.000000 0.500000 0.960022 3 30 0.128771 31 0.622522 32 0.248706
30 0.402807 0.000000 512.503378 1.000000 0.000000 0.000000 0.500000 0.980011 3 30 0.064600 31 0.450288 32 0.485112
30 0.000000 -0.401531 502.039220 0.000000 -1.000000 0.000000 0.500000 0.960022 3 30 0.128923 31 0.622087 32 0.248990
2efb_kyj06_body_mesh1
30 0.000000 -0.401531 502.039220 0.000000 -1.000000 0.000000 0.500000 0.960022 3 30 0.128923 31 0.622087 32 0.248990
30 0.402807 0.000000 512.503378 1.000000 0.000000 0.000000 0.500000 0.980011 3 30 0.064600 31 0.450288 32 0.485112
30 0.000000 -0.401531 512.503378 0.000000 -1.000000 0.000000 0.500000 0.980011 3 30 0.064610 31 0.450293 32 0.485098
2efb_kyj06_body_mesh1
30 0.402807 0.000000 512.503378 1.000000 0.000000 0.000000 0.500000 0.980011 3 30 0.064600 31 0.450288 32 0.485112
30 0.402810 0.000000 522.967447 0.000000 0.000000 1.000000 0.500000 1.000000 3 30 0.019698 31 0.250350 32 0.729952
30 0.000000 -0.401531 512.503378 0.000000 -1.000000 0.000000 0.500000 0.980011 3 30 0.064610 31 0.450293 32 0.485098
2efb_kyj06_body_mesh1
30 0.000000 -0.401531 512.503378 0.000000 -1.000000 0.000000 0.500000 0.980011 3 30 0.064610 31 0.450293 32 0.485098
30 0.402810 0.000000 522.967447 0.000000 0.000000 1.000000 0.500000 1.000000 3 30 0.019698 31 0.250350 32 0.729952
30 0.000000 -0.401440 522.967447 0.000000 0.000000 1.000000 0.500000 1.000000 3 30 0.019923 31 0.253218 32 0.726859
2efb_kyj06_body_mesh1
19 -0.402650 0.000000 10.226304 -1.000000 0.000000 0.000000 0.500000 0.020020 3 19 0.600523 20 0.337166 21 0.062311
20 -0.402647 0.000000 20.690412 -1.000000 0.000000 0.000000 0.500000 0.040039 3 20 0.511179 19 0.359391 21 0.129430
19 0.000000 0.403866 10.226307 0.000000 1.000000 0.000000 0.500000 0.020020 3 19 0.600583 20 0.337109 21 0.062308
2efb_kyj06_body_mesh1
20 -0.402647 0.000000 20.690412 -1.000000 0.000000 0.000000 0.500000 0.040039 3 20 0.511179 19 0.359391 21 0.129430
20 0.000000 0.403866 20.690412 0.000000 1.000000 0.000000 0.500000 0.040039 3 20 0.510951 19 0.359576 21 0.129474
19 0.000000 0.403866 10.226307 0.000000 1.000000 0.000000 0.500000 0.020020 3 19 0.600583 20 0.337109 21 0.062308
2efb_kyj06_body_mesh1
20 -0.402647 0.000000 20.690412 -1.000000 0.000000 0.000000 0.500000 0.040039 3 20 0.511179 19 0.359391 21 0.129430
20 -0.402643 0.000000 31.154511 -1.000000 0.000000 0.000000 0.500000 0.060059 3 20 0.494900 21 0.270590 19 0.234510
20 0.000000 0.403866 20.690412 0.000000 1.000000 0.000000 0.500000 0.040039 3 20 0.510951 19 0.359576 21 0.129474
2efb_kyj06_body_mesh1
20 -0.402643 0.000000 31.154511 -1.000000 0.000000 0.000000 0.500000 0.060059 3 20 0.494900 21 0.270590 19 0.234510
20 0.000000 0.403912 31.154520 0.000000 1.000000 0.000000 0.500000 0.060059 3 20 0.494800 21 0.270615 19 0.234584
20 0.000000 0.403866 20.690412 0.000000 1.000000 0.000000 0.500000 0.040039 3 20 0.510951 19 0.359576 21 0.129474
2efb_kyj06_body_mesh1
20 -0.402643 0.000000 31.154511 -1.000000 0.000000 0.000000 0.500000 0.060059 3 20 0.494900 21 0.270590 19 0.234510
21 -0.402640 0.000000 41.618622 -1.000000 0.000000 0.000000 0.500000 0.080078 3 21 0.518478 20 0.342822 19 0.138700
20 0.000000 0.403912 31.154520 0.000000 1.000000 0.000000 0.500000 0.060059 3 20 0.494800 21 0.270615 19 0.234584
2efb_kyj06_body_mesh1
21 -0.402640 0.000000 41.618622 -1.000000 0.000000 0.000000 0.500000 0.080078 3 21 0.518478 20 0.342822 19 0.138700
21 0.000000 0.403866 41.618622 0.000000 1.000000 0.000000 0.500000 0.080078 3 21 0.518417 20 0.342841 19 0.138742
20 0.000000 0.403912 31.154520 0.000000 1.000000 0.000000 0.500000 0.060059 3 20 0.494800 21 0.270615 19 0.234584
2efb_kyj06_body_mesh1
21 -0.402640 0.000000 41.618622 -1.000000 0.000000 0.000000 0.500000 0.080078 3 21 0.518478 20 0.342822 19 0.138700
21 -0.402637 0.000000 52.082723 -1.000000 0.000000 0.000000 0.500000 0.100098 3 21 0.629793 22 0.203265 20 0.166942
21 0.000000 0.403866 41.618622 0.000000 1.000000 0.000000 0.500000 0.080078 3 21 0.518417 20 0.342841 19 0.138742
2efb_kyj06_body_mesh1
21 -0.402637 0.000000 52.082723 -1.000000 0.000000 0.000000 0.500000 0.100098 3 21 0.629793 22 0.203265 20 0.166942
21 0.000000 0.403912 52.082723 0.000000 1.000000 0.000000 0.500000 0.100098 3 21 0.629359 22 0.203503 20 0.167138
21 0.000000 0.403866 41.618622 0.000000 1.000000 0.000000 0.500000 0.080078 3 21 0.518417 20 0.342841 19 0.138742
2efb_kyj06_body_mesh1
21 -0.402637 0.000000 52.082723 -1.000000 0.000000 0.000000 0.500000 0.100098 3 21 0.629793 22 0.203265 20 0.166942
21 -0.402634 0.000000 62.546826 -1.000000 0.000000 0.000000 0.500000 0.120117 3 21 0.476134 22 0.429561 20 0.094306
21 0.000000 0.403912 52.082723 0.000000 1.000000 0.000000 0.500000 0.100098 3 21 0.629359 22 0.203503 20 0.167138
2efb_kyj06_body_mesh1
21 -0.402634 0.000000 62.546826 -1.000000 0.000000 0.000000 0.500000 0.120117 3 21 0.476134 22 0.429561 20 0.094306
21 0.000000 0.403912 62.546830 0.000000 1.000000 0.000000 0.500000 0.120117 3 21 0.476119 22 0.429564 20 0.094317
21 0.000000 0.403912 52.082723 0.000000 1.000000 0.000000 0.500000 0.100098 3 21 0.629359 22 0.203503 20 0.167138
2efb_kyj06_body_mesh1
21 -0.402634 0.000000 62.546826 -1.000000 0.000000 0.000000 0.500000 0.120117 3 21 0.476134 22 0.429561 20 0.094306
22 -0.402631 0.000000 73.010944 -1.000000 0.000000 0.000000 0.500000 0.140137 3 22 0.605677 21 0.241629 23 0.152695
21 0.000000 0.403912 62.546830 0.000000 1.000000 0.000000 0.500000 0.120117 3 21 0.476119 22 0.429564 20 0.094317
2efb_kyj06_body_mesh1
22 -0.402631 0.000000 73.010944 -1.000000 0.000000 0.000000 0.500000 0.140137 3 22 0.605677 21 0.241629 23 0.152695
22 0.000000 0.403820 73.010938 0.000000 1.000000 0.000000 0.500000 0.140137 3 22 0.605504 21 0.241732 23 0.152764
21 0.000000 0.403912 62.546830 0.000000 1.000000 0.000000 0.500000 0.120117 3 21 0.476119 22 0.429564 20 0.094317
2efb_kyj06_body_mesh1
22 -0.402631 0.000000 73.010944 -1.000000 0.000000 0.000000 0.500000 0.140137 3 22 0.605677 21 0.241629 23 0.152695
22 -0.402628 0.000000 83.475040 -1.000000 0.000000 0.000000 0.500000 0.160156 3 22 0.564828 23 0.303515 21 0.131656
22 0.000000 0.403820 73.010938 0.000000 1.000000 0.000000 0.500000 0.140137 3 22 0.605504 21 0.241732 23 0.152764
2efb_kyj06_body_mesh1
22 -0.402628 0.000000 83.475040 -1.000000 0.000000 0.000000 0.500000 0.160156 3 22 0.564828 23 0.303515 21 0.131656
22 0.000000 0.403866 83.475051 0.000000 1.000000 0.000000 0.500000 0.160156 3 22 0.564750 23 0.303566 21 0.131685
22 0.000000 0.403820 73.010938 0.000000 1.000000 0.000000 0.500000 0.140137 3 22 0.605504 21 0.241732 23 0.152764
2efb_kyj06_body_mesh1
22 -0.402628 0.000000 83.475040 -1.000000 0.000000 0.000000 0.500000 0.160156 3 22 0.564828 23 0.303515 21 0.131656
23 -0.402625 0.000000 93.939170 -1.000000 0.000000 0.000000 0.500000 0.180176 3 23 0.561143 22 0.377485 21 0.061373
22 0.000000 0.403866 83.475051 0.000000 1.000000 0.000000 0.500000 0.160156 3 22 0.564750 23 0.303566 21 0.131685
2efb_kyj06_body_mesh1
23 -0.402625 0.000000 93.939170 -1.000000 0.000000 0.000000 0.500000 0.180176 3 23 0.561143 22 0.377485 21 0.061373
23 0.000000 0.403820 93.939142 0.000000 1.000000 0.000000 0.500000 0.180176 3 23 0.561100 22 0.377518 21 0.061382
22 0.000000 0.403866 83.475051 0.000000 1.000000 0.000000 0.500000 0.160156 3 22 0.564750 23 0.303566 21 0.131685
2efb_kyj06_body_mesh1
23 -0.402625 0.000000 93.939170 -1.000000 0.000000 0.000000 0.500000 0.180176 3 23 0.561143 22 0.377485 21 0.061373
23 -0.402621 0.000000 104.403244 -1.000000 0.000000 0.000000 0.500000 0.200195 3 23 0.768931 22 0.204643 24 0.026426
23 0.000000 0.403820 93.939142 0.000000 1.000000 0.000000 0.500000 0.180176 3 23 0.561100 22 0.377518 21 0.061382
2efb_kyj06_body_mesh1
23 -0.402621 0.000000 104.403244 -1.000000 0.000000 0.000000 0.500000 0.200195 3 23 0.768931 22 0.204643 24 0.026426
23 0.000000 0.403866 104.403244 0.000000 1.000000 0.000000 0.500000 0.200195 3 23 0.768556 22 0.204975 24 0.026469
23 0.000000 0.403820 93.939142 0.000000 1.000000 0.000000 0.500000 0.180176 3 23 0.561100 22 0.377518 21 0.061382
2efb_kyj06_body_mesh1
23 -0.402621 0.000000 104.403244 -1.000000 0.000000 0.000000 0.500000 0.200195 3 23 0.768931 22 0.204643 24 0.026426
23 -0.402618 0.000000 114.867358 -1.000000 0.000000 0.000000 0.500000 0.220215 3 23 0.734757 22 0.146408 24 0.118835
23 0.000000 0.403866 104.403244 0.000000 1.000000 0.000000 0.500000 0.200195 3 23 0.768556 22 0.204975 24 0.026469
2efb_kyj06_body_mesh1
23 -0.402618 0.000000 114.867358 -1.000000 0.000000 0.000000 0.500000 0.220215 3 23 0.734757 22 0.146408 24 0.118835
23 0.000000 0.403912 114.867358 0.000000 1.000000 0.000000 0.500000 0.220215 3 23 0.734727 22 0.146424 24 0.118848
23 0.000000 0.403866 104.403244 0.000000 1.000000 0.000000 0.500000 0.200195 3 23 0.768556 22 0.204975 24 0.026469
2efb_kyj06_body_mesh1
23 -0.402618 0.000000 114.867358 -1.000000 0.000000 0.000000 0.500000 0.220215 3 23 0.734757 22 0.146408 24 0.118835
22 -0.402615 0.000000 125.331447 -1.000000 0.000000 0.000000 0.500000 0.240234 3 22 0.072271 23 0.573296 24 0.354433
23 0.000000 0.403912 114.867358 0.000000 1.000000 0.000000 0.500000 0.220215 3 23 0.734727 22 0.146424 24 0.118848
2efb_kyj06_body_mesh1
22 -0.402615 0.000000 125.331447 -1.000000 0.000000 0.000000 0.500000 0.240234 3 22 0.072271 23 0.573296 24 0.354433
22 0.000000 0.403912 125.331471 0.000000 1.000000 0.000000 0.500000 0.240234 3 22 0.072272 23 0.573289 24 0.354439
23 0.000000 0.403912 114.867358 0.000000 1.000000 0.000000 0.500000 0.220215 3 23 0.734727 22 0.146424 24 0.118848
2efb_kyj06_body_mesh1
22 -0.402615 0.000000 125.331447 -1.000000 0.000000 0.000000 0.500000 0.240234 3 22 0.072271 23 0.573296 24 0.354433
24 -0.402612 0.000000 135.795569 -1.000000 0.000000 0.000000 0.500000 0.260254 3 24 0.681472 23 0.302239 22 0.016289
22 0.000000 0.403912 125.331471 0.000000 1.000000 0.000000 0.500000 0.240234 3 22 0.072272 23 0.573289 24 0.354439
2efb_kyj06_body_mesh1
24 -0.402612 0.000000 135.795569 -1.000000 0.000000 0.000000 0.500000 0.260254 3 24 0.681472 23 0.302239 22 0.016289
24 0.000000 0.403912 135.795548 0.000000 1.000000 0.000000 0.500000 0.260254 3 24 0.681462 23 0.302250 22 0.016288
22 0.000000 0.403912 125.331471 0.000000 1.000000 0.000000 0.500000 0.240234 3 22 0.072272 23 0.573289 24 0.354439
2efb_kyj06_body_mesh1
24 -0.402612 0.000000 135.795569 -1.000000 0.000000 0.000000 0.500000 0.260254 3 24 0.681472 23 0.302239 22 0.016289
24 -0.402609 0.000000 146.259683 -1.000000 0.000000 0.000000 0.500000 0.280273 3 24 0.892577 23 0.100078 25 0.007345
24 0.000000 0.403912 135.795548 0.000000 1.000000 0.000000 0.500000 0.260254 3 24 0.681462 23 0.302250 22 0.016288
2efb_kyj06_body_mesh1
24 -0.402609 0.000000 146.259683 -1.000000 0.000000 0.000000 0.500000 0.280273 3 24 0.892577 23 0.100078 25 0.007345
24 0.000000 0.403866 146.259662 0.000000 1.000000 0.000000 0.500000 0.280273 3 24 0.892556 23 0.100098 25 0.007346
24 0.000000 0.403912 135.795548 0.000000 1.000000 0.000000 0.500000 0.260254 3 24 0.681462 23 0.302250 22 0.016288
2efb_kyj06_body_mesh1
24 -0.402609 0.000000 146.259683 -1.000000 0.000000 0.000000 0.500000 0.280273 3 24 0.892577 23 0.100078 25 0.007345
23 -0.402606 0.000000 156.723781 -1.000000 0.000000 0.000000 0.500000 0.300293 3 23 0.022636 24 0.945803 25 0.031560
24 0.000000 0.403866 146.259662 0.000000 1.000000 0.000000 0.500000 0.280273 3 24 0.892556 23 0.100098 25 0.007346
2efb_kyj06_body_mesh1
23 -0.402606 0.000000 156.723781 -1.000000 0.000000 0.000000 0.500000 0.300293 3 23 0.022636 24 0.945803 25 0.031560
23 0.000000 0.403957 156.723781 0.000000 1.000000 0.000000 0.500000 0.300293 3 23 0.022688 24 0.945680 25 0.031632
24 0.000000 0.403866 146.259662 0.000000 1.000000 0.000000 0.500000 0.280273 3 24 0.892556 23 0.100098 25 0.007346
2efb_kyj06_body_mesh1
23 -0.402606 0.000000 156.723781 -1.000000 0.000000 0.000000 0.500000 0.300293 3 23 0.022636 24 0.945803 25 0.031560
23 -0.402603 0.000000 167.187888 -1.000000 0.000000 0.000000 0.500000 0.320312 3 23 0.004262 24 0.859939 25 0.135799
23 0.000000 0.403957 156.723781 0.000000 1.000000 0.000000 0.500000 0.300293 3 23 0.022688 24 0.945680 25 0.031632
2efb_kyj06_body_mesh1
23 -0.402603 0.000000 167.187888 -1.000000 0.000000 0.000000 0.500000 0.320312 3 23 0.004262 24 0.859939 25 0.135799
23 0.000000 0.403912 167.187888 0.000000 1.000000 0.000000 0.500000 0.320312 3 23 0.004261 24 0.859921 25 0.135817
23 0.000000 0.403957 156.723781 0.000000 1.000000 0.000000 0.500000 0.300293 3 23 0.022688 24 0.945680 25 0.031632
2efb_kyj06_body_mesh1
23 -0.402603 0.000000 167.187888 -1.000000 0.000000 0.000000 0.500000 0.320312 3 23 0.004262 24 0.859939 25 0.135799
24 -0.402599 0.000000 177.651993 -1.000000 0.000000 0.000000 0.500000 0.340332 2 24 0.623120 25 0.376880
23 0.000000 0.403912 167.187888 0.000000 1.000000 0.000000 0.500000 0.320312 3 23 0.004261 24 0.859921 25 0.135817
2efb_kyj06_body_mesh1
24 -0.402599 0.000000 177.651993 -1.000000 0.000000 0.000000 0.500000 0.340332 2 24 0.623120 25 0.376880
24 0.000000 0.403912 177.651993 0.000000 1.000000 0.000000 0.500000 0.340332 2 24 0.623113 25 0.376887
23 0.000000 0.403912 167.187888 0.000000 1.000000 0.000000 0.500000 0.320312 3 23 0.004261 24 0.859921 25 0.135817
2efb_kyj06_body_mesh1
24 -0.402599 0.000000 177.651993 -1.000000 0.000000 0.000000 0.500000 0.340332 2 24 0.623120 25 0.376880
24 -0.402596 0.000000 188.116106 -1.000000 0.000000 0.000000 0.500000 0.360352 3 24 0.311959 25 0.687965 26 0.000075
24 0.000000 0.403912 177.651993 0.000000 1.000000 0.000000 0.500000 0.340332 2 24 0.623113 25 0.376887
2efb_kyj06_body_mesh1
24 -0.402596 0.000000 188.116106 -1.000000 0.000000 0.000000 0.500000 0.360352 3 24 0.311959 25 0.687965 26 0.000075
24 0.000000 0.403912 188.116136 0.000000 1.000000 0.000000 0.500000 0.360352 3 24 0.311969 25 0.687956 26 0.000075
24 0.000000 0.403912 177.651993 0.000000 1.000000 0.000000 0.500000 0.340332 2 24 0.623113 25 0.376887
2efb_kyj06_body_mesh1
24 -0.402596 0.000000 188.116106 -1.000000 0.000000 0.000000 0.500000 0.360352 3 24 0.311959 25 0.687965 26 0.000075
24 -0.402593 0.000000 198.580189 -1.000000 0.000000 0.000000 0.500000 0.380371 3 24 0.102355 25 0.890549 26 0.007096
24 0.000000 0.403912 188.116136 0.000000 1.000000 0.000000 0.500000 0.360352 3 24 0.311969 25 0.687956 26 0.000075
2efb_kyj06_body_mesh1
24 -0.402593 0.000000 198.580189 -1.000000 0.000000 0.000000 0.500000 0.380371 3 24 0.102355 25 0.890549 26 0.007096
24 0.000000 0.403866 198.580219 0.000000 1.000000 0.000000 0.500000 0.380371 3 24 0.102376 25 0.890528 26 0.007097
24 0.000000 0.403912 188.116136 0.000000 1.000000 0.000000 0.500000 0.360352 3 24 0.311969 25 0.687956 26 0.000075
2efb_kyj06_body_mesh1
24 -0.402593 0.000000 198.580189 -1.000000 0.000000 0.000000 0.500000 0.380371 3 24 0.102355 25 0.890549 26 0.007096
24 -0.402590 0.000000 209.044258 -1.000000 0.000000 0.000000 0.500000 0.400391 3 24 0.023052 25 0.946293 26 0.030654
24 0.000000 0.403866 198.580219 0.000000 1.000000 0.000000 0.500000 0.380371 3 24 0.102376 25 0.890528 26 0.007097
2efb_kyj06_body_mesh1
24 -0.402590 0.000000 209.044258 -1.000000 0.000000 0.000000 0.500000 0.400391 3 24 0.023052 25 0.946293 26 0.030654
24 0.000000 0.403866 209.044288 0.000000 1.000000 0.000000 0.500000 0.400391 3 24 0.023113 25 0.946151 26 0.030736
24 0.000000 0.403866 198.580219 0.000000 1.000000 0.000000 0.500000 0.380371 3 24 0.102376 25 0.890528 26 0.007097
2efb_kyj06_body_mesh1
24 -0.402590 0.000000 209.044258 -1.000000 0.000000 0.000000 0.500000 0.400391 3 24 0.023052 25 0.946293 26 0.030654
24 -0.402587 0.000000 219.508356 -1.000000 0.000000 0.000000 0.500000 0.420410 3 24 0.004451 25 0.862559 26 0.132990
24 0.000000 0.403866 209.044288 0.000000 1.000000 0.000000 0.500000 0.400391 3 24 0.023113 25 0.946151 26 0.030736
2efb_kyj06_body_mesh1
24 -0.402587 0.000000 219.508356 -1.000000 0.000000 0.000000 0.500000 0.420410 3 24 0.004451 25 0.862559 26 0.132990
24 0.000000 0.403957 219.508401 0.000000 1.000000 0.000000 0.500000 0.420410 3 24 0.004451 25 0.862540 26 0.133009
24 0.000000 0.403866 209.044288 0.000000 1.000000 0.000000 0.500000 0.400391 3 24 0.023113 25 0.946151 26 0.030736
2efb_kyj06_body_mesh1
24 -0.402587 0.000000 219.508356 -1.000000 0.000000 0.000000 0.500000 0.420410 3 24 0.004451 25 0.862559 26 0.132990
25 -0.402584 0.000000 229.972514 -1.000000 0.000000 0.000000 0.500000 0.440430 2 25 0.628259 26 0.371740
24 0.000000 0.403957 219.508401 0.000000 1.000000 0.000000 0.500000 0.420410 3 24 0.004451 25 0.862540 26 0.133009
2efb_kyj06_body_mesh1
25 -0.402584 0.000000 229.972514 -1.000000 0.000000 0.000000 0.500000 0.440430 2 25 0.628259 26 0.371740
25 0.000000 0.403912 229.972514 0.000000 1.000000 0.000000 0.500000 0.440430 2 25 0.628252 26 0.371747
24 0.000000 0.403957 219.508401 0.000000 1.000000 0.000000 0.500000 0.420410 3 24 0.004451 25 0.862540 26 0.133009
2efb_kyj06_body_mesh1
25 -0.402584 0.000000 229.972514 -1.000000 0.000000 0.000000 0.500000 0.440430 2 25 0.628259 26 0.371740
25 -0.402581 0.000000 240.436597 -1.000000 0.000000 0.000000 0.500000 0.460449 3 25 0.316740 26 0.683199 27 0.000061
25 0.000000 0.403912 229.972514 0.000000 1.000000 0.000000 0.500000 0.440430 2 25 0.628252 26 0.371747
2efb_kyj06_body_mesh1
25 -0.402581 0.000000 240.436597 -1.000000 0.000000 0.000000 0.500000 0.460449 3 25 0.316740 26 0.683199 27 0.000061
25 0.000000 0.403912 240.436627 0.000000 1.000000 0.000000 0.500000 0.460449 3 25 0.316749 26 0.683190 27 0.000061
25 0.000000 0.403912 229.972514 0.000000 1.000000 0.000000 0.500000 0.440430 2 25 0.628252 26 0.371747
2efb_kyj06_body_mesh1
25 -0.402581 0.000000 240.436597 -1.000000 0.000000 0.000000 0.500000 0.460449 3 25 0.316740 26 0.683199 27 0.000061
25 -0.402577 0.000000 250.900741 -1.000000 0.000000 0.000000 0.500000 0.480469 3 25 0.104672 26 0.888476 27 0.006852
25 0.000000 0.403912 240.436627 0.000000 1.000000 0.000000 0.500000 0.460449 3 25 0.316749 26 0.683190 27 0.000061
2efb_kyj06_body_mesh1
25 -0.402577 0.000000 250.900741 -1.000000 0.000000 0.000000 0.500000 0.480469 3 25 0.104672 26 0.888476 27 0.006852
25 0.000000 0.403866 250.900741 0.000000 1.000000 0.000000 0.500000 0.480469 3 25 0.104692 26 0.888456 27 0.006852
25 0.000000 0.403912 240.436627 0.000000 1.000000 0.000000 0.500000 0.460449 3 25 0.316749 26 0.683190 27 0.000061
2efb_kyj06_body_mesh1
25 -0.402577 0.000000 250.900741 -1.000000 0.000000 0.000000 0.500000 0.480469 3 25 0.104672 26 0.888476 27 0.006852
25 -0.402574 0.000000 261.364824 -1.000000 0.000000 0.000000 0.500000 0.500000 3 25 0.023471 26 0.946760 27 0.029769
25 0.000000 0.403866 250.900741 0.000000 1.000000 0.000000 0.500000 0.480469 3 25 0.104692 26 0.888456 27 0.006852
2efb_kyj06_body_mesh1
25 -0.402574 0.000000 261.364824 -1.000000 0.000000 0.000000 0.500000 0.500000 3 25 0.023471 26 0.946760 27 0.029769
25 0.000000 0.403774 261.364809 0.000000 1.000000 0.000000 0.500000 0.500000 3 25 0.023545 26 0.946592 27 0.029863
25 0.000000 0.403866 250.900741 0.000000 1.000000 0.000000 0.500000 0.480469 3 25 0.104692 26 0.888456 27 0.006852
2efb_kyj06_body_mesh1
25 -0.402574 0.000000 261.364824 -1.000000 0.000000 0.000000 0.500000 0.500000 3 25 0.023471 26 0.946760 27 0.029769
25 -0.402571 0.000000 271.828937 -1.000000 0.000000 0.000000 0.500000 0.520020 3 25 0.004645 26 0.865131 27 0.130224
25 0.000000 0.403774 261.364809 0.000000 1.000000 0.000000 0.500000 0.500000 3 25 0.023545 26 0.946592 27 0.029863
2efb_kyj06_body_mesh1
25 -0.402571 0.000000 271.828937 -1.000000 0.000000 0.000000 0.500000 0.520020 3 25 0.004645 26 0.865131 27 0.130224
25 0.000000 0.403866 271.828922 0.000000 1.000000 0.000000 0.500000 0.520020 3 25 0.004645 26 0.865112 27 0.130243
25 0.000000 0.403774 261.364809 0.000000 1.000000 0.000000 0.500000 0.500000 3 25 0.023545 26 0.946592 27 0.029863
2efb_kyj06_body_mesh1
25 -0.402571 0.000000 271.828937 -1.000000 0.000000 0.000000 0.500000 0.520020 3 25 0.004645 26 0.865131 27 0.130224
25 -0.402568 0.000000 282.293036 -1.000000 0.000000 0.000000 0.500000 0.540039 3 25 0.000001 26 0.633372 27 0.366626
25 0.000000 0.403866 271.828922 0.000000 1.000000 0.000000 0.500000 0.520020 3 25 0.004645 26 0.865112 27 0.130243
2efb_kyj06_body_mesh1
25 -0.402568 0.000000 282.293036 -1.000000 0.000000 0.000000 0.500000 0.540039 3 25 0.000001 26 0.633372 27 0.366626
25 0.000000 0.403912 282.293036 0.000000 1.000000 0.000000 0.500000 0.540039 3 25 0.000001 26 0.633365 27 0.366633
25 0.000000 0.403866 271.828922 0.000000 1.000000 0.000000 0.500000 0.520020 3 25 0.004645 26 0.865112 27 0.130243
2efb_kyj06_body_mesh1
25 -0.402568 0.000000 282.293036 -1.000000 0.000000 0.000000 0.500000 0.540039 3 25 0.000001 26 0.633372 27 0.366626
26 -0.402565 0.000000 292.757119 -1.000000 0.000000 0.000000 0.500000 0.560059 3 26 0.321554 27 0.678397 28 0.000049
25 0.000000 0.403912 282.293036 0.000000 1.000000 0.000000 0.500000 0.540039 3 25 0.000001 26 0.633365 27 0.366633
2efb_kyj06_body_mesh1
26 -0.402565 0.000000 292.757119 -1.000000 0.000000 0.000000 0.500000 0.560059 3 26 0.321554 27 0.678397 28 0.000049
26 0.000000 0.403820 292.757119 0.000000 1.000000 0.000000 0.500000 0.560059 3 26 0.321562 27 0.678388 28 0.000049
25 0.000000 0.403912 282.293036 0.000000 1.000000 0.000000 0.500000 0.540039 3 25 0.000001 26 0.633365 27 0.366633
2efb_kyj06_body_mesh1
26 -0.402565 0.000000 292.757119 -1.000000 0.000000 0.000000 0.500000 0.560059 3 26 0.321554 27 0.678397 28 0.000049
26 -0.402562 0.000000 303.221217 -1.000000 0.000000 0.000000 0.500000 0.580078 3 26 0.107027 27 0.886361 28 0.006612
26 0.000000 0.403820 292.757119 0.000000 1.000000 0.000000 0.500000 0.560059 3 26 0.321562 27 0.678388 28 0.000049
2efb_kyj06_body_mesh1
26 -0.402562 0.000000 303.221217 -1.000000 0.000000 0.000000 0.500000 0.580078 3 26 0.107027 27 0.886361 28 0.006612
26 0.000000 0.403912 303.221262 0.000000 1.000000 0.000000 0.500000 0.580078 3 26 0.107047 27 0.886340 28 0.006613
26 0.000000 0.403820 292.757119 0.000000 1.000000 0.000000 0.500000 0.560059 3 26 0.321562 27 0.678388 28 0.000049
2efb_kyj06_body_mesh1
26 -0.402562 0.000000 303.221217 -1.000000 0.000000 0.000000 0.500000 0.580078 3 26 0.107027 27 0.886361 28 0.006612
26 -0.402559 0.000000 313.685331 -1.000000 0.000000 0.000000 0.500000 0.600098 3 26 0.023892 27 0.947203 28 0.028905
26 0.000000 0.403912 303.221262 0.000000 1.000000 0.000000 0.500000 0.580078 3 26 0.107047 27 0.886340 28 0.006613
2efb_kyj06_body_mesh1
26 -0.402559 0.000000 313.685331 -1.000000 0.000000 0.000000 0.500000 0.600098 3 26 0.023892 27 0.947203 28 0.028905
26 0.000000 0.403820 313.685331 0.000000 1.000000 0.000000 0.500000 0.600098 3 26 0.023985 27 0.946998 28 0.029017
26 0.000000 0.403912 303.221262 0.000000 1.000000 0.000000 0.500000 0.580078 3 26 0.107047 27 0.886340 28 0.006613
2efb_kyj06_body_mesh1
26 -0.402559 0.000000 313.685331 -1.000000 0.000000 0.000000 0.500000 0.600098 3 26 0.023892 27 0.947203 28 0.028905
26 -0.402555 0.000000 324.149414 -1.000000 0.000000 0.000000 0.500000 0.620117 3 26 0.004843 27 0.867657 28 0.127499
26 0.000000 0.403820 313.685331 0.000000 1.000000 0.000000 0.500000 0.600098 3 26 0.023985 27 0.946998 28 0.029017
2efb_kyj06_body_mesh1
26 -0.402555 0.000000 324.149414 -1.000000 0.000000 0.000000 0.500000 0.620117 3 26 0.004843 27 0.867657 28 0.127499
26 0.000000 0.403774 324.149369 0.000000 1.000000 0.000000 0.500000 0.620117 3 26 0.004843 27 0.867639 28 0.127517
26 0.000000 0.403820 313.685331 0.000000 1.000000 0.000000 0.500000 0.600098 3 26 0.023985 27 0.946998 28 0.029017
2efb_kyj06_body_mesh1
26 -0.402555 0.000000 324.149414 -1.000000 0.000000 0.000000 0.500000 0.620117 3 26 0.004843 27 0.867657 28 0.127499
26 -0.402552 0.000000 334.613557 -1.000000 0.000000 0.000000 0.500000 0.640137 3 26 0.000003 27 0.638460 28 0.361537
26 0.000000 0.403774 324.149369 0.000000 1.000000 0.000000 0.500000 0.620117 3 26 0.004843 27 0.867639 28 0.127517
2efb_kyj06_body_mesh1
26 -0.402552 0.000000 334.613557 -1.000000 0.000000 0.000000 0.500000 0.640137 3 26 0.000003 27 0.638460 28 0.361537
26 0.000000 0.403820 334.613557 0.000000 1.000000 0.000000 0.500000 0.640137 3 26 0.000003 27 0.638453 28 0.361545
26 0.000000 0.403774 324.149369 0.000000 1.000000 0.000000 0.500000 0.620117 3 26 0.004843 27 0.867639 28 0.127517
2efb_kyj06_body_mesh1
26 -0.402552 0.000000 334.613557 -1.000000 0.000000 0.000000 0.500000 0.640137 3 26 0.000003 27 0.638460 28 0.361537
27 -0.402549 0.000000 345.077716 -1.000000 0.000000 0.000000 0.500000 0.660156 3 27 0.326398 28 0.673563 29 0.000039
26 0.000000 0.403820 334.613557 0.000000 1.000000 0.000000 0.500000 0.640137 3 26 0.000003 27 0.638453 28 0.361545
2efb_kyj06_body_mesh1
27 -0.402549 0.000000 345.077716 -1.000000 0.000000 0.000000 0.500000 0.660156 3 27 0.326398 28 0.673563 29 0.000039
27 0.000000 0.403866 345.077686 0.000000 1.000000 0.000000 0.500000 0.660156 3 27 0.326408 28 0.673554 29 0.000039
26 0.000000 0.403820 334.613557 0.000000 1.000000 0.000000 0.500000 0.640137 3 26 0.000003 27 0.638453 28 0.361545
2efb_kyj06_body_mesh1
27 -0.402549 0.000000 345.077716 -1.000000 0.000000 0.000000 0.500000 0.660156 3 27 0.326398 28 0.673563 29 0.000039
27 -0.402546 0.000000 355.541754 -1.000000 0.000000 0.000000 0.500000 0.680176 3 27 0.109422 28 0.884201 29 0.006377
27 0.000000 0.403866 345.077686 0.000000 1.000000 0.000000 0.500000 0.660156 3 27 0.326408 28 0.673554 29 0.000039
2efb_kyj06_body_mesh1
27 -0.402546 0.000000 355.541754 -1.000000 0.000000 0.000000 0.500000 0.680176 3 27 0.109422 28 0.884201 29 0.006377
27 0.000000 0.403912 355.541784 0.000000 1.000000 0.000000 0.500000 0.680176 3 27 0.109441 28 0.884181 29 0.006377
27 0.000000 0.403866 345.077686 0.000000 1.000000 0.000000 0.500000 0.660156 3 27 0.326408 28 0.673554 29 0.000039
2efb_kyj06_body_mesh1
27 -0.402546 0.000000 355.541754 -1.000000 0.000000 0.000000 0.500000 0.680176 3 27 0.109422 28 0.884201 29 0.006377
27 -0.402543 0.000000 366.005912 -1.000000 0.000000 0.000000 0.500000 0.700195 3 27 0.024316 28 0.947624 29 0.028060
27 0.000000 0.403912 355.541784 0.000000 1.000000 0.000000 0.500000 0.680176 3 27 0.109441 28 0.884181 29 0.006377
2efb_kyj06_body_mesh1
27 -0.402543 0.000000 366.005912 -1.000000 0.000000 0.000000 0.500000 0.700195 3 27 0.024316 28 0.947624 29 0.028060
27 0.000000 0.403866 366.005882 0.000000 1.000000 0.000000 0.500000 0.700195 3 27 0.024437 28 0.947363 29 0.028200
27 0.000000 0.403912 355.541784 0.000000 1.000000 0.000000 0.500000 0.680176 3 27 0.109441 28 0.884181 29 0.006377
2efb_kyj06_body_mesh1
27 -0.402543 0.000000 366.005912 -1.000000 0.000000 0.000000 0.500000 0.700195 3 27 0.024316 28 0.947624 29 0.028060
27 -0.402540 0.000000 376.469995 -1.000000 0.000000 0.000000 0.500000 0.720215 3 27 0.005046 28 0.870136 29 0.124818
27 0.000000 0.403866 366.005882 0.000000 1.000000 0.000000 0.500000 0.700195 3 27 0.024437 28 0.947363 29 0.028200
2efb_kyj06_body_mesh1
27 -0.402540 0.000000 376.469995 -1.000000 0.000000 0.000000 0.500000 0.720215 3 27 0.005046 28 0.870136 29 0.124818
27 0.000000 0.403866 376.470025 0.000000 1.000000 0.000000 0.500000 0.720215 3 27 0.005046 28 0.870117 29 0.124837
27 0.000000 0.403866 366.005882 0.000000 1.000000 0.000000 0.500000 0.700195 3 27 0.024437 28 0.947363 29 0.028200
2efb_kyj06_body_mesh1
27 -0.402540 0.000000 376.469995 -1.000000 0.000000 0.000000 0.500000 0.720215 3 27 0.005046 28 0.870136 29 0.124818
27 -0.402537 0.000000 386.934049 -1.000000 0.000000 0.000000 0.500000 0.740234 3 27 0.000005 28 0.643518 29 0.356478
27 0.000000 0.403866 376.470025 0.000000 1.000000 0.000000 0.500000 0.720215 3 27 0.005046 28 0.870117 29 0.124837
2efb_kyj06_body_mesh1
27 -0.402537 0.000000 386.934049 -1.000000 0.000000 0.000000 0.500000 0.740234 3 27 0.000005 28 0.643518 29 0.356478
27 0.000000 0.403820 386.934019 0.000000 1.000000 0.000000 0.500000 0.740234 3 27 0.000005 28 0.643510 29 0.356485
27 0.000000 0.403866 376.470025 0.000000 1.000000 0.000000 0.500000 0.720215 3 27 0.005046 28 0.870117 29 0.124837
2efb_kyj06_body_mesh1
27 -0.402537 0.000000 386.934049 -1.000000 0.000000 0.000000 0.500000 0.740234 3 27 0.000005 28 0.643518 29 0.356478
28 -0.402533 0.000000 397.398177 -1.000000 0.000000 0.000000 0.500000 0.760010 3 28 0.331278 29 0.668692 30 0.000030
27 0.000000 0.403820 386.934019 0.000000 1.000000 0.000000 0.500000 0.740234 3 27 0.000005 28 0.643510 29 0.356485
2efb_kyj06_body_mesh1
28 -0.402533 0.000000 397.398177 -1.000000 0.000000 0.000000 0.500000 0.760010 3 28 0.331278 29 0.668692 30 0.000030
28 0.000000 0.403912 397.398177 0.000000 1.000000 0.000000 0.500000 0.760010 3 28 0.331287 29 0.668683 30 0.000030
27 0.000000 0.403820 386.934019 0.000000 1.000000 0.000000 0.500000 0.740234 3 27 0.000005 28 0.643510 29 0.356485
2efb_kyj06_body_mesh1
28 -0.402533 0.000000 397.398177 -1.000000 0.000000 0.000000 0.500000 0.760010 3 28 0.331278 29 0.668692 30 0.000030
28 -0.402530 0.000000 407.862245 -1.000000 0.000000 0.000000 0.500000 0.780029 3 28 0.111858 29 0.881996 30 0.006146
28 0.000000 0.403912 397.398177 0.000000 1.000000 0.000000 0.500000 0.760010 3 28 0.331287 29 0.668683 30 0.000030
2efb_kyj06_body_mesh1
28 -0.402530 0.000000 407.862245 -1.000000 0.000000 0.000000 0.500000 0.780029 3 28 0.111858 29 0.881996 30 0.006146
28 0.000000 0.403866 407.862290 0.000000 1.000000 0.000000 0.500000 0.780029 3 28 0.111876 29 0.881978 30 0.006146
28 0.000000 0.403912 397.398177 0.000000 1.000000 0.000000 0.500000 0.760010 3 28 0.331287 29 0.668683 30 0.000030
2efb_kyj06_body_mesh1
28 -0.402530 0.000000 407.862245 -1.000000 0.000000 0.000000 0.500000 0.780029 3 28 0.111858 29 0.881996 30 0.006146
28 -0.402527 0.000000 418.326404 -1.000000 0.000000 0.000000 0.500000 0.800049 3 28 0.024742 29 0.948023 30 0.027235
28 0.000000 0.403866 407.862290 0.000000 1.000000 0.000000 0.500000 0.780029 3 28 0.111876 29 0.881978 30 0.006146
2efb_kyj06_body_mesh1
28 -0.402527 0.000000 418.326404 -1.000000 0.000000 0.000000 0.500000 0.800049 3 28 0.024742 29 0.948023 30 0.027235
28 0.000000 0.403866 418.326344 0.000000 1.000000 0.000000 0.500000 0.800049 3 28 0.024909 29 0.947672 30 0.027419
28 0.000000 0.403866 407.862290 0.000000 1.000000 0.000000 0.500000 0.780029 3 28 0.111876 29 0.881978 30 0.006146
2efb_kyj06_body_mesh1
28 -0.402527 0.000000 418.326404 -1.000000 0.000000 0.000000 0.500000 0.800049 3 28 0.024742 29 0.948023 30 0.027235
29 -0.402524 0.000000 428.790472 -1.000000 0.000000 0.000000 0.500000 0.820068 3 29 0.872569 30 0.122177 28 0.005254
28 0.000000 0.403866 418.326344 0.000000 1.000000 0.000000 0.500000 0.800049 3 28 0.024909 29 0.947672 30 0.027419
2efb_kyj06_body_mesh1
29 -0.402524 0.000000 428.790472 -1.000000 0.000000 0.000000 0.500000 0.820068 3 29 0.872569 30 0.122177 28 0.005254
29 0.000000 0.403820 428.790517 0.000000 1.000000 0.000000 0.500000 0.820068 3 29 0.872549 30 0.122197 28 0.005254
28 0.000000 0.403866 418.326344 0.000000 1.000000 0.000000 0.500000 0.800049 3 28 0.024909 29 0.947672 30 0.027419
2efb_kyj06_body_mesh1
29 -0.402524 0.000000 428.790472 -1.000000 0.000000 0.000000 0.500000 0.820068 3 29 0.872569 30 0.122177 28 0.005254
29 -0.402521 0.000000 439.254540 -1.000000 0.000000 0.000000 0.500000 0.840088 3 29 0.641514 30 0.347631 31 0.010855
29 0.000000 0.403820 428.790517 0.000000 1.000000 0.000000 0.500000 0.820068 3 29 0.872549 30 0.122197 28 0.005254
2efb_kyj06_body_mesh1
29 -0.402521 0.000000 439.254540 -1.000000 0.000000 0.000000 0.500000 0.840088 3 29 0.641514 30 0.347631 31 0.010855
29 0.000000 0.403866 439.254585 0.000000 1.000000 0.000000 0.500000 0.840088 3 29 0.641504 30 0.347642 31 0.010854
29 0.000000 0.403820 428.790517 0.000000 1.000000 0.000000 0.500000 0.820068 3 29 0.872549 30 0.122197 28 0.005254
2efb_kyj06_body_mesh1
29 -0.402521 0.000000 439.254540 -1.000000 0.000000 0.000000 0.500000 0.840088 3 29 0.641514 30 0.347631 31 0.010855
30 -0.402518 0.000000 449.718744 -1.000000 0.000000 0.000000 0.500000 0.860107 3 30 0.626642 29 0.317373 31 0.055984
29 0.000000 0.403866 439.254585 0.000000 1.000000 0.000000 0.500000 0.840088 3 29 0.641504 30 0.347642 31 0.010854
2efb_kyj06_body_mesh1
30 -0.402518 0.000000 449.718744 -1.000000 0.000000 0.000000 0.500000 0.860107 3 30 0.626642 29 0.317373 31 0.055984
30 0.000000 0.403866 449.718699 0.000000 1.000000 0.000000 0.500000 0.860107 3 30 0.626632 29 0.317384 31 0.055984
29 0.000000 0.403866 439.254585 0.000000 1.000000 0.000000 0.500000 0.840088 3 29 0.641504 30 0.347642 31 0.010854
2efb_kyj06_body_mesh1
30 -0.402518 0.000000 449.718744 -1.000000 0.000000 0.000000 0.500000 0.860107 3 30 0.626642 29 0.317373 31 0.055984
30 -0.402515 0.000000 460.182857 -1.000000 0.000000 0.000000 0.500000 0.880005 3 30 0.778610 31 0.120203 29 0.101187
30 0.000000 0.403866 449.718699 0.000000 1.000000 0.000000 0.500000 0.860107 3 30 0.626632 29 0.317384 31 0.055984
2efb_kyj06_body_mesh1
30 -0.402515 0.000000 460.182857 -1.000000 0.000000 0.000000 0.500000 0.880005 3 30 0.778610 31 0.120203 29 0.101187
30 0.000000 0.403774 460.182767 0.000000 1.000000 0.000000 0.500000 0.880005 3 30 0.778577 31 0.120220 29 0.101203
30 0.000000 0.403866 449.718699 0.000000 1.000000 0.000000 0.500000 0.860107 3 30 0.626632 29 0.317384 31 0.055984
2efb_kyj06_body_mesh1
30 -0.402515 0.000000 460.182857 -1.000000 0.000000 0.000000 0.500000 0.880005 3 30 0.778610 31 0.120203 29 0.101187
30 -0.402511 0.000000 470.646880 -1.000000 0.000000 0.000000 0.500000 0.900024 3 30 0.801205 31 0.176468 32 0.022327
30 0.000000 0.403774 460.182767 0.000000 1.000000 0.000000 0.500000 0.880005 3 30 0.778577 31 0.120220 29 0.101203
2efb_kyj06_body_mesh1
30 -0.402511 0.000000 470.646880 -1.000000 0.000000 0.000000 0.500000 0.900024 3 30 0.801205 31 0.176468 32 0.022327
30 0.000000 0.403866 470.646925 0.000000 1.000000 0.000000 0.500000 0.900024 3 30 0.799560 31 0.177928 32 0.022512
30 0.000000 0.403774 460.182767 0.000000 1.000000 0.000000 0.500000 0.880005 3 30 0.778577 31 0.120220 29 0.101203
2efb_kyj06_body_mesh1
30 -0.402511 0.000000 470.646880 -1.000000 0.000000 0.000000 0.500000 0.900024 3 30 0.801205 31 0.176468 32 0.022327
30 -0.402508 0.000000 481.110994 -1.000000 0.000000 0.000000 0.500000 0.920044 3 30 0.560765 31 0.362597 32 0.076637
30 0.000000 0.403866 470.646925 0.000000 1.000000 0.000000 0.500000 0.900024 3 30 0.799560 31 0.177928 32 0.022512
2efb_kyj06_body_mesh1
30 -0.402508 0.000000 481.110994 -1.000000 0.000000 0.000000 0.500000 0.920044 3 30 0.560765 31 0.362597 32 0.076637
30 0.000000 0.403912 481.111039 0.000000 1.000000 0.000000 0.500000 0.920044 3 30 0.560731 31 0.362622 32 0.076647
30 0.000000 0.403866 470.646925 0.000000 1.000000 0.000000 0.500000 0.900024 3 30 0.799560 31 0.177928 32 0.022512
2efb_kyj06_body_mesh1
30 -0.402508 0.000000 481.110994 -1.000000 0.000000 0.000000 0.500000 0.920044 3 30 0.560765 31 0.362597 32 0.076637
31 -0.402505 0.000000 491.575152 -1.000000 0.000000 0.000000 0.500000 0.940002 3 31 0.546866 30 0.296148 32 0.156986
30 0.000000 0.403912 481.111039 0.000000 1.000000 0.000000 0.500000 0.920044 3 30 0.560731 31 0.362622 32 0.076647
2efb_kyj06_body_mesh1
31 -0.402505 0.000000 491.575152 -1.000000 0.000000 0.000000 0.500000 0.940002 3 31 0.546866 30 0.296148 32 0.156986
31 0.000000 0.403820 491.575152 0.000000 1.000000 0.000000 0.500000 0.940002 3 31 0.546813 30 0.296179 32 0.157008
30 0.000000 0.403912 481.111039 0.000000 1.000000 0.000000 0.500000 0.920044 3 30 0.560731 31 0.362622 32 0.076647
2efb_kyj06_body_mesh1
31 -0.402505 0.000000 491.575152 -1.000000 0.000000 0.000000 0.500000 0.940002 3 31 0.546866 30 0.296148 32 0.156986
30 -0.402502 0.000000 502.039220 -1.000000 0.000000 0.000000 0.500000 0.960022 3 30 0.128771 31 0.622522 32 0.248706
31 0.000000 0.403820 491.575152 0.000000 1.000000 0.000000 0.500000 0.940002 3 31 0.546813 30 0.296179 32 0.157008
2efb_kyj06_body_mesh1
30 -0.402502 0.000000 502.039220 -1.000000 0.000000 0.000000 0.500000 0.960022 3 30 0.128771 31 0.622522 32 0.248706
30 0.000000 0.403820 502.039220 0.000000 1.000000 0.000000 0.500000 0.960022 3 30 0.128925 31 0.622080 32 0.248994
31 0.000000 0.403820 491.575152 0.000000 1.000000 0.000000 0.500000 0.940002 3 31 0.546813 30 0.296179 32 0.157008
2efb_kyj06_body_mesh1
30 -0.402502 0.000000 502.039220 -1.000000 0.000000 0.000000 0.500000 0.960022 3 30 0.128771 31 0.622522 32 0.248706
30 -0.402499 0.000000 512.503378 -1.000000 0.000000 0.000000 0.500000 0.980011 3 30 0.064600 31 0.450288 32 0.485112
30 0.000000 0.403820 502.039220 0.000000 1.000000 0.000000 0.500000 0.960022 3 30 0.128925 31 0.622080 32 0.248994
2efb_kyj06_body_mesh1
30 -0.402499 0.000000 512.503378 -1.000000 0.000000 0.000000 0.500000 0.980011 3 30 0.064600 31 0.450288 32 0.485112
30 0.000000 0.403820 512.503378 0.000000 1.000000 0.000000 0.500000 0.980011 3 30 0.064610 31 0.450293 32 0.485097
30 0.000000 0.403820 502.039220 0.000000 1.000000 0.000000 0.500000 0.960022 3 30 0.128925 31 0.622080 32 0.248994
2efb_kyj06_body_mesh1
30 -0.402499 0.000000 512.503378 -1.000000 0.000000 0.000000 0.500000 0.980011 3 30 0.064600 31 0.450288 32 0.485112
30 -0.402496 0.000000 522.967447 0.000000 0.000000 1.000000 0.500000 1.000000 3 30 0.019698 31 0.250350 32 0.729952
30 0.000000 0.403820 512.503378 0.000000 1.000000 0.000000 0.500000 0.980011 3 30 0.064610 31 0.450293 32 0.485097
2efb_kyj06_body_mesh1
30 -0.402496 0.000000 522.967447 0.000000 0.000000 1.000000 0.500000 1.000000 3 30 0.019698 31 0.250350 32 0.729952
30 0.000000 0.403912 522.967447 0.000000 0.000000 1.000000 0.500000 1.000000 3 30 0.019925 31 0.253240 32 0.726834
30 0.000000 0.403820 512.503378 0.000000 1.000000 0.000000 0.500000 0.980011 3 30 0.064610 31 0.450293 32 0.485097
end
