version 1
nodes
0 "root" -1
1 "draw1_2efb_kyj01" 0
2 "draw2_0_2efb_kyj02_trall" 0
3 "draw2_1_2efb_kyj02_bone01" 0
4 "draw2_2_2efb_kyj02_bone02" 0
5 "draw2_3_2efb_kyj02_bone03" 0
6 "draw3_0_2efb_kyj02_trall" 0
7 "draw3_1_2efb_kyj02_bone01" 0
8 "draw3_2_2efb_kyj02_bone02" 0
9 "draw3_3_2efb_kyj02_bone03" 0
10 "draw4_0_2efb_kyj02_trall" 0
11 "draw4_1_2efb_kyj02_bone01" 0
12 "draw4_2_2efb_kyj02_bone02" 0
13 "draw4_3_2efb_kyj02_bone03" 0
14 "draw5_0_2efb_kyj02_trall" 0
15 "draw5_1_2efb_kyj02_bone01" 0
16 "draw5_2_2efb_kyj02_bone02" 0
17 "draw5_3_2efb_kyj02_bone03" 0
18 "draw6_0_2efb_kyj02_trall" 0
19 "draw6_1_2efb_kyj02_bone01" 0
20 "draw6_2_2efb_kyj02_bone02" 0
21 "draw6_3_2efb_kyj02_bone03" 0
end
skeleton
time 0
0 0.000000 0.000000 0.000000 0.000000 -0.000000 0.000000
1 0.000010 -52.185059 -0.000000 0.000000 0.000000 0.000000
2 0.000000 0.000000 0.000000 0.000000 -0.000000 0.000000
3 0.000000 0.000000 0.000000 0.000000 -0.000000 0.000000
4 0.000000 -12.381235 0.000000 0.000000 -0.000000 0.000000
5 0.000000 -42.084709 0.000000 0.000000 -0.000000 0.000000
6 0.000000 0.000000 0.000000 0.000000 -0.000000 0.000000
7 0.000000 0.000000 0.000000 0.000000 -0.000000 0.000000
8 0.000000 -12.381235 0.000000 0.000000 -0.000000 0.000000
9 0.000000 -42.084710 0.000000 0.000000 -0.000000 0.000000
10 0.000000 0.000000 0.000000 0.000000 -0.000000 0.000000
11 0.000000 0.000000 0.000000 0.000000 -0.000000 0.000000
12 0.000000 -11.784997 0.000000 0.000000 -0.000000 0.000000
13 0.000000 -40.058052 0.000000 0.000000 -0.000000 0.000000
14 0.000000 0.000000 0.000000 0.000000 -0.000000 0.000000
15 0.000000 0.000000 0.000000 0.000000 -0.000000 0.000000
16 0.000000 -13.233002 0.000000 0.000000 -0.000000 0.000000
17 0.000000 -44.979926 0.000000 0.000000 -0.000000 0.000000
18 0.000000 0.000000 0.000000 0.000000 -0.000000 0.000000
19 0.000000 0.000000 0.000000 0.000000 -0.000000 0.000000
20 0.000000 -12.381234 0.000000 0.000000 -0.000000 0.000000
21 0.000000 -42.084706 0.000000 0.000000 -0.000000 0.000000
end
triangles
2efb_kyj02_body_mesh1
3 -0.654129 -13.307034 -0.016797 0.000000 -0.545168 -0.838327 0.116699 0.158691 2 3 0.294789 4 0.705211
3 -0.654129 -12.346782 0.607657 0.000000 0.000000 1.000000 0.128906 0.169922 2 3 0.306770 4 0.693230
3 -0.654129 -12.346785 -0.641250 0.000000 0.000000 -1.000000 0.104553 0.170898 2 3 0.307175 4 0.692825
2efb_kyj02_body_mesh1
3 -0.654129 -12.346782 0.607657 0.000000 0.000000 1.000000 0.128906 0.169922 2 3 0.306770 4 0.693230
3 -0.654129 -11.386532 -0.016796 0.000000 0.545166 -0.838328 0.116699 0.182617 2 3 0.328501 4 0.671499
3 -0.654129 -12.346785 -0.641250 0.000000 0.000000 -1.000000 0.104553 0.170898 2 3 0.307175 4 0.692825
2efb_kyj02_body_mesh1
3 -0.654129 -12.346785 -0.641250 0.000000 0.000000 -1.000000 0.013794 0.000000 2 3 0.307175 4 0.692825
3 0.483016 -12.346785 -0.641250 1.000000 0.000000 0.000000 0.129395 0.000000 2 3 0.307175 4 0.692825
3 -0.654129 -13.307034 -0.016797 0.000000 -0.545168 -0.838327 0.013794 0.250000 2 3 0.294789 4 0.705211
2efb_kyj02_body_mesh1
3 0.483016 -12.346785 -0.641250 1.000000 0.000000 0.000000 0.129395 0.000000 2 3 0.307175 4 0.692825
3 0.483016 -13.307034 -0.016797 1.000000 0.000000 0.000000 0.129395 0.250488 2 3 0.294789 4 0.705211
3 -0.654129 -13.307034 -0.016797 0.000000 -0.545168 -0.838327 0.013794 0.250000 2 3 0.294789 4 0.705211
2efb_kyj02_body_mesh1
3 -0.654129 -13.307034 -0.016797 0.000000 -0.545168 -0.838327 0.013794 0.250000 2 3 0.294789 4 0.705211
3 0.483016 -13.307034 -0.016797 1.000000 0.000000 0.000000 0.129395 0.250488 2 3 0.294789 4 0.705211
3 -0.654129 -12.346782 0.607657 0.000000 0.000000 1.000000 0.013794 0.500000 2 3 0.306770 4 0.693230
2efb_kyj02_body_mesh1
3 0.483016 -13.307034 -0.016797 1.000000 0.000000 0.000000 0.129395 0.250488 2 3 0.294789 4 0.705211
3 0.483016 -12.346782 0.607657 1.000000 0.000000 0.000000 0.129395 0.500244 2 3 0.306770 4 0.693230
3 -0.654129 -12.346782 0.607657 0.000000 0.000000 1.000000 0.013794 0.500000 2 3 0.306770 4 0.693230
2efb_kyj02_body_mesh1
3 -0.654129 -12.346782 0.607657 0.000000 0.000000 1.000000 0.013794 0.500000 2 3 0.306770 4 0.693230
3 0.483016 -12.346782 0.607657 1.000000 0.000000 0.000000 0.129395 0.500244 2 3 0.306770 4 0.693230
3 -0.654129 -11.386532 -0.016796 0.000000 0.545166 -0.838328 0.013794 0.750000 2 3 0.328501 4 0.671499
2efb_kyj02_body_mesh1
3 0.483016 -12.346782 0.607657 1.000000 0.000000 0.000000 0.129395 0.500244 2 3 0.306770 4 0.693230
3 0.483016 -11.386532 -0.016797 1.000000 0.000000 0.000000 0.129395 0.750122 2 3 0.328501 4 0.671499
3 -0.654129 -11.386532 -0.016796 0.000000 0.545166 -0.838328 0.013794 0.750000 2 3 0.328501 4 0.671499
2efb_kyj02_body_mesh1
3 -0.654129 -11.386532 -0.016796 0.000000 0.545166 -0.838328 0.013794 0.750000 2 3 0.328501 4 0.671499
3 0.483016 -11.386532 -0.016797 1.000000 0.000000 0.000000 0.129395 0.750122 2 3 0.328501 4 0.671499
3 -0.654129 -12.346785 -0.641250 0.000000 0.000000 -1.000000 0.013794 1.000000 2 3 0.307175 4 0.692825
2efb_kyj02_body_mesh1
3 0.483016 -11.386532 -0.016797 1.000000 0.000000 0.000000 0.129395 0.750122 2 3 0.328501 4 0.671499
3 0.483016 -12.346785 -0.641250 1.000000 0.000000 0.000000 0.129395 1.000000 2 3 0.307175 4 0.692825
3 -0.654129 -12.346785 -0.641250 0.000000 0.000000 -1.000000 0.013794 1.000000 2 3 0.307175 4 0.692825
2efb_kyj02_body_mesh1
3 0.483016 -13.307034 -0.016797 1.000000 0.000000 0.000000 0.116699 0.158691 2 3 0.294789 4 0.705211
3 0.483016 -12.346785 -0.641250 1.000000 0.000000 0.000000 0.104553 0.170898 2 3 0.307175 4 0.692825
3 0.483016 -12.346782 0.607657 1.000000 0.000000 0.000000 0.128906 0.169922 2 3 0.306770 4 0.693230
2efb_kyj02_body_mesh1
3 0.483016 -12.346785 -0.641250 1.000000 0.000000 0.000000 0.104553 0.170898 2 3 0.307175 4 0.692825
3 0.483016 -11.386532 -0.016797 1.000000 0.000000 0.000000 0.116699 0.182617 2 3 0.328501 4 0.671499
3 0.483016 -12.346782 0.607657 1.000000 0.000000 0.000000 0.128906 0.169922 2 3 0.306770 4 0.693230
2efb_kyj02_body_mesh1
2 -0.091111 -0.003120 -0.571827 -0.694712 0.000000 -0.719288 0.132812 1.000000 2 2 0.500000 3 0.500000
2 0.478522 -0.150555 -0.021604 0.694393 0.002628 0.719592 0.000000 1.000000 2 2 0.500000 3 0.500000
3 -0.091111 -3.034757 -0.570730 -0.700386 -0.001300 -0.713763 0.132812 0.750000 2 3 0.800000 4 0.200000
2efb_kyj02_body_mesh1
2 0.478522 -0.150555 -0.021604 0.694393 0.002628 0.719592 0.000000 1.000000 2 2 0.500000 3 0.500000
3 0.478523 -3.108474 -0.010802 0.700197 0.003699 0.713940 0.000000 0.750000 2 3 0.800000 4 0.200000
3 -0.091111 -3.034757 -0.570730 -0.700386 -0.001300 -0.713763 0.132812 0.750000 2 3 0.800000 4 0.200000
2efb_kyj02_body_mesh1
3 -0.091111 -3.034757 -0.570730 -0.700386 -0.001300 -0.713763 0.132812 0.750000 2 3 0.800000 4 0.200000
3 0.478523 -3.108474 -0.010802 0.700197 0.003699 0.713940 0.000000 0.750000 2 3 0.800000 4 0.200000
3 -0.091111 -6.066393 -0.569633 -0.705240 0.002731 -0.708964 0.132812 0.500000 2 3 0.625000 4 0.375000
2efb_kyj02_body_mesh1
3 0.478523 -3.108474 -0.010802 0.700197 0.003699 0.713940 0.000000 0.750000 2 3 0.800000 4 0.200000
3 0.478523 -6.066393 0.000000 0.705105 -0.004802 0.709086 0.000000 0.500000 2 3 0.625000 4 0.375000
3 -0.091111 -6.066393 -0.569633 -0.705240 0.002731 -0.708964 0.132812 0.500000 2 3 0.625000 4 0.375000
2efb_kyj02_body_mesh1
3 -0.091111 -6.066393 -0.569633 -0.705240 0.002731 -0.708964 0.132812 0.500000 2 3 0.625000 4 0.375000
3 0.478523 -6.066393 0.000000 0.705105 -0.004802 0.709086 0.000000 0.500000 2 3 0.625000 4 0.375000
3 0.478523 -9.193310 -0.038022 0.686970 -0.012015 0.726586 0.000000 0.250000 2 3 0.450000 4 0.550000
2efb_kyj02_body_mesh1
3 -0.091111 -6.066393 -0.569633 -0.705240 0.002731 -0.708964 0.132812 0.500000 2 3 0.625000 4 0.375000
3 0.478523 -9.193310 -0.038022 0.686970 -0.012015 0.726586 0.000000 0.250000 2 3 0.450000 4 0.550000
3 -0.091111 -9.313679 -0.580971 -0.687855 0.005483 -0.725827 0.132812 0.250000 2 3 0.450000 4 0.550000
2efb_kyj02_body_mesh1
3 0.478523 -9.193310 -0.038022 0.686970 -0.012015 0.726586 0.000000 0.250000 2 3 0.450000 4 0.550000
3 0.478523 -12.320227 -0.076044 0.669417 -0.009033 0.742832 0.000000 0.000000 2 3 0.300932 4 0.699068
3 -0.091111 -9.313679 -0.580971 -0.687855 0.005483 -0.725827 0.132812 0.250000 2 3 0.450000 4 0.550000
2efb_kyj02_body_mesh1
3 -0.091111 -9.313679 -0.580971 -0.687855 0.005483 -0.725827 0.132812 0.250000 2 3 0.450000 4 0.550000
3 0.478523 -12.320227 -0.076044 0.669417 -0.009033 0.742832 0.000000 0.000000 2 3 0.300932 4 0.699068
3 -0.091110 -12.560966 -0.592308 -0.670940 0.002589 -0.741507 0.132812 0.000000 2 3 0.303291 4 0.696709
2efb_kyj02_body_mesh1
2 -0.091111 -0.003120 -0.571827 -0.694712 0.000000 -0.719288 0.000000 1.000000 2 2 0.500000 3 0.500000
3 -0.091111 -3.034757 -0.570730 -0.700386 -0.001300 -0.713763 0.000000 0.750000 2 3 0.800000 4 0.200000
2 -0.660745 -0.150555 -0.021604 -0.694392 0.002628 0.719592 0.132812 1.000000 2 2 0.500000 3 0.500000
2efb_kyj02_body_mesh1
3 -0.091111 -3.034757 -0.570730 -0.700386 -0.001300 -0.713763 0.000000 0.750000 2 3 0.800000 4 0.200000
3 -0.660745 -3.108474 -0.010802 -0.700197 0.003699 0.713941 0.132812 0.750000 2 3 0.800000 4 0.200000
2 -0.660745 -0.150555 -0.021604 -0.694392 0.002628 0.719592 0.132812 1.000000 2 2 0.500000 3 0.500000
2efb_kyj02_body_mesh1
2 -0.660745 -0.150555 -0.021604 -0.694392 0.002628 0.719592 0.000000 1.000000 2 2 0.500000 3 0.500000
3 -0.660745 -3.108474 -0.010802 -0.700197 0.003699 0.713941 0.000000 0.750000 2 3 0.800000 4 0.200000
2 -0.091111 -0.297989 0.528620 0.695384 0.003013 0.718632 0.132812 1.000000 2 2 0.500000 3 0.500000
2efb_kyj02_body_mesh1
3 -0.660745 -3.108474 -0.010802 -0.700197 0.003699 0.713941 0.000000 0.750000 2 3 0.800000 4 0.200000
3 -0.091111 -3.182191 0.549127 0.701299 0.003973 0.712856 0.132812 0.750000 2 3 0.800000 4 0.200000
2 -0.091111 -0.297989 0.528620 0.695384 0.003013 0.718632 0.132812 1.000000 2 2 0.500000 3 0.500000
2efb_kyj02_body_mesh1
2 0.478522 -0.150555 -0.021604 0.694393 0.002628 0.719592 0.132812 1.000000 2 2 0.500000 3 0.500000
2 -0.091111 -0.297989 0.528620 0.695384 0.003013 0.718632 0.000000 1.000000 2 2 0.500000 3 0.500000
3 0.478523 -3.108474 -0.010802 0.700197 0.003699 0.713940 0.132812 0.750000 2 3 0.800000 4 0.200000
2efb_kyj02_body_mesh1
2 -0.091111 -0.297989 0.528620 0.695384 0.003013 0.718632 0.000000 1.000000 2 2 0.500000 3 0.500000
3 -0.091111 -3.182191 0.549127 0.701299 0.003973 0.712856 0.000000 0.750000 2 3 0.800000 4 0.200000
3 0.478523 -3.108474 -0.010802 0.700197 0.003699 0.713940 0.132812 0.750000 2 3 0.800000 4 0.200000
2efb_kyj02_body_mesh1
3 0.478523 -3.108474 -0.010802 0.700197 0.003699 0.713940 0.132812 0.750000 2 3 0.800000 4 0.200000
3 -0.091111 -3.182191 0.549127 0.701299 0.003973 0.712856 0.000000 0.750000 2 3 0.800000 4 0.200000
3 0.478523 -6.066393 0.000000 0.705105 -0.004802 0.709086 0.132812 0.500000 2 3 0.625000 4 0.375000
2efb_kyj02_body_mesh1
3 -0.091111 -3.182191 0.549127 0.701299 0.003973 0.712856 0.000000 0.750000 2 3 0.800000 4 0.200000
3 -0.091111 -6.066393 0.569633 0.707098 -0.005062 0.707098 0.000000 0.500000 2 3 0.625000 4 0.375000
3 0.478523 -6.066393 0.000000 0.705105 -0.004802 0.709086 0.132812 0.500000 2 3 0.625000 4 0.375000
2efb_kyj02_body_mesh1
3 0.478523 -6.066393 0.000000 0.705105 -0.004802 0.709086 0.132812 0.500000 2 3 0.625000 4 0.375000
3 -0.091111 -6.066393 0.569633 0.707098 -0.005062 0.707098 0.000000 0.500000 2 3 0.625000 4 0.375000
3 -0.091110 -9.072941 0.504926 0.690116 -0.012388 0.723592 0.000000 0.250000 2 3 0.450000 4 0.550000
2efb_kyj02_body_mesh1
3 0.478523 -6.066393 0.000000 0.705105 -0.004802 0.709086 0.132812 0.500000 2 3 0.625000 4 0.375000
3 -0.091110 -9.072941 0.504926 0.690116 -0.012388 0.723592 0.000000 0.250000 2 3 0.450000 4 0.550000
3 0.478523 -9.193310 -0.038022 0.686970 -0.012015 0.726586 0.132812 0.250000 2 3 0.450000 4 0.550000
2efb_kyj02_body_mesh1
3 -0.091110 -9.072941 0.504926 0.690116 -0.012388 0.723592 0.000000 0.250000 2 3 0.450000 4 0.550000
3 -0.091110 -12.079489 0.440219 0.672087 -0.009962 0.740405 0.000000 0.000000 2 3 0.310447 4 0.689553
3 0.478523 -9.193310 -0.038022 0.686970 -0.012015 0.726586 0.132812 0.250000 2 3 0.450000 4 0.550000
2efb_kyj02_body_mesh1
3 0.478523 -9.193310 -0.038022 0.686970 -0.012015 0.726586 0.132812 0.250000 2 3 0.450000 4 0.550000
3 -0.091110 -12.079489 0.440219 0.672087 -0.009962 0.740405 0.000000 0.000000 2 3 0.310447 4 0.689553
3 0.478523 -12.320227 -0.076044 0.669417 -0.009033 0.742832 0.132812 0.000000 2 3 0.300932 4 0.699068
2efb_kyj02_body_mesh1
2 -0.654129 -0.959076 -0.016797 0.000000 -0.654652 -0.755930 0.116699 0.158691 2 2 0.500000 3 0.500000
2 -0.654129 0.001179 0.814806 0.000000 -0.654652 0.755930 0.128906 0.169922 2 2 0.500000 3 0.500000
2 -0.654129 0.001179 -0.848399 0.000000 0.654654 -0.755929 0.104553 0.170898 2 2 0.500000 3 0.500000
2efb_kyj02_body_mesh1
2 -0.654129 0.001179 0.814806 0.000000 -0.654652 0.755930 0.128906 0.169922 2 2 0.500000 3 0.500000
2 -0.654129 0.961429 -0.016797 0.000000 0.654654 -0.755929 0.116699 0.182617 2 2 0.500000 3 0.500000
2 -0.654129 0.001179 -0.848399 0.000000 0.654654 -0.755929 0.104553 0.170898 2 2 0.500000 3 0.500000
2efb_kyj02_body_mesh1
2 -0.654129 0.001179 -0.848399 0.000000 0.654654 -0.755929 0.013214 0.000000 2 2 0.500000 3 0.500000
2 0.483016 0.001179 -0.848399 1.000000 0.000000 0.000000 0.129639 0.000000 2 2 0.500000 3 0.500000
2 -0.654129 -0.959076 -0.016797 0.000000 -0.654652 -0.755930 0.013214 0.250488 2 2 0.500000 3 0.500000
2efb_kyj02_body_mesh1
2 0.483016 0.001179 -0.848399 1.000000 0.000000 0.000000 0.129639 0.000000 2 2 0.500000 3 0.500000
2 0.483017 -0.959076 -0.016797 1.000000 0.000000 0.000000 0.129639 0.250488 2 2 0.500000 3 0.500000
2 -0.654129 -0.959076 -0.016797 0.000000 -0.654652 -0.755930 0.013214 0.250488 2 2 0.500000 3 0.500000
2efb_kyj02_body_mesh1
2 -0.654129 -0.959076 -0.016797 0.000000 -0.654652 -0.755930 0.013214 0.250488 2 2 0.500000 3 0.500000
2 0.483017 -0.959076 -0.016797 1.000000 0.000000 0.000000 0.129639 0.250488 2 2 0.500000 3 0.500000
2 -0.654129 0.001179 0.814806 0.000000 -0.654652 0.755930 0.013214 0.500244 2 2 0.500000 3 0.500000
2efb_kyj02_body_mesh1
2 0.483017 -0.959076 -0.016797 1.000000 0.000000 0.000000 0.129639 0.250488 2 2 0.500000 3 0.500000
2 0.483017 0.001179 0.814806 1.000000 0.000000 0.000000 0.129639 0.500244 2 2 0.500000 3 0.500000
2 -0.654129 0.001179 0.814806 0.000000 -0.654652 0.755930 0.013214 0.500244 2 2 0.500000 3 0.500000
2efb_kyj02_body_mesh1
2 -0.654129 0.001179 0.814806 0.000000 -0.654652 0.755930 0.013214 0.500244 2 2 0.500000 3 0.500000
2 0.483017 0.001179 0.814806 1.000000 0.000000 0.000000 0.129639 0.500244 2 2 0.500000 3 0.500000
2 -0.654129 0.961429 -0.016797 0.000000 0.654654 -0.755929 0.013214 0.750122 2 2 0.500000 3 0.500000
2efb_kyj02_body_mesh1
2 0.483017 0.001179 0.814806 1.000000 0.000000 0.000000 0.129639 0.500244 2 2 0.500000 3 0.500000
2 0.483016 0.961430 -0.016797 1.000000 0.000000 0.000000 0.129639 0.750122 2 2 0.500000 3 0.500000
2 -0.654129 0.961429 -0.016797 0.000000 0.654654 -0.755929 0.013214 0.750122 2 2 0.500000 3 0.500000
2efb_kyj02_body_mesh1
2 -0.654129 0.961429 -0.016797 0.000000 0.654654 -0.755929 0.013214 0.750122 2 2 0.500000 3 0.500000
2 0.483016 0.961430 -0.016797 1.000000 0.000000 0.000000 0.129639 0.750122 2 2 0.500000 3 0.500000
2 -0.654129 0.001179 -0.848399 0.000000 0.654654 -0.755929 0.013214 1.000000 2 2 0.500000 3 0.500000
2efb_kyj02_body_mesh1
2 0.483016 0.961430 -0.016797 1.000000 0.000000 0.000000 0.129639 0.750122 2 2 0.500000 3 0.500000
2 0.483016 0.001179 -0.848399 1.000000 0.000000 0.000000 0.129639 1.000000 2 2 0.500000 3 0.500000
2 -0.654129 0.001179 -0.848399 0.000000 0.654654 -0.755929 0.013214 1.000000 2 2 0.500000 3 0.500000
2efb_kyj02_body_mesh1
2 0.483017 -0.959076 -0.016797 1.000000 0.000000 0.000000 0.116699 0.158691 2 2 0.500000 3 0.500000
2 0.483016 0.001179 -0.848399 1.000000 0.000000 0.000000 0.104553 0.170898 2 2 0.500000 3 0.500000
2 0.483017 0.001179 0.814806 1.000000 0.000000 0.000000 0.128906 0.169922 2 2 0.500000 3 0.500000
2efb_kyj02_body_mesh1
2 0.483016 0.001179 -0.848399 1.000000 0.000000 0.000000 0.104553 0.170898 2 2 0.500000 3 0.500000
2 0.483016 0.961430 -0.016797 1.000000 0.000000 0.000000 0.116699 0.182617 2 2 0.500000 3 0.500000
2 0.483017 0.001179 0.814806 1.000000 0.000000 0.000000 0.128906 0.169922 2 2 0.500000 3 0.500000
2efb_kyj02_body_mesh1
3 -7.422955 -12.412282 0.000000 0.000000 0.000000 1.000000 0.145386 1.000000 2 3 0.355496 4 0.644504
3 -7.422953 -17.379387 0.000000 0.000000 0.000000 1.000000 0.145386 0.833374 3 3 0.288191 4 0.690337 5 0.021473
3 -2.474317 -12.412281 0.000000 0.000000 0.000000 1.000000 0.431885 1.000000 2 3 0.307059 4 0.692941
2efb_kyj02_body_mesh1
3 -7.422953 -17.379387 0.000000 0.000000 0.000000 1.000000 0.145386 0.833374 3 3 0.288191 4 0.690337 5 0.021473
3 -2.474316 -17.379383 0.000000 0.000000 0.000000 1.000000 0.431885 0.833374 3 3 0.272343 4 0.713544 5 0.014113
3 -2.474317 -12.412281 0.000000 0.000000 0.000000 1.000000 0.431885 1.000000 2 3 0.307059 4 0.692941
2efb_kyj02_body_mesh1
3 -2.474317 -12.412281 0.000000 0.000000 0.000000 1.000000 0.431885 1.000000 2 3 0.307059 4 0.692941
3 -2.474316 -17.379383 0.000000 0.000000 0.000000 1.000000 0.431885 0.833374 3 3 0.272343 4 0.713544 5 0.014113
3 2.474321 -12.412281 0.000000 0.000000 0.000000 1.000000 0.718262 1.000000 2 3 0.307059 4 0.692941
2efb_kyj02_body_mesh1
3 -2.474316 -17.379383 0.000000 0.000000 0.000000 1.000000 0.431885 0.833374 3 3 0.272343 4 0.713544 5 0.014113
3 2.474321 -17.379383 0.000000 0.000000 0.000000 1.000000 0.718262 0.833374 3 3 0.272343 4 0.713544 5 0.014113
3 2.474321 -12.412281 0.000000 0.000000 0.000000 1.000000 0.718262 1.000000 2 3 0.307059 4 0.692941
2efb_kyj02_body_mesh1
3 2.474321 -12.412281 0.000000 0.000000 0.000000 1.000000 0.718262 1.000000 2 3 0.307059 4 0.692941
3 2.474321 -17.379383 0.000000 0.000000 0.000000 1.000000 0.718262 0.833374 3 3 0.272343 4 0.713544 5 0.014113
3 7.422958 -12.412280 0.000000 0.000000 0.000000 1.000000 1.004883 1.000000 2 3 0.355496 4 0.644504
2efb_kyj02_body_mesh1
3 2.474321 -17.379383 0.000000 0.000000 0.000000 1.000000 0.718262 0.833374 3 3 0.272343 4 0.713544 5 0.014113
3 7.422959 -17.379381 0.000000 0.000000 0.000000 1.000000 1.004883 0.833374 3 3 0.288191 4 0.690337 5 0.021473
3 7.422958 -12.412280 0.000000 0.000000 0.000000 1.000000 1.004883 1.000000 2 3 0.355496 4 0.644504
2efb_kyj02_body_mesh1
3 -7.422953 -17.379387 0.000000 0.000000 0.000000 1.000000 0.145386 0.833374 3 3 0.288191 4 0.690337 5 0.021473
3 -7.422955 -22.346487 0.000000 0.000000 0.000000 1.000000 0.145386 0.666748 3 3 0.229347 4 0.670777 5 0.099876
3 -2.474316 -17.379383 0.000000 0.000000 0.000000 1.000000 0.431885 0.833374 3 3 0.272343 4 0.713544 5 0.014113
2efb_kyj02_body_mesh1
3 -7.422955 -22.346487 0.000000 0.000000 0.000000 1.000000 0.145386 0.666748 3 3 0.229347 4 0.670777 5 0.099876
3 -2.474316 -22.346485 0.000000 0.000000 0.000000 1.000000 0.431885 0.666748 3 3 0.224374 4 0.680348 5 0.095278
3 -2.474316 -17.379383 0.000000 0.000000 0.000000 1.000000 0.431885 0.833374 3 3 0.272343 4 0.713544 5 0.014113
2efb_kyj02_body_mesh1
3 -2.474316 -17.379383 0.000000 0.000000 0.000000 1.000000 0.431885 0.833374 3 3 0.272343 4 0.713544 5 0.014113
3 -2.474316 -22.346485 0.000000 0.000000 0.000000 1.000000 0.431885 0.666748 3 3 0.224374 4 0.680348 5 0.095278
3 2.474321 -17.379383 0.000000 0.000000 0.000000 1.000000 0.718262 0.833374 3 3 0.272343 4 0.713544 5 0.014113
2efb_kyj02_body_mesh1
3 -2.474316 -22.346485 0.000000 0.000000 0.000000 1.000000 0.431885 0.666748 3 3 0.224374 4 0.680348 5 0.095278
3 2.474322 -22.346485 0.000000 0.000000 0.000000 1.000000 0.718262 0.666748 3 3 0.224374 4 0.680348 5 0.095278
3 2.474321 -17.379383 0.000000 0.000000 0.000000 1.000000 0.718262 0.833374 3 3 0.272343 4 0.713544 5 0.014113
2efb_kyj02_body_mesh1
3 2.474321 -17.379383 0.000000 0.000000 0.000000 1.000000 0.718262 0.833374 3 3 0.272343 4 0.713544 5 0.014113
3 2.474322 -22.346485 0.000000 0.000000 0.000000 1.000000 0.718262 0.666748 3 3 0.224374 4 0.680348 5 0.095278
3 7.422959 -17.379381 0.000000 0.000000 0.000000 1.000000 1.004883 0.833374 3 3 0.288191 4 0.690337 5 0.021473
2efb_kyj02_body_mesh1
3 2.474322 -22.346485 0.000000 0.000000 0.000000 1.000000 0.718262 0.666748 3 3 0.224374 4 0.680348 5 0.095278
3 7.422960 -22.346483 0.000000 0.000000 0.000000 1.000000 1.004883 0.666748 3 3 0.229347 4 0.670777 5 0.099876
3 7.422959 -17.379381 0.000000 0.000000 0.000000 1.000000 1.004883 0.833374 3 3 0.288191 4 0.690337 5 0.021473
2efb_kyj02_body_mesh1
3 -7.422955 -22.346487 0.000000 0.000000 0.000000 1.000000 0.145386 0.666748 3 3 0.229347 4 0.670777 5 0.099876
3 -7.422952 -27.313587 0.000000 0.000000 0.000000 1.000000 0.145386 0.500000 3 3 0.162864 4 0.594138 5 0.242998
3 -2.474316 -22.346485 0.000000 0.000000 0.000000 1.000000 0.431885 0.666748 3 3 0.224374 4 0.680348 5 0.095278
2efb_kyj02_body_mesh1
3 -7.422952 -27.313587 0.000000 0.000000 0.000000 1.000000 0.145386 0.500000 3 3 0.162864 4 0.594138 5 0.242998
3 -2.474315 -27.313590 0.000000 0.000000 0.000000 1.000000 0.431885 0.500000 3 3 0.161159 4 0.595080 5 0.243762
3 -2.474316 -22.346485 0.000000 0.000000 0.000000 1.000000 0.431885 0.666748 3 3 0.224374 4 0.680348 5 0.095278
2efb_kyj02_body_mesh1
3 -2.474316 -22.346485 0.000000 0.000000 0.000000 1.000000 0.431885 0.666748 3 3 0.224374 4 0.680348 5 0.095278
3 -2.474315 -27.313590 0.000000 0.000000 0.000000 1.000000 0.431885 0.500000 3 3 0.161159 4 0.595080 5 0.243762
3 2.474322 -22.346485 0.000000 0.000000 0.000000 1.000000 0.718262 0.666748 3 3 0.224374 4 0.680348 5 0.095278
2efb_kyj02_body_mesh1
3 -2.474315 -27.313590 0.000000 0.000000 0.000000 1.000000 0.431885 0.500000 3 3 0.161159 4 0.595080 5 0.243762
3 2.474323 -27.313590 0.000000 0.000000 0.000000 1.000000 0.718262 0.500000 3 3 0.161159 4 0.595080 5 0.243762
3 2.474322 -22.346485 0.000000 0.000000 0.000000 1.000000 0.718262 0.666748 3 3 0.224374 4 0.680348 5 0.095278
2efb_kyj02_body_mesh1
3 2.474322 -22.346485 0.000000 0.000000 0.000000 1.000000 0.718262 0.666748 3 3 0.224374 4 0.680348 5 0.095278
3 2.474323 -27.313590 0.000000 0.000000 0.000000 1.000000 0.718262 0.500000 3 3 0.161159 4 0.595080 5 0.243762
3 7.422960 -22.346483 0.000000 0.000000 0.000000 1.000000 1.004883 0.666748 3 3 0.229347 4 0.670777 5 0.099876
2efb_kyj02_body_mesh1
3 2.474323 -27.313590 0.000000 0.000000 0.000000 1.000000 0.718262 0.500000 3 3 0.161159 4 0.595080 5 0.243762
3 7.422960 -27.313583 0.000000 0.000000 0.000000 1.000000 1.004883 0.500000 3 3 0.162864 4 0.594138 5 0.242998
3 7.422960 -22.346483 0.000000 0.000000 0.000000 1.000000 1.004883 0.666748 3 3 0.229347 4 0.670777 5 0.099876
2efb_kyj02_body_mesh1
3 -7.422950 -42.214890 0.000000 0.000000 0.000000 1.000000 0.145386 0.000000 3 3 0.014462 4 0.269404 5 0.716134
3 -2.474312 -42.214890 0.000000 0.000000 0.000000 1.000000 0.431885 0.000000 3 3 0.014540 4 0.253008 5 0.732451
3 -7.422950 -39.731340 0.000000 0.000000 0.000000 1.000000 0.145386 0.083496 3 3 0.026400 4 0.295458 5 0.678142
2efb_kyj02_body_mesh1
3 -2.474312 -42.214890 0.000000 0.000000 0.000000 1.000000 0.431885 0.000000 3 3 0.014540 4 0.253008 5 0.732451
3 -2.474313 -39.731340 0.000000 0.000000 0.000000 1.000000 0.431885 0.083496 3 3 0.026035 4 0.279580 5 0.694385
3 -7.422950 -39.731340 0.000000 0.000000 0.000000 1.000000 0.145386 0.083496 3 3 0.026400 4 0.295458 5 0.678142
2efb_kyj02_body_mesh1
3 -7.422950 -39.731340 0.000000 0.000000 0.000000 1.000000 0.145386 0.083496 3 3 0.026400 4 0.295458 5 0.678142
3 -2.474313 -39.731340 0.000000 0.000000 0.000000 1.000000 0.431885 0.083496 3 3 0.026035 4 0.279580 5 0.694385
3 -2.474314 -37.247800 0.000000 0.000000 0.000000 1.000000 0.431885 0.166992 3 3 0.041967 4 0.321425 5 0.636608
2efb_kyj02_body_mesh1
3 -2.474313 -39.731340 0.000000 0.000000 0.000000 1.000000 0.431885 0.083496 3 3 0.026035 4 0.279580 5 0.694385
3 2.474324 -37.247800 0.000000 0.000000 0.000000 1.000000 0.718262 0.166992 3 3 0.041967 4 0.321426 5 0.636608
3 -2.474314 -37.247800 0.000000 0.000000 0.000000 1.000000 0.431885 0.166992 3 3 0.041967 4 0.321425 5 0.636608
2efb_kyj02_body_mesh1
3 -2.474314 -37.247800 0.000000 0.000000 0.000000 1.000000 0.431885 0.166992 3 3 0.041967 4 0.321425 5 0.636608
3 2.474324 -37.247800 0.000000 0.000000 0.000000 1.000000 0.718262 0.166992 3 3 0.041967 4 0.321426 5 0.636608
3 -2.474314 -34.764244 0.000000 0.000000 0.000000 1.000000 0.431885 0.250000 3 3 0.063330 4 0.377260 5 0.559409
2efb_kyj02_body_mesh1
3 2.474324 -37.247800 0.000000 0.000000 0.000000 1.000000 0.718262 0.166992 3 3 0.041967 4 0.321426 5 0.636608
3 2.474324 -34.764244 0.000000 0.000000 0.000000 1.000000 0.718262 0.250000 3 3 0.063330 4 0.377260 5 0.559409
3 -2.474314 -34.764244 0.000000 0.000000 0.000000 1.000000 0.431885 0.250000 3 3 0.063330 4 0.377260 5 0.559409
2efb_kyj02_body_mesh1
3 -2.474314 -34.764244 0.000000 0.000000 0.000000 1.000000 0.431885 0.250000 3 3 0.063330 4 0.377260 5 0.559409
3 2.474324 -34.764244 0.000000 0.000000 0.000000 1.000000 0.718262 0.250000 3 3 0.063330 4 0.377260 5 0.559409
3 2.474323 -32.280693 0.000000 0.000000 0.000000 1.000000 0.718262 0.333496 3 3 0.090803 4 0.445155 5 0.464041
2efb_kyj02_body_mesh1
3 2.474324 -34.764244 0.000000 0.000000 0.000000 1.000000 0.718262 0.250000 3 3 0.063330 4 0.377260 5 0.559409
3 7.422962 -32.280693 0.000000 0.000000 0.000000 1.000000 1.004883 0.333496 3 3 0.091740 4 0.451914 5 0.456346
3 2.474323 -32.280693 0.000000 0.000000 0.000000 1.000000 0.718262 0.333496 3 3 0.090803 4 0.445155 5 0.464041
2efb_kyj02_body_mesh1
3 2.474323 -32.280693 0.000000 0.000000 0.000000 1.000000 0.718262 0.333496 3 3 0.090803 4 0.445155 5 0.464041
3 7.422962 -32.280693 0.000000 0.000000 0.000000 1.000000 1.004883 0.333496 3 3 0.091740 4 0.451914 5 0.456346
3 2.474323 -29.797138 0.000000 0.000000 0.000000 1.000000 0.718262 0.416992 3 3 0.123989 4 0.520148 5 0.355863
2efb_kyj02_body_mesh1
3 7.422962 -32.280693 0.000000 0.000000 0.000000 1.000000 1.004883 0.333496 3 3 0.091740 4 0.451914 5 0.456346
3 7.422961 -29.797138 0.000000 0.000000 0.000000 1.000000 1.004883 0.416992 3 3 0.125151 4 0.523209 5 0.351640
3 2.474323 -29.797138 0.000000 0.000000 0.000000 1.000000 0.718262 0.416992 3 3 0.123989 4 0.520148 5 0.355863
2efb_kyj02_body_mesh1
3 2.474323 -29.797138 0.000000 0.000000 0.000000 1.000000 0.718262 0.416992 3 3 0.123989 4 0.520148 5 0.355863
3 7.422961 -29.797138 0.000000 0.000000 0.000000 1.000000 1.004883 0.416992 3 3 0.125151 4 0.523209 5 0.351640
3 7.422960 -27.313583 0.000000 0.000000 0.000000 1.000000 1.004883 0.500000 3 3 0.162864 4 0.594138 5 0.242998
2efb_kyj02_body_mesh1
3 -2.474312 -42.214890 0.000000 0.000000 0.000000 1.000000 0.431885 0.000000 3 3 0.014540 4 0.253008 5 0.732451
3 2.474325 -42.214890 0.000000 0.000000 0.000000 1.000000 0.718262 0.000000 3 3 0.014540 4 0.253008 5 0.732451
3 -2.474313 -39.731340 0.000000 0.000000 0.000000 1.000000 0.431885 0.083496 3 3 0.026035 4 0.279580 5 0.694385
2efb_kyj02_body_mesh1
3 2.474325 -42.214890 0.000000 0.000000 0.000000 1.000000 0.718262 0.000000 3 3 0.014540 4 0.253008 5 0.732451
3 2.474324 -39.731342 0.000000 0.000000 0.000000 1.000000 0.718262 0.083496 3 3 0.026035 4 0.279580 5 0.694385
3 -2.474313 -39.731340 0.000000 0.000000 0.000000 1.000000 0.431885 0.083496 3 3 0.026035 4 0.279580 5 0.694385
2efb_kyj02_body_mesh1
3 -2.474313 -39.731340 0.000000 0.000000 0.000000 1.000000 0.431885 0.083496 3 3 0.026035 4 0.279580 5 0.694385
3 2.474324 -39.731342 0.000000 0.000000 0.000000 1.000000 0.718262 0.083496 3 3 0.026035 4 0.279580 5 0.694385
3 2.474324 -37.247800 0.000000 0.000000 0.000000 1.000000 0.718262 0.166992 3 3 0.041967 4 0.321426 5 0.636608
2efb_kyj02_body_mesh1
3 2.474324 -39.731342 0.000000 0.000000 0.000000 1.000000 0.718262 0.083496 3 3 0.026035 4 0.279580 5 0.694385
3 7.422962 -37.247800 0.000000 0.000000 0.000000 1.000000 1.004883 0.166992 3 3 0.042585 4 0.334462 5 0.622953
3 2.474324 -37.247800 0.000000 0.000000 0.000000 1.000000 0.718262 0.166992 3 3 0.041967 4 0.321426 5 0.636608
2efb_kyj02_body_mesh1
3 2.474324 -37.247800 0.000000 0.000000 0.000000 1.000000 0.718262 0.166992 3 3 0.041967 4 0.321426 5 0.636608
3 7.422962 -37.247800 0.000000 0.000000 0.000000 1.000000 1.004883 0.166992 3 3 0.042585 4 0.334462 5 0.622953
3 2.474324 -34.764244 0.000000 0.000000 0.000000 1.000000 0.718262 0.250000 3 3 0.063330 4 0.377260 5 0.559409
2efb_kyj02_body_mesh1
3 7.422962 -37.247800 0.000000 0.000000 0.000000 1.000000 1.004883 0.166992 3 3 0.042585 4 0.334462 5 0.622953
3 7.422961 -34.764244 0.000000 0.000000 0.000000 1.000000 1.004883 0.250000 3 3 0.064125 4 0.387320 5 0.548555
3 2.474324 -34.764244 0.000000 0.000000 0.000000 1.000000 0.718262 0.250000 3 3 0.063330 4 0.377260 5 0.559409
2efb_kyj02_body_mesh1
3 2.474324 -34.764244 0.000000 0.000000 0.000000 1.000000 0.718262 0.250000 3 3 0.063330 4 0.377260 5 0.559409
3 7.422961 -34.764244 0.000000 0.000000 0.000000 1.000000 1.004883 0.250000 3 3 0.064125 4 0.387320 5 0.548555
3 7.422962 -32.280693 0.000000 0.000000 0.000000 1.000000 1.004883 0.333496 3 3 0.091740 4 0.451914 5 0.456346
2efb_kyj02_body_mesh1
3 2.474325 -42.214890 0.000000 0.000000 0.000000 1.000000 0.718262 0.000000 3 3 0.014540 4 0.253008 5 0.732451
3 7.422962 -42.214890 0.000000 0.000000 0.000000 1.000000 1.004883 0.000000 3 3 0.014462 4 0.269404 5 0.716134
3 2.474324 -39.731342 0.000000 0.000000 0.000000 1.000000 0.718262 0.083496 3 3 0.026035 4 0.279580 5 0.694385
2efb_kyj02_body_mesh1
3 7.422962 -42.214890 0.000000 0.000000 0.000000 1.000000 1.004883 0.000000 3 3 0.014462 4 0.269404 5 0.716134
3 7.422962 -39.731346 0.000000 0.000000 0.000000 1.000000 1.004883 0.083496 3 3 0.026400 4 0.295458 5 0.678142
3 2.474324 -39.731342 0.000000 0.000000 0.000000 1.000000 0.718262 0.083496 3 3 0.026035 4 0.279580 5 0.694385
2efb_kyj02_body_mesh1
3 2.474324 -39.731342 0.000000 0.000000 0.000000 1.000000 0.718262 0.083496 3 3 0.026035 4 0.279580 5 0.694385
3 7.422962 -39.731346 0.000000 0.000000 0.000000 1.000000 1.004883 0.083496 3 3 0.026400 4 0.295458 5 0.678142
3 7.422962 -37.247800 0.000000 0.000000 0.000000 1.000000 1.004883 0.166992 3 3 0.042585 4 0.334462 5 0.622953
2efb_kyj02_body_mesh1
3 -0.091111 -3.034757 -0.570730 -0.700386 -0.001300 -0.713763 0.000000 0.750000 2 3 0.800000 4 0.200000
3 -0.091111 -6.066393 -0.569633 -0.705240 0.002731 -0.708964 0.000000 0.500000 2 3 0.625000 4 0.375000
3 -0.660745 -3.108474 -0.010802 -0.700197 0.003699 0.713941 0.132812 0.750000 2 3 0.800000 4 0.200000
2efb_kyj02_body_mesh1
3 -0.091111 -6.066393 -0.569633 -0.705240 0.002731 -0.708964 0.000000 0.500000 2 3 0.625000 4 0.375000
3 -0.660744 -6.066393 0.000000 -0.705105 -0.004802 0.709087 0.132812 0.500000 2 3 0.625000 4 0.375000
3 -0.660745 -3.108474 -0.010802 -0.700197 0.003699 0.713941 0.132812 0.750000 2 3 0.800000 4 0.200000
2efb_kyj02_body_mesh1
3 -0.660744 -6.066393 0.000000 -0.705105 -0.004802 0.709087 0.132812 0.500000 2 3 0.625000 4 0.375000
3 -0.091111 -6.066393 -0.569633 -0.705240 0.002731 -0.708964 0.000000 0.500000 2 3 0.625000 4 0.375000
3 -0.660744 -9.193310 -0.038022 -0.686970 -0.012015 0.726587 0.132812 0.250000 2 3 0.450000 4 0.550000
2efb_kyj02_body_mesh1
3 -0.091111 -6.066393 -0.569633 -0.705240 0.002731 -0.708964 0.000000 0.500000 2 3 0.625000 4 0.375000
3 -0.091111 -9.313679 -0.580971 -0.687855 0.005483 -0.725827 0.000000 0.250000 2 3 0.450000 4 0.550000
3 -0.660744 -9.193310 -0.038022 -0.686970 -0.012015 0.726587 0.132812 0.250000 2 3 0.450000 4 0.550000
2efb_kyj02_body_mesh1
3 -0.660744 -9.193310 -0.038022 -0.686970 -0.012015 0.726587 0.132812 0.250000 2 3 0.450000 4 0.550000
3 -0.091111 -9.313679 -0.580971 -0.687855 0.005483 -0.725827 0.000000 0.250000 2 3 0.450000 4 0.550000
3 -0.660744 -12.320227 -0.076044 -0.669417 -0.009033 0.742832 0.132812 0.000000 2 3 0.300932 4 0.699068
2efb_kyj02_body_mesh1
3 -0.091111 -9.313679 -0.580971 -0.687855 0.005483 -0.725827 0.000000 0.250000 2 3 0.450000 4 0.550000
3 -0.091110 -12.560966 -0.592308 -0.670940 0.002589 -0.741507 0.000000 0.000000 2 3 0.303291 4 0.696709
3 -0.660744 -12.320227 -0.076044 -0.669417 -0.009033 0.742832 0.132812 0.000000 2 3 0.300932 4 0.699068
2efb_kyj02_body_mesh1
3 -0.660745 -3.108474 -0.010802 -0.700197 0.003699 0.713941 0.000000 0.750000 2 3 0.800000 4 0.200000
3 -0.660744 -6.066393 0.000000 -0.705105 -0.004802 0.709087 0.000000 0.500000 2 3 0.625000 4 0.375000
3 -0.091111 -3.182191 0.549127 0.701299 0.003973 0.712856 0.132812 0.750000 2 3 0.800000 4 0.200000
2efb_kyj02_body_mesh1
3 -0.660744 -6.066393 0.000000 -0.705105 -0.004802 0.709087 0.000000 0.500000 2 3 0.625000 4 0.375000
3 -0.091111 -6.066393 0.569633 0.707098 -0.005062 0.707098 0.132812 0.500000 2 3 0.625000 4 0.375000
3 -0.091111 -3.182191 0.549127 0.701299 0.003973 0.712856 0.132812 0.750000 2 3 0.800000 4 0.200000
2efb_kyj02_body_mesh1
3 -0.091111 -6.066393 0.569633 0.707098 -0.005062 0.707098 0.132812 0.500000 2 3 0.625000 4 0.375000
3 -0.660744 -6.066393 0.000000 -0.705105 -0.004802 0.709087 0.000000 0.500000 2 3 0.625000 4 0.375000
3 -0.091110 -9.072941 0.504926 0.690116 -0.012388 0.723592 0.132812 0.250000 2 3 0.450000 4 0.550000
2efb_kyj02_body_mesh1
3 -0.660744 -6.066393 0.000000 -0.705105 -0.004802 0.709087 0.000000 0.500000 2 3 0.625000 4 0.375000
3 -0.660744 -9.193310 -0.038022 -0.686970 -0.012015 0.726587 0.000000 0.250000 2 3 0.450000 4 0.550000
3 -0.091110 -9.072941 0.504926 0.690116 -0.012388 0.723592 0.132812 0.250000 2 3 0.450000 4 0.550000
2efb_kyj02_body_mesh1
3 -0.091110 -9.072941 0.504926 0.690116 -0.012388 0.723592 0.132812 0.250000 2 3 0.450000 4 0.550000
3 -0.660744 -9.193310 -0.038022 -0.686970 -0.012015 0.726587 0.000000 0.250000 2 3 0.450000 4 0.550000
3 -0.091110 -12.079489 0.440219 0.672087 -0.009962 0.740405 0.132812 0.000000 2 3 0.310447 4 0.689553
2efb_kyj02_body_mesh1
3 -0.660744 -9.193310 -0.038022 -0.686970 -0.012015 0.726587 0.000000 0.250000 2 3 0.450000 4 0.550000
3 -0.660744 -12.320227 -0.076044 -0.669417 -0.009033 0.742832 0.000000 0.000000 2 3 0.300932 4 0.699068
3 -0.091110 -12.079489 0.440219 0.672087 -0.009962 0.740405 0.132812 0.000000 2 3 0.310447 4 0.689553
2efb_kyj02_body_mesh1
3 -7.422950 -39.731340 0.000000 0.000000 0.000000 1.000000 0.145386 0.083496 3 3 0.026400 4 0.295458 5 0.678142
3 -2.474314 -37.247800 0.000000 0.000000 0.000000 1.000000 0.431885 0.166992 3 3 0.041967 4 0.321425 5 0.636608
3 -7.422951 -37.247790 0.000000 0.000000 0.000000 1.000000 0.145386 0.166992 3 3 0.042585 4 0.334462 5 0.622953
2efb_kyj02_body_mesh1
3 -2.474314 -37.247800 0.000000 0.000000 0.000000 1.000000 0.431885 0.166992 3 3 0.041967 4 0.321425 5 0.636608
3 -7.422951 -34.764244 0.000000 0.000000 0.000000 1.000000 0.145386 0.250000 3 3 0.064125 4 0.387320 5 0.548555
3 -7.422951 -37.247790 0.000000 0.000000 0.000000 1.000000 0.145386 0.166992 3 3 0.042585 4 0.334462 5 0.622953
2efb_kyj02_body_mesh1
3 -2.474314 -37.247800 0.000000 0.000000 0.000000 1.000000 0.431885 0.166992 3 3 0.041967 4 0.321425 5 0.636608
3 -2.474314 -34.764244 0.000000 0.000000 0.000000 1.000000 0.431885 0.250000 3 3 0.063330 4 0.377260 5 0.559409
3 -7.422951 -34.764244 0.000000 0.000000 0.000000 1.000000 0.145386 0.250000 3 3 0.064125 4 0.387320 5 0.548555
2efb_kyj02_body_mesh1
3 -2.474314 -34.764244 0.000000 0.000000 0.000000 1.000000 0.431885 0.250000 3 3 0.063330 4 0.377260 5 0.559409
3 -2.474314 -32.280693 0.000000 0.000000 0.000000 1.000000 0.431885 0.333496 3 3 0.090803 4 0.445155 5 0.464041
3 -7.422951 -34.764244 0.000000 0.000000 0.000000 1.000000 0.145386 0.250000 3 3 0.064125 4 0.387320 5 0.548555
2efb_kyj02_body_mesh1
3 -7.422951 -34.764244 0.000000 0.000000 0.000000 1.000000 0.145386 0.250000 3 3 0.064125 4 0.387320 5 0.548555
3 -2.474314 -32.280693 0.000000 0.000000 0.000000 1.000000 0.431885 0.333496 3 3 0.090803 4 0.445155 5 0.464041
3 -7.422953 -32.280693 0.000000 0.000000 0.000000 1.000000 0.145386 0.333496 3 3 0.091740 4 0.451914 5 0.456346
2efb_kyj02_body_mesh1
3 -2.474314 -32.280693 0.000000 0.000000 0.000000 1.000000 0.431885 0.333496 3 3 0.090803 4 0.445155 5 0.464041
3 -7.422953 -29.797144 0.000000 0.000000 0.000000 1.000000 0.145386 0.416992 3 3 0.125151 4 0.523209 5 0.351640
3 -7.422953 -32.280693 0.000000 0.000000 0.000000 1.000000 0.145386 0.333496 3 3 0.091740 4 0.451914 5 0.456346
2efb_kyj02_body_mesh1
3 -2.474314 -34.764244 0.000000 0.000000 0.000000 1.000000 0.431885 0.250000 3 3 0.063330 4 0.377260 5 0.559409
3 2.474323 -32.280693 0.000000 0.000000 0.000000 1.000000 0.718262 0.333496 3 3 0.090803 4 0.445155 5 0.464041
3 -2.474314 -32.280693 0.000000 0.000000 0.000000 1.000000 0.431885 0.333496 3 3 0.090803 4 0.445155 5 0.464041
2efb_kyj02_body_mesh1
3 2.474323 -32.280693 0.000000 0.000000 0.000000 1.000000 0.718262 0.333496 3 3 0.090803 4 0.445155 5 0.464041
3 -2.474314 -29.797138 0.000000 0.000000 0.000000 1.000000 0.431885 0.416992 3 3 0.123989 4 0.520148 5 0.355863
3 -2.474314 -32.280693 0.000000 0.000000 0.000000 1.000000 0.431885 0.333496 3 3 0.090803 4 0.445155 5 0.464041
2efb_kyj02_body_mesh1
3 -2.474314 -32.280693 0.000000 0.000000 0.000000 1.000000 0.431885 0.333496 3 3 0.090803 4 0.445155 5 0.464041
3 -2.474314 -29.797138 0.000000 0.000000 0.000000 1.000000 0.431885 0.416992 3 3 0.123989 4 0.520148 5 0.355863
3 -7.422953 -29.797144 0.000000 0.000000 0.000000 1.000000 0.145386 0.416992 3 3 0.125151 4 0.523209 5 0.351640
2efb_kyj02_body_mesh1
3 -2.474314 -29.797138 0.000000 0.000000 0.000000 1.000000 0.431885 0.416992 3 3 0.123989 4 0.520148 5 0.355863
3 -2.474315 -27.313590 0.000000 0.000000 0.000000 1.000000 0.431885 0.500000 3 3 0.161159 4 0.595080 5 0.243762
3 -7.422953 -29.797144 0.000000 0.000000 0.000000 1.000000 0.145386 0.416992 3 3 0.125151 4 0.523209 5 0.351640
2efb_kyj02_body_mesh1
3 -7.422953 -29.797144 0.000000 0.000000 0.000000 1.000000 0.145386 0.416992 3 3 0.125151 4 0.523209 5 0.351640
3 -2.474315 -27.313590 0.000000 0.000000 0.000000 1.000000 0.431885 0.500000 3 3 0.161159 4 0.595080 5 0.243762
3 -7.422952 -27.313587 0.000000 0.000000 0.000000 1.000000 0.145386 0.500000 3 3 0.162864 4 0.594138 5 0.242998
2efb_kyj02_body_mesh1
3 2.474323 -32.280693 0.000000 0.000000 0.000000 1.000000 0.718262 0.333496 3 3 0.090803 4 0.445155 5 0.464041
3 2.474323 -29.797138 0.000000 0.000000 0.000000 1.000000 0.718262 0.416992 3 3 0.123989 4 0.520148 5 0.355863
3 -2.474314 -29.797138 0.000000 0.000000 0.000000 1.000000 0.431885 0.416992 3 3 0.123989 4 0.520148 5 0.355863
2efb_kyj02_body_mesh1
3 2.474323 -29.797138 0.000000 0.000000 0.000000 1.000000 0.718262 0.416992 3 3 0.123989 4 0.520148 5 0.355863
3 2.474323 -27.313590 0.000000 0.000000 0.000000 1.000000 0.718262 0.500000 3 3 0.161159 4 0.595080 5 0.243762
3 -2.474314 -29.797138 0.000000 0.000000 0.000000 1.000000 0.431885 0.416992 3 3 0.123989 4 0.520148 5 0.355863
2efb_kyj02_body_mesh1
3 -2.474314 -29.797138 0.000000 0.000000 0.000000 1.000000 0.431885 0.416992 3 3 0.123989 4 0.520148 5 0.355863
3 2.474323 -27.313590 0.000000 0.000000 0.000000 1.000000 0.718262 0.500000 3 3 0.161159 4 0.595080 5 0.243762
3 -2.474315 -27.313590 0.000000 0.000000 0.000000 1.000000 0.431885 0.500000 3 3 0.161159 4 0.595080 5 0.243762
2efb_kyj02_body_mesh1
3 -7.422955 -12.412280 -0.029690 0.000000 0.000000 -1.000000 1.004883 1.000000 2 3 0.355496 4 0.644504
3 -2.474318 -12.412280 -0.029690 0.000000 0.000000 -1.000000 0.718262 1.000000 2 3 0.305630 4 0.694370
3 -7.422953 -17.379390 -0.029690 0.000000 0.000000 -1.000000 1.004883 0.833374 3 3 0.288191 4 0.690337 5 0.021473
2efb_kyj02_body_mesh1
3 -2.474318 -12.412280 -0.029690 0.000000 0.000000 -1.000000 0.718262 1.000000 2 3 0.305630 4 0.694370
3 -2.474317 -17.379383 -0.029690 0.000000 0.000000 -1.000000 0.718262 0.833374 3 3 0.272491 4 0.713489 5 0.014019
3 -7.422953 -17.379390 -0.029690 0.000000 0.000000 -1.000000 1.004883 0.833374 3 3 0.288191 4 0.690337 5 0.021473
2efb_kyj02_body_mesh1
3 -7.422953 -17.379390 -0.029690 0.000000 0.000000 -1.000000 1.004883 0.833374 3 3 0.288191 4 0.690337 5 0.021473
3 -2.474317 -17.379383 -0.029690 0.000000 0.000000 -1.000000 0.718262 0.833374 3 3 0.272491 4 0.713489 5 0.014019
3 -7.422955 -22.346487 -0.029690 0.000000 0.000000 -1.000000 1.004883 0.666748 3 3 0.229347 4 0.670777 5 0.099876
2efb_kyj02_body_mesh1
3 -2.474317 -17.379383 -0.029690 0.000000 0.000000 -1.000000 0.718262 0.833374 3 3 0.272491 4 0.713489 5 0.014019
3 -2.474316 -22.346485 -0.029690 0.000000 0.000000 -1.000000 0.718262 0.666748 3 3 0.224374 4 0.680348 5 0.095278
3 -7.422955 -22.346487 -0.029690 0.000000 0.000000 -1.000000 1.004883 0.666748 3 3 0.229347 4 0.670777 5 0.099876
2efb_kyj02_body_mesh1
3 -7.422955 -22.346487 -0.029690 0.000000 0.000000 -1.000000 1.004883 0.666748 3 3 0.229347 4 0.670777 5 0.099876
3 -2.474316 -22.346485 -0.029690 0.000000 0.000000 -1.000000 0.718262 0.666748 3 3 0.224374 4 0.680348 5 0.095278
3 -7.422952 -27.313587 -0.029690 0.000000 0.000000 -1.000000 1.004883 0.500000 3 3 0.162418 4 0.593300 5 0.244281
2efb_kyj02_body_mesh1
3 -2.474316 -22.346485 -0.029690 0.000000 0.000000 -1.000000 0.718262 0.666748 3 3 0.224374 4 0.680348 5 0.095278
3 -2.474316 -27.313591 -0.029690 0.000000 0.000000 -1.000000 0.718262 0.500000 3 3 0.160720 4 0.594195 5 0.245086
3 -7.422952 -27.313587 -0.029690 0.000000 0.000000 -1.000000 1.004883 0.500000 3 3 0.162418 4 0.593300 5 0.244281
2efb_kyj02_body_mesh1
3 -7.422952 -27.313587 -0.029690 0.000000 0.000000 -1.000000 1.004883 0.500000 3 3 0.162418 4 0.593300 5 0.244281
3 -2.474316 -27.313591 -0.029690 0.000000 0.000000 -1.000000 0.718262 0.500000 3 3 0.160720 4 0.594195 5 0.245086
3 -7.422953 -29.797146 -0.029690 0.000000 0.000000 -1.000000 1.004883 0.416992 3 3 0.126233 4 0.523117 5 0.350650
2efb_kyj02_body_mesh1
3 -2.474316 -27.313591 -0.029690 0.000000 0.000000 -1.000000 0.718262 0.500000 3 3 0.160720 4 0.594195 5 0.245086
3 -2.474315 -29.797140 -0.029690 0.000000 0.000000 -1.000000 0.718262 0.416992 3 3 0.124991 4 0.520133 5 0.354876
3 -7.422953 -29.797146 -0.029690 0.000000 0.000000 -1.000000 1.004883 0.416992 3 3 0.126233 4 0.523117 5 0.350650
2efb_kyj02_body_mesh1
3 -7.422953 -29.797146 -0.029690 0.000000 0.000000 -1.000000 1.004883 0.416992 3 3 0.126233 4 0.523117 5 0.350650
3 -2.474315 -29.797140 -0.029690 0.000000 0.000000 -1.000000 0.718262 0.416992 3 3 0.124991 4 0.520133 5 0.354876
3 -2.474315 -32.280693 -0.029690 0.000000 0.000000 -1.000000 0.718262 0.333496 3 3 0.092240 4 0.446940 5 0.460820
2efb_kyj02_body_mesh1
3 -2.474315 -29.797140 -0.029690 0.000000 0.000000 -1.000000 0.718262 0.416992 3 3 0.124991 4 0.520133 5 0.354876
3 2.474323 -32.280693 -0.029690 0.000000 0.000000 -1.000000 0.431885 0.333496 3 3 0.092240 4 0.446940 5 0.460820
3 -2.474315 -32.280693 -0.029690 0.000000 0.000000 -1.000000 0.718262 0.333496 3 3 0.092240 4 0.446940 5 0.460820
2efb_kyj02_body_mesh1
3 -2.474315 -32.280693 -0.029690 0.000000 0.000000 -1.000000 0.718262 0.333496 3 3 0.092240 4 0.446940 5 0.460820
3 2.474323 -32.280693 -0.029690 0.000000 0.000000 -1.000000 0.431885 0.333496 3 3 0.092240 4 0.446940 5 0.460820
3 -2.474314 -34.764244 -0.029690 0.000000 0.000000 -1.000000 0.718262 0.250000 3 3 0.064867 4 0.380293 5 0.554840
2efb_kyj02_body_mesh1
3 2.474323 -32.280693 -0.029690 0.000000 0.000000 -1.000000 0.431885 0.333496 3 3 0.092240 4 0.446940 5 0.460820
3 2.474323 -34.764244 -0.029690 0.000000 0.000000 -1.000000 0.431885 0.250000 3 3 0.064867 4 0.380293 5 0.554840
3 -2.474314 -34.764244 -0.029690 0.000000 0.000000 -1.000000 0.718262 0.250000 3 3 0.064867 4 0.380293 5 0.554840
2efb_kyj02_body_mesh1
3 -2.474314 -34.764244 -0.029690 0.000000 0.000000 -1.000000 0.718262 0.250000 3 3 0.064867 4 0.380293 5 0.554840
3 2.474323 -34.764244 -0.029690 0.000000 0.000000 -1.000000 0.431885 0.250000 3 3 0.064867 4 0.380293 5 0.554840
3 2.474324 -37.247800 -0.029690 0.000000 0.000000 -1.000000 0.431885 0.166992 3 3 0.043333 4 0.324944 5 0.631724
2efb_kyj02_body_mesh1
3 2.474323 -34.764244 -0.029690 0.000000 0.000000 -1.000000 0.431885 0.250000 3 3 0.064867 4 0.380293 5 0.554840
3 7.422963 -37.247800 -0.029690 0.000000 0.000000 -1.000000 0.145386 0.166992 3 3 0.043932 4 0.337946 5 0.618122
3 2.474324 -37.247800 -0.029690 0.000000 0.000000 -1.000000 0.431885 0.166992 3 3 0.043333 4 0.324944 5 0.631724
2efb_kyj02_body_mesh1
3 2.474324 -37.247800 -0.029690 0.000000 0.000000 -1.000000 0.431885 0.166992 3 3 0.043333 4 0.324944 5 0.631724
3 7.422963 -37.247800 -0.029690 0.000000 0.000000 -1.000000 0.145386 0.166992 3 3 0.043932 4 0.337946 5 0.618122
3 2.474324 -39.731346 -0.029690 0.000000 0.000000 -1.000000 0.431885 0.083496 3 3 0.027151 4 0.283421 5 0.689428
2efb_kyj02_body_mesh1
3 7.422963 -37.247800 -0.029690 0.000000 0.000000 -1.000000 0.145386 0.166992 3 3 0.043932 4 0.337946 5 0.618122
3 7.422963 -39.731346 -0.029690 0.000000 0.000000 -1.000000 0.145386 0.083496 3 3 0.027468 4 0.298715 5 0.673817
3 2.474324 -39.731346 -0.029690 0.000000 0.000000 -1.000000 0.431885 0.083496 3 3 0.027151 4 0.283421 5 0.689428
2efb_kyj02_body_mesh1
3 2.474324 -39.731346 -0.029690 0.000000 0.000000 -1.000000 0.431885 0.083496 3 3 0.027151 4 0.283421 5 0.689428
3 7.422963 -39.731346 -0.029690 0.000000 0.000000 -1.000000 0.145386 0.083496 3 3 0.027468 4 0.298715 5 0.673817
3 7.422962 -42.214890 -0.029690 0.000000 0.000000 -1.000000 0.145386 0.000000 3 3 0.014603 4 0.269712 5 0.715686
2efb_kyj02_body_mesh1
3 -2.474318 -12.412280 -0.029690 0.000000 0.000000 -1.000000 0.718262 1.000000 2 3 0.305630 4 0.694370
3 2.474320 -12.412281 -0.029690 0.000000 0.000000 -1.000000 0.431885 1.000000 2 3 0.305636 4 0.694364
3 -2.474317 -17.379383 -0.029690 0.000000 0.000000 -1.000000 0.718262 0.833374 3 3 0.272491 4 0.713489 5 0.014019
2efb_kyj02_body_mesh1
3 2.474320 -12.412281 -0.029690 0.000000 0.000000 -1.000000 0.431885 1.000000 2 3 0.305636 4 0.694364
3 2.474321 -17.379383 -0.029690 0.000000 0.000000 -1.000000 0.431885 0.833374 3 3 0.272489 4 0.713490 5 0.014021
3 -2.474317 -17.379383 -0.029690 0.000000 0.000000 -1.000000 0.718262 0.833374 3 3 0.272491 4 0.713489 5 0.014019
2efb_kyj02_body_mesh1
3 -2.474317 -17.379383 -0.029690 0.000000 0.000000 -1.000000 0.718262 0.833374 3 3 0.272491 4 0.713489 5 0.014019
3 2.474321 -17.379383 -0.029690 0.000000 0.000000 -1.000000 0.431885 0.833374 3 3 0.272489 4 0.713490 5 0.014021
3 -2.474316 -22.346485 -0.029690 0.000000 0.000000 -1.000000 0.718262 0.666748 3 3 0.224374 4 0.680348 5 0.095278
2efb_kyj02_body_mesh1
3 2.474321 -17.379383 -0.029690 0.000000 0.000000 -1.000000 0.431885 0.833374 3 3 0.272489 4 0.713490 5 0.014021
3 2.474321 -22.346485 -0.029690 0.000000 0.000000 -1.000000 0.431885 0.666748 3 3 0.224374 4 0.680348 5 0.095278
3 -2.474316 -22.346485 -0.029690 0.000000 0.000000 -1.000000 0.718262 0.666748 3 3 0.224374 4 0.680348 5 0.095278
2efb_kyj02_body_mesh1
3 -2.474316 -22.346485 -0.029690 0.000000 0.000000 -1.000000 0.718262 0.666748 3 3 0.224374 4 0.680348 5 0.095278
3 2.474321 -22.346485 -0.029690 0.000000 0.000000 -1.000000 0.431885 0.666748 3 3 0.224374 4 0.680348 5 0.095278
3 -2.474316 -27.313591 -0.029690 0.000000 0.000000 -1.000000 0.718262 0.500000 3 3 0.160720 4 0.594195 5 0.245086
2efb_kyj02_body_mesh1
3 2.474321 -22.346485 -0.029690 0.000000 0.000000 -1.000000 0.431885 0.666748 3 3 0.224374 4 0.680348 5 0.095278
3 2.474323 -27.313591 -0.029690 0.000000 0.000000 -1.000000 0.431885 0.500000 3 3 0.160720 4 0.594195 5 0.245086
3 -2.474316 -27.313591 -0.029690 0.000000 0.000000 -1.000000 0.718262 0.500000 3 3 0.160720 4 0.594195 5 0.245086
2efb_kyj02_body_mesh1
3 -2.474316 -27.313591 -0.029690 0.000000 0.000000 -1.000000 0.718262 0.500000 3 3 0.160720 4 0.594195 5 0.245086
3 2.474323 -27.313591 -0.029690 0.000000 0.000000 -1.000000 0.431885 0.500000 3 3 0.160720 4 0.594195 5 0.245086
3 -2.474315 -29.797140 -0.029690 0.000000 0.000000 -1.000000 0.718262 0.416992 3 3 0.124991 4 0.520133 5 0.354876
2efb_kyj02_body_mesh1
3 2.474323 -27.313591 -0.029690 0.000000 0.000000 -1.000000 0.431885 0.500000 3 3 0.160720 4 0.594195 5 0.245086
3 2.474323 -29.797140 -0.029690 0.000000 0.000000 -1.000000 0.431885 0.416992 3 3 0.124991 4 0.520133 5 0.354876
3 -2.474315 -29.797140 -0.029690 0.000000 0.000000 -1.000000 0.718262 0.416992 3 3 0.124991 4 0.520133 5 0.354876
2efb_kyj02_body_mesh1
3 -2.474315 -29.797140 -0.029690 0.000000 0.000000 -1.000000 0.718262 0.416992 3 3 0.124991 4 0.520133 5 0.354876
3 2.474323 -29.797140 -0.029690 0.000000 0.000000 -1.000000 0.431885 0.416992 3 3 0.124991 4 0.520133 5 0.354876
3 2.474323 -32.280693 -0.029690 0.000000 0.000000 -1.000000 0.431885 0.333496 3 3 0.092240 4 0.446940 5 0.460820
2efb_kyj02_body_mesh1
3 2.474323 -29.797140 -0.029690 0.000000 0.000000 -1.000000 0.431885 0.416992 3 3 0.124991 4 0.520133 5 0.354876
3 7.422962 -32.280693 -0.029690 0.000000 0.000000 -1.000000 0.145386 0.333496 3 3 0.093198 4 0.453599 5 0.453203
3 2.474323 -32.280693 -0.029690 0.000000 0.000000 -1.000000 0.431885 0.333496 3 3 0.092240 4 0.446940 5 0.460820
2efb_kyj02_body_mesh1
3 2.474323 -32.280693 -0.029690 0.000000 0.000000 -1.000000 0.431885 0.333496 3 3 0.092240 4 0.446940 5 0.460820
3 7.422962 -32.280693 -0.029690 0.000000 0.000000 -1.000000 0.145386 0.333496 3 3 0.093198 4 0.453599 5 0.453203
3 2.474323 -34.764244 -0.029690 0.000000 0.000000 -1.000000 0.431885 0.250000 3 3 0.064867 4 0.380293 5 0.554840
2efb_kyj02_body_mesh1
3 7.422962 -32.280693 -0.029690 0.000000 0.000000 -1.000000 0.145386 0.333496 3 3 0.093198 4 0.453599 5 0.453203
3 7.422961 -34.764244 -0.029690 0.000000 0.000000 -1.000000 0.145386 0.250000 3 3 0.065653 4 0.390272 5 0.544076
3 2.474323 -34.764244 -0.029690 0.000000 0.000000 -1.000000 0.431885 0.250000 3 3 0.064867 4 0.380293 5 0.554840
2efb_kyj02_body_mesh1
3 2.474323 -34.764244 -0.029690 0.000000 0.000000 -1.000000 0.431885 0.250000 3 3 0.064867 4 0.380293 5 0.554840
3 7.422961 -34.764244 -0.029690 0.000000 0.000000 -1.000000 0.145386 0.250000 3 3 0.065653 4 0.390272 5 0.544076
3 7.422963 -37.247800 -0.029690 0.000000 0.000000 -1.000000 0.145386 0.166992 3 3 0.043932 4 0.337946 5 0.618122
2efb_kyj02_body_mesh1
3 2.474320 -12.412281 -0.029690 0.000000 0.000000 -1.000000 0.431885 1.000000 2 3 0.305636 4 0.694364
3 7.422959 -12.412282 -0.029690 0.000000 0.000000 -1.000000 0.145386 1.000000 2 3 0.355496 4 0.644504
3 2.474321 -17.379383 -0.029690 0.000000 0.000000 -1.000000 0.431885 0.833374 3 3 0.272489 4 0.713490 5 0.014021
2efb_kyj02_body_mesh1
3 7.422959 -12.412282 -0.029690 0.000000 0.000000 -1.000000 0.145386 1.000000 2 3 0.355496 4 0.644504
3 7.422960 -17.379381 -0.029690 0.000000 0.000000 -1.000000 0.145386 0.833374 3 3 0.288191 4 0.690337 5 0.021473
3 2.474321 -17.379383 -0.029690 0.000000 0.000000 -1.000000 0.431885 0.833374 3 3 0.272489 4 0.713490 5 0.014021
2efb_kyj02_body_mesh1
3 2.474321 -17.379383 -0.029690 0.000000 0.000000 -1.000000 0.431885 0.833374 3 3 0.272489 4 0.713490 5 0.014021
3 7.422960 -17.379381 -0.029690 0.000000 0.000000 -1.000000 0.145386 0.833374 3 3 0.288191 4 0.690337 5 0.021473
3 2.474321 -22.346485 -0.029690 0.000000 0.000000 -1.000000 0.431885 0.666748 3 3 0.224374 4 0.680348 5 0.095278
2efb_kyj02_body_mesh1
3 7.422960 -17.379381 -0.029690 0.000000 0.000000 -1.000000 0.145386 0.833374 3 3 0.288191 4 0.690337 5 0.021473
3 7.422960 -22.346483 -0.029690 0.000000 0.000000 -1.000000 0.145386 0.666748 3 3 0.229347 4 0.670777 5 0.099876
3 2.474321 -22.346485 -0.029690 0.000000 0.000000 -1.000000 0.431885 0.666748 3 3 0.224374 4 0.680348 5 0.095278
2efb_kyj02_body_mesh1
3 2.474321 -22.346485 -0.029690 0.000000 0.000000 -1.000000 0.431885 0.666748 3 3 0.224374 4 0.680348 5 0.095278
3 7.422960 -22.346483 -0.029690 0.000000 0.000000 -1.000000 0.145386 0.666748 3 3 0.229347 4 0.670777 5 0.099876
3 2.474323 -27.313591 -0.029690 0.000000 0.000000 -1.000000 0.431885 0.500000 3 3 0.160720 4 0.594195 5 0.245086
2efb_kyj02_body_mesh1
3 7.422960 -22.346483 -0.029690 0.000000 0.000000 -1.000000 0.145386 0.666748 3 3 0.229347 4 0.670777 5 0.099876
3 7.422960 -27.313583 -0.029690 0.000000 0.000000 -1.000000 0.145386 0.500000 3 3 0.162418 4 0.593300 5 0.244281
3 2.474323 -27.313591 -0.029690 0.000000 0.000000 -1.000000 0.431885 0.500000 3 3 0.160720 4 0.594195 5 0.245086
2efb_kyj02_body_mesh1
3 2.474323 -27.313591 -0.029690 0.000000 0.000000 -1.000000 0.431885 0.500000 3 3 0.160720 4 0.594195 5 0.245086
3 7.422960 -27.313583 -0.029690 0.000000 0.000000 -1.000000 0.145386 0.500000 3 3 0.162418 4 0.593300 5 0.244281
3 2.474323 -29.797140 -0.029690 0.000000 0.000000 -1.000000 0.431885 0.416992 3 3 0.124991 4 0.520133 5 0.354876
2efb_kyj02_body_mesh1
3 7.422960 -27.313583 -0.029690 0.000000 0.000000 -1.000000 0.145386 0.500000 3 3 0.162418 4 0.593300 5 0.244281
3 7.422961 -29.797140 -0.029690 0.000000 0.000000 -1.000000 0.145386 0.416992 3 3 0.126233 4 0.523117 5 0.350650
3 2.474323 -29.797140 -0.029690 0.000000 0.000000 -1.000000 0.431885 0.416992 3 3 0.124991 4 0.520133 5 0.354876
2efb_kyj02_body_mesh1
3 2.474323 -29.797140 -0.029690 0.000000 0.000000 -1.000000 0.431885 0.416992 3 3 0.124991 4 0.520133 5 0.354876
3 7.422961 -29.797140 -0.029690 0.000000 0.000000 -1.000000 0.145386 0.416992 3 3 0.126233 4 0.523117 5 0.350650
3 7.422962 -32.280693 -0.029690 0.000000 0.000000 -1.000000 0.145386 0.333496 3 3 0.093198 4 0.453599 5 0.453203
2efb_kyj02_body_mesh1
3 -7.422953 -29.797146 -0.029690 0.000000 0.000000 -1.000000 1.004883 0.416992 3 3 0.126233 4 0.523117 5 0.350650
3 -2.474315 -32.280693 -0.029690 0.000000 0.000000 -1.000000 0.718262 0.333496 3 3 0.092240 4 0.446940 5 0.460820
3 -7.422953 -32.280693 -0.029690 0.000000 0.000000 -1.000000 1.004883 0.333496 3 3 0.093198 4 0.453599 5 0.453203
2efb_kyj02_body_mesh1
3 -2.474315 -32.280693 -0.029690 0.000000 0.000000 -1.000000 0.718262 0.333496 3 3 0.092240 4 0.446940 5 0.460820
3 -7.422951 -34.764244 -0.029690 0.000000 0.000000 -1.000000 1.004883 0.250000 3 3 0.065653 4 0.390272 5 0.544076
3 -7.422953 -32.280693 -0.029690 0.000000 0.000000 -1.000000 1.004883 0.333496 3 3 0.093198 4 0.453599 5 0.453203
2efb_kyj02_body_mesh1
3 7.422962 -42.214890 -0.029690 0.000000 0.000000 -1.000000 0.145386 0.000000 3 3 0.014603 4 0.269712 5 0.715686
3 2.474325 -42.214890 -0.029690 0.000000 0.000000 -1.000000 0.431885 0.000000 3 3 0.014676 4 0.253322 5 0.732002
3 2.474324 -39.731346 -0.029690 0.000000 0.000000 -1.000000 0.431885 0.083496 3 3 0.027151 4 0.283421 5 0.689428
2efb_kyj02_body_mesh1
3 2.474325 -42.214890 -0.029690 0.000000 0.000000 -1.000000 0.431885 0.000000 3 3 0.014676 4 0.253322 5 0.732002
3 -2.474313 -39.731340 -0.029690 0.000000 0.000000 -1.000000 0.718262 0.083496 3 3 0.027151 4 0.283421 5 0.689428
3 2.474324 -39.731346 -0.029690 0.000000 0.000000 -1.000000 0.431885 0.083496 3 3 0.027151 4 0.283421 5 0.689428
2efb_kyj02_body_mesh1
3 2.474324 -39.731346 -0.029690 0.000000 0.000000 -1.000000 0.431885 0.083496 3 3 0.027151 4 0.283421 5 0.689428
3 -2.474313 -39.731340 -0.029690 0.000000 0.000000 -1.000000 0.718262 0.083496 3 3 0.027151 4 0.283421 5 0.689428
3 2.474324 -37.247800 -0.029690 0.000000 0.000000 -1.000000 0.431885 0.166992 3 3 0.043333 4 0.324944 5 0.631724
2efb_kyj02_body_mesh1
3 -2.474313 -39.731340 -0.029690 0.000000 0.000000 -1.000000 0.718262 0.083496 3 3 0.027151 4 0.283421 5 0.689428
3 -2.474314 -37.247800 -0.029690 0.000000 0.000000 -1.000000 0.718262 0.166992 3 3 0.043333 4 0.324944 5 0.631724
3 2.474324 -37.247800 -0.029690 0.000000 0.000000 -1.000000 0.431885 0.166992 3 3 0.043333 4 0.324944 5 0.631724
2efb_kyj02_body_mesh1
3 2.474324 -37.247800 -0.029690 0.000000 0.000000 -1.000000 0.431885 0.166992 3 3 0.043333 4 0.324944 5 0.631724
3 -2.474314 -37.247800 -0.029690 0.000000 0.000000 -1.000000 0.718262 0.166992 3 3 0.043333 4 0.324944 5 0.631724
3 -2.474314 -34.764244 -0.029690 0.000000 0.000000 -1.000000 0.718262 0.250000 3 3 0.064867 4 0.380293 5 0.554840
2efb_kyj02_body_mesh1
3 -2.474314 -37.247800 -0.029690 0.000000 0.000000 -1.000000 0.718262 0.166992 3 3 0.043333 4 0.324944 5 0.631724
3 -7.422951 -34.764244 -0.029690 0.000000 0.000000 -1.000000 1.004883 0.250000 3 3 0.065653 4 0.390272 5 0.544076
3 -2.474314 -34.764244 -0.029690 0.000000 0.000000 -1.000000 0.718262 0.250000 3 3 0.064867 4 0.380293 5 0.554840
2efb_kyj02_body_mesh1
3 -2.474314 -34.764244 -0.029690 0.000000 0.000000 -1.000000 0.718262 0.250000 3 3 0.064867 4 0.380293 5 0.554840
3 -7.422951 -34.764244 -0.029690 0.000000 0.000000 -1.000000 1.004883 0.250000 3 3 0.065653 4 0.390272 5 0.544076
3 -2.474315 -32.280693 -0.029690 0.000000 0.000000 -1.000000 0.718262 0.333496 3 3 0.092240 4 0.446940 5 0.460820
2efb_kyj02_body_mesh1
3 -7.422951 -34.764244 -0.029690 0.000000 0.000000 -1.000000 1.004883 0.250000 3 3 0.065653 4 0.390272 5 0.544076
3 -2.474314 -37.247800 -0.029690 0.000000 0.000000 -1.000000 0.718262 0.166992 3 3 0.043333 4 0.324944 5 0.631724
3 -7.422951 -37.247795 -0.029690 0.000000 0.000000 -1.000000 1.004883 0.166992 3 3 0.043932 4 0.337946 5 0.618122
2efb_kyj02_body_mesh1
3 -2.474314 -37.247800 -0.029690 0.000000 0.000000 -1.000000 0.718262 0.166992 3 3 0.043333 4 0.324944 5 0.631724
3 -7.422950 -39.731340 -0.029690 0.000000 0.000000 -1.000000 1.004883 0.083496 3 3 0.027468 4 0.298715 5 0.673817
3 -7.422951 -37.247795 -0.029690 0.000000 0.000000 -1.000000 1.004883 0.166992 3 3 0.043932 4 0.337946 5 0.618122
2efb_kyj02_body_mesh1
3 2.474325 -42.214890 -0.029690 0.000000 0.000000 -1.000000 0.431885 0.000000 3 3 0.014676 4 0.253322 5 0.732002
3 -2.474313 -42.214890 -0.029690 0.000000 0.000000 -1.000000 0.718262 0.000000 3 3 0.014676 4 0.253322 5 0.732002
3 -2.474313 -39.731340 -0.029690 0.000000 0.000000 -1.000000 0.718262 0.083496 3 3 0.027151 4 0.283421 5 0.689428
2efb_kyj02_body_mesh1
3 -2.474313 -42.214890 -0.029690 0.000000 0.000000 -1.000000 0.718262 0.000000 3 3 0.014676 4 0.253322 5 0.732002
3 -7.422950 -39.731340 -0.029690 0.000000 0.000000 -1.000000 1.004883 0.083496 3 3 0.027468 4 0.298715 5 0.673817
3 -2.474313 -39.731340 -0.029690 0.000000 0.000000 -1.000000 0.718262 0.083496 3 3 0.027151 4 0.283421 5 0.689428
2efb_kyj02_body_mesh1
3 -2.474313 -39.731340 -0.029690 0.000000 0.000000 -1.000000 0.718262 0.083496 3 3 0.027151 4 0.283421 5 0.689428
3 -7.422950 -39.731340 -0.029690 0.000000 0.000000 -1.000000 1.004883 0.083496 3 3 0.027468 4 0.298715 5 0.673817
3 -2.474314 -37.247800 -0.029690 0.000000 0.000000 -1.000000 0.718262 0.166992 3 3 0.043333 4 0.324944 5 0.631724
2efb_kyj02_body_mesh1
3 7.422960 -27.313583 0.000000 0.000000 0.000000 1.000000 1.004883 0.500000 3 3 0.162864 4 0.594138 5 0.242998
3 2.474323 -27.313590 0.000000 0.000000 0.000000 1.000000 0.718262 0.500000 3 3 0.161159 4 0.595080 5 0.243762
3 2.474323 -29.797138 0.000000 0.000000 0.000000 1.000000 0.718262 0.416992 3 3 0.123989 4 0.520148 5 0.355863
2efb_kyj02_body_mesh1
3 -2.474313 -42.214890 -0.029690 0.000000 0.000000 -1.000000 0.718262 0.000000 3 3 0.014676 4 0.253322 5 0.732002
3 -7.422950 -42.214886 -0.029690 0.000000 0.000000 -1.000000 1.004883 0.000000 3 3 0.014603 4 0.269712 5 0.715686
3 -7.422950 -39.731340 -0.029690 0.000000 0.000000 -1.000000 1.004883 0.083496 3 3 0.027468 4 0.298715 5 0.673817
2efb_kyj02_body_mesh1
7 -0.654129 -13.307034 -0.016797 0.000000 -0.545168 -0.838327 0.116699 0.158691 2 7 0.294789 8 0.705211
7 -0.654129 -12.346782 0.607657 0.000000 0.000000 1.000000 0.128906 0.169922 2 7 0.306770 8 0.693230
7 -0.654129 -12.346785 -0.641250 0.000000 0.000000 -1.000000 0.104553 0.170898 2 7 0.307175 8 0.692825
2efb_kyj02_body_mesh1
7 -0.654129 -12.346782 0.607657 0.000000 0.000000 1.000000 0.128906 0.169922 2 7 0.306770 8 0.693230
7 -0.654129 -11.386532 -0.016796 0.000000 0.545166 -0.838328 0.116699 0.182617 2 7 0.328501 8 0.671499
7 -0.654129 -12.346785 -0.641250 0.000000 0.000000 -1.000000 0.104553 0.170898 2 7 0.307175 8 0.692825
2efb_kyj02_body_mesh1
7 -0.654129 -12.346785 -0.641250 0.000000 0.000000 -1.000000 0.013794 0.000000 2 7 0.307175 8 0.692825
7 0.483016 -12.346785 -0.641250 1.000000 0.000000 0.000000 0.129395 0.000000 2 7 0.307175 8 0.692825
7 -0.654129 -13.307034 -0.016797 0.000000 -0.545168 -0.838327 0.013794 0.250000 2 7 0.294789 8 0.705211
2efb_kyj02_body_mesh1
7 0.483016 -12.346785 -0.641250 1.000000 0.000000 0.000000 0.129395 0.000000 2 7 0.307175 8 0.692825
7 0.483016 -13.307034 -0.016797 1.000000 0.000000 0.000000 0.129395 0.250488 2 7 0.294789 8 0.705211
7 -0.654129 -13.307034 -0.016797 0.000000 -0.545168 -0.838327 0.013794 0.250000 2 7 0.294789 8 0.705211
2efb_kyj02_body_mesh1
7 -0.654129 -13.307034 -0.016797 0.000000 -0.545168 -0.838327 0.013794 0.250000 2 7 0.294789 8 0.705211
7 0.483016 -13.307034 -0.016797 1.000000 0.000000 0.000000 0.129395 0.250488 2 7 0.294789 8 0.705211
7 -0.654129 -12.346782 0.607657 0.000000 0.000000 1.000000 0.013794 0.500000 2 7 0.306770 8 0.693230
2efb_kyj02_body_mesh1
7 0.483016 -13.307034 -0.016797 1.000000 0.000000 0.000000 0.129395 0.250488 2 7 0.294789 8 0.705211
7 0.483016 -12.346782 0.607657 1.000000 0.000000 0.000000 0.129395 0.500244 2 7 0.306770 8 0.693230
7 -0.654129 -12.346782 0.607657 0.000000 0.000000 1.000000 0.013794 0.500000 2 7 0.306770 8 0.693230
2efb_kyj02_body_mesh1
7 -0.654129 -12.346782 0.607657 0.000000 0.000000 1.000000 0.013794 0.500000 2 7 0.306770 8 0.693230
7 0.483016 -12.346782 0.607657 1.000000 0.000000 0.000000 0.129395 0.500244 2 7 0.306770 8 0.693230
7 -0.654129 -11.386532 -0.016796 0.000000 0.545166 -0.838328 0.013794 0.750000 2 7 0.328501 8 0.671499
2efb_kyj02_body_mesh1
7 0.483016 -12.346782 0.607657 1.000000 0.000000 0.000000 0.129395 0.500244 2 7 0.306770 8 0.693230
7 0.483016 -11.386532 -0.016797 1.000000 0.000000 0.000000 0.129395 0.750122 2 7 0.328501 8 0.671499
7 -0.654129 -11.386532 -0.016796 0.000000 0.545166 -0.838328 0.013794 0.750000 2 7 0.328501 8 0.671499
2efb_kyj02_body_mesh1
7 -0.654129 -11.386532 -0.016796 0.000000 0.545166 -0.838328 0.013794 0.750000 2 7 0.328501 8 0.671499
7 0.483016 -11.386532 -0.016797 1.000000 0.000000 0.000000 0.129395 0.750122 2 7 0.328501 8 0.671499
7 -0.654129 -12.346785 -0.641250 0.000000 0.000000 -1.000000 0.013794 1.000000 2 7 0.307175 8 0.692825
2efb_kyj02_body_mesh1
7 0.483016 -11.386532 -0.016797 1.000000 0.000000 0.000000 0.129395 0.750122 2 7 0.328501 8 0.671499
7 0.483016 -12.346785 -0.641250 1.000000 0.000000 0.000000 0.129395 1.000000 2 7 0.307175 8 0.692825
7 -0.654129 -12.346785 -0.641250 0.000000 0.000000 -1.000000 0.013794 1.000000 2 7 0.307175 8 0.692825
2efb_kyj02_body_mesh1
7 0.483016 -13.307034 -0.016797 1.000000 0.000000 0.000000 0.116699 0.158691 2 7 0.294789 8 0.705211
7 0.483016 -12.346785 -0.641250 1.000000 0.000000 0.000000 0.104553 0.170898 2 7 0.307175 8 0.692825
7 0.483016 -12.346782 0.607657 1.000000 0.000000 0.000000 0.128906 0.169922 2 7 0.306770 8 0.693230
2efb_kyj02_body_mesh1
7 0.483016 -12.346785 -0.641250 1.000000 0.000000 0.000000 0.104553 0.170898 2 7 0.307175 8 0.692825
7 0.483016 -11.386532 -0.016797 1.000000 0.000000 0.000000 0.116699 0.182617 2 7 0.328501 8 0.671499
7 0.483016 -12.346782 0.607657 1.000000 0.000000 0.000000 0.128906 0.169922 2 7 0.306770 8 0.693230
2efb_kyj02_body_mesh1
6 -0.091111 -0.003120 -0.571827 -0.694712 0.000000 -0.719288 0.132812 1.000000 2 6 0.500000 7 0.500000
6 0.478522 -0.150555 -0.021604 0.694393 0.002628 0.719592 0.000000 1.000000 2 6 0.500000 7 0.500000
7 -0.091111 -3.034757 -0.570730 -0.700386 -0.001300 -0.713763 0.132812 0.750000 2 7 0.800000 8 0.200000
2efb_kyj02_body_mesh1
6 0.478522 -0.150555 -0.021604 0.694393 0.002628 0.719592 0.000000 1.000000 2 6 0.500000 7 0.500000
7 0.478523 -3.108474 -0.010802 0.700197 0.003699 0.713940 0.000000 0.750000 2 7 0.800000 8 0.200000
7 -0.091111 -3.034757 -0.570730 -0.700386 -0.001300 -0.713763 0.132812 0.750000 2 7 0.800000 8 0.200000
2efb_kyj02_body_mesh1
7 -0.091111 -3.034757 -0.570730 -0.700386 -0.001300 -0.713763 0.132812 0.750000 2 7 0.800000 8 0.200000
7 0.478523 -3.108474 -0.010802 0.700197 0.003699 0.713940 0.000000 0.750000 2 7 0.800000 8 0.200000
7 -0.091111 -6.066393 -0.569633 -0.705240 0.002731 -0.708964 0.132812 0.500000 2 7 0.625000 8 0.375000
2efb_kyj02_body_mesh1
7 0.478523 -3.108474 -0.010802 0.700197 0.003699 0.713940 0.000000 0.750000 2 7 0.800000 8 0.200000
7 0.478523 -6.066393 0.000000 0.705105 -0.004802 0.709086 0.000000 0.500000 2 7 0.625000 8 0.375000
7 -0.091111 -6.066393 -0.569633 -0.705240 0.002731 -0.708964 0.132812 0.500000 2 7 0.625000 8 0.375000
2efb_kyj02_body_mesh1
7 -0.091111 -6.066393 -0.569633 -0.705240 0.002731 -0.708964 0.132812 0.500000 2 7 0.625000 8 0.375000
7 0.478523 -6.066393 0.000000 0.705105 -0.004802 0.709086 0.000000 0.500000 2 7 0.625000 8 0.375000
7 0.478523 -9.193310 -0.038022 0.686970 -0.012015 0.726586 0.000000 0.250000 2 7 0.450000 8 0.550000
2efb_kyj02_body_mesh1
7 -0.091111 -6.066393 -0.569633 -0.705240 0.002731 -0.708964 0.132812 0.500000 2 7 0.625000 8 0.375000
7 0.478523 -9.193310 -0.038022 0.686970 -0.012015 0.726586 0.000000 0.250000 2 7 0.450000 8 0.550000
7 -0.091111 -9.313679 -0.580971 -0.687855 0.005483 -0.725827 0.132812 0.250000 2 7 0.450000 8 0.550000
2efb_kyj02_body_mesh1
7 0.478523 -9.193310 -0.038022 0.686970 -0.012015 0.726586 0.000000 0.250000 2 7 0.450000 8 0.550000
7 0.478523 -12.320227 -0.076045 0.669417 -0.009033 0.742832 0.000000 0.000000 2 7 0.300932 8 0.699068
7 -0.091111 -9.313679 -0.580971 -0.687855 0.005483 -0.725827 0.132812 0.250000 2 7 0.450000 8 0.550000
2efb_kyj02_body_mesh1
7 -0.091111 -9.313679 -0.580971 -0.687855 0.005483 -0.725827 0.132812 0.250000 2 7 0.450000 8 0.550000
7 0.478523 -12.320227 -0.076045 0.669417 -0.009033 0.742832 0.000000 0.000000 2 7 0.300932 8 0.699068
7 -0.091110 -12.560967 -0.592308 -0.670940 0.002589 -0.741507 0.132812 0.000000 2 7 0.303291 8 0.696709
2efb_kyj02_body_mesh1
6 -0.091111 -0.003120 -0.571827 -0.694712 0.000000 -0.719288 0.000000 1.000000 2 6 0.500000 7 0.500000
7 -0.091111 -3.034757 -0.570730 -0.700386 -0.001300 -0.713763 0.000000 0.750000 2 7 0.800000 8 0.200000
6 -0.660745 -0.150555 -0.021604 -0.694392 0.002628 0.719592 0.132812 1.000000 2 6 0.500000 7 0.500000
2efb_kyj02_body_mesh1
7 -0.091111 -3.034757 -0.570730 -0.700386 -0.001300 -0.713763 0.000000 0.750000 2 7 0.800000 8 0.200000
7 -0.660745 -3.108474 -0.010802 -0.700197 0.003699 0.713941 0.132812 0.750000 2 7 0.800000 8 0.200000
6 -0.660745 -0.150555 -0.021604 -0.694392 0.002628 0.719592 0.132812 1.000000 2 6 0.500000 7 0.500000
2efb_kyj02_body_mesh1
6 -0.660745 -0.150555 -0.021604 -0.694392 0.002628 0.719592 0.000000 1.000000 2 6 0.500000 7 0.500000
7 -0.660745 -3.108474 -0.010802 -0.700197 0.003699 0.713941 0.000000 0.750000 2 7 0.800000 8 0.200000
6 -0.091111 -0.297989 0.528620 0.695384 0.003013 0.718632 0.132812 1.000000 2 6 0.500000 7 0.500000
2efb_kyj02_body_mesh1
7 -0.660745 -3.108474 -0.010802 -0.700197 0.003699 0.713941 0.000000 0.750000 2 7 0.800000 8 0.200000
7 -0.091111 -3.182191 0.549127 0.701299 0.003973 0.712856 0.132812 0.750000 2 7 0.800000 8 0.200000
6 -0.091111 -0.297989 0.528620 0.695384 0.003013 0.718632 0.132812 1.000000 2 6 0.500000 7 0.500000
2efb_kyj02_body_mesh1
6 0.478522 -0.150555 -0.021604 0.694393 0.002628 0.719592 0.132812 1.000000 2 6 0.500000 7 0.500000
6 -0.091111 -0.297989 0.528620 0.695384 0.003013 0.718632 0.000000 1.000000 2 6 0.500000 7 0.500000
7 0.478523 -3.108474 -0.010802 0.700197 0.003699 0.713940 0.132812 0.750000 2 7 0.800000 8 0.200000
2efb_kyj02_body_mesh1
6 -0.091111 -0.297989 0.528620 0.695384 0.003013 0.718632 0.000000 1.000000 2 6 0.500000 7 0.500000
7 -0.091111 -3.182191 0.549127 0.701299 0.003973 0.712856 0.000000 0.750000 2 7 0.800000 8 0.200000
7 0.478523 -3.108474 -0.010802 0.700197 0.003699 0.713940 0.132812 0.750000 2 7 0.800000 8 0.200000
2efb_kyj02_body_mesh1
7 0.478523 -3.108474 -0.010802 0.700197 0.003699 0.713940 0.132812 0.750000 2 7 0.800000 8 0.200000
7 -0.091111 -3.182191 0.549127 0.701299 0.003973 0.712856 0.000000 0.750000 2 7 0.800000 8 0.200000
7 0.478523 -6.066393 0.000000 0.705105 -0.004802 0.709086 0.132812 0.500000 2 7 0.625000 8 0.375000
2efb_kyj02_body_mesh1
7 -0.091111 -3.182191 0.549127 0.701299 0.003973 0.712856 0.000000 0.750000 2 7 0.800000 8 0.200000
7 -0.091111 -6.066393 0.569633 0.707098 -0.005062 0.707098 0.000000 0.500000 2 7 0.625000 8 0.375000
7 0.478523 -6.066393 0.000000 0.705105 -0.004802 0.709086 0.132812 0.500000 2 7 0.625000 8 0.375000
2efb_kyj02_body_mesh1
7 0.478523 -6.066393 0.000000 0.705105 -0.004802 0.709086 0.132812 0.500000 2 7 0.625000 8 0.375000
7 -0.091111 -6.066393 0.569633 0.707098 -0.005062 0.707098 0.000000 0.500000 2 7 0.625000 8 0.375000
7 -0.091111 -9.072941 0.504926 0.690116 -0.012388 0.723592 0.000000 0.250000 2 7 0.450000 8 0.550000
2efb_kyj02_body_mesh1
7 0.478523 -6.066393 0.000000 0.705105 -0.004802 0.709086 0.132812 0.500000 2 7 0.625000 8 0.375000
7 -0.091111 -9.072941 0.504926 0.690116 -0.012388 0.723592 0.000000 0.250000 2 7 0.450000 8 0.550000
7 0.478523 -9.193310 -0.038022 0.686970 -0.012015 0.726586 0.132812 0.250000 2 7 0.450000 8 0.550000
2efb_kyj02_body_mesh1
7 -0.091111 -9.072941 0.504926 0.690116 -0.012388 0.723592 0.000000 0.250000 2 7 0.450000 8 0.550000
7 -0.091110 -12.079489 0.440219 0.672087 -0.009962 0.740405 0.000000 0.000000 2 7 0.310447 8 0.689553
7 0.478523 -9.193310 -0.038022 0.686970 -0.012015 0.726586 0.132812 0.250000 2 7 0.450000 8 0.550000
2efb_kyj02_body_mesh1
7 0.478523 -9.193310 -0.038022 0.686970 -0.012015 0.726586 0.132812 0.250000 2 7 0.450000 8 0.550000
7 -0.091110 -12.079489 0.440219 0.672087 -0.009962 0.740405 0.000000 0.000000 2 7 0.310447 8 0.689553
7 0.478523 -12.320227 -0.076045 0.669417 -0.009033 0.742832 0.132812 0.000000 2 7 0.300932 8 0.699068
2efb_kyj02_body_mesh1
6 -0.654129 -0.959076 -0.016797 0.000000 -0.654652 -0.755930 0.116699 0.158691 2 6 0.500000 7 0.500000
6 -0.654129 0.001179 0.814806 0.000000 -0.654652 0.755930 0.128906 0.169922 2 6 0.500000 7 0.500000
6 -0.654129 0.001179 -0.848399 0.000000 0.654654 -0.755929 0.104553 0.170898 2 6 0.500000 7 0.500000
2efb_kyj02_body_mesh1
6 -0.654129 0.001179 0.814806 0.000000 -0.654652 0.755930 0.128906 0.169922 2 6 0.500000 7 0.500000
6 -0.654129 0.961430 -0.016797 0.000000 0.654654 -0.755929 0.116699 0.182617 2 6 0.500000 7 0.500000
6 -0.654129 0.001179 -0.848399 0.000000 0.654654 -0.755929 0.104553 0.170898 2 6 0.500000 7 0.500000
2efb_kyj02_body_mesh1
6 -0.654129 0.001179 -0.848399 0.000000 0.654654 -0.755929 0.013214 0.000000 2 6 0.500000 7 0.500000
6 0.483016 0.001179 -0.848399 1.000000 0.000000 0.000000 0.129639 0.000000 2 6 0.500000 7 0.500000
6 -0.654129 -0.959076 -0.016797 0.000000 -0.654652 -0.755930 0.013214 0.250488 2 6 0.500000 7 0.500000
2efb_kyj02_body_mesh1
6 0.483016 0.001179 -0.848399 1.000000 0.000000 0.000000 0.129639 0.000000 2 6 0.500000 7 0.500000
6 0.483017 -0.959076 -0.016797 1.000000 0.000000 0.000000 0.129639 0.250488 2 6 0.500000 7 0.500000
6 -0.654129 -0.959076 -0.016797 0.000000 -0.654652 -0.755930 0.013214 0.250488 2 6 0.500000 7 0.500000
2efb_kyj02_body_mesh1
6 -0.654129 -0.959076 -0.016797 0.000000 -0.654652 -0.755930 0.013214 0.250488 2 6 0.500000 7 0.500000
6 0.483017 -0.959076 -0.016797 1.000000 0.000000 0.000000 0.129639 0.250488 2 6 0.500000 7 0.500000
6 -0.654129 0.001179 0.814806 0.000000 -0.654652 0.755930 0.013214 0.500244 2 6 0.500000 7 0.500000
2efb_kyj02_body_mesh1
6 0.483017 -0.959076 -0.016797 1.000000 0.000000 0.000000 0.129639 0.250488 2 6 0.500000 7 0.500000
6 0.483017 0.001179 0.814806 1.000000 0.000000 0.000000 0.129639 0.500244 2 6 0.500000 7 0.500000
6 -0.654129 0.001179 0.814806 0.000000 -0.654652 0.755930 0.013214 0.500244 2 6 0.500000 7 0.500000
2efb_kyj02_body_mesh1
6 -0.654129 0.001179 0.814806 0.000000 -0.654652 0.755930 0.013214 0.500244 2 6 0.500000 7 0.500000
6 0.483017 0.001179 0.814806 1.000000 0.000000 0.000000 0.129639 0.500244 2 6 0.500000 7 0.500000
6 -0.654129 0.961430 -0.016797 0.000000 0.654654 -0.755929 0.013214 0.750122 2 6 0.500000 7 0.500000
2efb_kyj02_body_mesh1
6 0.483017 0.001179 0.814806 1.000000 0.000000 0.000000 0.129639 0.500244 2 6 0.500000 7 0.500000
6 0.483016 0.961430 -0.016797 1.000000 0.000000 0.000000 0.129639 0.750122 2 6 0.500000 7 0.500000
6 -0.654129 0.961430 -0.016797 0.000000 0.654654 -0.755929 0.013214 0.750122 2 6 0.500000 7 0.500000
2efb_kyj02_body_mesh1
6 -0.654129 0.961430 -0.016797 0.000000 0.654654 -0.755929 0.013214 0.750122 2 6 0.500000 7 0.500000
6 0.483016 0.961430 -0.016797 1.000000 0.000000 0.000000 0.129639 0.750122 2 6 0.500000 7 0.500000
6 -0.654129 0.001179 -0.848399 0.000000 0.654654 -0.755929 0.013214 1.000000 2 6 0.500000 7 0.500000
2efb_kyj02_body_mesh1
6 0.483016 0.961430 -0.016797 1.000000 0.000000 0.000000 0.129639 0.750122 2 6 0.500000 7 0.500000
6 0.483016 0.001179 -0.848399 1.000000 0.000000 0.000000 0.129639 1.000000 2 6 0.500000 7 0.500000
6 -0.654129 0.001179 -0.848399 0.000000 0.654654 -0.755929 0.013214 1.000000 2 6 0.500000 7 0.500000
2efb_kyj02_body_mesh1
6 0.483017 -0.959076 -0.016797 1.000000 0.000000 0.000000 0.116699 0.158691 2 6 0.500000 7 0.500000
6 0.483016 0.001179 -0.848399 1.000000 0.000000 0.000000 0.104553 0.170898 2 6 0.500000 7 0.500000
6 0.483017 0.001179 0.814806 1.000000 0.000000 0.000000 0.128906 0.169922 2 6 0.500000 7 0.500000
2efb_kyj02_body_mesh1
6 0.483016 0.001179 -0.848399 1.000000 0.000000 0.000000 0.104553 0.170898 2 6 0.500000 7 0.500000
6 0.483016 0.961430 -0.016797 1.000000 0.000000 0.000000 0.116699 0.182617 2 6 0.500000 7 0.500000
6 0.483017 0.001179 0.814806 1.000000 0.000000 0.000000 0.128906 0.169922 2 6 0.500000 7 0.500000
2efb_kyj02_body_mesh1
7 -7.422955 -12.412282 0.000000 0.000000 0.000000 1.000000 0.145386 1.000000 2 7 0.355496 8 0.644504
7 -7.422953 -17.379387 0.000000 0.000000 0.000000 1.000000 0.145386 0.833374 3 7 0.288191 8 0.690337 9 0.021473
7 -2.474317 -12.412281 0.000000 0.000000 0.000000 1.000000 0.431885 1.000000 2 7 0.307059 8 0.692941
2efb_kyj02_body_mesh1
7 -7.422953 -17.379387 0.000000 0.000000 0.000000 1.000000 0.145386 0.833374 3 7 0.288191 8 0.690337 9 0.021473
7 -2.474316 -17.379383 0.000000 0.000000 0.000000 1.000000 0.431885 0.833374 3 7 0.272343 8 0.713544 9 0.014113
7 -2.474317 -12.412281 0.000000 0.000000 0.000000 1.000000 0.431885 1.000000 2 7 0.307059 8 0.692941
2efb_kyj02_body_mesh1
7 -2.474317 -12.412281 0.000000 0.000000 0.000000 1.000000 0.431885 1.000000 2 7 0.307059 8 0.692941
7 -2.474316 -17.379383 0.000000 0.000000 0.000000 1.000000 0.431885 0.833374 3 7 0.272343 8 0.713544 9 0.014113
7 2.474321 -12.412281 0.000000 0.000000 0.000000 1.000000 0.718262 1.000000 2 7 0.307059 8 0.692941
2efb_kyj02_body_mesh1
7 -2.474316 -17.379383 0.000000 0.000000 0.000000 1.000000 0.431885 0.833374 3 7 0.272343 8 0.713544 9 0.014113
7 2.474321 -17.379383 0.000000 0.000000 0.000000 1.000000 0.718262 0.833374 3 7 0.272343 8 0.713544 9 0.014113
7 2.474321 -12.412281 0.000000 0.000000 0.000000 1.000000 0.718262 1.000000 2 7 0.307059 8 0.692941
2efb_kyj02_body_mesh1
7 2.474321 -12.412281 0.000000 0.000000 0.000000 1.000000 0.718262 1.000000 2 7 0.307059 8 0.692941
7 2.474321 -17.379383 0.000000 0.000000 0.000000 1.000000 0.718262 0.833374 3 7 0.272343 8 0.713544 9 0.014113
7 7.422958 -12.412280 0.000000 0.000000 0.000000 1.000000 1.004883 1.000000 2 7 0.355496 8 0.644504
2efb_kyj02_body_mesh1
7 2.474321 -17.379383 0.000000 0.000000 0.000000 1.000000 0.718262 0.833374 3 7 0.272343 8 0.713544 9 0.014113
7 7.422959 -17.379381 0.000000 0.000000 0.000000 1.000000 1.004883 0.833374 3 7 0.288191 8 0.690337 9 0.021473
7 7.422958 -12.412280 0.000000 0.000000 0.000000 1.000000 1.004883 1.000000 2 7 0.355496 8 0.644504
2efb_kyj02_body_mesh1
7 -7.422953 -17.379387 0.000000 0.000000 0.000000 1.000000 0.145386 0.833374 3 7 0.288191 8 0.690337 9 0.021473
7 -7.422955 -22.346487 0.000000 0.000000 0.000000 1.000000 0.145386 0.666748 3 7 0.229347 8 0.670777 9 0.099876
7 -2.474316 -17.379383 0.000000 0.000000 0.000000 1.000000 0.431885 0.833374 3 7 0.272343 8 0.713544 9 0.014113
2efb_kyj02_body_mesh1
7 -7.422955 -22.346487 0.000000 0.000000 0.000000 1.000000 0.145386 0.666748 3 7 0.229347 8 0.670777 9 0.099876
7 -2.474316 -22.346485 0.000000 0.000000 0.000000 1.000000 0.431885 0.666748 3 7 0.224374 8 0.680348 9 0.095278
7 -2.474316 -17.379383 0.000000 0.000000 0.000000 1.000000 0.431885 0.833374 3 7 0.272343 8 0.713544 9 0.014113
2efb_kyj02_body_mesh1
7 -2.474316 -17.379383 0.000000 0.000000 0.000000 1.000000 0.431885 0.833374 3 7 0.272343 8 0.713544 9 0.014113
7 -2.474316 -22.346485 0.000000 0.000000 0.000000 1.000000 0.431885 0.666748 3 7 0.224374 8 0.680348 9 0.095278
7 2.474321 -17.379383 0.000000 0.000000 0.000000 1.000000 0.718262 0.833374 3 7 0.272343 8 0.713544 9 0.014113
2efb_kyj02_body_mesh1
7 -2.474316 -22.346485 0.000000 0.000000 0.000000 1.000000 0.431885 0.666748 3 7 0.224374 8 0.680348 9 0.095278
7 2.474322 -22.346485 0.000000 0.000000 0.000000 1.000000 0.718262 0.666748 3 7 0.224374 8 0.680348 9 0.095278
7 2.474321 -17.379383 0.000000 0.000000 0.000000 1.000000 0.718262 0.833374 3 7 0.272343 8 0.713544 9 0.014113
2efb_kyj02_body_mesh1
7 2.474321 -17.379383 0.000000 0.000000 0.000000 1.000000 0.718262 0.833374 3 7 0.272343 8 0.713544 9 0.014113
7 2.474322 -22.346485 0.000000 0.000000 0.000000 1.000000 0.718262 0.666748 3 7 0.224374 8 0.680348 9 0.095278
7 7.422959 -17.379381 0.000000 0.000000 0.000000 1.000000 1.004883 0.833374 3 7 0.288191 8 0.690337 9 0.021473
2efb_kyj02_body_mesh1
7 2.474322 -22.346485 0.000000 0.000000 0.000000 1.000000 0.718262 0.666748 3 7 0.224374 8 0.680348 9 0.095278
7 7.422960 -22.346483 0.000000 0.000000 0.000000 1.000000 1.004883 0.666748 3 7 0.229347 8 0.670777 9 0.099876
7 7.422959 -17.379381 0.000000 0.000000 0.000000 1.000000 1.004883 0.833374 3 7 0.288191 8 0.690337 9 0.021473
2efb_kyj02_body_mesh1
7 -7.422955 -22.346487 0.000000 0.000000 0.000000 1.000000 0.145386 0.666748 3 7 0.229347 8 0.670777 9 0.099876
7 -7.422952 -27.313587 0.000000 0.000000 0.000000 1.000000 0.145386 0.500000 3 7 0.162864 8 0.594138 9 0.242998
7 -2.474316 -22.346485 0.000000 0.000000 0.000000 1.000000 0.431885 0.666748 3 7 0.224374 8 0.680348 9 0.095278
2efb_kyj02_body_mesh1
7 -7.422952 -27.313587 0.000000 0.000000 0.000000 1.000000 0.145386 0.500000 3 7 0.162864 8 0.594138 9 0.242998
7 -2.474315 -27.313590 0.000000 0.000000 0.000000 1.000000 0.431885 0.500000 3 7 0.161159 8 0.595080 9 0.243762
7 -2.474316 -22.346485 0.000000 0.000000 0.000000 1.000000 0.431885 0.666748 3 7 0.224374 8 0.680348 9 0.095278
2efb_kyj02_body_mesh1
7 -2.474316 -22.346485 0.000000 0.000000 0.000000 1.000000 0.431885 0.666748 3 7 0.224374 8 0.680348 9 0.095278
7 -2.474315 -27.313590 0.000000 0.000000 0.000000 1.000000 0.431885 0.500000 3 7 0.161159 8 0.595080 9 0.243762
7 2.474322 -22.346485 0.000000 0.000000 0.000000 1.000000 0.718262 0.666748 3 7 0.224374 8 0.680348 9 0.095278
2efb_kyj02_body_mesh1
7 -2.474315 -27.313590 0.000000 0.000000 0.000000 1.000000 0.431885 0.500000 3 7 0.161159 8 0.595080 9 0.243762
7 2.474323 -27.313590 0.000000 0.000000 0.000000 1.000000 0.718262 0.500000 3 7 0.161159 8 0.595080 9 0.243762
7 2.474322 -22.346485 0.000000 0.000000 0.000000 1.000000 0.718262 0.666748 3 7 0.224374 8 0.680348 9 0.095278
2efb_kyj02_body_mesh1
7 2.474322 -22.346485 0.000000 0.000000 0.000000 1.000000 0.718262 0.666748 3 7 0.224374 8 0.680348 9 0.095278
7 2.474323 -27.313590 0.000000 0.000000 0.000000 1.000000 0.718262 0.500000 3 7 0.161159 8 0.595080 9 0.243762
7 7.422960 -22.346483 0.000000 0.000000 0.000000 1.000000 1.004883 0.666748 3 7 0.229347 8 0.670777 9 0.099876
2efb_kyj02_body_mesh1
7 2.474323 -27.313590 0.000000 0.000000 0.000000 1.000000 0.718262 0.500000 3 7 0.161159 8 0.595080 9 0.243762
7 7.422960 -27.313583 0.000000 0.000000 0.000000 1.000000 1.004883 0.500000 3 7 0.162864 8 0.594138 9 0.242998
7 7.422960 -22.346483 0.000000 0.000000 0.000000 1.000000 1.004883 0.666748 3 7 0.229347 8 0.670777 9 0.099876
2efb_kyj02_body_mesh1
7 -7.422950 -42.214890 0.000000 0.000000 0.000000 1.000000 0.145386 0.000000 3 7 0.014462 8 0.269404 9 0.716134
7 -2.474313 -42.214890 0.000000 0.000000 0.000000 1.000000 0.431885 0.000000 3 7 0.014540 8 0.253008 9 0.732451
7 -7.422950 -39.731340 0.000000 0.000000 0.000000 1.000000 0.145386 0.083496 3 7 0.026400 8 0.295458 9 0.678142
2efb_kyj02_body_mesh1
7 -2.474313 -42.214890 0.000000 0.000000 0.000000 1.000000 0.431885 0.000000 3 7 0.014540 8 0.253008 9 0.732451
7 -2.474313 -39.731340 0.000000 0.000000 0.000000 1.000000 0.431885 0.083496 3 7 0.026035 8 0.279580 9 0.694385
7 -7.422950 -39.731340 0.000000 0.000000 0.000000 1.000000 0.145386 0.083496 3 7 0.026400 8 0.295458 9 0.678142
2efb_kyj02_body_mesh1
7 -7.422950 -39.731340 0.000000 0.000000 0.000000 1.000000 0.145386 0.083496 3 7 0.026400 8 0.295458 9 0.678142
7 -2.474313 -39.731340 0.000000 0.000000 0.000000 1.000000 0.431885 0.083496 3 7 0.026035 8 0.279580 9 0.694385
7 -2.474314 -37.247800 0.000000 0.000000 0.000000 1.000000 0.431885 0.166992 3 7 0.041967 8 0.321425 9 0.636608
2efb_kyj02_body_mesh1
7 -2.474313 -39.731340 0.000000 0.000000 0.000000 1.000000 0.431885 0.083496 3 7 0.026035 8 0.279580 9 0.694385
7 2.474325 -37.247800 0.000000 0.000000 0.000000 1.000000 0.718262 0.166992 3 7 0.041967 8 0.321426 9 0.636608
7 -2.474314 -37.247800 0.000000 0.000000 0.000000 1.000000 0.431885 0.166992 3 7 0.041967 8 0.321425 9 0.636608
2efb_kyj02_body_mesh1
7 -2.474314 -37.247800 0.000000 0.000000 0.000000 1.000000 0.431885 0.166992 3 7 0.041967 8 0.321425 9 0.636608
7 2.474325 -37.247800 0.000000 0.000000 0.000000 1.000000 0.718262 0.166992 3 7 0.041967 8 0.321426 9 0.636608
7 -2.474314 -34.764244 0.000000 0.000000 0.000000 1.000000 0.431885 0.250000 3 7 0.063330 8 0.377260 9 0.559409
2efb_kyj02_body_mesh1
7 2.474325 -37.247800 0.000000 0.000000 0.000000 1.000000 0.718262 0.166992 3 7 0.041967 8 0.321426 9 0.636608
7 2.474324 -34.764244 0.000000 0.000000 0.000000 1.000000 0.718262 0.250000 3 7 0.063330 8 0.377260 9 0.559409
7 -2.474314 -34.764244 0.000000 0.000000 0.000000 1.000000 0.431885 0.250000 3 7 0.063330 8 0.377260 9 0.559409
2efb_kyj02_body_mesh1
7 -2.474314 -34.764244 0.000000 0.000000 0.000000 1.000000 0.431885 0.250000 3 7 0.063330 8 0.377260 9 0.559409
7 2.474324 -34.764244 0.000000 0.000000 0.000000 1.000000 0.718262 0.250000 3 7 0.063330 8 0.377260 9 0.559409
7 2.474324 -32.280693 0.000000 0.000000 0.000000 1.000000 0.718262 0.333496 3 7 0.090803 8 0.445155 9 0.464041
2efb_kyj02_body_mesh1
7 2.474324 -34.764244 0.000000 0.000000 0.000000 1.000000 0.718262 0.250000 3 7 0.063330 8 0.377260 9 0.559409
7 7.422962 -32.280693 0.000000 0.000000 0.000000 1.000000 1.004883 0.333496 3 7 0.091740 8 0.451914 9 0.456346
7 2.474324 -32.280693 0.000000 0.000000 0.000000 1.000000 0.718262 0.333496 3 7 0.090803 8 0.445155 9 0.464041
2efb_kyj02_body_mesh1
7 2.474324 -32.280693 0.000000 0.000000 0.000000 1.000000 0.718262 0.333496 3 7 0.090803 8 0.445155 9 0.464041
7 7.422962 -32.280693 0.000000 0.000000 0.000000 1.000000 1.004883 0.333496 3 7 0.091740 8 0.451914 9 0.456346
7 2.474323 -29.797138 0.000000 0.000000 0.000000 1.000000 0.718262 0.416992 3 7 0.123989 8 0.520148 9 0.355863
2efb_kyj02_body_mesh1
7 7.422962 -32.280693 0.000000 0.000000 0.000000 1.000000 1.004883 0.333496 3 7 0.091740 8 0.451914 9 0.456346
7 7.422961 -29.797138 0.000000 0.000000 0.000000 1.000000 1.004883 0.416992 3 7 0.125151 8 0.523209 9 0.351640
7 2.474323 -29.797138 0.000000 0.000000 0.000000 1.000000 0.718262 0.416992 3 7 0.123989 8 0.520148 9 0.355863
2efb_kyj02_body_mesh1
7 2.474323 -29.797138 0.000000 0.000000 0.000000 1.000000 0.718262 0.416992 3 7 0.123989 8 0.520148 9 0.355863
7 7.422961 -29.797138 0.000000 0.000000 0.000000 1.000000 1.004883 0.416992 3 7 0.125151 8 0.523209 9 0.351640
7 7.422960 -27.313583 0.000000 0.000000 0.000000 1.000000 1.004883 0.500000 3 7 0.162864 8 0.594138 9 0.242998
2efb_kyj02_body_mesh1
7 -2.474313 -42.214890 0.000000 0.000000 0.000000 1.000000 0.431885 0.000000 3 7 0.014540 8 0.253008 9 0.732451
7 2.474325 -42.214890 0.000000 0.000000 0.000000 1.000000 0.718262 0.000000 3 7 0.014540 8 0.253008 9 0.732451
7 -2.474313 -39.731340 0.000000 0.000000 0.000000 1.000000 0.431885 0.083496 3 7 0.026035 8 0.279580 9 0.694385
2efb_kyj02_body_mesh1
7 2.474325 -42.214890 0.000000 0.000000 0.000000 1.000000 0.718262 0.000000 3 7 0.014540 8 0.253008 9 0.732451
7 2.474325 -39.731342 0.000000 0.000000 0.000000 1.000000 0.718262 0.083496 3 7 0.026035 8 0.279580 9 0.694385
7 -2.474313 -39.731340 0.000000 0.000000 0.000000 1.000000 0.431885 0.083496 3 7 0.026035 8 0.279580 9 0.694385
2efb_kyj02_body_mesh1
7 -2.474313 -39.731340 0.000000 0.000000 0.000000 1.000000 0.431885 0.083496 3 7 0.026035 8 0.279580 9 0.694385
7 2.474325 -39.731342 0.000000 0.000000 0.000000 1.000000 0.718262 0.083496 3 7 0.026035 8 0.279580 9 0.694385
7 2.474325 -37.247800 0.000000 0.000000 0.000000 1.000000 0.718262 0.166992 3 7 0.041967 8 0.321426 9 0.636608
2efb_kyj02_body_mesh1
7 2.474325 -39.731342 0.000000 0.000000 0.000000 1.000000 0.718262 0.083496 3 7 0.026035 8 0.279580 9 0.694385
7 7.422962 -37.247800 0.000000 0.000000 0.000000 1.000000 1.004883 0.166992 3 7 0.042585 8 0.334462 9 0.622953
7 2.474325 -37.247800 0.000000 0.000000 0.000000 1.000000 0.718262 0.166992 3 7 0.041967 8 0.321426 9 0.636608
2efb_kyj02_body_mesh1
7 2.474325 -37.247800 0.000000 0.000000 0.000000 1.000000 0.718262 0.166992 3 7 0.041967 8 0.321426 9 0.636608
7 7.422962 -37.247800 0.000000 0.000000 0.000000 1.000000 1.004883 0.166992 3 7 0.042585 8 0.334462 9 0.622953
7 2.474324 -34.764244 0.000000 0.000000 0.000000 1.000000 0.718262 0.250000 3 7 0.063330 8 0.377260 9 0.559409
2efb_kyj02_body_mesh1
7 7.422962 -37.247800 0.000000 0.000000 0.000000 1.000000 1.004883 0.166992 3 7 0.042585 8 0.334462 9 0.622953
7 7.422961 -34.764244 0.000000 0.000000 0.000000 1.000000 1.004883 0.250000 3 7 0.064125 8 0.387320 9 0.548555
7 2.474324 -34.764244 0.000000 0.000000 0.000000 1.000000 0.718262 0.250000 3 7 0.063330 8 0.377260 9 0.559409
2efb_kyj02_body_mesh1
7 2.474324 -34.764244 0.000000 0.000000 0.000000 1.000000 0.718262 0.250000 3 7 0.063330 8 0.377260 9 0.559409
7 7.422961 -34.764244 0.000000 0.000000 0.000000 1.000000 1.004883 0.250000 3 7 0.064125 8 0.387320 9 0.548555
7 7.422962 -32.280693 0.000000 0.000000 0.000000 1.000000 1.004883 0.333496 3 7 0.091740 8 0.451914 9 0.456346
2efb_kyj02_body_mesh1
7 2.474325 -42.214890 0.000000 0.000000 0.000000 1.000000 0.718262 0.000000 3 7 0.014540 8 0.253008 9 0.732451
7 7.422962 -42.214890 0.000000 0.000000 0.000000 1.000000 1.004883 0.000000 3 7 0.014462 8 0.269404 9 0.716134
7 2.474325 -39.731342 0.000000 0.000000 0.000000 1.000000 0.718262 0.083496 3 7 0.026035 8 0.279580 9 0.694385
2efb_kyj02_body_mesh1
7 7.422962 -42.214890 0.000000 0.000000 0.000000 1.000000 1.004883 0.000000 3 7 0.014462 8 0.269404 9 0.716134
7 7.422962 -39.731346 0.000000 0.000000 0.000000 1.000000 1.004883 0.083496 3 7 0.026400 8 0.295458 9 0.678142
7 2.474325 -39.731342 0.000000 0.000000 0.000000 1.000000 0.718262 0.083496 3 7 0.026035 8 0.279580 9 0.694385
2efb_kyj02_body_mesh1
7 2.474325 -39.731342 0.000000 0.000000 0.000000 1.000000 0.718262 0.083496 3 7 0.026035 8 0.279580 9 0.694385
7 7.422962 -39.731346 0.000000 0.000000 0.000000 1.000000 1.004883 0.083496 3 7 0.026400 8 0.295458 9 0.678142
7 7.422962 -37.247800 0.000000 0.000000 0.000000 1.000000 1.004883 0.166992 3 7 0.042585 8 0.334462 9 0.622953
2efb_kyj02_body_mesh1
7 -0.091111 -3.034757 -0.570730 -0.700386 -0.001300 -0.713763 0.000000 0.750000 2 7 0.800000 8 0.200000
7 -0.091111 -6.066393 -0.569633 -0.705240 0.002731 -0.708964 0.000000 0.500000 2 7 0.625000 8 0.375000
7 -0.660745 -3.108474 -0.010802 -0.700197 0.003699 0.713941 0.132812 0.750000 2 7 0.800000 8 0.200000
2efb_kyj02_body_mesh1
7 -0.091111 -6.066393 -0.569633 -0.705240 0.002731 -0.708964 0.000000 0.500000 2 7 0.625000 8 0.375000
7 -0.660744 -6.066393 0.000000 -0.705105 -0.004802 0.709087 0.132812 0.500000 2 7 0.625000 8 0.375000
7 -0.660745 -3.108474 -0.010802 -0.700197 0.003699 0.713941 0.132812 0.750000 2 7 0.800000 8 0.200000
2efb_kyj02_body_mesh1
7 -0.660744 -6.066393 0.000000 -0.705105 -0.004802 0.709087 0.132812 0.500000 2 7 0.625000 8 0.375000
7 -0.091111 -6.066393 -0.569633 -0.705240 0.002731 -0.708964 0.000000 0.500000 2 7 0.625000 8 0.375000
7 -0.660744 -9.193310 -0.038022 -0.686970 -0.012015 0.726587 0.132812 0.250000 2 7 0.450000 8 0.550000
2efb_kyj02_body_mesh1
7 -0.091111 -6.066393 -0.569633 -0.705240 0.002731 -0.708964 0.000000 0.500000 2 7 0.625000 8 0.375000
7 -0.091111 -9.313679 -0.580971 -0.687855 0.005483 -0.725827 0.000000 0.250000 2 7 0.450000 8 0.550000
7 -0.660744 -9.193310 -0.038022 -0.686970 -0.012015 0.726587 0.132812 0.250000 2 7 0.450000 8 0.550000
2efb_kyj02_body_mesh1
7 -0.660744 -9.193310 -0.038022 -0.686970 -0.012015 0.726587 0.132812 0.250000 2 7 0.450000 8 0.550000
7 -0.091111 -9.313679 -0.580971 -0.687855 0.005483 -0.725827 0.000000 0.250000 2 7 0.450000 8 0.550000
7 -0.660744 -12.320227 -0.076045 -0.669417 -0.009033 0.742832 0.132812 0.000000 2 7 0.300932 8 0.699068
2efb_kyj02_body_mesh1
7 -0.091111 -9.313679 -0.580971 -0.687855 0.005483 -0.725827 0.000000 0.250000 2 7 0.450000 8 0.550000
7 -0.091110 -12.560967 -0.592308 -0.670940 0.002589 -0.741507 0.000000 0.000000 2 7 0.303291 8 0.696709
7 -0.660744 -12.320227 -0.076045 -0.669417 -0.009033 0.742832 0.132812 0.000000 2 7 0.300932 8 0.699068
2efb_kyj02_body_mesh1
7 -0.660745 -3.108474 -0.010802 -0.700197 0.003699 0.713941 0.000000 0.750000 2 7 0.800000 8 0.200000
7 -0.660744 -6.066393 0.000000 -0.705105 -0.004802 0.709087 0.000000 0.500000 2 7 0.625000 8 0.375000
7 -0.091111 -3.182191 0.549127 0.701299 0.003973 0.712856 0.132812 0.750000 2 7 0.800000 8 0.200000
2efb_kyj02_body_mesh1
7 -0.660744 -6.066393 0.000000 -0.705105 -0.004802 0.709087 0.000000 0.500000 2 7 0.625000 8 0.375000
7 -0.091111 -6.066393 0.569633 0.707098 -0.005062 0.707098 0.132812 0.500000 2 7 0.625000 8 0.375000
7 -0.091111 -3.182191 0.549127 0.701299 0.003973 0.712856 0.132812 0.750000 2 7 0.800000 8 0.200000
2efb_kyj02_body_mesh1
7 -0.091111 -6.066393 0.569633 0.707098 -0.005062 0.707098 0.132812 0.500000 2 7 0.625000 8 0.375000
7 -0.660744 -6.066393 0.000000 -0.705105 -0.004802 0.709087 0.000000 0.500000 2 7 0.625000 8 0.375000
7 -0.091111 -9.072941 0.504926 0.690116 -0.012388 0.723592 0.132812 0.250000 2 7 0.450000 8 0.550000
2efb_kyj02_body_mesh1
7 -0.660744 -6.066393 0.000000 -0.705105 -0.004802 0.709087 0.000000 0.500000 2 7 0.625000 8 0.375000
7 -0.660744 -9.193310 -0.038022 -0.686970 -0.012015 0.726587 0.000000 0.250000 2 7 0.450000 8 0.550000
7 -0.091111 -9.072941 0.504926 0.690116 -0.012388 0.723592 0.132812 0.250000 2 7 0.450000 8 0.550000
2efb_kyj02_body_mesh1
7 -0.091111 -9.072941 0.504926 0.690116 -0.012388 0.723592 0.132812 0.250000 2 7 0.450000 8 0.550000
7 -0.660744 -9.193310 -0.038022 -0.686970 -0.012015 0.726587 0.000000 0.250000 2 7 0.450000 8 0.550000
7 -0.091110 -12.079489 0.440219 0.672087 -0.009962 0.740405 0.132812 0.000000 2 7 0.310447 8 0.689553
2efb_kyj02_body_mesh1
7 -0.660744 -9.193310 -0.038022 -0.686970 -0.012015 0.726587 0.000000 0.250000 2 7 0.450000 8 0.550000
7 -0.660744 -12.320227 -0.076045 -0.669417 -0.009033 0.742832 0.000000 0.000000 2 7 0.300932 8 0.699068
7 -0.091110 -12.079489 0.440219 0.672087 -0.009962 0.740405 0.132812 0.000000 2 7 0.310447 8 0.689553
2efb_kyj02_body_mesh1
7 -7.422950 -39.731340 0.000000 0.000000 0.000000 1.000000 0.145386 0.083496 3 7 0.026400 8 0.295458 9 0.678142
7 -2.474314 -37.247800 0.000000 0.000000 0.000000 1.000000 0.431885 0.166992 3 7 0.041967 8 0.321425 9 0.636608
7 -7.422951 -37.247790 0.000000 0.000000 0.000000 1.000000 0.145386 0.166992 3 7 0.042585 8 0.334462 9 0.622953
2efb_kyj02_body_mesh1
7 -2.474314 -37.247800 0.000000 0.000000 0.000000 1.000000 0.431885 0.166992 3 7 0.041967 8 0.321425 9 0.636608
7 -7.422951 -34.764244 0.000000 0.000000 0.000000 1.000000 0.145386 0.250000 3 7 0.064125 8 0.387320 9 0.548555
7 -7.422951 -37.247790 0.000000 0.000000 0.000000 1.000000 0.145386 0.166992 3 7 0.042585 8 0.334462 9 0.622953
2efb_kyj02_body_mesh1
7 -2.474314 -37.247800 0.000000 0.000000 0.000000 1.000000 0.431885 0.166992 3 7 0.041967 8 0.321425 9 0.636608
7 -2.474314 -34.764244 0.000000 0.000000 0.000000 1.000000 0.431885 0.250000 3 7 0.063330 8 0.377260 9 0.559409
7 -7.422951 -34.764244 0.000000 0.000000 0.000000 1.000000 0.145386 0.250000 3 7 0.064125 8 0.387320 9 0.548555
2efb_kyj02_body_mesh1
7 -2.474314 -34.764244 0.000000 0.000000 0.000000 1.000000 0.431885 0.250000 3 7 0.063330 8 0.377260 9 0.559409
7 -2.474314 -32.280693 0.000000 0.000000 0.000000 1.000000 0.431885 0.333496 3 7 0.090803 8 0.445155 9 0.464041
7 -7.422951 -34.764244 0.000000 0.000000 0.000000 1.000000 0.145386 0.250000 3 7 0.064125 8 0.387320 9 0.548555
2efb_kyj02_body_mesh1
7 -7.422951 -34.764244 0.000000 0.000000 0.000000 1.000000 0.145386 0.250000 3 7 0.064125 8 0.387320 9 0.548555
7 -2.474314 -32.280693 0.000000 0.000000 0.000000 1.000000 0.431885 0.333496 3 7 0.090803 8 0.445155 9 0.464041
7 -7.422953 -32.280693 0.000000 0.000000 0.000000 1.000000 0.145386 0.333496 3 7 0.091740 8 0.451914 9 0.456346
2efb_kyj02_body_mesh1
7 -2.474314 -32.280693 0.000000 0.000000 0.000000 1.000000 0.431885 0.333496 3 7 0.090803 8 0.445155 9 0.464041
7 -7.422953 -29.797144 0.000000 0.000000 0.000000 1.000000 0.145386 0.416992 3 7 0.125151 8 0.523209 9 0.351640
7 -7.422953 -32.280693 0.000000 0.000000 0.000000 1.000000 0.145386 0.333496 3 7 0.091740 8 0.451914 9 0.456346
2efb_kyj02_body_mesh1
7 -2.474314 -34.764244 0.000000 0.000000 0.000000 1.000000 0.431885 0.250000 3 7 0.063330 8 0.377260 9 0.559409
7 2.474324 -32.280693 0.000000 0.000000 0.000000 1.000000 0.718262 0.333496 3 7 0.090803 8 0.445155 9 0.464041
7 -2.474314 -32.280693 0.000000 0.000000 0.000000 1.000000 0.431885 0.333496 3 7 0.090803 8 0.445155 9 0.464041
2efb_kyj02_body_mesh1
7 2.474324 -32.280693 0.000000 0.000000 0.000000 1.000000 0.718262 0.333496 3 7 0.090803 8 0.445155 9 0.464041
7 -2.474315 -29.797138 0.000000 0.000000 0.000000 1.000000 0.431885 0.416992 3 7 0.123989 8 0.520148 9 0.355863
7 -2.474314 -32.280693 0.000000 0.000000 0.000000 1.000000 0.431885 0.333496 3 7 0.090803 8 0.445155 9 0.464041
2efb_kyj02_body_mesh1
7 -2.474314 -32.280693 0.000000 0.000000 0.000000 1.000000 0.431885 0.333496 3 7 0.090803 8 0.445155 9 0.464041
7 -2.474315 -29.797138 0.000000 0.000000 0.000000 1.000000 0.431885 0.416992 3 7 0.123989 8 0.520148 9 0.355863
7 -7.422953 -29.797144 0.000000 0.000000 0.000000 1.000000 0.145386 0.416992 3 7 0.125151 8 0.523209 9 0.351640
2efb_kyj02_body_mesh1
7 -2.474315 -29.797138 0.000000 0.000000 0.000000 1.000000 0.431885 0.416992 3 7 0.123989 8 0.520148 9 0.355863
7 -2.474315 -27.313590 0.000000 0.000000 0.000000 1.000000 0.431885 0.500000 3 7 0.161159 8 0.595080 9 0.243762
7 -7.422953 -29.797144 0.000000 0.000000 0.000000 1.000000 0.145386 0.416992 3 7 0.125151 8 0.523209 9 0.351640
2efb_kyj02_body_mesh1
7 -7.422953 -29.797144 0.000000 0.000000 0.000000 1.000000 0.145386 0.416992 3 7 0.125151 8 0.523209 9 0.351640
7 -2.474315 -27.313590 0.000000 0.000000 0.000000 1.000000 0.431885 0.500000 3 7 0.161159 8 0.595080 9 0.243762
7 -7.422952 -27.313587 0.000000 0.000000 0.000000 1.000000 0.145386 0.500000 3 7 0.162864 8 0.594138 9 0.242998
2efb_kyj02_body_mesh1
7 2.474324 -32.280693 0.000000 0.000000 0.000000 1.000000 0.718262 0.333496 3 7 0.090803 8 0.445155 9 0.464041
7 2.474323 -29.797138 0.000000 0.000000 0.000000 1.000000 0.718262 0.416992 3 7 0.123989 8 0.520148 9 0.355863
7 -2.474315 -29.797138 0.000000 0.000000 0.000000 1.000000 0.431885 0.416992 3 7 0.123989 8 0.520148 9 0.355863
2efb_kyj02_body_mesh1
7 2.474323 -29.797138 0.000000 0.000000 0.000000 1.000000 0.718262 0.416992 3 7 0.123989 8 0.520148 9 0.355863
7 2.474323 -27.313590 0.000000 0.000000 0.000000 1.000000 0.718262 0.500000 3 7 0.161159 8 0.595080 9 0.243762
7 -2.474315 -29.797138 0.000000 0.000000 0.000000 1.000000 0.431885 0.416992 3 7 0.123989 8 0.520148 9 0.355863
2efb_kyj02_body_mesh1
7 -2.474315 -29.797138 0.000000 0.000000 0.000000 1.000000 0.431885 0.416992 3 7 0.123989 8 0.520148 9 0.355863
7 2.474323 -27.313590 0.000000 0.000000 0.000000 1.000000 0.718262 0.500000 3 7 0.161159 8 0.595080 9 0.243762
7 -2.474315 -27.313590 0.000000 0.000000 0.000000 1.000000 0.431885 0.500000 3 7 0.161159 8 0.595080 9 0.243762
2efb_kyj02_body_mesh1
7 -7.422955 -12.412280 -0.029690 0.000000 0.000000 -1.000000 1.004883 1.000000 2 7 0.355496 8 0.644504
7 -2.474318 -12.412280 -0.029690 0.000000 0.000000 -1.000000 0.718262 1.000000 2 7 0.305630 8 0.694370
7 -7.422953 -17.379390 -0.029690 0.000000 0.000000 -1.000000 1.004883 0.833374 3 7 0.288191 8 0.690337 9 0.021473
2efb_kyj02_body_mesh1
7 -2.474318 -12.412280 -0.029690 0.000000 0.000000 -1.000000 0.718262 1.000000 2 7 0.305630 8 0.694370
7 -2.474317 -17.379383 -0.029690 0.000000 0.000000 -1.000000 0.718262 0.833374 3 7 0.272491 8 0.713489 9 0.014019
7 -7.422953 -17.379390 -0.029690 0.000000 0.000000 -1.000000 1.004883 0.833374 3 7 0.288191 8 0.690337 9 0.021473
2efb_kyj02_body_mesh1
7 -7.422953 -17.379390 -0.029690 0.000000 0.000000 -1.000000 1.004883 0.833374 3 7 0.288191 8 0.690337 9 0.021473
7 -2.474317 -17.379383 -0.029690 0.000000 0.000000 -1.000000 0.718262 0.833374 3 7 0.272491 8 0.713489 9 0.014019
7 -7.422955 -22.346487 -0.029690 0.000000 0.000000 -1.000000 1.004883 0.666748 3 7 0.229347 8 0.670777 9 0.099876
2efb_kyj02_body_mesh1
7 -2.474317 -17.379383 -0.029690 0.000000 0.000000 -1.000000 0.718262 0.833374 3 7 0.272491 8 0.713489 9 0.014019
7 -2.474316 -22.346485 -0.029690 0.000000 0.000000 -1.000000 0.718262 0.666748 3 7 0.224374 8 0.680348 9 0.095278
7 -7.422955 -22.346487 -0.029690 0.000000 0.000000 -1.000000 1.004883 0.666748 3 7 0.229347 8 0.670777 9 0.099876
2efb_kyj02_body_mesh1
7 -7.422955 -22.346487 -0.029690 0.000000 0.000000 -1.000000 1.004883 0.666748 3 7 0.229347 8 0.670777 9 0.099876
7 -2.474316 -22.346485 -0.029690 0.000000 0.000000 -1.000000 0.718262 0.666748 3 7 0.224374 8 0.680348 9 0.095278
7 -7.422952 -27.313587 -0.029690 0.000000 0.000000 -1.000000 1.004883 0.500000 3 7 0.162418 8 0.593300 9 0.244281
2efb_kyj02_body_mesh1
7 -2.474316 -22.346485 -0.029690 0.000000 0.000000 -1.000000 0.718262 0.666748 3 7 0.224374 8 0.680348 9 0.095278
7 -2.474316 -27.313591 -0.029690 0.000000 0.000000 -1.000000 0.718262 0.500000 3 7 0.160720 8 0.594195 9 0.245086
7 -7.422952 -27.313587 -0.029690 0.000000 0.000000 -1.000000 1.004883 0.500000 3 7 0.162418 8 0.593300 9 0.244281
2efb_kyj02_body_mesh1
7 -7.422952 -27.313587 -0.029690 0.000000 0.000000 -1.000000 1.004883 0.500000 3 7 0.162418 8 0.593300 9 0.244281
7 -2.474316 -27.313591 -0.029690 0.000000 0.000000 -1.000000 0.718262 0.500000 3 7 0.160720 8 0.594195 9 0.245086
7 -7.422953 -29.797146 -0.029690 0.000000 0.000000 -1.000000 1.004883 0.416992 3 7 0.126233 8 0.523117 9 0.350650
2efb_kyj02_body_mesh1
7 -2.474316 -27.313591 -0.029690 0.000000 0.000000 -1.000000 0.718262 0.500000 3 7 0.160720 8 0.594195 9 0.245086
7 -2.474315 -29.797140 -0.029690 0.000000 0.000000 -1.000000 0.718262 0.416992 3 7 0.124991 8 0.520133 9 0.354876
7 -7.422953 -29.797146 -0.029690 0.000000 0.000000 -1.000000 1.004883 0.416992 3 7 0.126233 8 0.523117 9 0.350650
2efb_kyj02_body_mesh1
7 -7.422953 -29.797146 -0.029690 0.000000 0.000000 -1.000000 1.004883 0.416992 3 7 0.126233 8 0.523117 9 0.350650
7 -2.474315 -29.797140 -0.029690 0.000000 0.000000 -1.000000 0.718262 0.416992 3 7 0.124991 8 0.520133 9 0.354876
7 -2.474315 -32.280693 -0.029690 0.000000 0.000000 -1.000000 0.718262 0.333496 3 7 0.092240 8 0.446940 9 0.460820
2efb_kyj02_body_mesh1
7 -2.474315 -29.797140 -0.029690 0.000000 0.000000 -1.000000 0.718262 0.416992 3 7 0.124991 8 0.520133 9 0.354876
7 2.474323 -32.280693 -0.029690 0.000000 0.000000 -1.000000 0.431885 0.333496 3 7 0.092240 8 0.446940 9 0.460820
7 -2.474315 -32.280693 -0.029690 0.000000 0.000000 -1.000000 0.718262 0.333496 3 7 0.092240 8 0.446940 9 0.460820
2efb_kyj02_body_mesh1
7 -2.474315 -32.280693 -0.029690 0.000000 0.000000 -1.000000 0.718262 0.333496 3 7 0.092240 8 0.446940 9 0.460820
7 2.474323 -32.280693 -0.029690 0.000000 0.000000 -1.000000 0.431885 0.333496 3 7 0.092240 8 0.446940 9 0.460820
7 -2.474314 -34.764244 -0.029690 0.000000 0.000000 -1.000000 0.718262 0.250000 3 7 0.064867 8 0.380293 9 0.554840
2efb_kyj02_body_mesh1
7 2.474323 -32.280693 -0.029690 0.000000 0.000000 -1.000000 0.431885 0.333496 3 7 0.092240 8 0.446940 9 0.460820
7 2.474323 -34.764244 -0.029690 0.000000 0.000000 -1.000000 0.431885 0.250000 3 7 0.064867 8 0.380293 9 0.554840
7 -2.474314 -34.764244 -0.029690 0.000000 0.000000 -1.000000 0.718262 0.250000 3 7 0.064867 8 0.380293 9 0.554840
2efb_kyj02_body_mesh1
7 -2.474314 -34.764244 -0.029690 0.000000 0.000000 -1.000000 0.718262 0.250000 3 7 0.064867 8 0.380293 9 0.554840
7 2.474323 -34.764244 -0.029690 0.000000 0.000000 -1.000000 0.431885 0.250000 3 7 0.064867 8 0.380293 9 0.554840
7 2.474324 -37.247800 -0.029690 0.000000 0.000000 -1.000000 0.431885 0.166992 3 7 0.043333 8 0.324944 9 0.631724
2efb_kyj02_body_mesh1
7 2.474323 -34.764244 -0.029690 0.000000 0.000000 -1.000000 0.431885 0.250000 3 7 0.064867 8 0.380293 9 0.554840
7 7.422963 -37.247800 -0.029690 0.000000 0.000000 -1.000000 0.145386 0.166992 3 7 0.043932 8 0.337946 9 0.618122
7 2.474324 -37.247800 -0.029690 0.000000 0.000000 -1.000000 0.431885 0.166992 3 7 0.043333 8 0.324944 9 0.631724
2efb_kyj02_body_mesh1
7 2.474324 -37.247800 -0.029690 0.000000 0.000000 -1.000000 0.431885 0.166992 3 7 0.043333 8 0.324944 9 0.631724
7 7.422963 -37.247800 -0.029690 0.000000 0.000000 -1.000000 0.145386 0.166992 3 7 0.043932 8 0.337946 9 0.618122
7 2.474324 -39.731346 -0.029690 0.000000 0.000000 -1.000000 0.431885 0.083496 3 7 0.027151 8 0.283421 9 0.689428
2efb_kyj02_body_mesh1
7 7.422963 -37.247800 -0.029690 0.000000 0.000000 -1.000000 0.145386 0.166992 3 7 0.043932 8 0.337946 9 0.618122
7 7.422963 -39.731346 -0.029690 0.000000 0.000000 -1.000000 0.145386 0.083496 3 7 0.027468 8 0.298715 9 0.673817
7 2.474324 -39.731346 -0.029690 0.000000 0.000000 -1.000000 0.431885 0.083496 3 7 0.027151 8 0.283421 9 0.689428
2efb_kyj02_body_mesh1
7 2.474324 -39.731346 -0.029690 0.000000 0.000000 -1.000000 0.431885 0.083496 3 7 0.027151 8 0.283421 9 0.689428
7 7.422963 -39.731346 -0.029690 0.000000 0.000000 -1.000000 0.145386 0.083496 3 7 0.027468 8 0.298715 9 0.673817
7 7.422962 -42.214890 -0.029690 0.000000 0.000000 -1.000000 0.145386 0.000000 3 7 0.014603 8 0.269712 9 0.715686
2efb_kyj02_body_mesh1
7 -2.474318 -12.412280 -0.029690 0.000000 0.000000 -1.000000 0.718262 1.000000 2 7 0.305630 8 0.694370
7 2.474320 -12.412281 -0.029690 0.000000 0.000000 -1.000000 0.431885 1.000000 2 7 0.305636 8 0.694364
7 -2.474317 -17.379383 -0.029690 0.000000 0.000000 -1.000000 0.718262 0.833374 3 7 0.272491 8 0.713489 9 0.014019
2efb_kyj02_body_mesh1
7 2.474320 -12.412281 -0.029690 0.000000 0.000000 -1.000000 0.431885 1.000000 2 7 0.305636 8 0.694364
7 2.474321 -17.379383 -0.029690 0.000000 0.000000 -1.000000 0.431885 0.833374 3 7 0.272489 8 0.713490 9 0.014021
7 -2.474317 -17.379383 -0.029690 0.000000 0.000000 -1.000000 0.718262 0.833374 3 7 0.272491 8 0.713489 9 0.014019
2efb_kyj02_body_mesh1
7 -2.474317 -17.379383 -0.029690 0.000000 0.000000 -1.000000 0.718262 0.833374 3 7 0.272491 8 0.713489 9 0.014019
7 2.474321 -17.379383 -0.029690 0.000000 0.000000 -1.000000 0.431885 0.833374 3 7 0.272489 8 0.713490 9 0.014021
7 -2.474316 -22.346485 -0.029690 0.000000 0.000000 -1.000000 0.718262 0.666748 3 7 0.224374 8 0.680348 9 0.095278
2efb_kyj02_body_mesh1
7 2.474321 -17.379383 -0.029690 0.000000 0.000000 -1.000000 0.431885 0.833374 3 7 0.272489 8 0.713490 9 0.014021
7 2.474321 -22.346485 -0.029690 0.000000 0.000000 -1.000000 0.431885 0.666748 3 7 0.224374 8 0.680348 9 0.095278
7 -2.474316 -22.346485 -0.029690 0.000000 0.000000 -1.000000 0.718262 0.666748 3 7 0.224374 8 0.680348 9 0.095278
2efb_kyj02_body_mesh1
7 -2.474316 -22.346485 -0.029690 0.000000 0.000000 -1.000000 0.718262 0.666748 3 7 0.224374 8 0.680348 9 0.095278
7 2.474321 -22.346485 -0.029690 0.000000 0.000000 -1.000000 0.431885 0.666748 3 7 0.224374 8 0.680348 9 0.095278
7 -2.474316 -27.313591 -0.029690 0.000000 0.000000 -1.000000 0.718262 0.500000 3 7 0.160720 8 0.594195 9 0.245086
2efb_kyj02_body_mesh1
7 2.474321 -22.346485 -0.029690 0.000000 0.000000 -1.000000 0.431885 0.666748 3 7 0.224374 8 0.680348 9 0.095278
7 2.474323 -27.313591 -0.029690 0.000000 0.000000 -1.000000 0.431885 0.500000 3 7 0.160720 8 0.594195 9 0.245086
7 -2.474316 -27.313591 -0.029690 0.000000 0.000000 -1.000000 0.718262 0.500000 3 7 0.160720 8 0.594195 9 0.245086
2efb_kyj02_body_mesh1
7 -2.474316 -27.313591 -0.029690 0.000000 0.000000 -1.000000 0.718262 0.500000 3 7 0.160720 8 0.594195 9 0.245086
7 2.474323 -27.313591 -0.029690 0.000000 0.000000 -1.000000 0.431885 0.500000 3 7 0.160720 8 0.594195 9 0.245086
7 -2.474315 -29.797140 -0.029690 0.000000 0.000000 -1.000000 0.718262 0.416992 3 7 0.124991 8 0.520133 9 0.354876
2efb_kyj02_body_mesh1
7 2.474323 -27.313591 -0.029690 0.000000 0.000000 -1.000000 0.431885 0.500000 3 7 0.160720 8 0.594195 9 0.245086
7 2.474323 -29.797140 -0.029690 0.000000 0.000000 -1.000000 0.431885 0.416992 3 7 0.124991 8 0.520133 9 0.354876
7 -2.474315 -29.797140 -0.029690 0.000000 0.000000 -1.000000 0.718262 0.416992 3 7 0.124991 8 0.520133 9 0.354876
2efb_kyj02_body_mesh1
7 -2.474315 -29.797140 -0.029690 0.000000 0.000000 -1.000000 0.718262 0.416992 3 7 0.124991 8 0.520133 9 0.354876
7 2.474323 -29.797140 -0.029690 0.000000 0.000000 -1.000000 0.431885 0.416992 3 7 0.124991 8 0.520133 9 0.354876
7 2.474323 -32.280693 -0.029690 0.000000 0.000000 -1.000000 0.431885 0.333496 3 7 0.092240 8 0.446940 9 0.460820
2efb_kyj02_body_mesh1
7 2.474323 -29.797140 -0.029690 0.000000 0.000000 -1.000000 0.431885 0.416992 3 7 0.124991 8 0.520133 9 0.354876
7 7.422962 -32.280693 -0.029690 0.000000 0.000000 -1.000000 0.145386 0.333496 3 7 0.093198 8 0.453599 9 0.453203
7 2.474323 -32.280693 -0.029690 0.000000 0.000000 -1.000000 0.431885 0.333496 3 7 0.092240 8 0.446940 9 0.460820
2efb_kyj02_body_mesh1
7 2.474323 -32.280693 -0.029690 0.000000 0.000000 -1.000000 0.431885 0.333496 3 7 0.092240 8 0.446940 9 0.460820
7 7.422962 -32.280693 -0.029690 0.000000 0.000000 -1.000000 0.145386 0.333496 3 7 0.093198 8 0.453599 9 0.453203
7 2.474323 -34.764244 -0.029690 0.000000 0.000000 -1.000000 0.431885 0.250000 3 7 0.064867 8 0.380293 9 0.554840
2efb_kyj02_body_mesh1
7 7.422962 -32.280693 -0.029690 0.000000 0.000000 -1.000000 0.145386 0.333496 3 7 0.093198 8 0.453599 9 0.453203
7 7.422961 -34.764244 -0.029690 0.000000 0.000000 -1.000000 0.145386 0.250000 3 7 0.065653 8 0.390272 9 0.544076
7 2.474323 -34.764244 -0.029690 0.000000 0.000000 -1.000000 0.431885 0.250000 3 7 0.064867 8 0.380293 9 0.554840
2efb_kyj02_body_mesh1
7 2.474323 -34.764244 -0.029690 0.000000 0.000000 -1.000000 0.431885 0.250000 3 7 0.064867 8 0.380293 9 0.554840
7 7.422961 -34.764244 -0.029690 0.000000 0.000000 -1.000000 0.145386 0.250000 3 7 0.065653 8 0.390272 9 0.544076
7 7.422963 -37.247800 -0.029690 0.000000 0.000000 -1.000000 0.145386 0.166992 3 7 0.043932 8 0.337946 9 0.618122
2efb_kyj02_body_mesh1
7 2.474320 -12.412281 -0.029690 0.000000 0.000000 -1.000000 0.431885 1.000000 2 7 0.305636 8 0.694364
7 7.422959 -12.412282 -0.029690 0.000000 0.000000 -1.000000 0.145386 1.000000 2 7 0.355496 8 0.644504
7 2.474321 -17.379383 -0.029690 0.000000 0.000000 -1.000000 0.431885 0.833374 3 7 0.272489 8 0.713490 9 0.014021
2efb_kyj02_body_mesh1
7 7.422959 -12.412282 -0.029690 0.000000 0.000000 -1.000000 0.145386 1.000000 2 7 0.355496 8 0.644504
7 7.422960 -17.379381 -0.029690 0.000000 0.000000 -1.000000 0.145386 0.833374 3 7 0.288191 8 0.690337 9 0.021473
7 2.474321 -17.379383 -0.029690 0.000000 0.000000 -1.000000 0.431885 0.833374 3 7 0.272489 8 0.713490 9 0.014021
2efb_kyj02_body_mesh1
7 2.474321 -17.379383 -0.029690 0.000000 0.000000 -1.000000 0.431885 0.833374 3 7 0.272489 8 0.713490 9 0.014021
7 7.422960 -17.379381 -0.029690 0.000000 0.000000 -1.000000 0.145386 0.833374 3 7 0.288191 8 0.690337 9 0.021473
7 2.474321 -22.346485 -0.029690 0.000000 0.000000 -1.000000 0.431885 0.666748 3 7 0.224374 8 0.680348 9 0.095278
2efb_kyj02_body_mesh1
7 7.422960 -17.379381 -0.029690 0.000000 0.000000 -1.000000 0.145386 0.833374 3 7 0.288191 8 0.690337 9 0.021473
7 7.422960 -22.346483 -0.029690 0.000000 0.000000 -1.000000 0.145386 0.666748 3 7 0.229347 8 0.670777 9 0.099876
7 2.474321 -22.346485 -0.029690 0.000000 0.000000 -1.000000 0.431885 0.666748 3 7 0.224374 8 0.680348 9 0.095278
2efb_kyj02_body_mesh1
7 2.474321 -22.346485 -0.029690 0.000000 0.000000 -1.000000 0.431885 0.666748 3 7 0.224374 8 0.680348 9 0.095278
7 7.422960 -22.346483 -0.029690 0.000000 0.000000 -1.000000 0.145386 0.666748 3 7 0.229347 8 0.670777 9 0.099876
7 2.474323 -27.313591 -0.029690 0.000000 0.000000 -1.000000 0.431885 0.500000 3 7 0.160720 8 0.594195 9 0.245086
2efb_kyj02_body_mesh1
7 7.422960 -22.346483 -0.029690 0.000000 0.000000 -1.000000 0.145386 0.666748 3 7 0.229347 8 0.670777 9 0.099876
7 7.422960 -27.313583 -0.029690 0.000000 0.000000 -1.000000 0.145386 0.500000 3 7 0.162418 8 0.593300 9 0.244281
7 2.474323 -27.313591 -0.029690 0.000000 0.000000 -1.000000 0.431885 0.500000 3 7 0.160720 8 0.594195 9 0.245086
2efb_kyj02_body_mesh1
7 2.474323 -27.313591 -0.029690 0.000000 0.000000 -1.000000 0.431885 0.500000 3 7 0.160720 8 0.594195 9 0.245086
7 7.422960 -27.313583 -0.029690 0.000000 0.000000 -1.000000 0.145386 0.500000 3 7 0.162418 8 0.593300 9 0.244281
7 2.474323 -29.797140 -0.029690 0.000000 0.000000 -1.000000 0.431885 0.416992 3 7 0.124991 8 0.520133 9 0.354876
2efb_kyj02_body_mesh1
7 7.422960 -27.313583 -0.029690 0.000000 0.000000 -1.000000 0.145386 0.500000 3 7 0.162418 8 0.593300 9 0.244281
7 7.422961 -29.797140 -0.029690 0.000000 0.000000 -1.000000 0.145386 0.416992 3 7 0.126233 8 0.523117 9 0.350650
7 2.474323 -29.797140 -0.029690 0.000000 0.000000 -1.000000 0.431885 0.416992 3 7 0.124991 8 0.520133 9 0.354876
2efb_kyj02_body_mesh1
7 2.474323 -29.797140 -0.029690 0.000000 0.000000 -1.000000 0.431885 0.416992 3 7 0.124991 8 0.520133 9 0.354876
7 7.422961 -29.797140 -0.029690 0.000000 0.000000 -1.000000 0.145386 0.416992 3 7 0.126233 8 0.523117 9 0.350650
7 7.422962 -32.280693 -0.029690 0.000000 0.000000 -1.000000 0.145386 0.333496 3 7 0.093198 8 0.453599 9 0.453203
2efb_kyj02_body_mesh1
7 -7.422953 -29.797146 -0.029690 0.000000 0.000000 -1.000000 1.004883 0.416992 3 7 0.126233 8 0.523117 9 0.350650
7 -2.474315 -32.280693 -0.029690 0.000000 0.000000 -1.000000 0.718262 0.333496 3 7 0.092240 8 0.446940 9 0.460820
7 -7.422953 -32.280693 -0.029690 0.000000 0.000000 -1.000000 1.004883 0.333496 3 7 0.093198 8 0.453599 9 0.453203
2efb_kyj02_body_mesh1
7 -2.474315 -32.280693 -0.029690 0.000000 0.000000 -1.000000 0.718262 0.333496 3 7 0.092240 8 0.446940 9 0.460820
7 -7.422951 -34.764244 -0.029690 0.000000 0.000000 -1.000000 1.004883 0.250000 3 7 0.065653 8 0.390272 9 0.544076
7 -7.422953 -32.280693 -0.029690 0.000000 0.000000 -1.000000 1.004883 0.333496 3 7 0.093198 8 0.453599 9 0.453203
2efb_kyj02_body_mesh1
7 7.422962 -42.214890 -0.029690 0.000000 0.000000 -1.000000 0.145386 0.000000 3 7 0.014603 8 0.269712 9 0.715686
7 2.474325 -42.214890 -0.029690 0.000000 0.000000 -1.000000 0.431885 0.000000 3 7 0.014676 8 0.253322 9 0.732002
7 2.474324 -39.731346 -0.029690 0.000000 0.000000 -1.000000 0.431885 0.083496 3 7 0.027151 8 0.283421 9 0.689428
2efb_kyj02_body_mesh1
7 2.474325 -42.214890 -0.029690 0.000000 0.000000 -1.000000 0.431885 0.000000 3 7 0.014676 8 0.253322 9 0.732002
7 -2.474314 -39.731340 -0.029690 0.000000 0.000000 -1.000000 0.718262 0.083496 3 7 0.027151 8 0.283421 9 0.689428
7 2.474324 -39.731346 -0.029690 0.000000 0.000000 -1.000000 0.431885 0.083496 3 7 0.027151 8 0.283421 9 0.689428
2efb_kyj02_body_mesh1
7 2.474324 -39.731346 -0.029690 0.000000 0.000000 -1.000000 0.431885 0.083496 3 7 0.027151 8 0.283421 9 0.689428
7 -2.474314 -39.731340 -0.029690 0.000000 0.000000 -1.000000 0.718262 0.083496 3 7 0.027151 8 0.283421 9 0.689428
7 2.474324 -37.247800 -0.029690 0.000000 0.000000 -1.000000 0.431885 0.166992 3 7 0.043333 8 0.324944 9 0.631724
2efb_kyj02_body_mesh1
7 -2.474314 -39.731340 -0.029690 0.000000 0.000000 -1.000000 0.718262 0.083496 3 7 0.027151 8 0.283421 9 0.689428
7 -2.474314 -37.247800 -0.029690 0.000000 0.000000 -1.000000 0.718262 0.166992 3 7 0.043333 8 0.324944 9 0.631724
7 2.474324 -37.247800 -0.029690 0.000000 0.000000 -1.000000 0.431885 0.166992 3 7 0.043333 8 0.324944 9 0.631724
2efb_kyj02_body_mesh1
7 2.474324 -37.247800 -0.029690 0.000000 0.000000 -1.000000 0.431885 0.166992 3 7 0.043333 8 0.324944 9 0.631724
7 -2.474314 -37.247800 -0.029690 0.000000 0.000000 -1.000000 0.718262 0.166992 3 7 0.043333 8 0.324944 9 0.631724
7 -2.474314 -34.764244 -0.029690 0.000000 0.000000 -1.000000 0.718262 0.250000 3 7 0.064867 8 0.380293 9 0.554840
2efb_kyj02_body_mesh1
7 -2.474314 -37.247800 -0.029690 0.000000 0.000000 -1.000000 0.718262 0.166992 3 7 0.043333 8 0.324944 9 0.631724
7 -7.422951 -34.764244 -0.029690 0.000000 0.000000 -1.000000 1.004883 0.250000 3 7 0.065653 8 0.390272 9 0.544076
7 -2.474314 -34.764244 -0.029690 0.000000 0.000000 -1.000000 0.718262 0.250000 3 7 0.064867 8 0.380293 9 0.554840
2efb_kyj02_body_mesh1
7 -2.474314 -34.764244 -0.029690 0.000000 0.000000 -1.000000 0.718262 0.250000 3 7 0.064867 8 0.380293 9 0.554840
7 -7.422951 -34.764244 -0.029690 0.000000 0.000000 -1.000000 1.004883 0.250000 3 7 0.065653 8 0.390272 9 0.544076
7 -2.474315 -32.280693 -0.029690 0.000000 0.000000 -1.000000 0.718262 0.333496 3 7 0.092240 8 0.446940 9 0.460820
2efb_kyj02_body_mesh1
7 -7.422951 -34.764244 -0.029690 0.000000 0.000000 -1.000000 1.004883 0.250000 3 7 0.065653 8 0.390272 9 0.544076
7 -2.474314 -37.247800 -0.029690 0.000000 0.000000 -1.000000 0.718262 0.166992 3 7 0.043333 8 0.324944 9 0.631724
7 -7.422951 -37.247795 -0.029690 0.000000 0.000000 -1.000000 1.004883 0.166992 3 7 0.043932 8 0.337946 9 0.618122
2efb_kyj02_body_mesh1
7 -2.474314 -37.247800 -0.029690 0.000000 0.000000 -1.000000 0.718262 0.166992 3 7 0.043333 8 0.324944 9 0.631724
7 -7.422950 -39.731340 -0.029690 0.000000 0.000000 -1.000000 1.004883 0.083496 3 7 0.027468 8 0.298715 9 0.673817
7 -7.422951 -37.247795 -0.029690 0.000000 0.000000 -1.000000 1.004883 0.166992 3 7 0.043932 8 0.337946 9 0.618122
2efb_kyj02_body_mesh1
7 2.474325 -42.214890 -0.029690 0.000000 0.000000 -1.000000 0.431885 0.000000 3 7 0.014676 8 0.253322 9 0.732002
7 -2.474313 -42.214890 -0.029690 0.000000 0.000000 -1.000000 0.718262 0.000000 3 7 0.014676 8 0.253322 9 0.732002
7 -2.474314 -39.731340 -0.029690 0.000000 0.000000 -1.000000 0.718262 0.083496 3 7 0.027151 8 0.283421 9 0.689428
2efb_kyj02_body_mesh1
7 -2.474313 -42.214890 -0.029690 0.000000 0.000000 -1.000000 0.718262 0.000000 3 7 0.014676 8 0.253322 9 0.732002
7 -7.422950 -39.731340 -0.029690 0.000000 0.000000 -1.000000 1.004883 0.083496 3 7 0.027468 8 0.298715 9 0.673817
7 -2.474314 -39.731340 -0.029690 0.000000 0.000000 -1.000000 0.718262 0.083496 3 7 0.027151 8 0.283421 9 0.689428
2efb_kyj02_body_mesh1
7 -2.474314 -39.731340 -0.029690 0.000000 0.000000 -1.000000 0.718262 0.083496 3 7 0.027151 8 0.283421 9 0.689428
7 -7.422950 -39.731340 -0.029690 0.000000 0.000000 -1.000000 1.004883 0.083496 3 7 0.027468 8 0.298715 9 0.673817
7 -2.474314 -37.247800 -0.029690 0.000000 0.000000 -1.000000 0.718262 0.166992 3 7 0.043333 8 0.324944 9 0.631724
2efb_kyj02_body_mesh1
7 7.422960 -27.313583 0.000000 0.000000 0.000000 1.000000 1.004883 0.500000 3 7 0.162864 8 0.594138 9 0.242998
7 2.474323 -27.313590 0.000000 0.000000 0.000000 1.000000 0.718262 0.500000 3 7 0.161159 8 0.595080 9 0.243762
7 2.474323 -29.797138 0.000000 0.000000 0.000000 1.000000 0.718262 0.416992 3 7 0.123989 8 0.520148 9 0.355863
2efb_kyj02_body_mesh1
7 -2.474313 -42.214890 -0.029690 0.000000 0.000000 -1.000000 0.718262 0.000000 3 7 0.014676 8 0.253322 9 0.732002
7 -7.422950 -42.214886 -0.029690 0.000000 0.000000 -1.000000 1.004883 0.000000 3 7 0.014603 8 0.269712 9 0.715686
7 -7.422950 -39.731340 -0.029690 0.000000 0.000000 -1.000000 1.004883 0.083496 3 7 0.027468 8 0.298715 9 0.673817
2efb_kyj02_body_mesh1
11 -0.622628 -12.666212 -0.015988 0.000000 -0.545168 -0.838327 0.116699 0.158691 2 11 0.294789 12 0.705211
11 -0.622628 -11.752203 0.578394 0.000000 0.000000 1.000000 0.128906 0.169922 2 11 0.306770 12 0.693230
11 -0.622629 -11.752206 -0.610370 0.000000 0.000000 -1.000000 0.104553 0.170898 2 11 0.307175 12 0.692825
2efb_kyj02_body_mesh1
11 -0.622628 -11.752203 0.578394 0.000000 0.000000 1.000000 0.128906 0.169922 2 11 0.306770 12 0.693230
11 -0.622629 -10.838195 -0.015988 0.000000 0.545166 -0.838328 0.116699 0.182617 2 11 0.328501 12 0.671499
11 -0.622629 -11.752206 -0.610370 0.000000 0.000000 -1.000000 0.104553 0.170898 2 11 0.307175 12 0.692825
2efb_kyj02_body_mesh1
11 -0.622629 -11.752206 -0.610370 0.000000 0.000000 -1.000000 0.013794 0.000000 2 11 0.307175 12 0.692825
11 0.459756 -11.752206 -0.610370 1.000000 0.000000 0.000000 0.129395 0.000000 2 11 0.307175 12 0.692825
11 -0.622628 -12.666212 -0.015988 0.000000 -0.545168 -0.838327 0.013794 0.250000 2 11 0.294789 12 0.705211
2efb_kyj02_body_mesh1
11 0.459756 -11.752206 -0.610370 1.000000 0.000000 0.000000 0.129395 0.000000 2 11 0.307175 12 0.692825
11 0.459756 -12.666212 -0.015988 1.000000 0.000000 0.000000 0.129395 0.250488 2 11 0.294789 12 0.705211
11 -0.622628 -12.666212 -0.015988 0.000000 -0.545168 -0.838327 0.013794 0.250000 2 11 0.294789 12 0.705211
2efb_kyj02_body_mesh1
11 -0.622628 -12.666212 -0.015988 0.000000 -0.545168 -0.838327 0.013794 0.250000 2 11 0.294789 12 0.705211
11 0.459756 -12.666212 -0.015988 1.000000 0.000000 0.000000 0.129395 0.250488 2 11 0.294789 12 0.705211
11 -0.622628 -11.752203 0.578394 0.000000 0.000000 1.000000 0.013794 0.500000 2 11 0.306770 12 0.693230
2efb_kyj02_body_mesh1
11 0.459756 -12.666212 -0.015988 1.000000 0.000000 0.000000 0.129395 0.250488 2 11 0.294789 12 0.705211
11 0.459756 -11.752203 0.578394 1.000000 0.000000 0.000000 0.129395 0.500244 2 11 0.306770 12 0.693230
11 -0.622628 -11.752203 0.578394 0.000000 0.000000 1.000000 0.013794 0.500000 2 11 0.306770 12 0.693230
2efb_kyj02_body_mesh1
11 -0.622628 -11.752203 0.578394 0.000000 0.000000 1.000000 0.013794 0.500000 2 11 0.306770 12 0.693230
11 0.459756 -11.752203 0.578394 1.000000 0.000000 0.000000 0.129395 0.500244 2 11 0.306770 12 0.693230
11 -0.622629 -10.838195 -0.015988 0.000000 0.545166 -0.838328 0.013794 0.750000 2 11 0.328501 12 0.671499
2efb_kyj02_body_mesh1
11 0.459756 -11.752203 0.578394 1.000000 0.000000 0.000000 0.129395 0.500244 2 11 0.306770 12 0.693230
11 0.459756 -10.838195 -0.015988 1.000000 0.000000 0.000000 0.129395 0.750122 2 11 0.328501 12 0.671499
11 -0.622629 -10.838195 -0.015988 0.000000 0.545166 -0.838328 0.013794 0.750000 2 11 0.328501 12 0.671499
2efb_kyj02_body_mesh1
11 -0.622629 -10.838195 -0.015988 0.000000 0.545166 -0.838328 0.013794 0.750000 2 11 0.328501 12 0.671499
11 0.459756 -10.838195 -0.015988 1.000000 0.000000 0.000000 0.129395 0.750122 2 11 0.328501 12 0.671499
11 -0.622629 -11.752206 -0.610370 0.000000 0.000000 -1.000000 0.013794 1.000000 2 11 0.307175 12 0.692825
2efb_kyj02_body_mesh1
11 0.459756 -10.838195 -0.015988 1.000000 0.000000 0.000000 0.129395 0.750122 2 11 0.328501 12 0.671499
11 0.459756 -11.752206 -0.610370 1.000000 0.000000 0.000000 0.129395 1.000000 2 11 0.307175 12 0.692825
11 -0.622629 -11.752206 -0.610370 0.000000 0.000000 -1.000000 0.013794 1.000000 2 11 0.307175 12 0.692825
2efb_kyj02_body_mesh1
11 0.459756 -12.666212 -0.015988 1.000000 0.000000 0.000000 0.116699 0.158691 2 11 0.294789 12 0.705211
11 0.459756 -11.752206 -0.610370 1.000000 0.000000 0.000000 0.104553 0.170898 2 11 0.307175 12 0.692825
11 0.459756 -11.752203 0.578394 1.000000 0.000000 0.000000 0.128906 0.169922 2 11 0.306770 12 0.693230
2efb_kyj02_body_mesh1
11 0.459756 -11.752206 -0.610370 1.000000 0.000000 0.000000 0.104553 0.170898 2 11 0.307175 12 0.692825
11 0.459756 -10.838195 -0.015988 1.000000 0.000000 0.000000 0.116699 0.182617 2 11 0.328501 12 0.671499
11 0.459756 -11.752203 0.578394 1.000000 0.000000 0.000000 0.128906 0.169922 2 11 0.306770 12 0.693230
2efb_kyj02_body_mesh1
10 -0.086724 -0.002970 -0.544290 -0.694712 0.000000 -0.719288 0.132812 1.000000 2 10 0.500000 11 0.500000
10 0.455478 -0.143304 -0.020563 0.694393 0.002628 0.719592 0.000000 1.000000 2 10 0.500000 11 0.500000
11 -0.086723 -2.888613 -0.543246 -0.700386 -0.001300 -0.713763 0.132812 0.750000 2 11 0.800000 12 0.200000
2efb_kyj02_body_mesh1
10 0.455478 -0.143304 -0.020563 0.694393 0.002628 0.719592 0.000000 1.000000 2 10 0.500000 11 0.500000
11 0.455479 -2.958780 -0.010282 0.700197 0.003699 0.713940 0.000000 0.750000 2 11 0.800000 12 0.200000
11 -0.086723 -2.888613 -0.543246 -0.700386 -0.001300 -0.713763 0.132812 0.750000 2 11 0.800000 12 0.200000
2efb_kyj02_body_mesh1
11 -0.086723 -2.888613 -0.543246 -0.700386 -0.001300 -0.713763 0.132812 0.750000 2 11 0.800000 12 0.200000
11 0.455479 -2.958780 -0.010282 0.700197 0.003699 0.713940 0.000000 0.750000 2 11 0.800000 12 0.200000
11 -0.086723 -5.774256 -0.542202 -0.705240 0.002731 -0.708964 0.132812 0.500000 2 11 0.625000 12 0.375000
2efb_kyj02_body_mesh1
11 0.455479 -2.958780 -0.010282 0.700197 0.003699 0.713940 0.000000 0.750000 2 11 0.800000 12 0.200000
11 0.455479 -5.774256 0.000000 0.705105 -0.004802 0.709086 0.000000 0.500000 2 11 0.625000 12 0.375000
11 -0.086723 -5.774256 -0.542202 -0.705240 0.002731 -0.708964 0.132812 0.500000 2 11 0.625000 12 0.375000
2efb_kyj02_body_mesh1
11 -0.086723 -5.774256 -0.542202 -0.705240 0.002731 -0.708964 0.132812 0.500000 2 11 0.625000 12 0.375000
11 0.455479 -5.774256 0.000000 0.705105 -0.004802 0.709086 0.000000 0.500000 2 11 0.625000 12 0.375000
11 0.455479 -8.750591 -0.036191 0.686970 -0.012015 0.726586 0.000000 0.250000 2 11 0.450000 12 0.550000
2efb_kyj02_body_mesh1
11 -0.086723 -5.774256 -0.542202 -0.705240 0.002731 -0.708964 0.132812 0.500000 2 11 0.625000 12 0.375000
11 0.455479 -8.750591 -0.036191 0.686970 -0.012015 0.726586 0.000000 0.250000 2 11 0.450000 12 0.550000
11 -0.086723 -8.865164 -0.552993 -0.687855 0.005483 -0.725827 0.132812 0.250000 2 11 0.450000 12 0.550000
2efb_kyj02_body_mesh1
11 0.455479 -8.750591 -0.036191 0.686970 -0.012015 0.726586 0.000000 0.250000 2 11 0.450000 12 0.550000
11 0.455479 -11.726926 -0.072382 0.669417 -0.009033 0.742832 0.000000 0.000000 2 11 0.300932 12 0.699068
11 -0.086723 -8.865164 -0.552993 -0.687855 0.005483 -0.725827 0.132812 0.250000 2 11 0.450000 12 0.550000
2efb_kyj02_body_mesh1
11 -0.086723 -8.865164 -0.552993 -0.687855 0.005483 -0.725827 0.132812 0.250000 2 11 0.450000 12 0.550000
11 0.455479 -11.726926 -0.072382 0.669417 -0.009033 0.742832 0.000000 0.000000 2 11 0.300932 12 0.699068
11 -0.086723 -11.956073 -0.563784 -0.670940 0.002589 -0.741507 0.132812 0.000000 2 11 0.303291 12 0.696709
2efb_kyj02_body_mesh1
10 -0.086724 -0.002970 -0.544290 -0.694712 0.000000 -0.719288 0.000000 1.000000 2 10 0.500000 11 0.500000
11 -0.086723 -2.888613 -0.543246 -0.700386 -0.001300 -0.713763 0.000000 0.750000 2 11 0.800000 12 0.200000
10 -0.628925 -0.143305 -0.020563 -0.694392 0.002628 0.719592 0.132812 1.000000 2 10 0.500000 11 0.500000
2efb_kyj02_body_mesh1
11 -0.086723 -2.888613 -0.543246 -0.700386 -0.001300 -0.713763 0.000000 0.750000 2 11 0.800000 12 0.200000
11 -0.628925 -2.958780 -0.010282 -0.700197 0.003699 0.713941 0.132812 0.750000 2 11 0.800000 12 0.200000
10 -0.628925 -0.143305 -0.020563 -0.694392 0.002628 0.719592 0.132812 1.000000 2 10 0.500000 11 0.500000
2efb_kyj02_body_mesh1
10 -0.628925 -0.143305 -0.020563 -0.694392 0.002628 0.719592 0.000000 1.000000 2 10 0.500000 11 0.500000
11 -0.628925 -2.958780 -0.010282 -0.700197 0.003699 0.713941 0.000000 0.750000 2 11 0.800000 12 0.200000
10 -0.086723 -0.283639 0.503164 0.695384 0.003013 0.718632 0.132812 1.000000 2 10 0.500000 11 0.500000
2efb_kyj02_body_mesh1
11 -0.628925 -2.958780 -0.010282 -0.700197 0.003699 0.713941 0.000000 0.750000 2 11 0.800000 12 0.200000
11 -0.086723 -3.028947 0.522683 0.701299 0.003973 0.712856 0.132812 0.750000 2 11 0.800000 12 0.200000
10 -0.086723 -0.283639 0.503164 0.695384 0.003013 0.718632 0.132812 1.000000 2 10 0.500000 11 0.500000
2efb_kyj02_body_mesh1
10 0.455478 -0.143304 -0.020563 0.694393 0.002628 0.719592 0.132812 1.000000 2 10 0.500000 11 0.500000
10 -0.086723 -0.283639 0.503164 0.695384 0.003013 0.718632 0.000000 1.000000 2 10 0.500000 11 0.500000
11 0.455479 -2.958780 -0.010282 0.700197 0.003699 0.713940 0.132812 0.750000 2 11 0.800000 12 0.200000
2efb_kyj02_body_mesh1
10 -0.086723 -0.283639 0.503164 0.695384 0.003013 0.718632 0.000000 1.000000 2 10 0.500000 11 0.500000
11 -0.086723 -3.028947 0.522683 0.701299 0.003973 0.712856 0.000000 0.750000 2 11 0.800000 12 0.200000
11 0.455479 -2.958780 -0.010282 0.700197 0.003699 0.713940 0.132812 0.750000 2 11 0.800000 12 0.200000
2efb_kyj02_body_mesh1
11 0.455479 -2.958780 -0.010282 0.700197 0.003699 0.713940 0.132812 0.750000 2 11 0.800000 12 0.200000
11 -0.086723 -3.028947 0.522683 0.701299 0.003973 0.712856 0.000000 0.750000 2 11 0.800000 12 0.200000
11 0.455479 -5.774256 0.000000 0.705105 -0.004802 0.709086 0.132812 0.500000 2 11 0.625000 12 0.375000
2efb_kyj02_body_mesh1
11 -0.086723 -3.028947 0.522683 0.701299 0.003973 0.712856 0.000000 0.750000 2 11 0.800000 12 0.200000
11 -0.086723 -5.774256 0.542202 0.707098 -0.005062 0.707098 0.000000 0.500000 2 11 0.625000 12 0.375000
11 0.455479 -5.774256 0.000000 0.705105 -0.004802 0.709086 0.132812 0.500000 2 11 0.625000 12 0.375000
2efb_kyj02_body_mesh1
11 0.455479 -5.774256 0.000000 0.705105 -0.004802 0.709086 0.132812 0.500000 2 11 0.625000 12 0.375000
11 -0.086723 -5.774256 0.542202 0.707098 -0.005062 0.707098 0.000000 0.500000 2 11 0.625000 12 0.375000
11 -0.086723 -8.636019 0.480611 0.690116 -0.012388 0.723592 0.000000 0.250000 2 11 0.450000 12 0.550000
2efb_kyj02_body_mesh1
11 0.455479 -5.774256 0.000000 0.705105 -0.004802 0.709086 0.132812 0.500000 2 11 0.625000 12 0.375000
11 -0.086723 -8.636019 0.480611 0.690116 -0.012388 0.723592 0.000000 0.250000 2 11 0.450000 12 0.550000
11 0.455479 -8.750591 -0.036191 0.686970 -0.012015 0.726586 0.132812 0.250000 2 11 0.450000 12 0.550000
2efb_kyj02_body_mesh1
11 -0.086723 -8.636019 0.480611 0.690116 -0.012388 0.723592 0.000000 0.250000 2 11 0.450000 12 0.550000
11 -0.086723 -11.497782 0.419019 0.672087 -0.009962 0.740405 0.000000 0.000000 2 11 0.310447 12 0.689553
11 0.455479 -8.750591 -0.036191 0.686970 -0.012015 0.726586 0.132812 0.250000 2 11 0.450000 12 0.550000
2efb_kyj02_body_mesh1
11 0.455479 -8.750591 -0.036191 0.686970 -0.012015 0.726586 0.132812 0.250000 2 11 0.450000 12 0.550000
11 -0.086723 -11.497782 0.419019 0.672087 -0.009962 0.740405 0.000000 0.000000 2 11 0.310447 12 0.689553
11 0.455479 -11.726926 -0.072382 0.669417 -0.009033 0.742832 0.132812 0.000000 2 11 0.300932 12 0.699068
2efb_kyj02_body_mesh1
10 -0.622628 -0.912890 -0.015988 0.000000 -0.654652 -0.755930 0.116699 0.158691 2 10 0.500000 11 0.500000
10 -0.622628 0.001122 0.775567 0.000000 -0.654652 0.755930 0.128906 0.169922 2 10 0.500000 11 0.500000
10 -0.622629 0.001122 -0.807543 0.000000 0.654654 -0.755929 0.104553 0.170898 2 10 0.500000 11 0.500000
2efb_kyj02_body_mesh1
10 -0.622628 0.001122 0.775567 0.000000 -0.654652 0.755930 0.128906 0.169922 2 10 0.500000 11 0.500000
10 -0.622628 0.915130 -0.015988 0.000000 0.654654 -0.755929 0.116699 0.182617 2 10 0.500000 11 0.500000
10 -0.622629 0.001122 -0.807543 0.000000 0.654654 -0.755929 0.104553 0.170898 2 10 0.500000 11 0.500000
2efb_kyj02_body_mesh1
10 -0.622629 0.001122 -0.807543 0.000000 0.654654 -0.755929 0.013214 0.000000 2 10 0.500000 11 0.500000
10 0.459756 0.001122 -0.807543 1.000000 0.000000 0.000000 0.129639 0.000000 2 10 0.500000 11 0.500000
10 -0.622628 -0.912890 -0.015988 0.000000 -0.654652 -0.755930 0.013214 0.250488 2 10 0.500000 11 0.500000
2efb_kyj02_body_mesh1
10 0.459756 0.001122 -0.807543 1.000000 0.000000 0.000000 0.129639 0.000000 2 10 0.500000 11 0.500000
10 0.459756 -0.912890 -0.015988 1.000000 0.000000 0.000000 0.129639 0.250488 2 10 0.500000 11 0.500000
10 -0.622628 -0.912890 -0.015988 0.000000 -0.654652 -0.755930 0.013214 0.250488 2 10 0.500000 11 0.500000
2efb_kyj02_body_mesh1
10 -0.622628 -0.912890 -0.015988 0.000000 -0.654652 -0.755930 0.013214 0.250488 2 10 0.500000 11 0.500000
10 0.459756 -0.912890 -0.015988 1.000000 0.000000 0.000000 0.129639 0.250488 2 10 0.500000 11 0.500000
10 -0.622628 0.001122 0.775567 0.000000 -0.654652 0.755930 0.013214 0.500244 2 10 0.500000 11 0.500000
2efb_kyj02_body_mesh1
10 0.459756 -0.912890 -0.015988 1.000000 0.000000 0.000000 0.129639 0.250488 2 10 0.500000 11 0.500000
10 0.459756 0.001122 0.775567 1.000000 0.000000 0.000000 0.129639 0.500244 2 10 0.500000 11 0.500000
10 -0.622628 0.001122 0.775567 0.000000 -0.654652 0.755930 0.013214 0.500244 2 10 0.500000 11 0.500000
2efb_kyj02_body_mesh1
10 -0.622628 0.001122 0.775567 0.000000 -0.654652 0.755930 0.013214 0.500244 2 10 0.500000 11 0.500000
10 0.459756 0.001122 0.775567 1.000000 0.000000 0.000000 0.129639 0.500244 2 10 0.500000 11 0.500000
10 -0.622628 0.915130 -0.015988 0.000000 0.654654 -0.755929 0.013214 0.750122 2 10 0.500000 11 0.500000
2efb_kyj02_body_mesh1
10 0.459756 0.001122 0.775567 1.000000 0.000000 0.000000 0.129639 0.500244 2 10 0.500000 11 0.500000
10 0.459756 0.915130 -0.015988 1.000000 0.000000 0.000000 0.129639 0.750122 2 10 0.500000 11 0.500000
10 -0.622628 0.915130 -0.015988 0.000000 0.654654 -0.755929 0.013214 0.750122 2 10 0.500000 11 0.500000
2efb_kyj02_body_mesh1
10 -0.622628 0.915130 -0.015988 0.000000 0.654654 -0.755929 0.013214 0.750122 2 10 0.500000 11 0.500000
10 0.459756 0.915130 -0.015988 1.000000 0.000000 0.000000 0.129639 0.750122 2 10 0.500000 11 0.500000
10 -0.622629 0.001122 -0.807543 0.000000 0.654654 -0.755929 0.013214 1.000000 2 10 0.500000 11 0.500000
2efb_kyj02_body_mesh1
10 0.459756 0.915130 -0.015988 1.000000 0.000000 0.000000 0.129639 0.750122 2 10 0.500000 11 0.500000
10 0.459756 0.001122 -0.807543 1.000000 0.000000 0.000000 0.129639 1.000000 2 10 0.500000 11 0.500000
10 -0.622629 0.001122 -0.807543 0.000000 0.654654 -0.755929 0.013214 1.000000 2 10 0.500000 11 0.500000
2efb_kyj02_body_mesh1
10 0.459756 -0.912890 -0.015988 1.000000 0.000000 0.000000 0.116699 0.158691 2 10 0.500000 11 0.500000
10 0.459756 0.001122 -0.807543 1.000000 0.000000 0.000000 0.104553 0.170898 2 10 0.500000 11 0.500000
10 0.459756 0.001122 0.775567 1.000000 0.000000 0.000000 0.128906 0.169922 2 10 0.500000 11 0.500000
2efb_kyj02_body_mesh1
10 0.459756 0.001122 -0.807543 1.000000 0.000000 0.000000 0.104553 0.170898 2 10 0.500000 11 0.500000
10 0.459756 0.915130 -0.015988 1.000000 0.000000 0.000000 0.116699 0.182617 2 10 0.500000 11 0.500000
10 0.459756 0.001122 0.775567 1.000000 0.000000 0.000000 0.128906 0.169922 2 10 0.500000 11 0.500000
2efb_kyj02_body_mesh1
11 -7.065491 -11.814548 0.000000 0.000000 0.000000 1.000000 0.145386 1.000000 2 11 0.355496 12 0.644504
11 -7.065489 -16.542454 0.000000 0.000000 0.000000 1.000000 0.145386 0.833374 3 11 0.288191 12 0.690337 13 0.021473
11 -2.355162 -11.814547 0.000000 0.000000 0.000000 1.000000 0.431885 1.000000 2 11 0.307059 12 0.692941
2efb_kyj02_body_mesh1
11 -7.065489 -16.542454 0.000000 0.000000 0.000000 1.000000 0.145386 0.833374 3 11 0.288191 12 0.690337 13 0.021473
11 -2.355162 -16.542451 0.000000 0.000000 0.000000 1.000000 0.431885 0.833374 3 11 0.272343 12 0.713544 13 0.014113
11 -2.355162 -11.814547 0.000000 0.000000 0.000000 1.000000 0.431885 1.000000 2 11 0.307059 12 0.692941
2efb_kyj02_body_mesh1
11 -2.355162 -11.814547 0.000000 0.000000 0.000000 1.000000 0.431885 1.000000 2 11 0.307059 12 0.692941
11 -2.355162 -16.542451 0.000000 0.000000 0.000000 1.000000 0.431885 0.833374 3 11 0.272343 12 0.713544 13 0.014113
11 2.355166 -11.814547 0.000000 0.000000 0.000000 1.000000 0.718262 1.000000 2 11 0.307059 12 0.692941
2efb_kyj02_body_mesh1
11 -2.355162 -16.542451 0.000000 0.000000 0.000000 1.000000 0.431885 0.833374 3 11 0.272343 12 0.713544 13 0.014113
11 2.355166 -16.542451 0.000000 0.000000 0.000000 1.000000 0.718262 0.833374 3 11 0.272343 12 0.713544 13 0.014113
11 2.355166 -11.814547 0.000000 0.000000 0.000000 1.000000 0.718262 1.000000 2 11 0.307059 12 0.692941
2efb_kyj02_body_mesh1
11 2.355166 -11.814547 0.000000 0.000000 0.000000 1.000000 0.718262 1.000000 2 11 0.307059 12 0.692941
11 2.355166 -16.542451 0.000000 0.000000 0.000000 1.000000 0.718262 0.833374 3 11 0.272343 12 0.713544 13 0.014113
11 7.065494 -11.814547 0.000000 0.000000 0.000000 1.000000 1.004883 1.000000 2 11 0.355496 12 0.644504
2efb_kyj02_body_mesh1
11 2.355166 -16.542451 0.000000 0.000000 0.000000 1.000000 0.718262 0.833374 3 11 0.272343 12 0.713544 13 0.014113
11 7.065495 -16.542449 0.000000 0.000000 0.000000 1.000000 1.004883 0.833374 3 11 0.288191 12 0.690337 13 0.021473
11 7.065494 -11.814547 0.000000 0.000000 0.000000 1.000000 1.004883 1.000000 2 11 0.355496 12 0.644504
2efb_kyj02_body_mesh1
11 -7.065489 -16.542454 0.000000 0.000000 0.000000 1.000000 0.145386 0.833374 3 11 0.288191 12 0.690337 13 0.021473
11 -7.065490 -21.270356 0.000000 0.000000 0.000000 1.000000 0.145386 0.666748 3 11 0.229347 12 0.670777 13 0.099876
11 -2.355162 -16.542451 0.000000 0.000000 0.000000 1.000000 0.431885 0.833374 3 11 0.272343 12 0.713544 13 0.014113
2efb_kyj02_body_mesh1
11 -7.065490 -21.270356 0.000000 0.000000 0.000000 1.000000 0.145386 0.666748 3 11 0.229347 12 0.670777 13 0.099876
11 -2.355161 -21.270354 0.000000 0.000000 0.000000 1.000000 0.431885 0.666748 3 11 0.224374 12 0.680348 13 0.095278
11 -2.355162 -16.542451 0.000000 0.000000 0.000000 1.000000 0.431885 0.833374 3 11 0.272343 12 0.713544 13 0.014113
2efb_kyj02_body_mesh1
11 -2.355162 -16.542451 0.000000 0.000000 0.000000 1.000000 0.431885 0.833374 3 11 0.272343 12 0.713544 13 0.014113
11 -2.355161 -21.270354 0.000000 0.000000 0.000000 1.000000 0.431885 0.666748 3 11 0.224374 12 0.680348 13 0.095278
11 2.355166 -16.542451 0.000000 0.000000 0.000000 1.000000 0.718262 0.833374 3 11 0.272343 12 0.713544 13 0.014113
2efb_kyj02_body_mesh1
11 -2.355161 -21.270354 0.000000 0.000000 0.000000 1.000000 0.431885 0.666748 3 11 0.224374 12 0.680348 13 0.095278
11 2.355167 -21.270354 0.000000 0.000000 0.000000 1.000000 0.718262 0.666748 3 11 0.224374 12 0.680348 13 0.095278
11 2.355166 -16.542451 0.000000 0.000000 0.000000 1.000000 0.718262 0.833374 3 11 0.272343 12 0.713544 13 0.014113
2efb_kyj02_body_mesh1
11 2.355166 -16.542451 0.000000 0.000000 0.000000 1.000000 0.718262 0.833374 3 11 0.272343 12 0.713544 13 0.014113
11 2.355167 -21.270354 0.000000 0.000000 0.000000 1.000000 0.718262 0.666748 3 11 0.224374 12 0.680348 13 0.095278
11 7.065495 -16.542449 0.000000 0.000000 0.000000 1.000000 1.004883 0.833374 3 11 0.288191 12 0.690337 13 0.021473
2efb_kyj02_body_mesh1
11 2.355167 -21.270354 0.000000 0.000000 0.000000 1.000000 0.718262 0.666748 3 11 0.224374 12 0.680348 13 0.095278
11 7.065496 -21.270352 0.000000 0.000000 0.000000 1.000000 1.004883 0.666748 3 11 0.229347 12 0.670777 13 0.099876
11 7.065495 -16.542449 0.000000 0.000000 0.000000 1.000000 1.004883 0.833374 3 11 0.288191 12 0.690337 13 0.021473
2efb_kyj02_body_mesh1
11 -7.065490 -21.270356 0.000000 0.000000 0.000000 1.000000 0.145386 0.666748 3 11 0.229347 12 0.670777 13 0.099876
11 -7.065488 -25.998257 0.000000 0.000000 0.000000 1.000000 0.145386 0.500000 3 11 0.162864 12 0.594138 13 0.242998
11 -2.355161 -21.270354 0.000000 0.000000 0.000000 1.000000 0.431885 0.666748 3 11 0.224374 12 0.680348 13 0.095278
2efb_kyj02_body_mesh1
11 -7.065488 -25.998257 0.000000 0.000000 0.000000 1.000000 0.145386 0.500000 3 11 0.162864 12 0.594138 13 0.242998
11 -2.355161 -25.998260 0.000000 0.000000 0.000000 1.000000 0.431885 0.500000 3 11 0.161159 12 0.595080 13 0.243762
11 -2.355161 -21.270354 0.000000 0.000000 0.000000 1.000000 0.431885 0.666748 3 11 0.224374 12 0.680348 13 0.095278
2efb_kyj02_body_mesh1
11 -2.355161 -21.270354 0.000000 0.000000 0.000000 1.000000 0.431885 0.666748 3 11 0.224374 12 0.680348 13 0.095278
11 -2.355161 -25.998260 0.000000 0.000000 0.000000 1.000000 0.431885 0.500000 3 11 0.161159 12 0.595080 13 0.243762
11 2.355167 -21.270354 0.000000 0.000000 0.000000 1.000000 0.718262 0.666748 3 11 0.224374 12 0.680348 13 0.095278
2efb_kyj02_body_mesh1
11 -2.355161 -25.998260 0.000000 0.000000 0.000000 1.000000 0.431885 0.500000 3 11 0.161159 12 0.595080 13 0.243762
11 2.355168 -25.998260 0.000000 0.000000 0.000000 1.000000 0.718262 0.500000 3 11 0.161159 12 0.595080 13 0.243762
11 2.355167 -21.270354 0.000000 0.000000 0.000000 1.000000 0.718262 0.666748 3 11 0.224374 12 0.680348 13 0.095278
2efb_kyj02_body_mesh1
11 2.355167 -21.270354 0.000000 0.000000 0.000000 1.000000 0.718262 0.666748 3 11 0.224374 12 0.680348 13 0.095278
11 2.355168 -25.998260 0.000000 0.000000 0.000000 1.000000 0.718262 0.500000 3 11 0.161159 12 0.595080 13 0.243762
11 7.065496 -21.270352 0.000000 0.000000 0.000000 1.000000 1.004883 0.666748 3 11 0.229347 12 0.670777 13 0.099876
2efb_kyj02_body_mesh1
11 2.355168 -25.998260 0.000000 0.000000 0.000000 1.000000 0.718262 0.500000 3 11 0.161159 12 0.595080 13 0.243762
11 7.065495 -25.998253 0.000000 0.000000 0.000000 1.000000 1.004883 0.500000 3 11 0.162864 12 0.594138 13 0.242998
11 7.065496 -21.270352 0.000000 0.000000 0.000000 1.000000 1.004883 0.666748 3 11 0.229347 12 0.670777 13 0.099876
2efb_kyj02_body_mesh1
11 -7.065486 -40.181963 0.000000 0.000000 0.000000 1.000000 0.145386 0.000000 3 11 0.014462 12 0.269404 13 0.716134
11 -2.355158 -40.181963 0.000000 0.000000 0.000000 1.000000 0.431885 0.000000 3 11 0.014540 12 0.253008 13 0.732451
11 -7.065486 -37.818013 0.000000 0.000000 0.000000 1.000000 0.145386 0.083496 3 11 0.026400 12 0.295458 13 0.678142
2efb_kyj02_body_mesh1
11 -2.355158 -40.181963 0.000000 0.000000 0.000000 1.000000 0.431885 0.000000 3 11 0.014540 12 0.253008 13 0.732451
11 -2.355158 -37.818013 0.000000 0.000000 0.000000 1.000000 0.431885 0.083496 3 11 0.026035 12 0.279580 13 0.694385
11 -7.065486 -37.818013 0.000000 0.000000 0.000000 1.000000 0.145386 0.083496 3 11 0.026400 12 0.295458 13 0.678142
2efb_kyj02_body_mesh1
11 -7.065486 -37.818013 0.000000 0.000000 0.000000 1.000000 0.145386 0.083496 3 11 0.026400 12 0.295458 13 0.678142
11 -2.355158 -37.818013 0.000000 0.000000 0.000000 1.000000 0.431885 0.083496 3 11 0.026035 12 0.279580 13 0.694385
11 -2.355159 -35.454072 0.000000 0.000000 0.000000 1.000000 0.431885 0.166992 3 11 0.041967 12 0.321425 13 0.636608
2efb_kyj02_body_mesh1
11 -2.355158 -37.818013 0.000000 0.000000 0.000000 1.000000 0.431885 0.083496 3 11 0.026035 12 0.279580 13 0.694385
11 2.355169 -35.454072 0.000000 0.000000 0.000000 1.000000 0.718262 0.166992 3 11 0.041967 12 0.321426 13 0.636608
11 -2.355159 -35.454072 0.000000 0.000000 0.000000 1.000000 0.431885 0.166992 3 11 0.041967 12 0.321425 13 0.636608
2efb_kyj02_body_mesh1
11 -2.355159 -35.454072 0.000000 0.000000 0.000000 1.000000 0.431885 0.166992 3 11 0.041967 12 0.321425 13 0.636608
11 2.355169 -35.454072 0.000000 0.000000 0.000000 1.000000 0.718262 0.166992 3 11 0.041967 12 0.321426 13 0.636608
11 -2.355159 -33.090115 0.000000 0.000000 0.000000 1.000000 0.431885 0.250000 3 11 0.063330 12 0.377260 13 0.559409
2efb_kyj02_body_mesh1
11 2.355169 -35.454072 0.000000 0.000000 0.000000 1.000000 0.718262 0.166992 3 11 0.041967 12 0.321426 13 0.636608
11 2.355169 -33.090115 0.000000 0.000000 0.000000 1.000000 0.718262 0.250000 3 11 0.063330 12 0.377260 13 0.559409
11 -2.355159 -33.090115 0.000000 0.000000 0.000000 1.000000 0.431885 0.250000 3 11 0.063330 12 0.377260 13 0.559409
2efb_kyj02_body_mesh1
11 -2.355159 -33.090115 0.000000 0.000000 0.000000 1.000000 0.431885 0.250000 3 11 0.063330 12 0.377260 13 0.559409
11 2.355169 -33.090115 0.000000 0.000000 0.000000 1.000000 0.718262 0.250000 3 11 0.063330 12 0.377260 13 0.559409
11 2.355168 -30.726164 0.000000 0.000000 0.000000 1.000000 0.718262 0.333496 3 11 0.090803 12 0.445155 13 0.464041
2efb_kyj02_body_mesh1
11 2.355169 -33.090115 0.000000 0.000000 0.000000 1.000000 0.718262 0.250000 3 11 0.063330 12 0.377260 13 0.559409
11 7.065497 -30.726164 0.000000 0.000000 0.000000 1.000000 1.004883 0.333496 3 11 0.091740 12 0.451914 13 0.456346
11 2.355168 -30.726164 0.000000 0.000000 0.000000 1.000000 0.718262 0.333496 3 11 0.090803 12 0.445155 13 0.464041
2efb_kyj02_body_mesh1
11 2.355168 -30.726164 0.000000 0.000000 0.000000 1.000000 0.718262 0.333496 3 11 0.090803 12 0.445155 13 0.464041
11 7.065497 -30.726164 0.000000 0.000000 0.000000 1.000000 1.004883 0.333496 3 11 0.091740 12 0.451914 13 0.456346
11 2.355168 -28.362208 0.000000 0.000000 0.000000 1.000000 0.718262 0.416992 3 11 0.123989 12 0.520148 13 0.355863
2efb_kyj02_body_mesh1
11 7.065497 -30.726164 0.000000 0.000000 0.000000 1.000000 1.004883 0.333496 3 11 0.091740 12 0.451914 13 0.456346
11 7.065496 -28.362208 0.000000 0.000000 0.000000 1.000000 1.004883 0.416992 3 11 0.125151 12 0.523209 13 0.351640
11 2.355168 -28.362208 0.000000 0.000000 0.000000 1.000000 0.718262 0.416992 3 11 0.123989 12 0.520148 13 0.355863
2efb_kyj02_body_mesh1
11 2.355168 -28.362208 0.000000 0.000000 0.000000 1.000000 0.718262 0.416992 3 11 0.123989 12 0.520148 13 0.355863
11 7.065496 -28.362208 0.000000 0.000000 0.000000 1.000000 1.004883 0.416992 3 11 0.125151 12 0.523209 13 0.351640
11 7.065495 -25.998253 0.000000 0.000000 0.000000 1.000000 1.004883 0.500000 3 11 0.162864 12 0.594138 13 0.242998
2efb_kyj02_body_mesh1
11 -2.355158 -40.181963 0.000000 0.000000 0.000000 1.000000 0.431885 0.000000 3 11 0.014540 12 0.253008 13 0.732451
11 2.355170 -40.181963 0.000000 0.000000 0.000000 1.000000 0.718262 0.000000 3 11 0.014540 12 0.253008 13 0.732451
11 -2.355158 -37.818013 0.000000 0.000000 0.000000 1.000000 0.431885 0.083496 3 11 0.026035 12 0.279580 13 0.694385
2efb_kyj02_body_mesh1
11 2.355170 -40.181963 0.000000 0.000000 0.000000 1.000000 0.718262 0.000000 3 11 0.014540 12 0.253008 13 0.732451
11 2.355169 -37.818015 0.000000 0.000000 0.000000 1.000000 0.718262 0.083496 3 11 0.026035 12 0.279580 13 0.694385
11 -2.355158 -37.818013 0.000000 0.000000 0.000000 1.000000 0.431885 0.083496 3 11 0.026035 12 0.279580 13 0.694385
2efb_kyj02_body_mesh1
11 -2.355158 -37.818013 0.000000 0.000000 0.000000 1.000000 0.431885 0.083496 3 11 0.026035 12 0.279580 13 0.694385
11 2.355169 -37.818015 0.000000 0.000000 0.000000 1.000000 0.718262 0.083496 3 11 0.026035 12 0.279580 13 0.694385
11 2.355169 -35.454072 0.000000 0.000000 0.000000 1.000000 0.718262 0.166992 3 11 0.041967 12 0.321426 13 0.636608
2efb_kyj02_body_mesh1
11 2.355169 -37.818015 0.000000 0.000000 0.000000 1.000000 0.718262 0.083496 3 11 0.026035 12 0.279580 13 0.694385
11 7.065497 -35.454072 0.000000 0.000000 0.000000 1.000000 1.004883 0.166992 3 11 0.042585 12 0.334462 13 0.622953
11 2.355169 -35.454072 0.000000 0.000000 0.000000 1.000000 0.718262 0.166992 3 11 0.041967 12 0.321426 13 0.636608
2efb_kyj02_body_mesh1
11 2.355169 -35.454072 0.000000 0.000000 0.000000 1.000000 0.718262 0.166992 3 11 0.041967 12 0.321426 13 0.636608
11 7.065497 -35.454072 0.000000 0.000000 0.000000 1.000000 1.004883 0.166992 3 11 0.042585 12 0.334462 13 0.622953
11 2.355169 -33.090115 0.000000 0.000000 0.000000 1.000000 0.718262 0.250000 3 11 0.063330 12 0.377260 13 0.559409
2efb_kyj02_body_mesh1
11 7.065497 -35.454072 0.000000 0.000000 0.000000 1.000000 1.004883 0.166992 3 11 0.042585 12 0.334462 13 0.622953
11 7.065496 -33.090115 0.000000 0.000000 0.000000 1.000000 1.004883 0.250000 3 11 0.064125 12 0.387320 13 0.548555
11 2.355169 -33.090115 0.000000 0.000000 0.000000 1.000000 0.718262 0.250000 3 11 0.063330 12 0.377260 13 0.559409
2efb_kyj02_body_mesh1
11 2.355169 -33.090115 0.000000 0.000000 0.000000 1.000000 0.718262 0.250000 3 11 0.063330 12 0.377260 13 0.559409
11 7.065496 -33.090115 0.000000 0.000000 0.000000 1.000000 1.004883 0.250000 3 11 0.064125 12 0.387320 13 0.548555
11 7.065497 -30.726164 0.000000 0.000000 0.000000 1.000000 1.004883 0.333496 3 11 0.091740 12 0.451914 13 0.456346
2efb_kyj02_body_mesh1
11 2.355170 -40.181963 0.000000 0.000000 0.000000 1.000000 0.718262 0.000000 3 11 0.014540 12 0.253008 13 0.732451
11 7.065497 -40.181963 0.000000 0.000000 0.000000 1.000000 1.004883 0.000000 3 11 0.014462 12 0.269404 13 0.716134
11 2.355169 -37.818015 0.000000 0.000000 0.000000 1.000000 0.718262 0.083496 3 11 0.026035 12 0.279580 13 0.694385
2efb_kyj02_body_mesh1
11 7.065497 -40.181963 0.000000 0.000000 0.000000 1.000000 1.004883 0.000000 3 11 0.014462 12 0.269404 13 0.716134
11 7.065497 -37.818019 0.000000 0.000000 0.000000 1.000000 1.004883 0.083496 3 11 0.026400 12 0.295458 13 0.678142
11 2.355169 -37.818015 0.000000 0.000000 0.000000 1.000000 0.718262 0.083496 3 11 0.026035 12 0.279580 13 0.694385
2efb_kyj02_body_mesh1
11 2.355169 -37.818015 0.000000 0.000000 0.000000 1.000000 0.718262 0.083496 3 11 0.026035 12 0.279580 13 0.694385
11 7.065497 -37.818019 0.000000 0.000000 0.000000 1.000000 1.004883 0.083496 3 11 0.026400 12 0.295458 13 0.678142
11 7.065497 -35.454072 0.000000 0.000000 0.000000 1.000000 1.004883 0.166992 3 11 0.042585 12 0.334462 13 0.622953
2efb_kyj02_body_mesh1
11 -0.086723 -2.888613 -0.543246 -0.700386 -0.001300 -0.713763 0.000000 0.750000 2 11 0.800000 12 0.200000
11 -0.086723 -5.774256 -0.542202 -0.705240 0.002731 -0.708964 0.000000 0.500000 2 11 0.625000 12 0.375000
11 -0.628925 -2.958780 -0.010282 -0.700197 0.003699 0.713941 0.132812 0.750000 2 11 0.800000 12 0.200000
2efb_kyj02_body_mesh1
11 -0.086723 -5.774256 -0.542202 -0.705240 0.002731 -0.708964 0.000000 0.500000 2 11 0.625000 12 0.375000
11 -0.628925 -5.774256 0.000000 -0.705105 -0.004802 0.709087 0.132812 0.500000 2 11 0.625000 12 0.375000
11 -0.628925 -2.958780 -0.010282 -0.700197 0.003699 0.713941 0.132812 0.750000 2 11 0.800000 12 0.200000
2efb_kyj02_body_mesh1
11 -0.628925 -5.774256 0.000000 -0.705105 -0.004802 0.709087 0.132812 0.500000 2 11 0.625000 12 0.375000
11 -0.086723 -5.774256 -0.542202 -0.705240 0.002731 -0.708964 0.000000 0.500000 2 11 0.625000 12 0.375000
11 -0.628925 -8.750591 -0.036191 -0.686970 -0.012015 0.726587 0.132812 0.250000 2 11 0.450000 12 0.550000
2efb_kyj02_body_mesh1
11 -0.086723 -5.774256 -0.542202 -0.705240 0.002731 -0.708964 0.000000 0.500000 2 11 0.625000 12 0.375000
11 -0.086723 -8.865164 -0.552993 -0.687855 0.005483 -0.725827 0.000000 0.250000 2 11 0.450000 12 0.550000
11 -0.628925 -8.750591 -0.036191 -0.686970 -0.012015 0.726587 0.132812 0.250000 2 11 0.450000 12 0.550000
2efb_kyj02_body_mesh1
11 -0.628925 -8.750591 -0.036191 -0.686970 -0.012015 0.726587 0.132812 0.250000 2 11 0.450000 12 0.550000
11 -0.086723 -8.865164 -0.552993 -0.687855 0.005483 -0.725827 0.000000 0.250000 2 11 0.450000 12 0.550000
11 -0.628925 -11.726926 -0.072382 -0.669417 -0.009033 0.742832 0.132812 0.000000 2 11 0.300932 12 0.699068
2efb_kyj02_body_mesh1
11 -0.086723 -8.865164 -0.552993 -0.687855 0.005483 -0.725827 0.000000 0.250000 2 11 0.450000 12 0.550000
11 -0.086723 -11.956073 -0.563784 -0.670940 0.002589 -0.741507 0.000000 0.000000 2 11 0.303291 12 0.696709
11 -0.628925 -11.726926 -0.072382 -0.669417 -0.009033 0.742832 0.132812 0.000000 2 11 0.300932 12 0.699068
2efb_kyj02_body_mesh1
11 -0.628925 -2.958780 -0.010282 -0.700197 0.003699 0.713941 0.000000 0.750000 2 11 0.800000 12 0.200000
11 -0.628925 -5.774256 0.000000 -0.705105 -0.004802 0.709087 0.000000 0.500000 2 11 0.625000 12 0.375000
11 -0.086723 -3.028947 0.522683 0.701299 0.003973 0.712856 0.132812 0.750000 2 11 0.800000 12 0.200000
2efb_kyj02_body_mesh1
11 -0.628925 -5.774256 0.000000 -0.705105 -0.004802 0.709087 0.000000 0.500000 2 11 0.625000 12 0.375000
11 -0.086723 -5.774256 0.542202 0.707098 -0.005062 0.707098 0.132812 0.500000 2 11 0.625000 12 0.375000
11 -0.086723 -3.028947 0.522683 0.701299 0.003973 0.712856 0.132812 0.750000 2 11 0.800000 12 0.200000
2efb_kyj02_body_mesh1
11 -0.086723 -5.774256 0.542202 0.707098 -0.005062 0.707098 0.132812 0.500000 2 11 0.625000 12 0.375000
11 -0.628925 -5.774256 0.000000 -0.705105 -0.004802 0.709087 0.000000 0.500000 2 11 0.625000 12 0.375000
11 -0.086723 -8.636019 0.480611 0.690116 -0.012388 0.723592 0.132812 0.250000 2 11 0.450000 12 0.550000
2efb_kyj02_body_mesh1
11 -0.628925 -5.774256 0.000000 -0.705105 -0.004802 0.709087 0.000000 0.500000 2 11 0.625000 12 0.375000
11 -0.628925 -8.750591 -0.036191 -0.686970 -0.012015 0.726587 0.000000 0.250000 2 11 0.450000 12 0.550000
11 -0.086723 -8.636019 0.480611 0.690116 -0.012388 0.723592 0.132812 0.250000 2 11 0.450000 12 0.550000
2efb_kyj02_body_mesh1
11 -0.086723 -8.636019 0.480611 0.690116 -0.012388 0.723592 0.132812 0.250000 2 11 0.450000 12 0.550000
11 -0.628925 -8.750591 -0.036191 -0.686970 -0.012015 0.726587 0.000000 0.250000 2 11 0.450000 12 0.550000
11 -0.086723 -11.497782 0.419019 0.672087 -0.009962 0.740405 0.132812 0.000000 2 11 0.310447 12 0.689553
2efb_kyj02_body_mesh1
11 -0.628925 -8.750591 -0.036191 -0.686970 -0.012015 0.726587 0.000000 0.250000 2 11 0.450000 12 0.550000
11 -0.628925 -11.726926 -0.072382 -0.669417 -0.009033 0.742832 0.000000 0.000000 2 11 0.300932 12 0.699068
11 -0.086723 -11.497782 0.419019 0.672087 -0.009962 0.740405 0.132812 0.000000 2 11 0.310447 12 0.689553
2efb_kyj02_body_mesh1
11 -7.065486 -37.818013 0.000000 0.000000 0.000000 1.000000 0.145386 0.083496 3 11 0.026400 12 0.295458 13 0.678142
11 -2.355159 -35.454072 0.000000 0.000000 0.000000 1.000000 0.431885 0.166992 3 11 0.041967 12 0.321425 13 0.636608
11 -7.065487 -35.454062 0.000000 0.000000 0.000000 1.000000 0.145386 0.166992 3 11 0.042585 12 0.334462 13 0.622953
2efb_kyj02_body_mesh1
11 -2.355159 -35.454072 0.000000 0.000000 0.000000 1.000000 0.431885 0.166992 3 11 0.041967 12 0.321425 13 0.636608
11 -7.065486 -33.090115 0.000000 0.000000 0.000000 1.000000 0.145386 0.250000 3 11 0.064125 12 0.387320 13 0.548555
11 -7.065487 -35.454062 0.000000 0.000000 0.000000 1.000000 0.145386 0.166992 3 11 0.042585 12 0.334462 13 0.622953
2efb_kyj02_body_mesh1
11 -2.355159 -35.454072 0.000000 0.000000 0.000000 1.000000 0.431885 0.166992 3 11 0.041967 12 0.321425 13 0.636608
11 -2.355159 -33.090115 0.000000 0.000000 0.000000 1.000000 0.431885 0.250000 3 11 0.063330 12 0.377260 13 0.559409
11 -7.065486 -33.090115 0.000000 0.000000 0.000000 1.000000 0.145386 0.250000 3 11 0.064125 12 0.387320 13 0.548555
2efb_kyj02_body_mesh1
11 -2.355159 -33.090115 0.000000 0.000000 0.000000 1.000000 0.431885 0.250000 3 11 0.063330 12 0.377260 13 0.559409
11 -2.355160 -30.726164 0.000000 0.000000 0.000000 1.000000 0.431885 0.333496 3 11 0.090803 12 0.445155 13 0.464041
11 -7.065486 -33.090115 0.000000 0.000000 0.000000 1.000000 0.145386 0.250000 3 11 0.064125 12 0.387320 13 0.548555
2efb_kyj02_body_mesh1
11 -7.065486 -33.090115 0.000000 0.000000 0.000000 1.000000 0.145386 0.250000 3 11 0.064125 12 0.387320 13 0.548555
11 -2.355160 -30.726164 0.000000 0.000000 0.000000 1.000000 0.431885 0.333496 3 11 0.090803 12 0.445155 13 0.464041
11 -7.065488 -30.726164 0.000000 0.000000 0.000000 1.000000 0.145386 0.333496 3 11 0.091740 12 0.451914 13 0.456346
2efb_kyj02_body_mesh1
11 -2.355160 -30.726164 0.000000 0.000000 0.000000 1.000000 0.431885 0.333496 3 11 0.090803 12 0.445155 13 0.464041
11 -7.065488 -28.362214 0.000000 0.000000 0.000000 1.000000 0.145386 0.416992 3 11 0.125151 12 0.523209 13 0.351640
11 -7.065488 -30.726164 0.000000 0.000000 0.000000 1.000000 0.145386 0.333496 3 11 0.091740 12 0.451914 13 0.456346
2efb_kyj02_body_mesh1
11 -2.355159 -33.090115 0.000000 0.000000 0.000000 1.000000 0.431885 0.250000 3 11 0.063330 12 0.377260 13 0.559409
11 2.355168 -30.726164 0.000000 0.000000 0.000000 1.000000 0.718262 0.333496 3 11 0.090803 12 0.445155 13 0.464041
11 -2.355160 -30.726164 0.000000 0.000000 0.000000 1.000000 0.431885 0.333496 3 11 0.090803 12 0.445155 13 0.464041
2efb_kyj02_body_mesh1
11 2.355168 -30.726164 0.000000 0.000000 0.000000 1.000000 0.718262 0.333496 3 11 0.090803 12 0.445155 13 0.464041
11 -2.355160 -28.362208 0.000000 0.000000 0.000000 1.000000 0.431885 0.416992 3 11 0.123989 12 0.520148 13 0.355863
11 -2.355160 -30.726164 0.000000 0.000000 0.000000 1.000000 0.431885 0.333496 3 11 0.090803 12 0.445155 13 0.464041
2efb_kyj02_body_mesh1
11 -2.355160 -30.726164 0.000000 0.000000 0.000000 1.000000 0.431885 0.333496 3 11 0.090803 12 0.445155 13 0.464041
11 -2.355160 -28.362208 0.000000 0.000000 0.000000 1.000000 0.431885 0.416992 3 11 0.123989 12 0.520148 13 0.355863
11 -7.065488 -28.362214 0.000000 0.000000 0.000000 1.000000 0.145386 0.416992 3 11 0.125151 12 0.523209 13 0.351640
2efb_kyj02_body_mesh1
11 -2.355160 -28.362208 0.000000 0.000000 0.000000 1.000000 0.431885 0.416992 3 11 0.123989 12 0.520148 13 0.355863
11 -2.355161 -25.998260 0.000000 0.000000 0.000000 1.000000 0.431885 0.500000 3 11 0.161159 12 0.595080 13 0.243762
11 -7.065488 -28.362214 0.000000 0.000000 0.000000 1.000000 0.145386 0.416992 3 11 0.125151 12 0.523209 13 0.351640
2efb_kyj02_body_mesh1
11 -7.065488 -28.362214 0.000000 0.000000 0.000000 1.000000 0.145386 0.416992 3 11 0.125151 12 0.523209 13 0.351640
11 -2.355161 -25.998260 0.000000 0.000000 0.000000 1.000000 0.431885 0.500000 3 11 0.161159 12 0.595080 13 0.243762
11 -7.065488 -25.998257 0.000000 0.000000 0.000000 1.000000 0.145386 0.500000 3 11 0.162864 12 0.594138 13 0.242998
2efb_kyj02_body_mesh1
11 2.355168 -30.726164 0.000000 0.000000 0.000000 1.000000 0.718262 0.333496 3 11 0.090803 12 0.445155 13 0.464041
11 2.355168 -28.362208 0.000000 0.000000 0.000000 1.000000 0.718262 0.416992 3 11 0.123989 12 0.520148 13 0.355863
11 -2.355160 -28.362208 0.000000 0.000000 0.000000 1.000000 0.431885 0.416992 3 11 0.123989 12 0.520148 13 0.355863
2efb_kyj02_body_mesh1
11 2.355168 -28.362208 0.000000 0.000000 0.000000 1.000000 0.718262 0.416992 3 11 0.123989 12 0.520148 13 0.355863
11 2.355168 -25.998260 0.000000 0.000000 0.000000 1.000000 0.718262 0.500000 3 11 0.161159 12 0.595080 13 0.243762
11 -2.355160 -28.362208 0.000000 0.000000 0.000000 1.000000 0.431885 0.416992 3 11 0.123989 12 0.520148 13 0.355863
2efb_kyj02_body_mesh1
11 -2.355160 -28.362208 0.000000 0.000000 0.000000 1.000000 0.431885 0.416992 3 11 0.123989 12 0.520148 13 0.355863
11 2.355168 -25.998260 0.000000 0.000000 0.000000 1.000000 0.718262 0.500000 3 11 0.161159 12 0.595080 13 0.243762
11 -2.355161 -25.998260 0.000000 0.000000 0.000000 1.000000 0.431885 0.500000 3 11 0.161159 12 0.595080 13 0.243762
2efb_kyj02_body_mesh1
11 -7.065490 -11.814547 -0.028260 0.000000 0.000000 -1.000000 1.004883 1.000000 2 11 0.355496 12 0.644504
11 -2.355163 -11.814547 -0.028260 0.000000 0.000000 -1.000000 0.718262 1.000000 2 11 0.305630 12 0.694370
11 -7.065489 -16.542457 -0.028260 0.000000 0.000000 -1.000000 1.004883 0.833374 3 11 0.288191 12 0.690337 13 0.021473
2efb_kyj02_body_mesh1
11 -2.355163 -11.814547 -0.028260 0.000000 0.000000 -1.000000 0.718262 1.000000 2 11 0.305630 12 0.694370
11 -2.355162 -16.542451 -0.028260 0.000000 0.000000 -1.000000 0.718262 0.833374 3 11 0.272491 12 0.713489 13 0.014019
11 -7.065489 -16.542457 -0.028260 0.000000 0.000000 -1.000000 1.004883 0.833374 3 11 0.288191 12 0.690337 13 0.021473
2efb_kyj02_body_mesh1
11 -7.065489 -16.542457 -0.028260 0.000000 0.000000 -1.000000 1.004883 0.833374 3 11 0.288191 12 0.690337 13 0.021473
11 -2.355162 -16.542451 -0.028260 0.000000 0.000000 -1.000000 0.718262 0.833374 3 11 0.272491 12 0.713489 13 0.014019
11 -7.065490 -21.270356 -0.028260 0.000000 0.000000 -1.000000 1.004883 0.666748 3 11 0.229347 12 0.670777 13 0.099876
2efb_kyj02_body_mesh1
11 -2.355162 -16.542451 -0.028260 0.000000 0.000000 -1.000000 0.718262 0.833374 3 11 0.272491 12 0.713489 13 0.014019
11 -2.355161 -21.270354 -0.028260 0.000000 0.000000 -1.000000 0.718262 0.666748 3 11 0.224374 12 0.680348 13 0.095278
11 -7.065490 -21.270356 -0.028260 0.000000 0.000000 -1.000000 1.004883 0.666748 3 11 0.229347 12 0.670777 13 0.099876
2efb_kyj02_body_mesh1
11 -7.065490 -21.270356 -0.028260 0.000000 0.000000 -1.000000 1.004883 0.666748 3 11 0.229347 12 0.670777 13 0.099876
11 -2.355161 -21.270354 -0.028260 0.000000 0.000000 -1.000000 0.718262 0.666748 3 11 0.224374 12 0.680348 13 0.095278
11 -7.065487 -25.998257 -0.028260 0.000000 0.000000 -1.000000 1.004883 0.500000 3 11 0.162418 12 0.593300 13 0.244281
2efb_kyj02_body_mesh1
11 -2.355161 -21.270354 -0.028260 0.000000 0.000000 -1.000000 0.718262 0.666748 3 11 0.224374 12 0.680348 13 0.095278
11 -2.355161 -25.998261 -0.028260 0.000000 0.000000 -1.000000 0.718262 0.500000 3 11 0.160720 12 0.594195 13 0.245086
11 -7.065487 -25.998257 -0.028260 0.000000 0.000000 -1.000000 1.004883 0.500000 3 11 0.162418 12 0.593300 13 0.244281
2efb_kyj02_body_mesh1
11 -7.065487 -25.998257 -0.028260 0.000000 0.000000 -1.000000 1.004883 0.500000 3 11 0.162418 12 0.593300 13 0.244281
11 -2.355161 -25.998261 -0.028260 0.000000 0.000000 -1.000000 0.718262 0.500000 3 11 0.160720 12 0.594195 13 0.245086
11 -7.065489 -28.362216 -0.028260 0.000000 0.000000 -1.000000 1.004883 0.416992 3 11 0.126233 12 0.523117 13 0.350650
2efb_kyj02_body_mesh1
11 -2.355161 -25.998261 -0.028260 0.000000 0.000000 -1.000000 0.718262 0.500000 3 11 0.160720 12 0.594195 13 0.245086
11 -2.355160 -28.362210 -0.028260 0.000000 0.000000 -1.000000 0.718262 0.416992 3 11 0.124991 12 0.520133 13 0.354876
11 -7.065489 -28.362216 -0.028260 0.000000 0.000000 -1.000000 1.004883 0.416992 3 11 0.126233 12 0.523117 13 0.350650
2efb_kyj02_body_mesh1
11 -7.065489 -28.362216 -0.028260 0.000000 0.000000 -1.000000 1.004883 0.416992 3 11 0.126233 12 0.523117 13 0.350650
11 -2.355160 -28.362210 -0.028260 0.000000 0.000000 -1.000000 0.718262 0.416992 3 11 0.124991 12 0.520133 13 0.354876
11 -2.355161 -30.726164 -0.028260 0.000000 0.000000 -1.000000 0.718262 0.333496 3 11 0.092240 12 0.446940 13 0.460820
2efb_kyj02_body_mesh1
11 -2.355160 -28.362210 -0.028260 0.000000 0.000000 -1.000000 0.718262 0.416992 3 11 0.124991 12 0.520133 13 0.354876
11 2.355168 -30.726164 -0.028260 0.000000 0.000000 -1.000000 0.431885 0.333496 3 11 0.092240 12 0.446940 13 0.460820
11 -2.355161 -30.726164 -0.028260 0.000000 0.000000 -1.000000 0.718262 0.333496 3 11 0.092240 12 0.446940 13 0.460820
2efb_kyj02_body_mesh1
11 -2.355161 -30.726164 -0.028260 0.000000 0.000000 -1.000000 0.718262 0.333496 3 11 0.092240 12 0.446940 13 0.460820
11 2.355168 -30.726164 -0.028260 0.000000 0.000000 -1.000000 0.431885 0.333496 3 11 0.092240 12 0.446940 13 0.460820
11 -2.355160 -33.090115 -0.028260 0.000000 0.000000 -1.000000 0.718262 0.250000 3 11 0.064867 12 0.380293 13 0.554840
2efb_kyj02_body_mesh1
11 2.355168 -30.726164 -0.028260 0.000000 0.000000 -1.000000 0.431885 0.333496 3 11 0.092240 12 0.446940 13 0.460820
11 2.355168 -33.090115 -0.028260 0.000000 0.000000 -1.000000 0.431885 0.250000 3 11 0.064867 12 0.380293 13 0.554840
11 -2.355160 -33.090115 -0.028260 0.000000 0.000000 -1.000000 0.718262 0.250000 3 11 0.064867 12 0.380293 13 0.554840
2efb_kyj02_body_mesh1
11 -2.355160 -33.090115 -0.028260 0.000000 0.000000 -1.000000 0.718262 0.250000 3 11 0.064867 12 0.380293 13 0.554840
11 2.355168 -33.090115 -0.028260 0.000000 0.000000 -1.000000 0.431885 0.250000 3 11 0.064867 12 0.380293 13 0.554840
11 2.355169 -35.454072 -0.028260 0.000000 0.000000 -1.000000 0.431885 0.166992 3 11 0.043333 12 0.324944 13 0.631724
2efb_kyj02_body_mesh1
11 2.355168 -33.090115 -0.028260 0.000000 0.000000 -1.000000 0.431885 0.250000 3 11 0.064867 12 0.380293 13 0.554840
11 7.065498 -35.454072 -0.028260 0.000000 0.000000 -1.000000 0.145386 0.166992 3 11 0.043932 12 0.337946 13 0.618122
11 2.355169 -35.454072 -0.028260 0.000000 0.000000 -1.000000 0.431885 0.166992 3 11 0.043333 12 0.324944 13 0.631724
2efb_kyj02_body_mesh1
11 2.355169 -35.454072 -0.028260 0.000000 0.000000 -1.000000 0.431885 0.166992 3 11 0.043333 12 0.324944 13 0.631724
11 7.065498 -35.454072 -0.028260 0.000000 0.000000 -1.000000 0.145386 0.166992 3 11 0.043932 12 0.337946 13 0.618122
11 2.355169 -37.818019 -0.028260 0.000000 0.000000 -1.000000 0.431885 0.083496 3 11 0.027151 12 0.283421 13 0.689428
2efb_kyj02_body_mesh1
11 7.065498 -35.454072 -0.028260 0.000000 0.000000 -1.000000 0.145386 0.166992 3 11 0.043932 12 0.337946 13 0.618122
11 7.065498 -37.818019 -0.028260 0.000000 0.000000 -1.000000 0.145386 0.083496 3 11 0.027468 12 0.298715 13 0.673817
11 2.355169 -37.818019 -0.028260 0.000000 0.000000 -1.000000 0.431885 0.083496 3 11 0.027151 12 0.283421 13 0.689428
2efb_kyj02_body_mesh1
11 2.355169 -37.818019 -0.028260 0.000000 0.000000 -1.000000 0.431885 0.083496 3 11 0.027151 12 0.283421 13 0.689428
11 7.065498 -37.818019 -0.028260 0.000000 0.000000 -1.000000 0.145386 0.083496 3 11 0.027468 12 0.298715 13 0.673817
11 7.065497 -40.181963 -0.028260 0.000000 0.000000 -1.000000 0.145386 0.000000 3 11 0.014603 12 0.269712 13 0.715686
2efb_kyj02_body_mesh1
11 -2.355163 -11.814547 -0.028260 0.000000 0.000000 -1.000000 0.718262 1.000000 2 11 0.305630 12 0.694370
11 2.355165 -11.814547 -0.028260 0.000000 0.000000 -1.000000 0.431885 1.000000 2 11 0.305636 12 0.694364
11 -2.355162 -16.542451 -0.028260 0.000000 0.000000 -1.000000 0.718262 0.833374 3 11 0.272491 12 0.713489 13 0.014019
2efb_kyj02_body_mesh1
11 2.355165 -11.814547 -0.028260 0.000000 0.000000 -1.000000 0.431885 1.000000 2 11 0.305636 12 0.694364
11 2.355166 -16.542451 -0.028260 0.000000 0.000000 -1.000000 0.431885 0.833374 3 11 0.272489 12 0.713490 13 0.014021
11 -2.355162 -16.542451 -0.028260 0.000000 0.000000 -1.000000 0.718262 0.833374 3 11 0.272491 12 0.713489 13 0.014019
2efb_kyj02_body_mesh1
11 -2.355162 -16.542451 -0.028260 0.000000 0.000000 -1.000000 0.718262 0.833374 3 11 0.272491 12 0.713489 13 0.014019
11 2.355166 -16.542451 -0.028260 0.000000 0.000000 -1.000000 0.431885 0.833374 3 11 0.272489 12 0.713490 13 0.014021
11 -2.355161 -21.270354 -0.028260 0.000000 0.000000 -1.000000 0.718262 0.666748 3 11 0.224374 12 0.680348 13 0.095278
2efb_kyj02_body_mesh1
11 2.355166 -16.542451 -0.028260 0.000000 0.000000 -1.000000 0.431885 0.833374 3 11 0.272489 12 0.713490 13 0.014021
11 2.355166 -21.270354 -0.028260 0.000000 0.000000 -1.000000 0.431885 0.666748 3 11 0.224374 12 0.680348 13 0.095278
11 -2.355161 -21.270354 -0.028260 0.000000 0.000000 -1.000000 0.718262 0.666748 3 11 0.224374 12 0.680348 13 0.095278
2efb_kyj02_body_mesh1
11 -2.355161 -21.270354 -0.028260 0.000000 0.000000 -1.000000 0.718262 0.666748 3 11 0.224374 12 0.680348 13 0.095278
11 2.355166 -21.270354 -0.028260 0.000000 0.000000 -1.000000 0.431885 0.666748 3 11 0.224374 12 0.680348 13 0.095278
11 -2.355161 -25.998261 -0.028260 0.000000 0.000000 -1.000000 0.718262 0.500000 3 11 0.160720 12 0.594195 13 0.245086
2efb_kyj02_body_mesh1
11 2.355166 -21.270354 -0.028260 0.000000 0.000000 -1.000000 0.431885 0.666748 3 11 0.224374 12 0.680348 13 0.095278
11 2.355168 -25.998261 -0.028260 0.000000 0.000000 -1.000000 0.431885 0.500000 3 11 0.160720 12 0.594195 13 0.245086
11 -2.355161 -25.998261 -0.028260 0.000000 0.000000 -1.000000 0.718262 0.500000 3 11 0.160720 12 0.594195 13 0.245086
2efb_kyj02_body_mesh1
11 -2.355161 -25.998261 -0.028260 0.000000 0.000000 -1.000000 0.718262 0.500000 3 11 0.160720 12 0.594195 13 0.245086
11 2.355168 -25.998261 -0.028260 0.000000 0.000000 -1.000000 0.431885 0.500000 3 11 0.160720 12 0.594195 13 0.245086
11 -2.355160 -28.362210 -0.028260 0.000000 0.000000 -1.000000 0.718262 0.416992 3 11 0.124991 12 0.520133 13 0.354876
2efb_kyj02_body_mesh1
11 2.355168 -25.998261 -0.028260 0.000000 0.000000 -1.000000 0.431885 0.500000 3 11 0.160720 12 0.594195 13 0.245086
11 2.355168 -28.362210 -0.028260 0.000000 0.000000 -1.000000 0.431885 0.416992 3 11 0.124991 12 0.520133 13 0.354876
11 -2.355160 -28.362210 -0.028260 0.000000 0.000000 -1.000000 0.718262 0.416992 3 11 0.124991 12 0.520133 13 0.354876
2efb_kyj02_body_mesh1
11 -2.355160 -28.362210 -0.028260 0.000000 0.000000 -1.000000 0.718262 0.416992 3 11 0.124991 12 0.520133 13 0.354876
11 2.355168 -28.362210 -0.028260 0.000000 0.000000 -1.000000 0.431885 0.416992 3 11 0.124991 12 0.520133 13 0.354876
11 2.355168 -30.726164 -0.028260 0.000000 0.000000 -1.000000 0.431885 0.333496 3 11 0.092240 12 0.446940 13 0.460820
2efb_kyj02_body_mesh1
11 2.355168 -28.362210 -0.028260 0.000000 0.000000 -1.000000 0.431885 0.416992 3 11 0.124991 12 0.520133 13 0.354876
11 7.065497 -30.726164 -0.028260 0.000000 0.000000 -1.000000 0.145386 0.333496 3 11 0.093198 12 0.453599 13 0.453203
11 2.355168 -30.726164 -0.028260 0.000000 0.000000 -1.000000 0.431885 0.333496 3 11 0.092240 12 0.446940 13 0.460820
2efb_kyj02_body_mesh1
11 2.355168 -30.726164 -0.028260 0.000000 0.000000 -1.000000 0.431885 0.333496 3 11 0.092240 12 0.446940 13 0.460820
11 7.065497 -30.726164 -0.028260 0.000000 0.000000 -1.000000 0.145386 0.333496 3 11 0.093198 12 0.453599 13 0.453203
11 2.355168 -33.090115 -0.028260 0.000000 0.000000 -1.000000 0.431885 0.250000 3 11 0.064867 12 0.380293 13 0.554840
2efb_kyj02_body_mesh1
11 7.065497 -30.726164 -0.028260 0.000000 0.000000 -1.000000 0.145386 0.333496 3 11 0.093198 12 0.453599 13 0.453203
11 7.065496 -33.090115 -0.028260 0.000000 0.000000 -1.000000 0.145386 0.250000 3 11 0.065653 12 0.390272 13 0.544076
11 2.355168 -33.090115 -0.028260 0.000000 0.000000 -1.000000 0.431885 0.250000 3 11 0.064867 12 0.380293 13 0.554840
2efb_kyj02_body_mesh1
11 2.355168 -33.090115 -0.028260 0.000000 0.000000 -1.000000 0.431885 0.250000 3 11 0.064867 12 0.380293 13 0.554840
11 7.065496 -33.090115 -0.028260 0.000000 0.000000 -1.000000 0.145386 0.250000 3 11 0.065653 12 0.390272 13 0.544076
11 7.065498 -35.454072 -0.028260 0.000000 0.000000 -1.000000 0.145386 0.166992 3 11 0.043932 12 0.337946 13 0.618122
2efb_kyj02_body_mesh1
11 2.355165 -11.814547 -0.028260 0.000000 0.000000 -1.000000 0.431885 1.000000 2 11 0.305636 12 0.694364
11 7.065494 -11.814548 -0.028260 0.000000 0.000000 -1.000000 0.145386 1.000000 2 11 0.355496 12 0.644504
11 2.355166 -16.542451 -0.028260 0.000000 0.000000 -1.000000 0.431885 0.833374 3 11 0.272489 12 0.713490 13 0.014021
2efb_kyj02_body_mesh1
11 7.065494 -11.814548 -0.028260 0.000000 0.000000 -1.000000 0.145386 1.000000 2 11 0.355496 12 0.644504
11 7.065495 -16.542449 -0.028260 0.000000 0.000000 -1.000000 0.145386 0.833374 3 11 0.288191 12 0.690337 13 0.021473
11 2.355166 -16.542451 -0.028260 0.000000 0.000000 -1.000000 0.431885 0.833374 3 11 0.272489 12 0.713490 13 0.014021
2efb_kyj02_body_mesh1
11 2.355166 -16.542451 -0.028260 0.000000 0.000000 -1.000000 0.431885 0.833374 3 11 0.272489 12 0.713490 13 0.014021
11 7.065495 -16.542449 -0.028260 0.000000 0.000000 -1.000000 0.145386 0.833374 3 11 0.288191 12 0.690337 13 0.021473
11 2.355166 -21.270354 -0.028260 0.000000 0.000000 -1.000000 0.431885 0.666748 3 11 0.224374 12 0.680348 13 0.095278
2efb_kyj02_body_mesh1
11 7.065495 -16.542449 -0.028260 0.000000 0.000000 -1.000000 0.145386 0.833374 3 11 0.288191 12 0.690337 13 0.021473
11 7.065496 -21.270352 -0.028260 0.000000 0.000000 -1.000000 0.145386 0.666748 3 11 0.229347 12 0.670777 13 0.099876
11 2.355166 -21.270354 -0.028260 0.000000 0.000000 -1.000000 0.431885 0.666748 3 11 0.224374 12 0.680348 13 0.095278
2efb_kyj02_body_mesh1
11 2.355166 -21.270354 -0.028260 0.000000 0.000000 -1.000000 0.431885 0.666748 3 11 0.224374 12 0.680348 13 0.095278
11 7.065496 -21.270352 -0.028260 0.000000 0.000000 -1.000000 0.145386 0.666748 3 11 0.229347 12 0.670777 13 0.099876
11 2.355168 -25.998261 -0.028260 0.000000 0.000000 -1.000000 0.431885 0.500000 3 11 0.160720 12 0.594195 13 0.245086
2efb_kyj02_body_mesh1
11 7.065496 -21.270352 -0.028260 0.000000 0.000000 -1.000000 0.145386 0.666748 3 11 0.229347 12 0.670777 13 0.099876
11 7.065496 -25.998253 -0.028260 0.000000 0.000000 -1.000000 0.145386 0.500000 3 11 0.162418 12 0.593300 13 0.244281
11 2.355168 -25.998261 -0.028260 0.000000 0.000000 -1.000000 0.431885 0.500000 3 11 0.160720 12 0.594195 13 0.245086
2efb_kyj02_body_mesh1
11 2.355168 -25.998261 -0.028260 0.000000 0.000000 -1.000000 0.431885 0.500000 3 11 0.160720 12 0.594195 13 0.245086
11 7.065496 -25.998253 -0.028260 0.000000 0.000000 -1.000000 0.145386 0.500000 3 11 0.162418 12 0.593300 13 0.244281
11 2.355168 -28.362210 -0.028260 0.000000 0.000000 -1.000000 0.431885 0.416992 3 11 0.124991 12 0.520133 13 0.354876
2efb_kyj02_body_mesh1
11 7.065496 -25.998253 -0.028260 0.000000 0.000000 -1.000000 0.145386 0.500000 3 11 0.162418 12 0.593300 13 0.244281
11 7.065496 -28.362210 -0.028260 0.000000 0.000000 -1.000000 0.145386 0.416992 3 11 0.126233 12 0.523117 13 0.350650
11 2.355168 -28.362210 -0.028260 0.000000 0.000000 -1.000000 0.431885 0.416992 3 11 0.124991 12 0.520133 13 0.354876
2efb_kyj02_body_mesh1
11 2.355168 -28.362210 -0.028260 0.000000 0.000000 -1.000000 0.431885 0.416992 3 11 0.124991 12 0.520133 13 0.354876
11 7.065496 -28.362210 -0.028260 0.000000 0.000000 -1.000000 0.145386 0.416992 3 11 0.126233 12 0.523117 13 0.350650
11 7.065497 -30.726164 -0.028260 0.000000 0.000000 -1.000000 0.145386 0.333496 3 11 0.093198 12 0.453599 13 0.453203
2efb_kyj02_body_mesh1
11 -7.065489 -28.362216 -0.028260 0.000000 0.000000 -1.000000 1.004883 0.416992 3 11 0.126233 12 0.523117 13 0.350650
11 -2.355161 -30.726164 -0.028260 0.000000 0.000000 -1.000000 0.718262 0.333496 3 11 0.092240 12 0.446940 13 0.460820
11 -7.065488 -30.726164 -0.028260 0.000000 0.000000 -1.000000 1.004883 0.333496 3 11 0.093198 12 0.453599 13 0.453203
2efb_kyj02_body_mesh1
11 -2.355161 -30.726164 -0.028260 0.000000 0.000000 -1.000000 0.718262 0.333496 3 11 0.092240 12 0.446940 13 0.460820
11 -7.065487 -33.090115 -0.028260 0.000000 0.000000 -1.000000 1.004883 0.250000 3 11 0.065653 12 0.390272 13 0.544076
11 -7.065488 -30.726164 -0.028260 0.000000 0.000000 -1.000000 1.004883 0.333496 3 11 0.093198 12 0.453599 13 0.453203
2efb_kyj02_body_mesh1
11 7.065497 -40.181963 -0.028260 0.000000 0.000000 -1.000000 0.145386 0.000000 3 11 0.014603 12 0.269712 13 0.715686
11 2.355170 -40.181963 -0.028260 0.000000 0.000000 -1.000000 0.431885 0.000000 3 11 0.014676 12 0.253322 13 0.732002
11 2.355169 -37.818019 -0.028260 0.000000 0.000000 -1.000000 0.431885 0.083496 3 11 0.027151 12 0.283421 13 0.689428
2efb_kyj02_body_mesh1
11 2.355170 -40.181963 -0.028260 0.000000 0.000000 -1.000000 0.431885 0.000000 3 11 0.014676 12 0.253322 13 0.732002
11 -2.355159 -37.818013 -0.028260 0.000000 0.000000 -1.000000 0.718262 0.083496 3 11 0.027151 12 0.283421 13 0.689428
11 2.355169 -37.818019 -0.028260 0.000000 0.000000 -1.000000 0.431885 0.083496 3 11 0.027151 12 0.283421 13 0.689428
2efb_kyj02_body_mesh1
11 2.355169 -37.818019 -0.028260 0.000000 0.000000 -1.000000 0.431885 0.083496 3 11 0.027151 12 0.283421 13 0.689428
11 -2.355159 -37.818013 -0.028260 0.000000 0.000000 -1.000000 0.718262 0.083496 3 11 0.027151 12 0.283421 13 0.689428
11 2.355169 -35.454072 -0.028260 0.000000 0.000000 -1.000000 0.431885 0.166992 3 11 0.043333 12 0.324944 13 0.631724
2efb_kyj02_body_mesh1
11 -2.355159 -37.818013 -0.028260 0.000000 0.000000 -1.000000 0.718262 0.083496 3 11 0.027151 12 0.283421 13 0.689428
11 -2.355160 -35.454072 -0.028260 0.000000 0.000000 -1.000000 0.718262 0.166992 3 11 0.043333 12 0.324944 13 0.631724
11 2.355169 -35.454072 -0.028260 0.000000 0.000000 -1.000000 0.431885 0.166992 3 11 0.043333 12 0.324944 13 0.631724
2efb_kyj02_body_mesh1
11 2.355169 -35.454072 -0.028260 0.000000 0.000000 -1.000000 0.431885 0.166992 3 11 0.043333 12 0.324944 13 0.631724
11 -2.355160 -35.454072 -0.028260 0.000000 0.000000 -1.000000 0.718262 0.166992 3 11 0.043333 12 0.324944 13 0.631724
11 -2.355160 -33.090115 -0.028260 0.000000 0.000000 -1.000000 0.718262 0.250000 3 11 0.064867 12 0.380293 13 0.554840
2efb_kyj02_body_mesh1
11 -2.355160 -35.454072 -0.028260 0.000000 0.000000 -1.000000 0.718262 0.166992 3 11 0.043333 12 0.324944 13 0.631724
11 -7.065487 -33.090115 -0.028260 0.000000 0.000000 -1.000000 1.004883 0.250000 3 11 0.065653 12 0.390272 13 0.544076
11 -2.355160 -33.090115 -0.028260 0.000000 0.000000 -1.000000 0.718262 0.250000 3 11 0.064867 12 0.380293 13 0.554840
2efb_kyj02_body_mesh1
11 -2.355160 -33.090115 -0.028260 0.000000 0.000000 -1.000000 0.718262 0.250000 3 11 0.064867 12 0.380293 13 0.554840
11 -7.065487 -33.090115 -0.028260 0.000000 0.000000 -1.000000 1.004883 0.250000 3 11 0.065653 12 0.390272 13 0.544076
11 -2.355161 -30.726164 -0.028260 0.000000 0.000000 -1.000000 0.718262 0.333496 3 11 0.092240 12 0.446940 13 0.460820
2efb_kyj02_body_mesh1
11 -7.065487 -33.090115 -0.028260 0.000000 0.000000 -1.000000 1.004883 0.250000 3 11 0.065653 12 0.390272 13 0.544076
11 -2.355160 -35.454072 -0.028260 0.000000 0.000000 -1.000000 0.718262 0.166992 3 11 0.043333 12 0.324944 13 0.631724
11 -7.065487 -35.454067 -0.028260 0.000000 0.000000 -1.000000 1.004883 0.166992 3 11 0.043932 12 0.337946 13 0.618122
2efb_kyj02_body_mesh1
11 -2.355160 -35.454072 -0.028260 0.000000 0.000000 -1.000000 0.718262 0.166992 3 11 0.043333 12 0.324944 13 0.631724
11 -7.065486 -37.818013 -0.028260 0.000000 0.000000 -1.000000 1.004883 0.083496 3 11 0.027468 12 0.298715 13 0.673817
11 -7.065487 -35.454067 -0.028260 0.000000 0.000000 -1.000000 1.004883 0.166992 3 11 0.043932 12 0.337946 13 0.618122
2efb_kyj02_body_mesh1
11 2.355170 -40.181963 -0.028260 0.000000 0.000000 -1.000000 0.431885 0.000000 3 11 0.014676 12 0.253322 13 0.732002
11 -2.355159 -40.181963 -0.028260 0.000000 0.000000 -1.000000 0.718262 0.000000 3 11 0.014676 12 0.253322 13 0.732002
11 -2.355159 -37.818013 -0.028260 0.000000 0.000000 -1.000000 0.718262 0.083496 3 11 0.027151 12 0.283421 13 0.689428
2efb_kyj02_body_mesh1
11 -2.355159 -40.181963 -0.028260 0.000000 0.000000 -1.000000 0.718262 0.000000 3 11 0.014676 12 0.253322 13 0.732002
11 -7.065486 -37.818013 -0.028260 0.000000 0.000000 -1.000000 1.004883 0.083496 3 11 0.027468 12 0.298715 13 0.673817
11 -2.355159 -37.818013 -0.028260 0.000000 0.000000 -1.000000 0.718262 0.083496 3 11 0.027151 12 0.283421 13 0.689428
2efb_kyj02_body_mesh1
11 -2.355159 -37.818013 -0.028260 0.000000 0.000000 -1.000000 0.718262 0.083496 3 11 0.027151 12 0.283421 13 0.689428
11 -7.065486 -37.818013 -0.028260 0.000000 0.000000 -1.000000 1.004883 0.083496 3 11 0.027468 12 0.298715 13 0.673817
11 -2.355160 -35.454072 -0.028260 0.000000 0.000000 -1.000000 0.718262 0.166992 3 11 0.043333 12 0.324944 13 0.631724
2efb_kyj02_body_mesh1
11 7.065495 -25.998253 0.000000 0.000000 0.000000 1.000000 1.004883 0.500000 3 11 0.162864 12 0.594138 13 0.242998
11 2.355168 -25.998260 0.000000 0.000000 0.000000 1.000000 0.718262 0.500000 3 11 0.161159 12 0.595080 13 0.243762
11 2.355168 -28.362208 0.000000 0.000000 0.000000 1.000000 0.718262 0.416992 3 11 0.123989 12 0.520148 13 0.355863
2efb_kyj02_body_mesh1
11 -2.355159 -40.181963 -0.028260 0.000000 0.000000 -1.000000 0.718262 0.000000 3 11 0.014676 12 0.253322 13 0.732002
11 -7.065486 -40.181960 -0.028260 0.000000 0.000000 -1.000000 1.004883 0.000000 3 11 0.014603 12 0.269712 13 0.715686
11 -7.065486 -37.818013 -0.028260 0.000000 0.000000 -1.000000 1.004883 0.083496 3 11 0.027468 12 0.298715 13 0.673817
2efb_kyj02_body_mesh1
15 -0.699130 -14.222491 -0.017952 0.000000 -0.545168 -0.838327 0.116699 0.158691 2 15 0.294789 16 0.705211
15 -0.699130 -13.196179 0.649461 0.000000 0.000000 1.000000 0.128906 0.169922 2 15 0.306770 16 0.693230
15 -0.699130 -13.196182 -0.685365 0.000000 0.000000 -1.000000 0.104553 0.170898 2 15 0.307175 16 0.692825
2efb_kyj02_body_mesh1
15 -0.699130 -13.196179 0.649461 0.000000 0.000000 1.000000 0.128906 0.169922 2 15 0.306770 16 0.693230
15 -0.699130 -12.169868 -0.017952 0.000000 0.545166 -0.838328 0.116699 0.182617 2 15 0.328501 16 0.671499
15 -0.699130 -13.196182 -0.685365 0.000000 0.000000 -1.000000 0.104553 0.170898 2 15 0.307175 16 0.692825
2efb_kyj02_body_mesh1
15 -0.699130 -13.196182 -0.685365 0.000000 0.000000 -1.000000 0.013794 0.000000 2 15 0.307175 16 0.692825
15 0.516245 -13.196182 -0.685365 1.000000 0.000000 0.000000 0.129395 0.000000 2 15 0.307175 16 0.692825
15 -0.699130 -14.222491 -0.017952 0.000000 -0.545168 -0.838327 0.013794 0.250000 2 15 0.294789 16 0.705211
2efb_kyj02_body_mesh1
15 0.516245 -13.196182 -0.685365 1.000000 0.000000 0.000000 0.129395 0.000000 2 15 0.307175 16 0.692825
15 0.516245 -14.222491 -0.017952 1.000000 0.000000 0.000000 0.129395 0.250488 2 15 0.294789 16 0.705211
15 -0.699130 -14.222491 -0.017952 0.000000 -0.545168 -0.838327 0.013794 0.250000 2 15 0.294789 16 0.705211
2efb_kyj02_body_mesh1
15 -0.699130 -14.222491 -0.017952 0.000000 -0.545168 -0.838327 0.013794 0.250000 2 15 0.294789 16 0.705211
15 0.516245 -14.222491 -0.017952 1.000000 0.000000 0.000000 0.129395 0.250488 2 15 0.294789 16 0.705211
15 -0.699130 -13.196179 0.649461 0.000000 0.000000 1.000000 0.013794 0.500000 2 15 0.306770 16 0.693230
2efb_kyj02_body_mesh1
15 0.516245 -14.222491 -0.017952 1.000000 0.000000 0.000000 0.129395 0.250488 2 15 0.294789 16 0.705211
15 0.516246 -13.196179 0.649461 1.000000 0.000000 0.000000 0.129395 0.500244 2 15 0.306770 16 0.693230
15 -0.699130 -13.196179 0.649461 0.000000 0.000000 1.000000 0.013794 0.500000 2 15 0.306770 16 0.693230
2efb_kyj02_body_mesh1
15 -0.699130 -13.196179 0.649461 0.000000 0.000000 1.000000 0.013794 0.500000 2 15 0.306770 16 0.693230
15 0.516246 -13.196179 0.649461 1.000000 0.000000 0.000000 0.129395 0.500244 2 15 0.306770 16 0.693230
15 -0.699130 -12.169868 -0.017952 0.000000 0.545166 -0.838328 0.013794 0.750000 2 15 0.328501 16 0.671499
2efb_kyj02_body_mesh1
15 0.516246 -13.196179 0.649461 1.000000 0.000000 0.000000 0.129395 0.500244 2 15 0.306770 16 0.693230
15 0.516246 -12.169868 -0.017952 1.000000 0.000000 0.000000 0.129395 0.750122 2 15 0.328501 16 0.671499
15 -0.699130 -12.169868 -0.017952 0.000000 0.545166 -0.838328 0.013794 0.750000 2 15 0.328501 16 0.671499
2efb_kyj02_body_mesh1
15 -0.699130 -12.169868 -0.017952 0.000000 0.545166 -0.838328 0.013794 0.750000 2 15 0.328501 16 0.671499
15 0.516246 -12.169868 -0.017952 1.000000 0.000000 0.000000 0.129395 0.750122 2 15 0.328501 16 0.671499
15 -0.699130 -13.196182 -0.685365 0.000000 0.000000 -1.000000 0.013794 1.000000 2 15 0.307175 16 0.692825
2efb_kyj02_body_mesh1
15 0.516246 -12.169868 -0.017952 1.000000 0.000000 0.000000 0.129395 0.750122 2 15 0.328501 16 0.671499
15 0.516245 -13.196182 -0.685365 1.000000 0.000000 0.000000 0.129395 1.000000 2 15 0.307175 16 0.692825
15 -0.699130 -13.196182 -0.685365 0.000000 0.000000 -1.000000 0.013794 1.000000 2 15 0.307175 16 0.692825
2efb_kyj02_body_mesh1
15 0.516245 -14.222491 -0.017952 1.000000 0.000000 0.000000 0.116699 0.158691 2 15 0.294789 16 0.705211
15 0.516245 -13.196182 -0.685365 1.000000 0.000000 0.000000 0.104553 0.170898 2 15 0.307175 16 0.692825
15 0.516246 -13.196179 0.649461 1.000000 0.000000 0.000000 0.128906 0.169922 2 15 0.306770 16 0.693230
2efb_kyj02_body_mesh1
15 0.516245 -13.196182 -0.685365 1.000000 0.000000 0.000000 0.104553 0.170898 2 15 0.307175 16 0.692825
15 0.516246 -12.169868 -0.017952 1.000000 0.000000 0.000000 0.116699 0.182617 2 15 0.328501 16 0.671499
15 0.516246 -13.196179 0.649461 1.000000 0.000000 0.000000 0.128906 0.169922 2 15 0.306770 16 0.693230
2efb_kyj02_body_mesh1
14 -0.097379 -0.003335 -0.611166 -0.694712 0.000000 -0.719288 0.132812 1.000000 2 14 0.500000 15 0.500000
14 0.511442 -0.160912 -0.023090 0.694393 0.002628 0.719592 0.000000 1.000000 2 14 0.500000 15 0.500000
15 -0.097379 -3.243533 -0.609994 -0.700386 -0.001300 -0.713763 0.132812 0.750000 2 15 0.800000 16 0.200000
2efb_kyj02_body_mesh1
14 0.511442 -0.160912 -0.023090 0.694393 0.002628 0.719592 0.000000 1.000000 2 14 0.500000 15 0.500000
15 0.511442 -3.322321 -0.011545 0.700197 0.003699 0.713940 0.000000 0.750000 2 15 0.800000 16 0.200000
15 -0.097379 -3.243533 -0.609994 -0.700386 -0.001300 -0.713763 0.132812 0.750000 2 15 0.800000 16 0.200000
2efb_kyj02_body_mesh1
15 -0.097379 -3.243533 -0.609994 -0.700386 -0.001300 -0.713763 0.132812 0.750000 2 15 0.800000 16 0.200000
15 0.511442 -3.322321 -0.011545 0.700197 0.003699 0.713940 0.000000 0.750000 2 15 0.800000 16 0.200000
15 -0.097379 -6.483730 -0.608821 -0.705240 0.002731 -0.708964 0.132812 0.500000 2 15 0.625000 16 0.375000
2efb_kyj02_body_mesh1
15 0.511442 -3.322321 -0.011545 0.700197 0.003699 0.713940 0.000000 0.750000 2 15 0.800000 16 0.200000
15 0.511443 -6.483730 0.000000 0.705105 -0.004802 0.709086 0.000000 0.500000 2 15 0.625000 16 0.375000
15 -0.097379 -6.483730 -0.608821 -0.705240 0.002731 -0.708964 0.132812 0.500000 2 15 0.625000 16 0.375000
2efb_kyj02_body_mesh1
15 -0.097379 -6.483730 -0.608821 -0.705240 0.002731 -0.708964 0.132812 0.500000 2 15 0.625000 16 0.375000
15 0.511443 -6.483730 0.000000 0.705105 -0.004802 0.709086 0.000000 0.500000 2 15 0.625000 16 0.375000
15 0.511443 -9.825764 -0.040638 0.686970 -0.012015 0.726586 0.000000 0.250000 2 15 0.450000 16 0.550000
2efb_kyj02_body_mesh1
15 -0.097379 -6.483730 -0.608821 -0.705240 0.002731 -0.708964 0.132812 0.500000 2 15 0.625000 16 0.375000
15 0.511443 -9.825764 -0.040638 0.686970 -0.012015 0.726586 0.000000 0.250000 2 15 0.450000 16 0.550000
15 -0.097379 -9.954413 -0.620939 -0.687855 0.005483 -0.725827 0.132812 0.250000 2 15 0.450000 16 0.550000
2efb_kyj02_body_mesh1
15 0.511443 -9.825764 -0.040638 0.686970 -0.012015 0.726586 0.000000 0.250000 2 15 0.450000 16 0.550000
15 0.511443 -13.167797 -0.081276 0.669417 -0.009033 0.742832 0.000000 0.000000 2 15 0.300932 16 0.699068
15 -0.097379 -9.954413 -0.620939 -0.687855 0.005483 -0.725827 0.132812 0.250000 2 15 0.450000 16 0.550000
2efb_kyj02_body_mesh1
15 -0.097379 -9.954413 -0.620939 -0.687855 0.005483 -0.725827 0.132812 0.250000 2 15 0.450000 16 0.550000
15 0.511443 -13.167797 -0.081276 0.669417 -0.009033 0.742832 0.000000 0.000000 2 15 0.300932 16 0.699068
15 -0.097378 -13.425098 -0.633056 -0.670940 0.002589 -0.741507 0.132812 0.000000 2 15 0.303291 16 0.696709
2efb_kyj02_body_mesh1
14 -0.097379 -0.003335 -0.611166 -0.694712 0.000000 -0.719288 0.000000 1.000000 2 14 0.500000 15 0.500000
15 -0.097379 -3.243533 -0.609994 -0.700386 -0.001300 -0.713763 0.000000 0.750000 2 15 0.800000 16 0.200000
14 -0.706201 -0.160912 -0.023090 -0.694392 0.002628 0.719592 0.132812 1.000000 2 14 0.500000 15 0.500000
2efb_kyj02_body_mesh1
15 -0.097379 -3.243533 -0.609994 -0.700386 -0.001300 -0.713763 0.000000 0.750000 2 15 0.800000 16 0.200000
15 -0.706200 -3.322321 -0.011545 -0.700197 0.003699 0.713941 0.132812 0.750000 2 15 0.800000 16 0.200000
14 -0.706201 -0.160912 -0.023090 -0.694392 0.002628 0.719592 0.132812 1.000000 2 14 0.500000 15 0.500000
2efb_kyj02_body_mesh1
14 -0.706201 -0.160912 -0.023090 -0.694392 0.002628 0.719592 0.000000 1.000000 2 14 0.500000 15 0.500000
15 -0.706200 -3.322321 -0.011545 -0.700197 0.003699 0.713941 0.000000 0.750000 2 15 0.800000 16 0.200000
14 -0.097379 -0.318489 0.564987 0.695384 0.003013 0.718632 0.132812 1.000000 2 14 0.500000 15 0.500000
2efb_kyj02_body_mesh1
15 -0.706200 -3.322321 -0.011545 -0.700197 0.003699 0.713941 0.000000 0.750000 2 15 0.800000 16 0.200000
15 -0.097379 -3.401110 0.586904 0.701299 0.003973 0.712856 0.132812 0.750000 2 15 0.800000 16 0.200000
14 -0.097379 -0.318489 0.564987 0.695384 0.003013 0.718632 0.132812 1.000000 2 14 0.500000 15 0.500000
2efb_kyj02_body_mesh1
14 0.511442 -0.160912 -0.023090 0.694393 0.002628 0.719592 0.132812 1.000000 2 14 0.500000 15 0.500000
14 -0.097379 -0.318489 0.564987 0.695384 0.003013 0.718632 0.000000 1.000000 2 14 0.500000 15 0.500000
15 0.511442 -3.322321 -0.011545 0.700197 0.003699 0.713940 0.132812 0.750000 2 15 0.800000 16 0.200000
2efb_kyj02_body_mesh1
14 -0.097379 -0.318489 0.564987 0.695384 0.003013 0.718632 0.000000 1.000000 2 14 0.500000 15 0.500000
15 -0.097379 -3.401110 0.586904 0.701299 0.003973 0.712856 0.000000 0.750000 2 15 0.800000 16 0.200000
15 0.511442 -3.322321 -0.011545 0.700197 0.003699 0.713940 0.132812 0.750000 2 15 0.800000 16 0.200000
2efb_kyj02_body_mesh1
15 0.511442 -3.322321 -0.011545 0.700197 0.003699 0.713940 0.132812 0.750000 2 15 0.800000 16 0.200000
15 -0.097379 -3.401110 0.586904 0.701299 0.003973 0.712856 0.000000 0.750000 2 15 0.800000 16 0.200000
15 0.511443 -6.483730 0.000000 0.705105 -0.004802 0.709086 0.132812 0.500000 2 15 0.625000 16 0.375000
2efb_kyj02_body_mesh1
15 -0.097379 -3.401110 0.586904 0.701299 0.003973 0.712856 0.000000 0.750000 2 15 0.800000 16 0.200000
15 -0.097379 -6.483730 0.608821 0.707098 -0.005062 0.707098 0.000000 0.500000 2 15 0.625000 16 0.375000
15 0.511443 -6.483730 0.000000 0.705105 -0.004802 0.709086 0.132812 0.500000 2 15 0.625000 16 0.375000
2efb_kyj02_body_mesh1
15 0.511443 -6.483730 0.000000 0.705105 -0.004802 0.709086 0.132812 0.500000 2 15 0.625000 16 0.375000
15 -0.097379 -6.483730 0.608821 0.707098 -0.005062 0.707098 0.000000 0.500000 2 15 0.625000 16 0.375000
15 -0.097378 -9.697114 0.539662 0.690116 -0.012388 0.723592 0.000000 0.250000 2 15 0.450000 16 0.550000
2efb_kyj02_body_mesh1
15 0.511443 -6.483730 0.000000 0.705105 -0.004802 0.709086 0.132812 0.500000 2 15 0.625000 16 0.375000
15 -0.097378 -9.697114 0.539662 0.690116 -0.012388 0.723592 0.000000 0.250000 2 15 0.450000 16 0.550000
15 0.511443 -9.825764 -0.040638 0.686970 -0.012015 0.726586 0.132812 0.250000 2 15 0.450000 16 0.550000
2efb_kyj02_body_mesh1
15 -0.097378 -9.697114 0.539662 0.690116 -0.012388 0.723592 0.000000 0.250000 2 15 0.450000 16 0.550000
15 -0.097378 -12.910497 0.470504 0.672087 -0.009962 0.740405 0.000000 0.000000 2 15 0.310447 16 0.689553
15 0.511443 -9.825764 -0.040638 0.686970 -0.012015 0.726586 0.132812 0.250000 2 15 0.450000 16 0.550000
2efb_kyj02_body_mesh1
15 0.511443 -9.825764 -0.040638 0.686970 -0.012015 0.726586 0.132812 0.250000 2 15 0.450000 16 0.550000
15 -0.097378 -12.910497 0.470504 0.672087 -0.009962 0.740405 0.000000 0.000000 2 15 0.310447 16 0.689553
15 0.511443 -13.167797 -0.081276 0.669417 -0.009033 0.742832 0.132812 0.000000 2 15 0.300932 16 0.699068
2efb_kyj02_body_mesh1
14 -0.699130 -1.025056 -0.017952 0.000000 -0.654652 -0.755930 0.116699 0.158691 2 14 0.500000 15 0.500000
14 -0.699130 0.001260 0.870860 0.000000 -0.654652 0.755930 0.128906 0.169922 2 14 0.500000 15 0.500000
14 -0.699130 0.001260 -0.906764 0.000000 0.654654 -0.755929 0.104553 0.170898 2 14 0.500000 15 0.500000
2efb_kyj02_body_mesh1
14 -0.699130 0.001260 0.870860 0.000000 -0.654652 0.755930 0.128906 0.169922 2 14 0.500000 15 0.500000
14 -0.699130 1.027571 -0.017952 0.000000 0.654654 -0.755929 0.116699 0.182617 2 14 0.500000 15 0.500000
14 -0.699130 0.001260 -0.906764 0.000000 0.654654 -0.755929 0.104553 0.170898 2 14 0.500000 15 0.500000
2efb_kyj02_body_mesh1
14 -0.699130 0.001260 -0.906764 0.000000 0.654654 -0.755929 0.013214 0.000000 2 14 0.500000 15 0.500000
14 0.516246 0.001260 -0.906764 1.000000 0.000000 0.000000 0.129639 0.000000 2 14 0.500000 15 0.500000
14 -0.699130 -1.025056 -0.017952 0.000000 -0.654652 -0.755930 0.013214 0.250488 2 14 0.500000 15 0.500000
2efb_kyj02_body_mesh1
14 0.516246 0.001260 -0.906764 1.000000 0.000000 0.000000 0.129639 0.000000 2 14 0.500000 15 0.500000
14 0.516246 -1.025055 -0.017952 1.000000 0.000000 0.000000 0.129639 0.250488 2 14 0.500000 15 0.500000
14 -0.699130 -1.025056 -0.017952 0.000000 -0.654652 -0.755930 0.013214 0.250488 2 14 0.500000 15 0.500000
2efb_kyj02_body_mesh1
14 -0.699130 -1.025056 -0.017952 0.000000 -0.654652 -0.755930 0.013214 0.250488 2 14 0.500000 15 0.500000
14 0.516246 -1.025055 -0.017952 1.000000 0.000000 0.000000 0.129639 0.250488 2 14 0.500000 15 0.500000
14 -0.699130 0.001260 0.870860 0.000000 -0.654652 0.755930 0.013214 0.500244 2 14 0.500000 15 0.500000
2efb_kyj02_body_mesh1
14 0.516246 -1.025055 -0.017952 1.000000 0.000000 0.000000 0.129639 0.250488 2 14 0.500000 15 0.500000
14 0.516246 0.001260 0.870860 1.000000 0.000000 0.000000 0.129639 0.500244 2 14 0.500000 15 0.500000
14 -0.699130 0.001260 0.870860 0.000000 -0.654652 0.755930 0.013214 0.500244 2 14 0.500000 15 0.500000
2efb_kyj02_body_mesh1
14 -0.699130 0.001260 0.870860 0.000000 -0.654652 0.755930 0.013214 0.500244 2 14 0.500000 15 0.500000
14 0.516246 0.001260 0.870860 1.000000 0.000000 0.000000 0.129639 0.500244 2 14 0.500000 15 0.500000
14 -0.699130 1.027571 -0.017952 0.000000 0.654654 -0.755929 0.013214 0.750122 2 14 0.500000 15 0.500000
2efb_kyj02_body_mesh1
14 0.516246 0.001260 0.870860 1.000000 0.000000 0.000000 0.129639 0.500244 2 14 0.500000 15 0.500000
14 0.516246 1.027571 -0.017952 1.000000 0.000000 0.000000 0.129639 0.750122 2 14 0.500000 15 0.500000
14 -0.699130 1.027571 -0.017952 0.000000 0.654654 -0.755929 0.013214 0.750122 2 14 0.500000 15 0.500000
2efb_kyj02_body_mesh1
14 -0.699130 1.027571 -0.017952 0.000000 0.654654 -0.755929 0.013214 0.750122 2 14 0.500000 15 0.500000
14 0.516246 1.027571 -0.017952 1.000000 0.000000 0.000000 0.129639 0.750122 2 14 0.500000 15 0.500000
14 -0.699130 0.001260 -0.906764 0.000000 0.654654 -0.755929 0.013214 1.000000 2 14 0.500000 15 0.500000
2efb_kyj02_body_mesh1
14 0.516246 1.027571 -0.017952 1.000000 0.000000 0.000000 0.129639 0.750122 2 14 0.500000 15 0.500000
14 0.516246 0.001260 -0.906764 1.000000 0.000000 0.000000 0.129639 1.000000 2 14 0.500000 15 0.500000
14 -0.699130 0.001260 -0.906764 0.000000 0.654654 -0.755929 0.013214 1.000000 2 14 0.500000 15 0.500000
2efb_kyj02_body_mesh1
14 0.516246 -1.025055 -0.017952 1.000000 0.000000 0.000000 0.116699 0.158691 2 14 0.500000 15 0.500000
14 0.516246 0.001260 -0.906764 1.000000 0.000000 0.000000 0.104553 0.170898 2 14 0.500000 15 0.500000
14 0.516246 0.001260 0.870860 1.000000 0.000000 0.000000 0.128906 0.169922 2 14 0.500000 15 0.500000
2efb_kyj02_body_mesh1
14 0.516246 0.001260 -0.906764 1.000000 0.000000 0.000000 0.104553 0.170898 2 14 0.500000 15 0.500000
14 0.516246 1.027571 -0.017952 1.000000 0.000000 0.000000 0.116699 0.182617 2 14 0.500000 15 0.500000
14 0.516246 0.001260 0.870860 1.000000 0.000000 0.000000 0.128906 0.169922 2 14 0.500000 15 0.500000
2efb_kyj02_body_mesh1
15 -7.933617 -13.266185 0.000000 0.000000 0.000000 1.000000 0.145386 1.000000 2 15 0.355496 16 0.644504
15 -7.933615 -18.575002 0.000000 0.000000 0.000000 1.000000 0.145386 0.833374 3 15 0.288191 16 0.690337 17 0.021473
15 -2.644538 -13.266184 0.000000 0.000000 0.000000 1.000000 0.431885 1.000000 2 15 0.307059 16 0.692941
2efb_kyj02_body_mesh1
15 -7.933615 -18.575002 0.000000 0.000000 0.000000 1.000000 0.145386 0.833374 3 15 0.288191 16 0.690337 17 0.021473
15 -2.644537 -18.574997 0.000000 0.000000 0.000000 1.000000 0.431885 0.833374 3 15 0.272343 16 0.713544 17 0.014113
15 -2.644538 -13.266184 0.000000 0.000000 0.000000 1.000000 0.431885 1.000000 2 15 0.307059 16 0.692941
2efb_kyj02_body_mesh1
15 -2.644538 -13.266184 0.000000 0.000000 0.000000 1.000000 0.431885 1.000000 2 15 0.307059 16 0.692941
15 -2.644537 -18.574997 0.000000 0.000000 0.000000 1.000000 0.431885 0.833374 3 15 0.272343 16 0.713544 17 0.014113
15 2.644542 -13.266184 0.000000 0.000000 0.000000 1.000000 0.718262 1.000000 2 15 0.307059 16 0.692941
2efb_kyj02_body_mesh1
15 -2.644537 -18.574997 0.000000 0.000000 0.000000 1.000000 0.431885 0.833374 3 15 0.272343 16 0.713544 17 0.014113
15 2.644542 -18.574997 0.000000 0.000000 0.000000 1.000000 0.718262 0.833374 3 15 0.272343 16 0.713544 17 0.014113
15 2.644542 -13.266184 0.000000 0.000000 0.000000 1.000000 0.718262 1.000000 2 15 0.307059 16 0.692941
2efb_kyj02_body_mesh1
15 2.644542 -13.266184 0.000000 0.000000 0.000000 1.000000 0.718262 1.000000 2 15 0.307059 16 0.692941
15 2.644542 -18.574997 0.000000 0.000000 0.000000 1.000000 0.718262 0.833374 3 15 0.272343 16 0.713544 17 0.014113
15 7.933621 -13.266183 0.000000 0.000000 0.000000 1.000000 1.004883 1.000000 2 15 0.355496 16 0.644504
2efb_kyj02_body_mesh1
15 2.644542 -18.574997 0.000000 0.000000 0.000000 1.000000 0.718262 0.833374 3 15 0.272343 16 0.713544 17 0.014113
15 7.933622 -18.574995 0.000000 0.000000 0.000000 1.000000 1.004883 0.833374 3 15 0.288191 16 0.690337 17 0.021473
15 7.933621 -13.266183 0.000000 0.000000 0.000000 1.000000 1.004883 1.000000 2 15 0.355496 16 0.644504
2efb_kyj02_body_mesh1
15 -7.933615 -18.575002 0.000000 0.000000 0.000000 1.000000 0.145386 0.833374 3 15 0.288191 16 0.690337 17 0.021473
15 -7.933617 -23.883813 0.000000 0.000000 0.000000 1.000000 0.145386 0.666748 3 15 0.229347 16 0.670777 17 0.099876
15 -2.644537 -18.574997 0.000000 0.000000 0.000000 1.000000 0.431885 0.833374 3 15 0.272343 16 0.713544 17 0.014113
2efb_kyj02_body_mesh1
15 -7.933617 -23.883813 0.000000 0.000000 0.000000 1.000000 0.145386 0.666748 3 15 0.229347 16 0.670777 17 0.099876
15 -2.644536 -23.883811 0.000000 0.000000 0.000000 1.000000 0.431885 0.666748 3 15 0.224374 16 0.680348 17 0.095278
15 -2.644537 -18.574997 0.000000 0.000000 0.000000 1.000000 0.431885 0.833374 3 15 0.272343 16 0.713544 17 0.014113
2efb_kyj02_body_mesh1
15 -2.644537 -18.574997 0.000000 0.000000 0.000000 1.000000 0.431885 0.833374 3 15 0.272343 16 0.713544 17 0.014113
15 -2.644536 -23.883811 0.000000 0.000000 0.000000 1.000000 0.431885 0.666748 3 15 0.224374 16 0.680348 17 0.095278
15 2.644542 -18.574997 0.000000 0.000000 0.000000 1.000000 0.718262 0.833374 3 15 0.272343 16 0.713544 17 0.014113
2efb_kyj02_body_mesh1
15 -2.644536 -23.883811 0.000000 0.000000 0.000000 1.000000 0.431885 0.666748 3 15 0.224374 16 0.680348 17 0.095278
15 2.644543 -23.883811 0.000000 0.000000 0.000000 1.000000 0.718262 0.666748 3 15 0.224374 16 0.680348 17 0.095278
15 2.644542 -18.574997 0.000000 0.000000 0.000000 1.000000 0.718262 0.833374 3 15 0.272343 16 0.713544 17 0.014113
2efb_kyj02_body_mesh1
15 2.644542 -18.574997 0.000000 0.000000 0.000000 1.000000 0.718262 0.833374 3 15 0.272343 16 0.713544 17 0.014113
15 2.644543 -23.883811 0.000000 0.000000 0.000000 1.000000 0.718262 0.666748 3 15 0.224374 16 0.680348 17 0.095278
15 7.933622 -18.574995 0.000000 0.000000 0.000000 1.000000 1.004883 0.833374 3 15 0.288191 16 0.690337 17 0.021473
2efb_kyj02_body_mesh1
15 2.644543 -23.883811 0.000000 0.000000 0.000000 1.000000 0.718262 0.666748 3 15 0.224374 16 0.680348 17 0.095278
15 7.933623 -23.883809 0.000000 0.000000 0.000000 1.000000 1.004883 0.666748 3 15 0.229347 16 0.670777 17 0.099876
15 7.933622 -18.574995 0.000000 0.000000 0.000000 1.000000 1.004883 0.833374 3 15 0.288191 16 0.690337 17 0.021473
2efb_kyj02_body_mesh1
15 -7.933617 -23.883813 0.000000 0.000000 0.000000 1.000000 0.145386 0.666748 3 15 0.229347 16 0.670777 17 0.099876
15 -7.933614 -29.192625 0.000000 0.000000 0.000000 1.000000 0.145386 0.500000 3 15 0.162864 16 0.594138 17 0.242998
15 -2.644536 -23.883811 0.000000 0.000000 0.000000 1.000000 0.431885 0.666748 3 15 0.224374 16 0.680348 17 0.095278
2efb_kyj02_body_mesh1
15 -7.933614 -29.192625 0.000000 0.000000 0.000000 1.000000 0.145386 0.500000 3 15 0.162864 16 0.594138 17 0.242998
15 -2.644536 -29.192628 0.000000 0.000000 0.000000 1.000000 0.431885 0.500000 3 15 0.161159 16 0.595080 17 0.243762
15 -2.644536 -23.883811 0.000000 0.000000 0.000000 1.000000 0.431885 0.666748 3 15 0.224374 16 0.680348 17 0.095278
2efb_kyj02_body_mesh1
15 -2.644536 -23.883811 0.000000 0.000000 0.000000 1.000000 0.431885 0.666748 3 15 0.224374 16 0.680348 17 0.095278
15 -2.644536 -29.192628 0.000000 0.000000 0.000000 1.000000 0.431885 0.500000 3 15 0.161159 16 0.595080 17 0.243762
15 2.644543 -23.883811 0.000000 0.000000 0.000000 1.000000 0.718262 0.666748 3 15 0.224374 16 0.680348 17 0.095278
2efb_kyj02_body_mesh1
15 -2.644536 -29.192628 0.000000 0.000000 0.000000 1.000000 0.431885 0.500000 3 15 0.161159 16 0.595080 17 0.243762
15 2.644544 -29.192628 0.000000 0.000000 0.000000 1.000000 0.718262 0.500000 3 15 0.161159 16 0.595080 17 0.243762
15 2.644543 -23.883811 0.000000 0.000000 0.000000 1.000000 0.718262 0.666748 3 15 0.224374 16 0.680348 17 0.095278
2efb_kyj02_body_mesh1
15 2.644543 -23.883811 0.000000 0.000000 0.000000 1.000000 0.718262 0.666748 3 15 0.224374 16 0.680348 17 0.095278
15 2.644544 -29.192628 0.000000 0.000000 0.000000 1.000000 0.718262 0.500000 3 15 0.161159 16 0.595080 17 0.243762
15 7.933623 -23.883809 0.000000 0.000000 0.000000 1.000000 1.004883 0.666748 3 15 0.229347 16 0.670777 17 0.099876
2efb_kyj02_body_mesh1
15 2.644544 -29.192628 0.000000 0.000000 0.000000 1.000000 0.718262 0.500000 3 15 0.161159 16 0.595080 17 0.243762
15 7.933622 -29.192621 0.000000 0.000000 0.000000 1.000000 1.004883 0.500000 3 15 0.162864 16 0.594138 17 0.242998
15 7.933623 -23.883809 0.000000 0.000000 0.000000 1.000000 1.004883 0.666748 3 15 0.229347 16 0.670777 17 0.099876
2efb_kyj02_body_mesh1
15 -7.933612 -45.119063 0.000000 0.000000 0.000000 1.000000 0.145386 0.000000 3 15 0.014462 16 0.269404 17 0.716134
15 -2.644533 -45.119063 0.000000 0.000000 0.000000 1.000000 0.431885 0.000000 3 15 0.014540 16 0.253008 17 0.732451
15 -7.933612 -42.464657 0.000000 0.000000 0.000000 1.000000 0.145386 0.083496 3 15 0.026400 16 0.295458 17 0.678142
2efb_kyj02_body_mesh1
15 -2.644533 -45.119063 0.000000 0.000000 0.000000 1.000000 0.431885 0.000000 3 15 0.014540 16 0.253008 17 0.732451
15 -2.644533 -42.464657 0.000000 0.000000 0.000000 1.000000 0.431885 0.083496 3 15 0.026035 16 0.279580 17 0.694385
15 -7.933612 -42.464657 0.000000 0.000000 0.000000 1.000000 0.145386 0.083496 3 15 0.026400 16 0.295458 17 0.678142
2efb_kyj02_body_mesh1
15 -7.933612 -42.464657 0.000000 0.000000 0.000000 1.000000 0.145386 0.083496 3 15 0.026400 16 0.295458 17 0.678142
15 -2.644533 -42.464657 0.000000 0.000000 0.000000 1.000000 0.431885 0.083496 3 15 0.026035 16 0.279580 17 0.694385
15 -2.644534 -39.810262 0.000000 0.000000 0.000000 1.000000 0.431885 0.166992 3 15 0.041967 16 0.321425 17 0.636608
2efb_kyj02_body_mesh1
15 -2.644533 -42.464657 0.000000 0.000000 0.000000 1.000000 0.431885 0.083496 3 15 0.026035 16 0.279580 17 0.694385
15 2.644546 -39.810262 0.000000 0.000000 0.000000 1.000000 0.718262 0.166992 3 15 0.041967 16 0.321426 17 0.636608
15 -2.644534 -39.810262 0.000000 0.000000 0.000000 1.000000 0.431885 0.166992 3 15 0.041967 16 0.321425 17 0.636608
2efb_kyj02_body_mesh1
15 -2.644534 -39.810262 0.000000 0.000000 0.000000 1.000000 0.431885 0.166992 3 15 0.041967 16 0.321425 17 0.636608
15 2.644546 -39.810262 0.000000 0.000000 0.000000 1.000000 0.718262 0.166992 3 15 0.041967 16 0.321426 17 0.636608
15 -2.644534 -37.155850 0.000000 0.000000 0.000000 1.000000 0.431885 0.250000 3 15 0.063330 16 0.377260 17 0.559409
2efb_kyj02_body_mesh1
15 2.644546 -39.810262 0.000000 0.000000 0.000000 1.000000 0.718262 0.166992 3 15 0.041967 16 0.321426 17 0.636608
15 2.644545 -37.155850 0.000000 0.000000 0.000000 1.000000 0.718262 0.250000 3 15 0.063330 16 0.377260 17 0.559409
15 -2.644534 -37.155850 0.000000 0.000000 0.000000 1.000000 0.431885 0.250000 3 15 0.063330 16 0.377260 17 0.559409
2efb_kyj02_body_mesh1
15 -2.644534 -37.155850 0.000000 0.000000 0.000000 1.000000 0.431885 0.250000 3 15 0.063330 16 0.377260 17 0.559409
15 2.644545 -37.155850 0.000000 0.000000 0.000000 1.000000 0.718262 0.250000 3 15 0.063330 16 0.377260 17 0.559409
15 2.644545 -34.501443 0.000000 0.000000 0.000000 1.000000 0.718262 0.333496 3 15 0.090803 16 0.445155 17 0.464041
2efb_kyj02_body_mesh1
15 2.644545 -37.155850 0.000000 0.000000 0.000000 1.000000 0.718262 0.250000 3 15 0.063330 16 0.377260 17 0.559409
15 7.933624 -34.501443 0.000000 0.000000 0.000000 1.000000 1.004883 0.333496 3 15 0.091740 16 0.451914 17 0.456346
15 2.644545 -34.501443 0.000000 0.000000 0.000000 1.000000 0.718262 0.333496 3 15 0.090803 16 0.445155 17 0.464041
2efb_kyj02_body_mesh1
15 2.644545 -34.501443 0.000000 0.000000 0.000000 1.000000 0.718262 0.333496 3 15 0.090803 16 0.445155 17 0.464041
15 7.933624 -34.501443 0.000000 0.000000 0.000000 1.000000 1.004883 0.333496 3 15 0.091740 16 0.451914 17 0.456346
15 2.644544 -31.847032 0.000000 0.000000 0.000000 1.000000 0.718262 0.416992 3 15 0.123989 16 0.520148 17 0.355863
2efb_kyj02_body_mesh1
15 7.933624 -34.501443 0.000000 0.000000 0.000000 1.000000 1.004883 0.333496 3 15 0.091740 16 0.451914 17 0.456346
15 7.933623 -31.847032 0.000000 0.000000 0.000000 1.000000 1.004883 0.416992 3 15 0.125151 16 0.523209 17 0.351640
15 2.644544 -31.847032 0.000000 0.000000 0.000000 1.000000 0.718262 0.416992 3 15 0.123989 16 0.520148 17 0.355863
2efb_kyj02_body_mesh1
15 2.644544 -31.847032 0.000000 0.000000 0.000000 1.000000 0.718262 0.416992 3 15 0.123989 16 0.520148 17 0.355863
15 7.933623 -31.847032 0.000000 0.000000 0.000000 1.000000 1.004883 0.416992 3 15 0.125151 16 0.523209 17 0.351640
15 7.933622 -29.192621 0.000000 0.000000 0.000000 1.000000 1.004883 0.500000 3 15 0.162864 16 0.594138 17 0.242998
2efb_kyj02_body_mesh1
15 -2.644533 -45.119063 0.000000 0.000000 0.000000 1.000000 0.431885 0.000000 3 15 0.014540 16 0.253008 17 0.732451
15 2.644546 -45.119063 0.000000 0.000000 0.000000 1.000000 0.718262 0.000000 3 15 0.014540 16 0.253008 17 0.732451
15 -2.644533 -42.464657 0.000000 0.000000 0.000000 1.000000 0.431885 0.083496 3 15 0.026035 16 0.279580 17 0.694385
2efb_kyj02_body_mesh1
15 2.644546 -45.119063 0.000000 0.000000 0.000000 1.000000 0.718262 0.000000 3 15 0.014540 16 0.253008 17 0.732451
15 2.644546 -42.464659 0.000000 0.000000 0.000000 1.000000 0.718262 0.083496 3 15 0.026035 16 0.279580 17 0.694385
15 -2.644533 -42.464657 0.000000 0.000000 0.000000 1.000000 0.431885 0.083496 3 15 0.026035 16 0.279580 17 0.694385
2efb_kyj02_body_mesh1
15 -2.644533 -42.464657 0.000000 0.000000 0.000000 1.000000 0.431885 0.083496 3 15 0.026035 16 0.279580 17 0.694385
15 2.644546 -42.464659 0.000000 0.000000 0.000000 1.000000 0.718262 0.083496 3 15 0.026035 16 0.279580 17 0.694385
15 2.644546 -39.810262 0.000000 0.000000 0.000000 1.000000 0.718262 0.166992 3 15 0.041967 16 0.321426 17 0.636608
2efb_kyj02_body_mesh1
15 2.644546 -42.464659 0.000000 0.000000 0.000000 1.000000 0.718262 0.083496 3 15 0.026035 16 0.279580 17 0.694385
15 7.933625 -39.810262 0.000000 0.000000 0.000000 1.000000 1.004883 0.166992 3 15 0.042585 16 0.334462 17 0.622953
15 2.644546 -39.810262 0.000000 0.000000 0.000000 1.000000 0.718262 0.166992 3 15 0.041967 16 0.321426 17 0.636608
2efb_kyj02_body_mesh1
15 2.644546 -39.810262 0.000000 0.000000 0.000000 1.000000 0.718262 0.166992 3 15 0.041967 16 0.321426 17 0.636608
15 7.933625 -39.810262 0.000000 0.000000 0.000000 1.000000 1.004883 0.166992 3 15 0.042585 16 0.334462 17 0.622953
15 2.644545 -37.155850 0.000000 0.000000 0.000000 1.000000 0.718262 0.250000 3 15 0.063330 16 0.377260 17 0.559409
2efb_kyj02_body_mesh1
15 7.933625 -39.810262 0.000000 0.000000 0.000000 1.000000 1.004883 0.166992 3 15 0.042585 16 0.334462 17 0.622953
15 7.933624 -37.155850 0.000000 0.000000 0.000000 1.000000 1.004883 0.250000 3 15 0.064125 16 0.387320 17 0.548555
15 2.644545 -37.155850 0.000000 0.000000 0.000000 1.000000 0.718262 0.250000 3 15 0.063330 16 0.377260 17 0.559409
2efb_kyj02_body_mesh1
15 2.644545 -37.155850 0.000000 0.000000 0.000000 1.000000 0.718262 0.250000 3 15 0.063330 16 0.377260 17 0.559409
15 7.933624 -37.155850 0.000000 0.000000 0.000000 1.000000 1.004883 0.250000 3 15 0.064125 16 0.387320 17 0.548555
15 7.933624 -34.501443 0.000000 0.000000 0.000000 1.000000 1.004883 0.333496 3 15 0.091740 16 0.451914 17 0.456346
2efb_kyj02_body_mesh1
15 2.644546 -45.119063 0.000000 0.000000 0.000000 1.000000 0.718262 0.000000 3 15 0.014540 16 0.253008 17 0.732451
15 7.933624 -45.119063 0.000000 0.000000 0.000000 1.000000 1.004883 0.000000 3 15 0.014462 16 0.269404 17 0.716134
15 2.644546 -42.464659 0.000000 0.000000 0.000000 1.000000 0.718262 0.083496 3 15 0.026035 16 0.279580 17 0.694385
2efb_kyj02_body_mesh1
15 7.933624 -45.119063 0.000000 0.000000 0.000000 1.000000 1.004883 0.000000 3 15 0.014462 16 0.269404 17 0.716134
15 7.933625 -42.464664 0.000000 0.000000 0.000000 1.000000 1.004883 0.083496 3 15 0.026400 16 0.295458 17 0.678142
15 2.644546 -42.464659 0.000000 0.000000 0.000000 1.000000 0.718262 0.083496 3 15 0.026035 16 0.279580 17 0.694385
2efb_kyj02_body_mesh1
15 2.644546 -42.464659 0.000000 0.000000 0.000000 1.000000 0.718262 0.083496 3 15 0.026035 16 0.279580 17 0.694385
15 7.933625 -42.464664 0.000000 0.000000 0.000000 1.000000 1.004883 0.083496 3 15 0.026400 16 0.295458 17 0.678142
15 7.933625 -39.810262 0.000000 0.000000 0.000000 1.000000 1.004883 0.166992 3 15 0.042585 16 0.334462 17 0.622953
2efb_kyj02_body_mesh1
15 -0.097379 -3.243533 -0.609994 -0.700386 -0.001300 -0.713763 0.000000 0.750000 2 15 0.800000 16 0.200000
15 -0.097379 -6.483730 -0.608821 -0.705240 0.002731 -0.708964 0.000000 0.500000 2 15 0.625000 16 0.375000
15 -0.706200 -3.322321 -0.011545 -0.700197 0.003699 0.713941 0.132812 0.750000 2 15 0.800000 16 0.200000
2efb_kyj02_body_mesh1
15 -0.097379 -6.483730 -0.608821 -0.705240 0.002731 -0.708964 0.000000 0.500000 2 15 0.625000 16 0.375000
15 -0.706200 -6.483730 0.000000 -0.705105 -0.004802 0.709087 0.132812 0.500000 2 15 0.625000 16 0.375000
15 -0.706200 -3.322321 -0.011545 -0.700197 0.003699 0.713941 0.132812 0.750000 2 15 0.800000 16 0.200000
2efb_kyj02_body_mesh1
15 -0.706200 -6.483730 0.000000 -0.705105 -0.004802 0.709087 0.132812 0.500000 2 15 0.625000 16 0.375000
15 -0.097379 -6.483730 -0.608821 -0.705240 0.002731 -0.708964 0.000000 0.500000 2 15 0.625000 16 0.375000
15 -0.706200 -9.825764 -0.040638 -0.686970 -0.012015 0.726587 0.132812 0.250000 2 15 0.450000 16 0.550000
2efb_kyj02_body_mesh1
15 -0.097379 -6.483730 -0.608821 -0.705240 0.002731 -0.708964 0.000000 0.500000 2 15 0.625000 16 0.375000
15 -0.097379 -9.954413 -0.620939 -0.687855 0.005483 -0.725827 0.000000 0.250000 2 15 0.450000 16 0.550000
15 -0.706200 -9.825764 -0.040638 -0.686970 -0.012015 0.726587 0.132812 0.250000 2 15 0.450000 16 0.550000
2efb_kyj02_body_mesh1
15 -0.706200 -9.825764 -0.040638 -0.686970 -0.012015 0.726587 0.132812 0.250000 2 15 0.450000 16 0.550000
15 -0.097379 -9.954413 -0.620939 -0.687855 0.005483 -0.725827 0.000000 0.250000 2 15 0.450000 16 0.550000
15 -0.706200 -13.167797 -0.081276 -0.669417 -0.009033 0.742832 0.132812 0.000000 2 15 0.300932 16 0.699068
2efb_kyj02_body_mesh1
15 -0.097379 -9.954413 -0.620939 -0.687855 0.005483 -0.725827 0.000000 0.250000 2 15 0.450000 16 0.550000
15 -0.097378 -13.425098 -0.633056 -0.670940 0.002589 -0.741507 0.000000 0.000000 2 15 0.303291 16 0.696709
15 -0.706200 -13.167797 -0.081276 -0.669417 -0.009033 0.742832 0.132812 0.000000 2 15 0.300932 16 0.699068
2efb_kyj02_body_mesh1
15 -0.706200 -3.322321 -0.011545 -0.700197 0.003699 0.713941 0.000000 0.750000 2 15 0.800000 16 0.200000
15 -0.706200 -6.483730 0.000000 -0.705105 -0.004802 0.709087 0.000000 0.500000 2 15 0.625000 16 0.375000
15 -0.097379 -3.401110 0.586904 0.701299 0.003973 0.712856 0.132812 0.750000 2 15 0.800000 16 0.200000
2efb_kyj02_body_mesh1
15 -0.706200 -6.483730 0.000000 -0.705105 -0.004802 0.709087 0.000000 0.500000 2 15 0.625000 16 0.375000
15 -0.097379 -6.483730 0.608821 0.707098 -0.005062 0.707098 0.132812 0.500000 2 15 0.625000 16 0.375000
15 -0.097379 -3.401110 0.586904 0.701299 0.003973 0.712856 0.132812 0.750000 2 15 0.800000 16 0.200000
2efb_kyj02_body_mesh1
15 -0.097379 -6.483730 0.608821 0.707098 -0.005062 0.707098 0.132812 0.500000 2 15 0.625000 16 0.375000
15 -0.706200 -6.483730 0.000000 -0.705105 -0.004802 0.709087 0.000000 0.500000 2 15 0.625000 16 0.375000
15 -0.097378 -9.697114 0.539662 0.690116 -0.012388 0.723592 0.132812 0.250000 2 15 0.450000 16 0.550000
2efb_kyj02_body_mesh1
15 -0.706200 -6.483730 0.000000 -0.705105 -0.004802 0.709087 0.000000 0.500000 2 15 0.625000 16 0.375000
15 -0.706200 -9.825764 -0.040638 -0.686970 -0.012015 0.726587 0.000000 0.250000 2 15 0.450000 16 0.550000
15 -0.097378 -9.697114 0.539662 0.690116 -0.012388 0.723592 0.132812 0.250000 2 15 0.450000 16 0.550000
2efb_kyj02_body_mesh1
15 -0.097378 -9.697114 0.539662 0.690116 -0.012388 0.723592 0.132812 0.250000 2 15 0.450000 16 0.550000
15 -0.706200 -9.825764 -0.040638 -0.686970 -0.012015 0.726587 0.000000 0.250000 2 15 0.450000 16 0.550000
15 -0.097378 -12.910497 0.470504 0.672087 -0.009962 0.740405 0.132812 0.000000 2 15 0.310447 16 0.689553
2efb_kyj02_body_mesh1
15 -0.706200 -9.825764 -0.040638 -0.686970 -0.012015 0.726587 0.000000 0.250000 2 15 0.450000 16 0.550000
15 -0.706200 -13.167797 -0.081276 -0.669417 -0.009033 0.742832 0.000000 0.000000 2 15 0.300932 16 0.699068
15 -0.097378 -12.910497 0.470504 0.672087 -0.009962 0.740405 0.132812 0.000000 2 15 0.310447 16 0.689553
2efb_kyj02_body_mesh1
15 -7.933612 -42.464657 0.000000 0.000000 0.000000 1.000000 0.145386 0.083496 3 15 0.026400 16 0.295458 17 0.678142
15 -2.644534 -39.810262 0.000000 0.000000 0.000000 1.000000 0.431885 0.166992 3 15 0.041967 16 0.321425 17 0.636608
15 -7.933613 -39.810251 0.000000 0.000000 0.000000 1.000000 0.145386 0.166992 3 15 0.042585 16 0.334462 17 0.622953
2efb_kyj02_body_mesh1
15 -2.644534 -39.810262 0.000000 0.000000 0.000000 1.000000 0.431885 0.166992 3 15 0.041967 16 0.321425 17 0.636608
15 -7.933613 -37.155850 0.000000 0.000000 0.000000 1.000000 0.145386 0.250000 3 15 0.064125 16 0.387320 17 0.548555
15 -7.933613 -39.810251 0.000000 0.000000 0.000000 1.000000 0.145386 0.166992 3 15 0.042585 16 0.334462 17 0.622953
2efb_kyj02_body_mesh1
15 -2.644534 -39.810262 0.000000 0.000000 0.000000 1.000000 0.431885 0.166992 3 15 0.041967 16 0.321425 17 0.636608
15 -2.644534 -37.155850 0.000000 0.000000 0.000000 1.000000 0.431885 0.250000 3 15 0.063330 16 0.377260 17 0.559409
15 -7.933613 -37.155850 0.000000 0.000000 0.000000 1.000000 0.145386 0.250000 3 15 0.064125 16 0.387320 17 0.548555
2efb_kyj02_body_mesh1
15 -2.644534 -37.155850 0.000000 0.000000 0.000000 1.000000 0.431885 0.250000 3 15 0.063330 16 0.377260 17 0.559409
15 -2.644535 -34.501443 0.000000 0.000000 0.000000 1.000000 0.431885 0.333496 3 15 0.090803 16 0.445155 17 0.464041
15 -7.933613 -37.155850 0.000000 0.000000 0.000000 1.000000 0.145386 0.250000 3 15 0.064125 16 0.387320 17 0.548555
2efb_kyj02_body_mesh1
15 -7.933613 -37.155850 0.000000 0.000000 0.000000 1.000000 0.145386 0.250000 3 15 0.064125 16 0.387320 17 0.548555
15 -2.644535 -34.501443 0.000000 0.000000 0.000000 1.000000 0.431885 0.333496 3 15 0.090803 16 0.445155 17 0.464041
15 -7.933615 -34.501443 0.000000 0.000000 0.000000 1.000000 0.145386 0.333496 3 15 0.091740 16 0.451914 17 0.456346
2efb_kyj02_body_mesh1
15 -2.644535 -34.501443 0.000000 0.000000 0.000000 1.000000 0.431885 0.333496 3 15 0.090803 16 0.445155 17 0.464041
15 -7.933615 -31.847038 0.000000 0.000000 0.000000 1.000000 0.145386 0.416992 3 15 0.125151 16 0.523209 17 0.351640
15 -7.933615 -34.501443 0.000000 0.000000 0.000000 1.000000 0.145386 0.333496 3 15 0.091740 16 0.451914 17 0.456346
2efb_kyj02_body_mesh1
15 -2.644534 -37.155850 0.000000 0.000000 0.000000 1.000000 0.431885 0.250000 3 15 0.063330 16 0.377260 17 0.559409
15 2.644545 -34.501443 0.000000 0.000000 0.000000 1.000000 0.718262 0.333496 3 15 0.090803 16 0.445155 17 0.464041
15 -2.644535 -34.501443 0.000000 0.000000 0.000000 1.000000 0.431885 0.333496 3 15 0.090803 16 0.445155 17 0.464041
2efb_kyj02_body_mesh1
15 2.644545 -34.501443 0.000000 0.000000 0.000000 1.000000 0.718262 0.333496 3 15 0.090803 16 0.445155 17 0.464041
15 -2.644535 -31.847032 0.000000 0.000000 0.000000 1.000000 0.431885 0.416992 3 15 0.123989 16 0.520148 17 0.355863
15 -2.644535 -34.501443 0.000000 0.000000 0.000000 1.000000 0.431885 0.333496 3 15 0.090803 16 0.445155 17 0.464041
2efb_kyj02_body_mesh1
15 -2.644535 -34.501443 0.000000 0.000000 0.000000 1.000000 0.431885 0.333496 3 15 0.090803 16 0.445155 17 0.464041
15 -2.644535 -31.847032 0.000000 0.000000 0.000000 1.000000 0.431885 0.416992 3 15 0.123989 16 0.520148 17 0.355863
15 -7.933615 -31.847038 0.000000 0.000000 0.000000 1.000000 0.145386 0.416992 3 15 0.125151 16 0.523209 17 0.351640
2efb_kyj02_body_mesh1
15 -2.644535 -31.847032 0.000000 0.000000 0.000000 1.000000 0.431885 0.416992 3 15 0.123989 16 0.520148 17 0.355863
15 -2.644536 -29.192628 0.000000 0.000000 0.000000 1.000000 0.431885 0.500000 3 15 0.161159 16 0.595080 17 0.243762
15 -7.933615 -31.847038 0.000000 0.000000 0.000000 1.000000 0.145386 0.416992 3 15 0.125151 16 0.523209 17 0.351640
2efb_kyj02_body_mesh1
15 -7.933615 -31.847038 0.000000 0.000000 0.000000 1.000000 0.145386 0.416992 3 15 0.125151 16 0.523209 17 0.351640
15 -2.644536 -29.192628 0.000000 0.000000 0.000000 1.000000 0.431885 0.500000 3 15 0.161159 16 0.595080 17 0.243762
15 -7.933614 -29.192625 0.000000 0.000000 0.000000 1.000000 0.145386 0.500000 3 15 0.162864 16 0.594138 17 0.242998
2efb_kyj02_body_mesh1
15 2.644545 -34.501443 0.000000 0.000000 0.000000 1.000000 0.718262 0.333496 3 15 0.090803 16 0.445155 17 0.464041
15 2.644544 -31.847032 0.000000 0.000000 0.000000 1.000000 0.718262 0.416992 3 15 0.123989 16 0.520148 17 0.355863
15 -2.644535 -31.847032 0.000000 0.000000 0.000000 1.000000 0.431885 0.416992 3 15 0.123989 16 0.520148 17 0.355863
2efb_kyj02_body_mesh1
15 2.644544 -31.847032 0.000000 0.000000 0.000000 1.000000 0.718262 0.416992 3 15 0.123989 16 0.520148 17 0.355863
15 2.644544 -29.192628 0.000000 0.000000 0.000000 1.000000 0.718262 0.500000 3 15 0.161159 16 0.595080 17 0.243762
15 -2.644535 -31.847032 0.000000 0.000000 0.000000 1.000000 0.431885 0.416992 3 15 0.123989 16 0.520148 17 0.355863
2efb_kyj02_body_mesh1
15 -2.644535 -31.847032 0.000000 0.000000 0.000000 1.000000 0.431885 0.416992 3 15 0.123989 16 0.520148 17 0.355863
15 2.644544 -29.192628 0.000000 0.000000 0.000000 1.000000 0.718262 0.500000 3 15 0.161159 16 0.595080 17 0.243762
15 -2.644536 -29.192628 0.000000 0.000000 0.000000 1.000000 0.431885 0.500000 3 15 0.161159 16 0.595080 17 0.243762
2efb_kyj02_body_mesh1
15 -7.933617 -13.266183 -0.031732 0.000000 0.000000 -1.000000 1.004883 1.000000 2 15 0.355496 16 0.644504
15 -2.644538 -13.266183 -0.031732 0.000000 0.000000 -1.000000 0.718262 1.000000 2 15 0.305630 16 0.694370
15 -7.933615 -18.575005 -0.031732 0.000000 0.000000 -1.000000 1.004883 0.833374 3 15 0.288191 16 0.690337 17 0.021473
2efb_kyj02_body_mesh1
15 -2.644538 -13.266183 -0.031732 0.000000 0.000000 -1.000000 0.718262 1.000000 2 15 0.305630 16 0.694370
15 -2.644537 -18.574997 -0.031732 0.000000 0.000000 -1.000000 0.718262 0.833374 3 15 0.272491 16 0.713489 17 0.014019
15 -7.933615 -18.575005 -0.031732 0.000000 0.000000 -1.000000 1.004883 0.833374 3 15 0.288191 16 0.690337 17 0.021473
2efb_kyj02_body_mesh1
15 -7.933615 -18.575005 -0.031732 0.000000 0.000000 -1.000000 1.004883 0.833374 3 15 0.288191 16 0.690337 17 0.021473
15 -2.644537 -18.574997 -0.031732 0.000000 0.000000 -1.000000 0.718262 0.833374 3 15 0.272491 16 0.713489 17 0.014019
15 -7.933617 -23.883813 -0.031732 0.000000 0.000000 -1.000000 1.004883 0.666748 3 15 0.229347 16 0.670777 17 0.099876
2efb_kyj02_body_mesh1
15 -2.644537 -18.574997 -0.031732 0.000000 0.000000 -1.000000 0.718262 0.833374 3 15 0.272491 16 0.713489 17 0.014019
15 -2.644537 -23.883811 -0.031732 0.000000 0.000000 -1.000000 0.718262 0.666748 3 15 0.224374 16 0.680348 17 0.095278
15 -7.933617 -23.883813 -0.031732 0.000000 0.000000 -1.000000 1.004883 0.666748 3 15 0.229347 16 0.670777 17 0.099876
2efb_kyj02_body_mesh1
15 -7.933617 -23.883813 -0.031732 0.000000 0.000000 -1.000000 1.004883 0.666748 3 15 0.229347 16 0.670777 17 0.099876
15 -2.644537 -23.883811 -0.031732 0.000000 0.000000 -1.000000 0.718262 0.666748 3 15 0.224374 16 0.680348 17 0.095278
15 -7.933614 -29.192625 -0.031732 0.000000 0.000000 -1.000000 1.004883 0.500000 3 15 0.162418 16 0.593300 17 0.244281
2efb_kyj02_body_mesh1
15 -2.644537 -23.883811 -0.031732 0.000000 0.000000 -1.000000 0.718262 0.666748 3 15 0.224374 16 0.680348 17 0.095278
15 -2.644536 -29.192629 -0.031732 0.000000 0.000000 -1.000000 0.718262 0.500000 3 15 0.160720 16 0.594195 17 0.245086
15 -7.933614 -29.192625 -0.031732 0.000000 0.000000 -1.000000 1.004883 0.500000 3 15 0.162418 16 0.593300 17 0.244281
2efb_kyj02_body_mesh1
15 -7.933614 -29.192625 -0.031732 0.000000 0.000000 -1.000000 1.004883 0.500000 3 15 0.162418 16 0.593300 17 0.244281
15 -2.644536 -29.192629 -0.031732 0.000000 0.000000 -1.000000 0.718262 0.500000 3 15 0.160720 16 0.594195 17 0.245086
15 -7.933615 -31.847040 -0.031732 0.000000 0.000000 -1.000000 1.004883 0.416992 3 15 0.126233 16 0.523117 17 0.350650
2efb_kyj02_body_mesh1
15 -2.644536 -29.192629 -0.031732 0.000000 0.000000 -1.000000 0.718262 0.500000 3 15 0.160720 16 0.594195 17 0.245086
15 -2.644535 -31.847034 -0.031732 0.000000 0.000000 -1.000000 0.718262 0.416992 3 15 0.124991 16 0.520133 17 0.354876
15 -7.933615 -31.847040 -0.031732 0.000000 0.000000 -1.000000 1.004883 0.416992 3 15 0.126233 16 0.523117 17 0.350650
2efb_kyj02_body_mesh1
15 -7.933615 -31.847040 -0.031732 0.000000 0.000000 -1.000000 1.004883 0.416992 3 15 0.126233 16 0.523117 17 0.350650
15 -2.644535 -31.847034 -0.031732 0.000000 0.000000 -1.000000 0.718262 0.416992 3 15 0.124991 16 0.520133 17 0.354876
15 -2.644536 -34.501443 -0.031732 0.000000 0.000000 -1.000000 0.718262 0.333496 3 15 0.092240 16 0.446940 17 0.460820
2efb_kyj02_body_mesh1
15 -2.644535 -31.847034 -0.031732 0.000000 0.000000 -1.000000 0.718262 0.416992 3 15 0.124991 16 0.520133 17 0.354876
15 2.644544 -34.501443 -0.031732 0.000000 0.000000 -1.000000 0.431885 0.333496 3 15 0.092240 16 0.446940 17 0.460820
15 -2.644536 -34.501443 -0.031732 0.000000 0.000000 -1.000000 0.718262 0.333496 3 15 0.092240 16 0.446940 17 0.460820
2efb_kyj02_body_mesh1
15 -2.644536 -34.501443 -0.031732 0.000000 0.000000 -1.000000 0.718262 0.333496 3 15 0.092240 16 0.446940 17 0.460820
15 2.644544 -34.501443 -0.031732 0.000000 0.000000 -1.000000 0.431885 0.333496 3 15 0.092240 16 0.446940 17 0.460820
15 -2.644535 -37.155850 -0.031732 0.000000 0.000000 -1.000000 0.718262 0.250000 3 15 0.064867 16 0.380293 17 0.554840
2efb_kyj02_body_mesh1
15 2.644544 -34.501443 -0.031732 0.000000 0.000000 -1.000000 0.431885 0.333496 3 15 0.092240 16 0.446940 17 0.460820
15 2.644544 -37.155850 -0.031732 0.000000 0.000000 -1.000000 0.431885 0.250000 3 15 0.064867 16 0.380293 17 0.554840
15 -2.644535 -37.155850 -0.031732 0.000000 0.000000 -1.000000 0.718262 0.250000 3 15 0.064867 16 0.380293 17 0.554840
2efb_kyj02_body_mesh1
15 -2.644535 -37.155850 -0.031732 0.000000 0.000000 -1.000000 0.718262 0.250000 3 15 0.064867 16 0.380293 17 0.554840
15 2.644544 -37.155850 -0.031732 0.000000 0.000000 -1.000000 0.431885 0.250000 3 15 0.064867 16 0.380293 17 0.554840
15 2.644545 -39.810262 -0.031732 0.000000 0.000000 -1.000000 0.431885 0.166992 3 15 0.043333 16 0.324944 17 0.631724
2efb_kyj02_body_mesh1
15 2.644544 -37.155850 -0.031732 0.000000 0.000000 -1.000000 0.431885 0.250000 3 15 0.064867 16 0.380293 17 0.554840
15 7.933625 -39.810262 -0.031732 0.000000 0.000000 -1.000000 0.145386 0.166992 3 15 0.043932 16 0.337946 17 0.618122
15 2.644545 -39.810262 -0.031732 0.000000 0.000000 -1.000000 0.431885 0.166992 3 15 0.043333 16 0.324944 17 0.631724
2efb_kyj02_body_mesh1
15 2.644545 -39.810262 -0.031732 0.000000 0.000000 -1.000000 0.431885 0.166992 3 15 0.043333 16 0.324944 17 0.631724
15 7.933625 -39.810262 -0.031732 0.000000 0.000000 -1.000000 0.145386 0.166992 3 15 0.043932 16 0.337946 17 0.618122
15 2.644545 -42.464664 -0.031732 0.000000 0.000000 -1.000000 0.431885 0.083496 3 15 0.027151 16 0.283421 17 0.689428
2efb_kyj02_body_mesh1
15 7.933625 -39.810262 -0.031732 0.000000 0.000000 -1.000000 0.145386 0.166992 3 15 0.043932 16 0.337946 17 0.618122
15 7.933625 -42.464664 -0.031732 0.000000 0.000000 -1.000000 0.145386 0.083496 3 15 0.027468 16 0.298715 17 0.673817
15 2.644545 -42.464664 -0.031732 0.000000 0.000000 -1.000000 0.431885 0.083496 3 15 0.027151 16 0.283421 17 0.689428
2efb_kyj02_body_mesh1
15 2.644545 -42.464664 -0.031732 0.000000 0.000000 -1.000000 0.431885 0.083496 3 15 0.027151 16 0.283421 17 0.689428
15 7.933625 -42.464664 -0.031732 0.000000 0.000000 -1.000000 0.145386 0.083496 3 15 0.027468 16 0.298715 17 0.673817
15 7.933624 -45.119063 -0.031732 0.000000 0.000000 -1.000000 0.145386 0.000000 3 15 0.014603 16 0.269712 17 0.715686
2efb_kyj02_body_mesh1
15 -2.644538 -13.266183 -0.031732 0.000000 0.000000 -1.000000 0.718262 1.000000 2 15 0.305630 16 0.694370
15 2.644541 -13.266184 -0.031732 0.000000 0.000000 -1.000000 0.431885 1.000000 2 15 0.305636 16 0.694364
15 -2.644537 -18.574997 -0.031732 0.000000 0.000000 -1.000000 0.718262 0.833374 3 15 0.272491 16 0.713489 17 0.014019
2efb_kyj02_body_mesh1
15 2.644541 -13.266184 -0.031732 0.000000 0.000000 -1.000000 0.431885 1.000000 2 15 0.305636 16 0.694364
15 2.644542 -18.574997 -0.031732 0.000000 0.000000 -1.000000 0.431885 0.833374 3 15 0.272489 16 0.713490 17 0.014021
15 -2.644537 -18.574997 -0.031732 0.000000 0.000000 -1.000000 0.718262 0.833374 3 15 0.272491 16 0.713489 17 0.014019
2efb_kyj02_body_mesh1
15 -2.644537 -18.574997 -0.031732 0.000000 0.000000 -1.000000 0.718262 0.833374 3 15 0.272491 16 0.713489 17 0.014019
15 2.644542 -18.574997 -0.031732 0.000000 0.000000 -1.000000 0.431885 0.833374 3 15 0.272489 16 0.713490 17 0.014021
15 -2.644537 -23.883811 -0.031732 0.000000 0.000000 -1.000000 0.718262 0.666748 3 15 0.224374 16 0.680348 17 0.095278
2efb_kyj02_body_mesh1
15 2.644542 -18.574997 -0.031732 0.000000 0.000000 -1.000000 0.431885 0.833374 3 15 0.272489 16 0.713490 17 0.014021
15 2.644542 -23.883811 -0.031732 0.000000 0.000000 -1.000000 0.431885 0.666748 3 15 0.224374 16 0.680348 17 0.095278
15 -2.644537 -23.883811 -0.031732 0.000000 0.000000 -1.000000 0.718262 0.666748 3 15 0.224374 16 0.680348 17 0.095278
2efb_kyj02_body_mesh1
15 -2.644537 -23.883811 -0.031732 0.000000 0.000000 -1.000000 0.718262 0.666748 3 15 0.224374 16 0.680348 17 0.095278
15 2.644542 -23.883811 -0.031732 0.000000 0.000000 -1.000000 0.431885 0.666748 3 15 0.224374 16 0.680348 17 0.095278
15 -2.644536 -29.192629 -0.031732 0.000000 0.000000 -1.000000 0.718262 0.500000 3 15 0.160720 16 0.594195 17 0.245086
2efb_kyj02_body_mesh1
15 2.644542 -23.883811 -0.031732 0.000000 0.000000 -1.000000 0.431885 0.666748 3 15 0.224374 16 0.680348 17 0.095278
15 2.644544 -29.192629 -0.031732 0.000000 0.000000 -1.000000 0.431885 0.500000 3 15 0.160720 16 0.594195 17 0.245086
15 -2.644536 -29.192629 -0.031732 0.000000 0.000000 -1.000000 0.718262 0.500000 3 15 0.160720 16 0.594195 17 0.245086
2efb_kyj02_body_mesh1
15 -2.644536 -29.192629 -0.031732 0.000000 0.000000 -1.000000 0.718262 0.500000 3 15 0.160720 16 0.594195 17 0.245086
15 2.644544 -29.192629 -0.031732 0.000000 0.000000 -1.000000 0.431885 0.500000 3 15 0.160720 16 0.594195 17 0.245086
15 -2.644535 -31.847034 -0.031732 0.000000 0.000000 -1.000000 0.718262 0.416992 3 15 0.124991 16 0.520133 17 0.354876
2efb_kyj02_body_mesh1
15 2.644544 -29.192629 -0.031732 0.000000 0.000000 -1.000000 0.431885 0.500000 3 15 0.160720 16 0.594195 17 0.245086
15 2.644544 -31.847034 -0.031732 0.000000 0.000000 -1.000000 0.431885 0.416992 3 15 0.124991 16 0.520133 17 0.354876
15 -2.644535 -31.847034 -0.031732 0.000000 0.000000 -1.000000 0.718262 0.416992 3 15 0.124991 16 0.520133 17 0.354876
2efb_kyj02_body_mesh1
15 -2.644535 -31.847034 -0.031732 0.000000 0.000000 -1.000000 0.718262 0.416992 3 15 0.124991 16 0.520133 17 0.354876
15 2.644544 -31.847034 -0.031732 0.000000 0.000000 -1.000000 0.431885 0.416992 3 15 0.124991 16 0.520133 17 0.354876
15 2.644544 -34.501443 -0.031732 0.000000 0.000000 -1.000000 0.431885 0.333496 3 15 0.092240 16 0.446940 17 0.460820
2efb_kyj02_body_mesh1
15 2.644544 -31.847034 -0.031732 0.000000 0.000000 -1.000000 0.431885 0.416992 3 15 0.124991 16 0.520133 17 0.354876
15 7.933625 -34.501443 -0.031732 0.000000 0.000000 -1.000000 0.145386 0.333496 3 15 0.093198 16 0.453599 17 0.453203
15 2.644544 -34.501443 -0.031732 0.000000 0.000000 -1.000000 0.431885 0.333496 3 15 0.092240 16 0.446940 17 0.460820
2efb_kyj02_body_mesh1
15 2.644544 -34.501443 -0.031732 0.000000 0.000000 -1.000000 0.431885 0.333496 3 15 0.092240 16 0.446940 17 0.460820
15 7.933625 -34.501443 -0.031732 0.000000 0.000000 -1.000000 0.145386 0.333496 3 15 0.093198 16 0.453599 17 0.453203
15 2.644544 -37.155850 -0.031732 0.000000 0.000000 -1.000000 0.431885 0.250000 3 15 0.064867 16 0.380293 17 0.554840
2efb_kyj02_body_mesh1
15 7.933625 -34.501443 -0.031732 0.000000 0.000000 -1.000000 0.145386 0.333496 3 15 0.093198 16 0.453599 17 0.453203
15 7.933623 -37.155850 -0.031732 0.000000 0.000000 -1.000000 0.145386 0.250000 3 15 0.065653 16 0.390272 17 0.544076
15 2.644544 -37.155850 -0.031732 0.000000 0.000000 -1.000000 0.431885 0.250000 3 15 0.064867 16 0.380293 17 0.554840
2efb_kyj02_body_mesh1
15 2.644544 -37.155850 -0.031732 0.000000 0.000000 -1.000000 0.431885 0.250000 3 15 0.064867 16 0.380293 17 0.554840
15 7.933623 -37.155850 -0.031732 0.000000 0.000000 -1.000000 0.145386 0.250000 3 15 0.065653 16 0.390272 17 0.544076
15 7.933625 -39.810262 -0.031732 0.000000 0.000000 -1.000000 0.145386 0.166992 3 15 0.043932 16 0.337946 17 0.618122
2efb_kyj02_body_mesh1
15 2.644541 -13.266184 -0.031732 0.000000 0.000000 -1.000000 0.431885 1.000000 2 15 0.305636 16 0.694364
15 7.933621 -13.266185 -0.031732 0.000000 0.000000 -1.000000 0.145386 1.000000 2 15 0.355496 16 0.644504
15 2.644542 -18.574997 -0.031732 0.000000 0.000000 -1.000000 0.431885 0.833374 3 15 0.272489 16 0.713490 17 0.014021
2efb_kyj02_body_mesh1
15 7.933621 -13.266185 -0.031732 0.000000 0.000000 -1.000000 0.145386 1.000000 2 15 0.355496 16 0.644504
15 7.933622 -18.574995 -0.031732 0.000000 0.000000 -1.000000 0.145386 0.833374 3 15 0.288191 16 0.690337 17 0.021473
15 2.644542 -18.574997 -0.031732 0.000000 0.000000 -1.000000 0.431885 0.833374 3 15 0.272489 16 0.713490 17 0.014021
2efb_kyj02_body_mesh1
15 2.644542 -18.574997 -0.031732 0.000000 0.000000 -1.000000 0.431885 0.833374 3 15 0.272489 16 0.713490 17 0.014021
15 7.933622 -18.574995 -0.031732 0.000000 0.000000 -1.000000 0.145386 0.833374 3 15 0.288191 16 0.690337 17 0.021473
15 2.644542 -23.883811 -0.031732 0.000000 0.000000 -1.000000 0.431885 0.666748 3 15 0.224374 16 0.680348 17 0.095278
2efb_kyj02_body_mesh1
15 7.933622 -18.574995 -0.031732 0.000000 0.000000 -1.000000 0.145386 0.833374 3 15 0.288191 16 0.690337 17 0.021473
15 7.933623 -23.883809 -0.031732 0.000000 0.000000 -1.000000 0.145386 0.666748 3 15 0.229347 16 0.670777 17 0.099876
15 2.644542 -23.883811 -0.031732 0.000000 0.000000 -1.000000 0.431885 0.666748 3 15 0.224374 16 0.680348 17 0.095278
2efb_kyj02_body_mesh1
15 2.644542 -23.883811 -0.031732 0.000000 0.000000 -1.000000 0.431885 0.666748 3 15 0.224374 16 0.680348 17 0.095278
15 7.933623 -23.883809 -0.031732 0.000000 0.000000 -1.000000 0.145386 0.666748 3 15 0.229347 16 0.670777 17 0.099876
15 2.644544 -29.192629 -0.031732 0.000000 0.000000 -1.000000 0.431885 0.500000 3 15 0.160720 16 0.594195 17 0.245086
2efb_kyj02_body_mesh1
15 7.933623 -23.883809 -0.031732 0.000000 0.000000 -1.000000 0.145386 0.666748 3 15 0.229347 16 0.670777 17 0.099876
15 7.933623 -29.192621 -0.031732 0.000000 0.000000 -1.000000 0.145386 0.500000 3 15 0.162418 16 0.593300 17 0.244281
15 2.644544 -29.192629 -0.031732 0.000000 0.000000 -1.000000 0.431885 0.500000 3 15 0.160720 16 0.594195 17 0.245086
2efb_kyj02_body_mesh1
15 2.644544 -29.192629 -0.031732 0.000000 0.000000 -1.000000 0.431885 0.500000 3 15 0.160720 16 0.594195 17 0.245086
15 7.933623 -29.192621 -0.031732 0.000000 0.000000 -1.000000 0.145386 0.500000 3 15 0.162418 16 0.593300 17 0.244281
15 2.644544 -31.847034 -0.031732 0.000000 0.000000 -1.000000 0.431885 0.416992 3 15 0.124991 16 0.520133 17 0.354876
2efb_kyj02_body_mesh1
15 7.933623 -29.192621 -0.031732 0.000000 0.000000 -1.000000 0.145386 0.500000 3 15 0.162418 16 0.593300 17 0.244281
15 7.933623 -31.847034 -0.031732 0.000000 0.000000 -1.000000 0.145386 0.416992 3 15 0.126233 16 0.523117 17 0.350650
15 2.644544 -31.847034 -0.031732 0.000000 0.000000 -1.000000 0.431885 0.416992 3 15 0.124991 16 0.520133 17 0.354876
2efb_kyj02_body_mesh1
15 2.644544 -31.847034 -0.031732 0.000000 0.000000 -1.000000 0.431885 0.416992 3 15 0.124991 16 0.520133 17 0.354876
15 7.933623 -31.847034 -0.031732 0.000000 0.000000 -1.000000 0.145386 0.416992 3 15 0.126233 16 0.523117 17 0.350650
15 7.933625 -34.501443 -0.031732 0.000000 0.000000 -1.000000 0.145386 0.333496 3 15 0.093198 16 0.453599 17 0.453203
2efb_kyj02_body_mesh1
15 -7.933615 -31.847040 -0.031732 0.000000 0.000000 -1.000000 1.004883 0.416992 3 15 0.126233 16 0.523117 17 0.350650
15 -2.644536 -34.501443 -0.031732 0.000000 0.000000 -1.000000 0.718262 0.333496 3 15 0.092240 16 0.446940 17 0.460820
15 -7.933615 -34.501443 -0.031732 0.000000 0.000000 -1.000000 1.004883 0.333496 3 15 0.093198 16 0.453599 17 0.453203
2efb_kyj02_body_mesh1
15 -2.644536 -34.501443 -0.031732 0.000000 0.000000 -1.000000 0.718262 0.333496 3 15 0.092240 16 0.446940 17 0.460820
15 -7.933613 -37.155850 -0.031732 0.000000 0.000000 -1.000000 1.004883 0.250000 3 15 0.065653 16 0.390272 17 0.544076
15 -7.933615 -34.501443 -0.031732 0.000000 0.000000 -1.000000 1.004883 0.333496 3 15 0.093198 16 0.453599 17 0.453203
2efb_kyj02_body_mesh1
15 7.933624 -45.119063 -0.031732 0.000000 0.000000 -1.000000 0.145386 0.000000 3 15 0.014603 16 0.269712 17 0.715686
15 2.644546 -45.119063 -0.031732 0.000000 0.000000 -1.000000 0.431885 0.000000 3 15 0.014676 16 0.253322 17 0.732002
15 2.644545 -42.464664 -0.031732 0.000000 0.000000 -1.000000 0.431885 0.083496 3 15 0.027151 16 0.283421 17 0.689428
2efb_kyj02_body_mesh1
15 2.644546 -45.119063 -0.031732 0.000000 0.000000 -1.000000 0.431885 0.000000 3 15 0.014676 16 0.253322 17 0.732002
15 -2.644534 -42.464657 -0.031732 0.000000 0.000000 -1.000000 0.718262 0.083496 3 15 0.027151 16 0.283421 17 0.689428
15 2.644545 -42.464664 -0.031732 0.000000 0.000000 -1.000000 0.431885 0.083496 3 15 0.027151 16 0.283421 17 0.689428
2efb_kyj02_body_mesh1
15 2.644545 -42.464664 -0.031732 0.000000 0.000000 -1.000000 0.431885 0.083496 3 15 0.027151 16 0.283421 17 0.689428
15 -2.644534 -42.464657 -0.031732 0.000000 0.000000 -1.000000 0.718262 0.083496 3 15 0.027151 16 0.283421 17 0.689428
15 2.644545 -39.810262 -0.031732 0.000000 0.000000 -1.000000 0.431885 0.166992 3 15 0.043333 16 0.324944 17 0.631724
2efb_kyj02_body_mesh1
15 -2.644534 -42.464657 -0.031732 0.000000 0.000000 -1.000000 0.718262 0.083496 3 15 0.027151 16 0.283421 17 0.689428
15 -2.644535 -39.810262 -0.031732 0.000000 0.000000 -1.000000 0.718262 0.166992 3 15 0.043333 16 0.324944 17 0.631724
15 2.644545 -39.810262 -0.031732 0.000000 0.000000 -1.000000 0.431885 0.166992 3 15 0.043333 16 0.324944 17 0.631724
2efb_kyj02_body_mesh1
15 2.644545 -39.810262 -0.031732 0.000000 0.000000 -1.000000 0.431885 0.166992 3 15 0.043333 16 0.324944 17 0.631724
15 -2.644535 -39.810262 -0.031732 0.000000 0.000000 -1.000000 0.718262 0.166992 3 15 0.043333 16 0.324944 17 0.631724
15 -2.644535 -37.155850 -0.031732 0.000000 0.000000 -1.000000 0.718262 0.250000 3 15 0.064867 16 0.380293 17 0.554840
2efb_kyj02_body_mesh1
15 -2.644535 -39.810262 -0.031732 0.000000 0.000000 -1.000000 0.718262 0.166992 3 15 0.043333 16 0.324944 17 0.631724
15 -7.933613 -37.155850 -0.031732 0.000000 0.000000 -1.000000 1.004883 0.250000 3 15 0.065653 16 0.390272 17 0.544076
15 -2.644535 -37.155850 -0.031732 0.000000 0.000000 -1.000000 0.718262 0.250000 3 15 0.064867 16 0.380293 17 0.554840
2efb_kyj02_body_mesh1
15 -2.644535 -37.155850 -0.031732 0.000000 0.000000 -1.000000 0.718262 0.250000 3 15 0.064867 16 0.380293 17 0.554840
15 -7.933613 -37.155850 -0.031732 0.000000 0.000000 -1.000000 1.004883 0.250000 3 15 0.065653 16 0.390272 17 0.544076
15 -2.644536 -34.501443 -0.031732 0.000000 0.000000 -1.000000 0.718262 0.333496 3 15 0.092240 16 0.446940 17 0.460820
2efb_kyj02_body_mesh1
15 -7.933613 -37.155850 -0.031732 0.000000 0.000000 -1.000000 1.004883 0.250000 3 15 0.065653 16 0.390272 17 0.544076
15 -2.644535 -39.810262 -0.031732 0.000000 0.000000 -1.000000 0.718262 0.166992 3 15 0.043333 16 0.324944 17 0.631724
15 -7.933613 -39.810257 -0.031732 0.000000 0.000000 -1.000000 1.004883 0.166992 3 15 0.043932 16 0.337946 17 0.618122
2efb_kyj02_body_mesh1
15 -2.644535 -39.810262 -0.031732 0.000000 0.000000 -1.000000 0.718262 0.166992 3 15 0.043333 16 0.324944 17 0.631724
15 -7.933612 -42.464657 -0.031732 0.000000 0.000000 -1.000000 1.004883 0.083496 3 15 0.027468 16 0.298715 17 0.673817
15 -7.933613 -39.810257 -0.031732 0.000000 0.000000 -1.000000 1.004883 0.166992 3 15 0.043932 16 0.337946 17 0.618122
2efb_kyj02_body_mesh1
15 2.644546 -45.119063 -0.031732 0.000000 0.000000 -1.000000 0.431885 0.000000 3 15 0.014676 16 0.253322 17 0.732002
15 -2.644534 -45.119063 -0.031732 0.000000 0.000000 -1.000000 0.718262 0.000000 3 15 0.014676 16 0.253322 17 0.732002
15 -2.644534 -42.464657 -0.031732 0.000000 0.000000 -1.000000 0.718262 0.083496 3 15 0.027151 16 0.283421 17 0.689428
2efb_kyj02_body_mesh1
15 -2.644534 -45.119063 -0.031732 0.000000 0.000000 -1.000000 0.718262 0.000000 3 15 0.014676 16 0.253322 17 0.732002
15 -7.933612 -42.464657 -0.031732 0.000000 0.000000 -1.000000 1.004883 0.083496 3 15 0.027468 16 0.298715 17 0.673817
15 -2.644534 -42.464657 -0.031732 0.000000 0.000000 -1.000000 0.718262 0.083496 3 15 0.027151 16 0.283421 17 0.689428
2efb_kyj02_body_mesh1
15 -2.644534 -42.464657 -0.031732 0.000000 0.000000 -1.000000 0.718262 0.083496 3 15 0.027151 16 0.283421 17 0.689428
15 -7.933612 -42.464657 -0.031732 0.000000 0.000000 -1.000000 1.004883 0.083496 3 15 0.027468 16 0.298715 17 0.673817
15 -2.644535 -39.810262 -0.031732 0.000000 0.000000 -1.000000 0.718262 0.166992 3 15 0.043333 16 0.324944 17 0.631724
2efb_kyj02_body_mesh1
15 7.933622 -29.192621 0.000000 0.000000 0.000000 1.000000 1.004883 0.500000 3 15 0.162864 16 0.594138 17 0.242998
15 2.644544 -29.192628 0.000000 0.000000 0.000000 1.000000 0.718262 0.500000 3 15 0.161159 16 0.595080 17 0.243762
15 2.644544 -31.847032 0.000000 0.000000 0.000000 1.000000 0.718262 0.416992 3 15 0.123989 16 0.520148 17 0.355863
2efb_kyj02_body_mesh1
15 -2.644534 -45.119063 -0.031732 0.000000 0.000000 -1.000000 0.718262 0.000000 3 15 0.014676 16 0.253322 17 0.732002
15 -7.933612 -45.119059 -0.031732 0.000000 0.000000 -1.000000 1.004883 0.000000 3 15 0.014603 16 0.269712 17 0.715686
15 -7.933612 -42.464657 -0.031732 0.000000 0.000000 -1.000000 1.004883 0.083496 3 15 0.027468 16 0.298715 17 0.673817
2efb_kyj02_body_mesh1
19 -0.654129 -13.307033 -0.016797 0.000000 -0.545168 -0.838327 0.116699 0.158691 2 19 0.294789 20 0.705211
19 -0.654129 -12.346781 0.607657 0.000000 0.000000 1.000000 0.128906 0.169922 2 19 0.306770 20 0.693230
19 -0.654129 -12.346784 -0.641250 0.000000 0.000000 -1.000000 0.104553 0.170898 2 19 0.307175 20 0.692825
2efb_kyj02_body_mesh1
19 -0.654129 -12.346781 0.607657 0.000000 0.000000 1.000000 0.128906 0.169922 2 19 0.306770 20 0.693230
19 -0.654129 -11.386531 -0.016796 0.000000 0.545166 -0.838328 0.116699 0.182617 2 19 0.328501 20 0.671499
19 -0.654129 -12.346784 -0.641250 0.000000 0.000000 -1.000000 0.104553 0.170898 2 19 0.307175 20 0.692825
2efb_kyj02_body_mesh1
19 -0.654129 -12.346784 -0.641250 0.000000 0.000000 -1.000000 0.013794 0.000000 2 19 0.307175 20 0.692825
19 0.483016 -12.346784 -0.641250 1.000000 0.000000 0.000000 0.129395 0.000000 2 19 0.307175 20 0.692825
19 -0.654129 -13.307033 -0.016797 0.000000 -0.545168 -0.838327 0.013794 0.250000 2 19 0.294789 20 0.705211
2efb_kyj02_body_mesh1
19 0.483016 -12.346784 -0.641250 1.000000 0.000000 0.000000 0.129395 0.000000 2 19 0.307175 20 0.692825
19 0.483016 -13.307033 -0.016797 1.000000 0.000000 0.000000 0.129395 0.250488 2 19 0.294789 20 0.705211
19 -0.654129 -13.307033 -0.016797 0.000000 -0.545168 -0.838327 0.013794 0.250000 2 19 0.294789 20 0.705211
2efb_kyj02_body_mesh1
19 -0.654129 -13.307033 -0.016797 0.000000 -0.545168 -0.838327 0.013794 0.250000 2 19 0.294789 20 0.705211
19 0.483016 -13.307033 -0.016797 1.000000 0.000000 0.000000 0.129395 0.250488 2 19 0.294789 20 0.705211
19 -0.654129 -12.346781 0.607657 0.000000 0.000000 1.000000 0.013794 0.500000 2 19 0.306770 20 0.693230
2efb_kyj02_body_mesh1
19 0.483016 -13.307033 -0.016797 1.000000 0.000000 0.000000 0.129395 0.250488 2 19 0.294789 20 0.705211
19 0.483016 -12.346781 0.607657 1.000000 0.000000 0.000000 0.129395 0.500244 2 19 0.306770 20 0.693230
19 -0.654129 -12.346781 0.607657 0.000000 0.000000 1.000000 0.013794 0.500000 2 19 0.306770 20 0.693230
2efb_kyj02_body_mesh1
19 -0.654129 -12.346781 0.607657 0.000000 0.000000 1.000000 0.013794 0.500000 2 19 0.306770 20 0.693230
19 0.483016 -12.346781 0.607657 1.000000 0.000000 0.000000 0.129395 0.500244 2 19 0.306770 20 0.693230
19 -0.654129 -11.386531 -0.016796 0.000000 0.545166 -0.838328 0.013794 0.750000 2 19 0.328501 20 0.671499
2efb_kyj02_body_mesh1
19 0.483016 -12.346781 0.607657 1.000000 0.000000 0.000000 0.129395 0.500244 2 19 0.306770 20 0.693230
19 0.483016 -11.386531 -0.016797 1.000000 0.000000 0.000000 0.129395 0.750122 2 19 0.328501 20 0.671499
19 -0.654129 -11.386531 -0.016796 0.000000 0.545166 -0.838328 0.013794 0.750000 2 19 0.328501 20 0.671499
2efb_kyj02_body_mesh1
19 -0.654129 -11.386531 -0.016796 0.000000 0.545166 -0.838328 0.013794 0.750000 2 19 0.328501 20 0.671499
19 0.483016 -11.386531 -0.016797 1.000000 0.000000 0.000000 0.129395 0.750122 2 19 0.328501 20 0.671499
19 -0.654129 -12.346784 -0.641250 0.000000 0.000000 -1.000000 0.013794 1.000000 2 19 0.307175 20 0.692825
2efb_kyj02_body_mesh1
19 0.483016 -11.386531 -0.016797 1.000000 0.000000 0.000000 0.129395 0.750122 2 19 0.328501 20 0.671499
19 0.483016 -12.346784 -0.641250 1.000000 0.000000 0.000000 0.129395 1.000000 2 19 0.307175 20 0.692825
19 -0.654129 -12.346784 -0.641250 0.000000 0.000000 -1.000000 0.013794 1.000000 2 19 0.307175 20 0.692825
2efb_kyj02_body_mesh1
19 0.483016 -13.307033 -0.016797 1.000000 0.000000 0.000000 0.116699 0.158691 2 19 0.294789 20 0.705211
19 0.483016 -12.346784 -0.641250 1.000000 0.000000 0.000000 0.104553 0.170898 2 19 0.307175 20 0.692825
19 0.483016 -12.346781 0.607657 1.000000 0.000000 0.000000 0.128906 0.169922 2 19 0.306770 20 0.693230
2efb_kyj02_body_mesh1
19 0.483016 -12.346784 -0.641250 1.000000 0.000000 0.000000 0.104553 0.170898 2 19 0.307175 20 0.692825
19 0.483016 -11.386531 -0.016797 1.000000 0.000000 0.000000 0.116699 0.182617 2 19 0.328501 20 0.671499
19 0.483016 -12.346781 0.607657 1.000000 0.000000 0.000000 0.128906 0.169922 2 19 0.306770 20 0.693230
2efb_kyj02_body_mesh1
18 -0.091111 -0.003120 -0.571827 -0.694712 0.000000 -0.719288 0.132812 1.000000 2 18 0.500000 19 0.500000
18 0.478522 -0.150555 -0.021604 0.694393 0.002628 0.719592 0.000000 1.000000 2 18 0.500000 19 0.500000
19 -0.091111 -3.034757 -0.570730 -0.700386 -0.001300 -0.713763 0.132812 0.750000 2 19 0.800000 20 0.200000
2efb_kyj02_body_mesh1
18 0.478522 -0.150555 -0.021604 0.694393 0.002628 0.719592 0.000000 1.000000 2 18 0.500000 19 0.500000
19 0.478523 -3.108474 -0.010802 0.700197 0.003699 0.713940 0.000000 0.750000 2 19 0.800000 20 0.200000
19 -0.091111 -3.034757 -0.570730 -0.700386 -0.001300 -0.713763 0.132812 0.750000 2 19 0.800000 20 0.200000
2efb_kyj02_body_mesh1
19 -0.091111 -3.034757 -0.570730 -0.700386 -0.001300 -0.713763 0.132812 0.750000 2 19 0.800000 20 0.200000
19 0.478523 -3.108474 -0.010802 0.700197 0.003699 0.713940 0.000000 0.750000 2 19 0.800000 20 0.200000
19 -0.091111 -6.066393 -0.569633 -0.705240 0.002731 -0.708964 0.132812 0.500000 2 19 0.625000 20 0.375000
2efb_kyj02_body_mesh1
19 0.478523 -3.108474 -0.010802 0.700197 0.003699 0.713940 0.000000 0.750000 2 19 0.800000 20 0.200000
19 0.478523 -6.066393 0.000000 0.705105 -0.004802 0.709086 0.000000 0.500000 2 19 0.625000 20 0.375000
19 -0.091111 -6.066393 -0.569633 -0.705240 0.002731 -0.708964 0.132812 0.500000 2 19 0.625000 20 0.375000
2efb_kyj02_body_mesh1
19 -0.091111 -6.066393 -0.569633 -0.705240 0.002731 -0.708964 0.132812 0.500000 2 19 0.625000 20 0.375000
19 0.478523 -6.066393 0.000000 0.705105 -0.004802 0.709086 0.000000 0.500000 2 19 0.625000 20 0.375000
19 0.478523 -9.193309 -0.038022 0.686970 -0.012015 0.726586 0.000000 0.250000 2 19 0.450000 20 0.550000
2efb_kyj02_body_mesh1
19 -0.091111 -6.066393 -0.569633 -0.705240 0.002731 -0.708964 0.132812 0.500000 2 19 0.625000 20 0.375000
19 0.478523 -9.193309 -0.038022 0.686970 -0.012015 0.726586 0.000000 0.250000 2 19 0.450000 20 0.550000
19 -0.091111 -9.313678 -0.580971 -0.687855 0.005483 -0.725827 0.132812 0.250000 2 19 0.450000 20 0.550000
2efb_kyj02_body_mesh1
19 0.478523 -9.193309 -0.038022 0.686970 -0.012015 0.726586 0.000000 0.250000 2 19 0.450000 20 0.550000
19 0.478523 -12.320226 -0.076044 0.669417 -0.009033 0.742832 0.000000 0.000000 2 19 0.300932 20 0.699068
19 -0.091111 -9.313678 -0.580971 -0.687855 0.005483 -0.725827 0.132812 0.250000 2 19 0.450000 20 0.550000
2efb_kyj02_body_mesh1
19 -0.091111 -9.313678 -0.580971 -0.687855 0.005483 -0.725827 0.132812 0.250000 2 19 0.450000 20 0.550000
19 0.478523 -12.320226 -0.076044 0.669417 -0.009033 0.742832 0.000000 0.000000 2 19 0.300932 20 0.699068
19 -0.091110 -12.560966 -0.592308 -0.670940 0.002589 -0.741507 0.132812 0.000000 2 19 0.303291 20 0.696709
2efb_kyj02_body_mesh1
18 -0.091111 -0.003120 -0.571827 -0.694712 0.000000 -0.719288 0.000000 1.000000 2 18 0.500000 19 0.500000
19 -0.091111 -3.034757 -0.570730 -0.700386 -0.001300 -0.713763 0.000000 0.750000 2 19 0.800000 20 0.200000
18 -0.660745 -0.150555 -0.021604 -0.694392 0.002628 0.719592 0.132812 1.000000 2 18 0.500000 19 0.500000
2efb_kyj02_body_mesh1
19 -0.091111 -3.034757 -0.570730 -0.700386 -0.001300 -0.713763 0.000000 0.750000 2 19 0.800000 20 0.200000
19 -0.660745 -3.108474 -0.010802 -0.700197 0.003699 0.713941 0.132812 0.750000 2 19 0.800000 20 0.200000
18 -0.660745 -0.150555 -0.021604 -0.694392 0.002628 0.719592 0.132812 1.000000 2 18 0.500000 19 0.500000
2efb_kyj02_body_mesh1
18 -0.660745 -0.150555 -0.021604 -0.694392 0.002628 0.719592 0.000000 1.000000 2 18 0.500000 19 0.500000
19 -0.660745 -3.108474 -0.010802 -0.700197 0.003699 0.713941 0.000000 0.750000 2 19 0.800000 20 0.200000
18 -0.091111 -0.297989 0.528620 0.695384 0.003013 0.718632 0.132812 1.000000 2 18 0.500000 19 0.500000
2efb_kyj02_body_mesh1
19 -0.660745 -3.108474 -0.010802 -0.700197 0.003699 0.713941 0.000000 0.750000 2 19 0.800000 20 0.200000
19 -0.091111 -3.182191 0.549127 0.701299 0.003973 0.712856 0.132812 0.750000 2 19 0.800000 20 0.200000
18 -0.091111 -0.297989 0.528620 0.695384 0.003013 0.718632 0.132812 1.000000 2 18 0.500000 19 0.500000
2efb_kyj02_body_mesh1
18 0.478522 -0.150555 -0.021604 0.694393 0.002628 0.719592 0.132812 1.000000 2 18 0.500000 19 0.500000
18 -0.091111 -0.297989 0.528620 0.695384 0.003013 0.718632 0.000000 1.000000 2 18 0.500000 19 0.500000
19 0.478523 -3.108474 -0.010802 0.700197 0.003699 0.713940 0.132812 0.750000 2 19 0.800000 20 0.200000
2efb_kyj02_body_mesh1
18 -0.091111 -0.297989 0.528620 0.695384 0.003013 0.718632 0.000000 1.000000 2 18 0.500000 19 0.500000
19 -0.091111 -3.182191 0.549127 0.701299 0.003973 0.712856 0.000000 0.750000 2 19 0.800000 20 0.200000
19 0.478523 -3.108474 -0.010802 0.700197 0.003699 0.713940 0.132812 0.750000 2 19 0.800000 20 0.200000
2efb_kyj02_body_mesh1
19 0.478523 -3.108474 -0.010802 0.700197 0.003699 0.713940 0.132812 0.750000 2 19 0.800000 20 0.200000
19 -0.091111 -3.182191 0.549127 0.701299 0.003973 0.712856 0.000000 0.750000 2 19 0.800000 20 0.200000
19 0.478523 -6.066393 0.000000 0.705105 -0.004802 0.709086 0.132812 0.500000 2 19 0.625000 20 0.375000
2efb_kyj02_body_mesh1
19 -0.091111 -3.182191 0.549127 0.701299 0.003973 0.712856 0.000000 0.750000 2 19 0.800000 20 0.200000
19 -0.091111 -6.066393 0.569633 0.707098 -0.005062 0.707098 0.000000 0.500000 2 19 0.625000 20 0.375000
19 0.478523 -6.066393 0.000000 0.705105 -0.004802 0.709086 0.132812 0.500000 2 19 0.625000 20 0.375000
2efb_kyj02_body_mesh1
19 0.478523 -6.066393 0.000000 0.705105 -0.004802 0.709086 0.132812 0.500000 2 19 0.625000 20 0.375000
19 -0.091111 -6.066393 0.569633 0.707098 -0.005062 0.707098 0.000000 0.500000 2 19 0.625000 20 0.375000
19 -0.091110 -9.072940 0.504926 0.690116 -0.012388 0.723592 0.000000 0.250000 2 19 0.450000 20 0.550000
2efb_kyj02_body_mesh1
19 0.478523 -6.066393 0.000000 0.705105 -0.004802 0.709086 0.132812 0.500000 2 19 0.625000 20 0.375000
19 -0.091110 -9.072940 0.504926 0.690116 -0.012388 0.723592 0.000000 0.250000 2 19 0.450000 20 0.550000
19 0.478523 -9.193309 -0.038022 0.686970 -0.012015 0.726586 0.132812 0.250000 2 19 0.450000 20 0.550000
2efb_kyj02_body_mesh1
19 -0.091110 -9.072940 0.504926 0.690116 -0.012388 0.723592 0.000000 0.250000 2 19 0.450000 20 0.550000
19 -0.091110 -12.079488 0.440219 0.672087 -0.009962 0.740405 0.000000 0.000000 2 19 0.310447 20 0.689553
19 0.478523 -9.193309 -0.038022 0.686970 -0.012015 0.726586 0.132812 0.250000 2 19 0.450000 20 0.550000
2efb_kyj02_body_mesh1
19 0.478523 -9.193309 -0.038022 0.686970 -0.012015 0.726586 0.132812 0.250000 2 19 0.450000 20 0.550000
19 -0.091110 -12.079488 0.440219 0.672087 -0.009962 0.740405 0.000000 0.000000 2 19 0.310447 20 0.689553
19 0.478523 -12.320226 -0.076044 0.669417 -0.009033 0.742832 0.132812 0.000000 2 19 0.300932 20 0.699068
2efb_kyj02_body_mesh1
18 -0.654129 -0.959076 -0.016797 0.000000 -0.654652 -0.755930 0.116699 0.158691 2 18 0.500000 19 0.500000
18 -0.654129 0.001179 0.814806 0.000000 -0.654652 0.755930 0.128906 0.169922 2 18 0.500000 19 0.500000
18 -0.654129 0.001179 -0.848399 0.000000 0.654654 -0.755929 0.104553 0.170898 2 18 0.500000 19 0.500000
2efb_kyj02_body_mesh1
18 -0.654129 0.001179 0.814806 0.000000 -0.654652 0.755930 0.128906 0.169922 2 18 0.500000 19 0.500000
18 -0.654129 0.961429 -0.016797 0.000000 0.654654 -0.755929 0.116699 0.182617 2 18 0.500000 19 0.500000
18 -0.654129 0.001179 -0.848399 0.000000 0.654654 -0.755929 0.104553 0.170898 2 18 0.500000 19 0.500000
2efb_kyj02_body_mesh1
18 -0.654129 0.001179 -0.848399 0.000000 0.654654 -0.755929 0.013214 0.000000 2 18 0.500000 19 0.500000
18 0.483016 0.001179 -0.848399 1.000000 0.000000 0.000000 0.129639 0.000000 2 18 0.500000 19 0.500000
18 -0.654129 -0.959076 -0.016797 0.000000 -0.654652 -0.755930 0.013214 0.250488 2 18 0.500000 19 0.500000
2efb_kyj02_body_mesh1
18 0.483016 0.001179 -0.848399 1.000000 0.000000 0.000000 0.129639 0.000000 2 18 0.500000 19 0.500000
18 0.483016 -0.959076 -0.016797 1.000000 0.000000 0.000000 0.129639 0.250488 2 18 0.500000 19 0.500000
18 -0.654129 -0.959076 -0.016797 0.000000 -0.654652 -0.755930 0.013214 0.250488 2 18 0.500000 19 0.500000
2efb_kyj02_body_mesh1
18 -0.654129 -0.959076 -0.016797 0.000000 -0.654652 -0.755930 0.013214 0.250488 2 18 0.500000 19 0.500000
18 0.483016 -0.959076 -0.016797 1.000000 0.000000 0.000000 0.129639 0.250488 2 18 0.500000 19 0.500000
18 -0.654129 0.001179 0.814806 0.000000 -0.654652 0.755930 0.013214 0.500244 2 18 0.500000 19 0.500000
2efb_kyj02_body_mesh1
18 0.483016 -0.959076 -0.016797 1.000000 0.000000 0.000000 0.129639 0.250488 2 18 0.500000 19 0.500000
18 0.483016 0.001179 0.814806 1.000000 0.000000 0.000000 0.129639 0.500244 2 18 0.500000 19 0.500000
18 -0.654129 0.001179 0.814806 0.000000 -0.654652 0.755930 0.013214 0.500244 2 18 0.500000 19 0.500000
2efb_kyj02_body_mesh1
18 -0.654129 0.001179 0.814806 0.000000 -0.654652 0.755930 0.013214 0.500244 2 18 0.500000 19 0.500000
18 0.483016 0.001179 0.814806 1.000000 0.000000 0.000000 0.129639 0.500244 2 18 0.500000 19 0.500000
18 -0.654129 0.961429 -0.016797 0.000000 0.654654 -0.755929 0.013214 0.750122 2 18 0.500000 19 0.500000
2efb_kyj02_body_mesh1
18 0.483016 0.001179 0.814806 1.000000 0.000000 0.000000 0.129639 0.500244 2 18 0.500000 19 0.500000
18 0.483016 0.961430 -0.016797 1.000000 0.000000 0.000000 0.129639 0.750122 2 18 0.500000 19 0.500000
18 -0.654129 0.961429 -0.016797 0.000000 0.654654 -0.755929 0.013214 0.750122 2 18 0.500000 19 0.500000
2efb_kyj02_body_mesh1
18 -0.654129 0.961429 -0.016797 0.000000 0.654654 -0.755929 0.013214 0.750122 2 18 0.500000 19 0.500000
18 0.483016 0.961430 -0.016797 1.000000 0.000000 0.000000 0.129639 0.750122 2 18 0.500000 19 0.500000
18 -0.654129 0.001179 -0.848399 0.000000 0.654654 -0.755929 0.013214 1.000000 2 18 0.500000 19 0.500000
2efb_kyj02_body_mesh1
18 0.483016 0.961430 -0.016797 1.000000 0.000000 0.000000 0.129639 0.750122 2 18 0.500000 19 0.500000
18 0.483016 0.001179 -0.848399 1.000000 0.000000 0.000000 0.129639 1.000000 2 18 0.500000 19 0.500000
18 -0.654129 0.001179 -0.848399 0.000000 0.654654 -0.755929 0.013214 1.000000 2 18 0.500000 19 0.500000
2efb_kyj02_body_mesh1
18 0.483016 -0.959076 -0.016797 1.000000 0.000000 0.000000 0.116699 0.158691 2 18 0.500000 19 0.500000
18 0.483016 0.001179 -0.848399 1.000000 0.000000 0.000000 0.104553 0.170898 2 18 0.500000 19 0.500000
18 0.483016 0.001179 0.814806 1.000000 0.000000 0.000000 0.128906 0.169922 2 18 0.500000 19 0.500000
2efb_kyj02_body_mesh1
18 0.483016 0.001179 -0.848399 1.000000 0.000000 0.000000 0.104553 0.170898 2 18 0.500000 19 0.500000
18 0.483016 0.961430 -0.016797 1.000000 0.000000 0.000000 0.116699 0.182617 2 18 0.500000 19 0.500000
18 0.483016 0.001179 0.814806 1.000000 0.000000 0.000000 0.128906 0.169922 2 18 0.500000 19 0.500000
2efb_kyj02_body_mesh1
19 -7.422954 -12.412281 0.000000 0.000000 0.000000 1.000000 0.145386 1.000000 2 19 0.355496 20 0.644504
19 -7.422952 -17.379386 0.000000 0.000000 0.000000 1.000000 0.145386 0.833374 3 19 0.288191 20 0.690337 21 0.021473
19 -2.474317 -12.412280 0.000000 0.000000 0.000000 1.000000 0.431885 1.000000 2 19 0.307059 20 0.692941
2efb_kyj02_body_mesh1
19 -7.422952 -17.379386 0.000000 0.000000 0.000000 1.000000 0.145386 0.833374 3 19 0.288191 20 0.690337 21 0.021473
19 -2.474316 -17.379382 0.000000 0.000000 0.000000 1.000000 0.431885 0.833374 3 19 0.272343 20 0.713544 21 0.014113
19 -2.474317 -12.412280 0.000000 0.000000 0.000000 1.000000 0.431885 1.000000 2 19 0.307059 20 0.692941
2efb_kyj02_body_mesh1
19 -2.474317 -12.412280 0.000000 0.000000 0.000000 1.000000 0.431885 1.000000 2 19 0.307059 20 0.692941
19 -2.474316 -17.379382 0.000000 0.000000 0.000000 1.000000 0.431885 0.833374 3 19 0.272343 20 0.713544 21 0.014113
19 2.474321 -12.412280 0.000000 0.000000 0.000000 1.000000 0.718262 1.000000 2 19 0.307059 20 0.692941
2efb_kyj02_body_mesh1
19 -2.474316 -17.379382 0.000000 0.000000 0.000000 1.000000 0.431885 0.833374 3 19 0.272343 20 0.713544 21 0.014113
19 2.474321 -17.379382 0.000000 0.000000 0.000000 1.000000 0.718262 0.833374 3 19 0.272343 20 0.713544 21 0.014113
19 2.474321 -12.412280 0.000000 0.000000 0.000000 1.000000 0.718262 1.000000 2 19 0.307059 20 0.692941
2efb_kyj02_body_mesh1
19 2.474321 -12.412280 0.000000 0.000000 0.000000 1.000000 0.718262 1.000000 2 19 0.307059 20 0.692941
19 2.474321 -17.379382 0.000000 0.000000 0.000000 1.000000 0.718262 0.833374 3 19 0.272343 20 0.713544 21 0.014113
19 7.422958 -12.412279 0.000000 0.000000 0.000000 1.000000 1.004883 1.000000 2 19 0.355496 20 0.644504
2efb_kyj02_body_mesh1
19 2.474321 -17.379382 0.000000 0.000000 0.000000 1.000000 0.718262 0.833374 3 19 0.272343 20 0.713544 21 0.014113
19 7.422959 -17.379380 0.000000 0.000000 0.000000 1.000000 1.004883 0.833374 3 19 0.288191 20 0.690337 21 0.021473
19 7.422958 -12.412279 0.000000 0.000000 0.000000 1.000000 1.004883 1.000000 2 19 0.355496 20 0.644504
2efb_kyj02_body_mesh1
19 -7.422952 -17.379386 0.000000 0.000000 0.000000 1.000000 0.145386 0.833374 3 19 0.288191 20 0.690337 21 0.021473
19 -7.422954 -22.346485 0.000000 0.000000 0.000000 1.000000 0.145386 0.666748 3 19 0.229347 20 0.670777 21 0.099876
19 -2.474316 -17.379382 0.000000 0.000000 0.000000 1.000000 0.431885 0.833374 3 19 0.272343 20 0.713544 21 0.014113
2efb_kyj02_body_mesh1
19 -7.422954 -22.346485 0.000000 0.000000 0.000000 1.000000 0.145386 0.666748 3 19 0.229347 20 0.670777 21 0.099876
19 -2.474315 -22.346483 0.000000 0.000000 0.000000 1.000000 0.431885 0.666748 3 19 0.224374 20 0.680348 21 0.095278
19 -2.474316 -17.379382 0.000000 0.000000 0.000000 1.000000 0.431885 0.833374 3 19 0.272343 20 0.713544 21 0.014113
2efb_kyj02_body_mesh1
19 -2.474316 -17.379382 0.000000 0.000000 0.000000 1.000000 0.431885 0.833374 3 19 0.272343 20 0.713544 21 0.014113
19 -2.474315 -22.346483 0.000000 0.000000 0.000000 1.000000 0.431885 0.666748 3 19 0.224374 20 0.680348 21 0.095278
19 2.474321 -17.379382 0.000000 0.000000 0.000000 1.000000 0.718262 0.833374 3 19 0.272343 20 0.713544 21 0.014113
2efb_kyj02_body_mesh1
19 -2.474315 -22.346483 0.000000 0.000000 0.000000 1.000000 0.431885 0.666748 3 19 0.224374 20 0.680348 21 0.095278
19 2.474322 -22.346483 0.000000 0.000000 0.000000 1.000000 0.718262 0.666748 3 19 0.224374 20 0.680348 21 0.095278
19 2.474321 -17.379382 0.000000 0.000000 0.000000 1.000000 0.718262 0.833374 3 19 0.272343 20 0.713544 21 0.014113
2efb_kyj02_body_mesh1
19 2.474321 -17.379382 0.000000 0.000000 0.000000 1.000000 0.718262 0.833374 3 19 0.272343 20 0.713544 21 0.014113
19 2.474322 -22.346483 0.000000 0.000000 0.000000 1.000000 0.718262 0.666748 3 19 0.224374 20 0.680348 21 0.095278
19 7.422959 -17.379380 0.000000 0.000000 0.000000 1.000000 1.004883 0.833374 3 19 0.288191 20 0.690337 21 0.021473
2efb_kyj02_body_mesh1
19 2.474322 -22.346483 0.000000 0.000000 0.000000 1.000000 0.718262 0.666748 3 19 0.224374 20 0.680348 21 0.095278
19 7.422960 -22.346481 0.000000 0.000000 0.000000 1.000000 1.004883 0.666748 3 19 0.229347 20 0.670777 21 0.099876
19 7.422959 -17.379380 0.000000 0.000000 0.000000 1.000000 1.004883 0.833374 3 19 0.288191 20 0.690337 21 0.021473
2efb_kyj02_body_mesh1
19 -7.422954 -22.346485 0.000000 0.000000 0.000000 1.000000 0.145386 0.666748 3 19 0.229347 20 0.670777 21 0.099876
19 -7.422951 -27.313585 0.000000 0.000000 0.000000 1.000000 0.145386 0.500000 3 19 0.162864 20 0.594138 21 0.242998
19 -2.474315 -22.346483 0.000000 0.000000 0.000000 1.000000 0.431885 0.666748 3 19 0.224374 20 0.680348 21 0.095278
2efb_kyj02_body_mesh1
19 -7.422951 -27.313585 0.000000 0.000000 0.000000 1.000000 0.145386 0.500000 3 19 0.162864 20 0.594138 21 0.242998
19 -2.474315 -27.313588 0.000000 0.000000 0.000000 1.000000 0.431885 0.500000 3 19 0.161159 20 0.595080 21 0.243762
19 -2.474315 -22.346483 0.000000 0.000000 0.000000 1.000000 0.431885 0.666748 3 19 0.224374 20 0.680348 21 0.095278
2efb_kyj02_body_mesh1
19 -2.474315 -22.346483 0.000000 0.000000 0.000000 1.000000 0.431885 0.666748 3 19 0.224374 20 0.680348 21 0.095278
19 -2.474315 -27.313588 0.000000 0.000000 0.000000 1.000000 0.431885 0.500000 3 19 0.161159 20 0.595080 21 0.243762
19 2.474322 -22.346483 0.000000 0.000000 0.000000 1.000000 0.718262 0.666748 3 19 0.224374 20 0.680348 21 0.095278
2efb_kyj02_body_mesh1
19 -2.474315 -27.313588 0.000000 0.000000 0.000000 1.000000 0.431885 0.500000 3 19 0.161159 20 0.595080 21 0.243762
19 2.474323 -27.313588 0.000000 0.000000 0.000000 1.000000 0.718262 0.500000 3 19 0.161159 20 0.595080 21 0.243762
19 2.474322 -22.346483 0.000000 0.000000 0.000000 1.000000 0.718262 0.666748 3 19 0.224374 20 0.680348 21 0.095278
2efb_kyj02_body_mesh1
19 2.474322 -22.346483 0.000000 0.000000 0.000000 1.000000 0.718262 0.666748 3 19 0.224374 20 0.680348 21 0.095278
19 2.474323 -27.313588 0.000000 0.000000 0.000000 1.000000 0.718262 0.500000 3 19 0.161159 20 0.595080 21 0.243762
19 7.422960 -22.346481 0.000000 0.000000 0.000000 1.000000 1.004883 0.666748 3 19 0.229347 20 0.670777 21 0.099876
2efb_kyj02_body_mesh1
19 2.474323 -27.313588 0.000000 0.000000 0.000000 1.000000 0.718262 0.500000 3 19 0.161159 20 0.595080 21 0.243762
19 7.422959 -27.313581 0.000000 0.000000 0.000000 1.000000 1.004883 0.500000 3 19 0.162864 20 0.594138 21 0.242998
19 7.422960 -22.346481 0.000000 0.000000 0.000000 1.000000 1.004883 0.666748 3 19 0.229347 20 0.670777 21 0.099876
2efb_kyj02_body_mesh1
19 -7.422950 -42.214887 0.000000 0.000000 0.000000 1.000000 0.145386 0.000000 3 19 0.014462 20 0.269404 21 0.716134
19 -2.474312 -42.214887 0.000000 0.000000 0.000000 1.000000 0.431885 0.000000 3 19 0.014540 20 0.253008 21 0.732451
19 -7.422950 -39.731337 0.000000 0.000000 0.000000 1.000000 0.145386 0.083496 3 19 0.026400 20 0.295458 21 0.678142
2efb_kyj02_body_mesh1
19 -2.474312 -42.214887 0.000000 0.000000 0.000000 1.000000 0.431885 0.000000 3 19 0.014540 20 0.253008 21 0.732451
19 -2.474313 -39.731337 0.000000 0.000000 0.000000 1.000000 0.431885 0.083496 3 19 0.026035 20 0.279580 21 0.694385
19 -7.422950 -39.731337 0.000000 0.000000 0.000000 1.000000 0.145386 0.083496 3 19 0.026400 20 0.295458 21 0.678142
2efb_kyj02_body_mesh1
19 -7.422950 -39.731337 0.000000 0.000000 0.000000 1.000000 0.145386 0.083496 3 19 0.026400 20 0.295458 21 0.678142
19 -2.474313 -39.731337 0.000000 0.000000 0.000000 1.000000 0.431885 0.083496 3 19 0.026035 20 0.279580 21 0.694385
19 -2.474314 -37.247797 0.000000 0.000000 0.000000 1.000000 0.431885 0.166992 3 19 0.041967 20 0.321425 21 0.636608
2efb_kyj02_body_mesh1
19 -2.474313 -39.731337 0.000000 0.000000 0.000000 1.000000 0.431885 0.083496 3 19 0.026035 20 0.279580 21 0.694385
19 2.474324 -37.247797 0.000000 0.000000 0.000000 1.000000 0.718262 0.166992 3 19 0.041967 20 0.321426 21 0.636608
19 -2.474314 -37.247797 0.000000 0.000000 0.000000 1.000000 0.431885 0.166992 3 19 0.041967 20 0.321425 21 0.636608
2efb_kyj02_body_mesh1
19 -2.474314 -37.247797 0.000000 0.000000 0.000000 1.000000 0.431885 0.166992 3 19 0.041967 20 0.321425 21 0.636608
19 2.474324 -37.247797 0.000000 0.000000 0.000000 1.000000 0.718262 0.166992 3 19 0.041967 20 0.321426 21 0.636608
19 -2.474314 -34.764242 0.000000 0.000000 0.000000 1.000000 0.431885 0.250000 3 19 0.063330 20 0.377260 21 0.559409
2efb_kyj02_body_mesh1
19 2.474324 -37.247797 0.000000 0.000000 0.000000 1.000000 0.718262 0.166992 3 19 0.041967 20 0.321426 21 0.636608
19 2.474324 -34.764242 0.000000 0.000000 0.000000 1.000000 0.718262 0.250000 3 19 0.063330 20 0.377260 21 0.559409
19 -2.474314 -34.764242 0.000000 0.000000 0.000000 1.000000 0.431885 0.250000 3 19 0.063330 20 0.377260 21 0.559409
2efb_kyj02_body_mesh1
19 -2.474314 -34.764242 0.000000 0.000000 0.000000 1.000000 0.431885 0.250000 3 19 0.063330 20 0.377260 21 0.559409
19 2.474324 -34.764242 0.000000 0.000000 0.000000 1.000000 0.718262 0.250000 3 19 0.063330 20 0.377260 21 0.559409
19 2.474323 -32.280691 0.000000 0.000000 0.000000 1.000000 0.718262 0.333496 3 19 0.090803 20 0.445155 21 0.464041
2efb_kyj02_body_mesh1
19 2.474324 -34.764242 0.000000 0.000000 0.000000 1.000000 0.718262 0.250000 3 19 0.063330 20 0.377260 21 0.559409
19 7.422961 -32.280691 0.000000 0.000000 0.000000 1.000000 1.004883 0.333496 3 19 0.091740 20 0.451914 21 0.456346
19 2.474323 -32.280691 0.000000 0.000000 0.000000 1.000000 0.718262 0.333496 3 19 0.090803 20 0.445155 21 0.464041
2efb_kyj02_body_mesh1
19 2.474323 -32.280691 0.000000 0.000000 0.000000 1.000000 0.718262 0.333496 3 19 0.090803 20 0.445155 21 0.464041
19 7.422961 -32.280691 0.000000 0.000000 0.000000 1.000000 1.004883 0.333496 3 19 0.091740 20 0.451914 21 0.456346
19 2.474323 -29.797136 0.000000 0.000000 0.000000 1.000000 0.718262 0.416992 3 19 0.123989 20 0.520148 21 0.355863
2efb_kyj02_body_mesh1
19 7.422961 -32.280691 0.000000 0.000000 0.000000 1.000000 1.004883 0.333496 3 19 0.091740 20 0.451914 21 0.456346
19 7.422960 -29.797136 0.000000 0.000000 0.000000 1.000000 1.004883 0.416992 3 19 0.125151 20 0.523209 21 0.351640
19 2.474323 -29.797136 0.000000 0.000000 0.000000 1.000000 0.718262 0.416992 3 19 0.123989 20 0.520148 21 0.355863
2efb_kyj02_body_mesh1
19 2.474323 -29.797136 0.000000 0.000000 0.000000 1.000000 0.718262 0.416992 3 19 0.123989 20 0.520148 21 0.355863
19 7.422960 -29.797136 0.000000 0.000000 0.000000 1.000000 1.004883 0.416992 3 19 0.125151 20 0.523209 21 0.351640
19 7.422959 -27.313581 0.000000 0.000000 0.000000 1.000000 1.004883 0.500000 3 19 0.162864 20 0.594138 21 0.242998
2efb_kyj02_body_mesh1
19 -2.474312 -42.214887 0.000000 0.000000 0.000000 1.000000 0.431885 0.000000 3 19 0.014540 20 0.253008 21 0.732451
19 2.474325 -42.214887 0.000000 0.000000 0.000000 1.000000 0.718262 0.000000 3 19 0.014540 20 0.253008 21 0.732451
19 -2.474313 -39.731337 0.000000 0.000000 0.000000 1.000000 0.431885 0.083496 3 19 0.026035 20 0.279580 21 0.694385
2efb_kyj02_body_mesh1
19 2.474325 -42.214887 0.000000 0.000000 0.000000 1.000000 0.718262 0.000000 3 19 0.014540 20 0.253008 21 0.732451
19 2.474324 -39.731339 0.000000 0.000000 0.000000 1.000000 0.718262 0.083496 3 19 0.026035 20 0.279580 21 0.694385
19 -2.474313 -39.731337 0.000000 0.000000 0.000000 1.000000 0.431885 0.083496 3 19 0.026035 20 0.279580 21 0.694385
2efb_kyj02_body_mesh1
19 -2.474313 -39.731337 0.000000 0.000000 0.000000 1.000000 0.431885 0.083496 3 19 0.026035 20 0.279580 21 0.694385
19 2.474324 -39.731339 0.000000 0.000000 0.000000 1.000000 0.718262 0.083496 3 19 0.026035 20 0.279580 21 0.694385
19 2.474324 -37.247797 0.000000 0.000000 0.000000 1.000000 0.718262 0.166992 3 19 0.041967 20 0.321426 21 0.636608
2efb_kyj02_body_mesh1
19 2.474324 -39.731339 0.000000 0.000000 0.000000 1.000000 0.718262 0.083496 3 19 0.026035 20 0.279580 21 0.694385
19 7.422961 -37.247797 0.000000 0.000000 0.000000 1.000000 1.004883 0.166992 3 19 0.042585 20 0.334462 21 0.622953
19 2.474324 -37.247797 0.000000 0.000000 0.000000 1.000000 0.718262 0.166992 3 19 0.041967 20 0.321426 21 0.636608
2efb_kyj02_body_mesh1
19 2.474324 -37.247797 0.000000 0.000000 0.000000 1.000000 0.718262 0.166992 3 19 0.041967 20 0.321426 21 0.636608
19 7.422961 -37.247797 0.000000 0.000000 0.000000 1.000000 1.004883 0.166992 3 19 0.042585 20 0.334462 21 0.622953
19 2.474324 -34.764242 0.000000 0.000000 0.000000 1.000000 0.718262 0.250000 3 19 0.063330 20 0.377260 21 0.559409
2efb_kyj02_body_mesh1
19 7.422961 -37.247797 0.000000 0.000000 0.000000 1.000000 1.004883 0.166992 3 19 0.042585 20 0.334462 21 0.622953
19 7.422960 -34.764242 0.000000 0.000000 0.000000 1.000000 1.004883 0.250000 3 19 0.064125 20 0.387320 21 0.548555
19 2.474324 -34.764242 0.000000 0.000000 0.000000 1.000000 0.718262 0.250000 3 19 0.063330 20 0.377260 21 0.559409
2efb_kyj02_body_mesh1
19 2.474324 -34.764242 0.000000 0.000000 0.000000 1.000000 0.718262 0.250000 3 19 0.063330 20 0.377260 21 0.559409
19 7.422960 -34.764242 0.000000 0.000000 0.000000 1.000000 1.004883 0.250000 3 19 0.064125 20 0.387320 21 0.548555
19 7.422961 -32.280691 0.000000 0.000000 0.000000 1.000000 1.004883 0.333496 3 19 0.091740 20 0.451914 21 0.456346
2efb_kyj02_body_mesh1
19 2.474325 -42.214887 0.000000 0.000000 0.000000 1.000000 0.718262 0.000000 3 19 0.014540 20 0.253008 21 0.732451
19 7.422961 -42.214887 0.000000 0.000000 0.000000 1.000000 1.004883 0.000000 3 19 0.014462 20 0.269404 21 0.716134
19 2.474324 -39.731339 0.000000 0.000000 0.000000 1.000000 0.718262 0.083496 3 19 0.026035 20 0.279580 21 0.694385
2efb_kyj02_body_mesh1
19 7.422961 -42.214887 0.000000 0.000000 0.000000 1.000000 1.004883 0.000000 3 19 0.014462 20 0.269404 21 0.716134
19 7.422961 -39.731343 0.000000 0.000000 0.000000 1.000000 1.004883 0.083496 3 19 0.026400 20 0.295458 21 0.678142
19 2.474324 -39.731339 0.000000 0.000000 0.000000 1.000000 0.718262 0.083496 3 19 0.026035 20 0.279580 21 0.694385
2efb_kyj02_body_mesh1
19 2.474324 -39.731339 0.000000 0.000000 0.000000 1.000000 0.718262 0.083496 3 19 0.026035 20 0.279580 21 0.694385
19 7.422961 -39.731343 0.000000 0.000000 0.000000 1.000000 1.004883 0.083496 3 19 0.026400 20 0.295458 21 0.678142
19 7.422961 -37.247797 0.000000 0.000000 0.000000 1.000000 1.004883 0.166992 3 19 0.042585 20 0.334462 21 0.622953
2efb_kyj02_body_mesh1
19 -0.091111 -3.034757 -0.570730 -0.700386 -0.001300 -0.713763 0.000000 0.750000 2 19 0.800000 20 0.200000
19 -0.091111 -6.066393 -0.569633 -0.705240 0.002731 -0.708964 0.000000 0.500000 2 19 0.625000 20 0.375000
19 -0.660745 -3.108474 -0.010802 -0.700197 0.003699 0.713941 0.132812 0.750000 2 19 0.800000 20 0.200000
2efb_kyj02_body_mesh1
19 -0.091111 -6.066393 -0.569633 -0.705240 0.002731 -0.708964 0.000000 0.500000 2 19 0.625000 20 0.375000
19 -0.660744 -6.066393 0.000000 -0.705105 -0.004802 0.709087 0.132812 0.500000 2 19 0.625000 20 0.375000
19 -0.660745 -3.108474 -0.010802 -0.700197 0.003699 0.713941 0.132812 0.750000 2 19 0.800000 20 0.200000
2efb_kyj02_body_mesh1
19 -0.660744 -6.066393 0.000000 -0.705105 -0.004802 0.709087 0.132812 0.500000 2 19 0.625000 20 0.375000
19 -0.091111 -6.066393 -0.569633 -0.705240 0.002731 -0.708964 0.000000 0.500000 2 19 0.625000 20 0.375000
19 -0.660744 -9.193309 -0.038022 -0.686970 -0.012015 0.726587 0.132812 0.250000 2 19 0.450000 20 0.550000
2efb_kyj02_body_mesh1
19 -0.091111 -6.066393 -0.569633 -0.705240 0.002731 -0.708964 0.000000 0.500000 2 19 0.625000 20 0.375000
19 -0.091111 -9.313678 -0.580971 -0.687855 0.005483 -0.725827 0.000000 0.250000 2 19 0.450000 20 0.550000
19 -0.660744 -9.193309 -0.038022 -0.686970 -0.012015 0.726587 0.132812 0.250000 2 19 0.450000 20 0.550000
2efb_kyj02_body_mesh1
19 -0.660744 -9.193309 -0.038022 -0.686970 -0.012015 0.726587 0.132812 0.250000 2 19 0.450000 20 0.550000
19 -0.091111 -9.313678 -0.580971 -0.687855 0.005483 -0.725827 0.000000 0.250000 2 19 0.450000 20 0.550000
19 -0.660744 -12.320226 -0.076044 -0.669417 -0.009033 0.742832 0.132812 0.000000 2 19 0.300932 20 0.699068
2efb_kyj02_body_mesh1
19 -0.091111 -9.313678 -0.580971 -0.687855 0.005483 -0.725827 0.000000 0.250000 2 19 0.450000 20 0.550000
19 -0.091110 -12.560966 -0.592308 -0.670940 0.002589 -0.741507 0.000000 0.000000 2 19 0.303291 20 0.696709
19 -0.660744 -12.320226 -0.076044 -0.669417 -0.009033 0.742832 0.132812 0.000000 2 19 0.300932 20 0.699068
2efb_kyj02_body_mesh1
19 -0.660745 -3.108474 -0.010802 -0.700197 0.003699 0.713941 0.000000 0.750000 2 19 0.800000 20 0.200000
19 -0.660744 -6.066393 0.000000 -0.705105 -0.004802 0.709087 0.000000 0.500000 2 19 0.625000 20 0.375000
19 -0.091111 -3.182191 0.549127 0.701299 0.003973 0.712856 0.132812 0.750000 2 19 0.800000 20 0.200000
2efb_kyj02_body_mesh1
19 -0.660744 -6.066393 0.000000 -0.705105 -0.004802 0.709087 0.000000 0.500000 2 19 0.625000 20 0.375000
19 -0.091111 -6.066393 0.569633 0.707098 -0.005062 0.707098 0.132812 0.500000 2 19 0.625000 20 0.375000
19 -0.091111 -3.182191 0.549127 0.701299 0.003973 0.712856 0.132812 0.750000 2 19 0.800000 20 0.200000
2efb_kyj02_body_mesh1
19 -0.091111 -6.066393 0.569633 0.707098 -0.005062 0.707098 0.132812 0.500000 2 19 0.625000 20 0.375000
19 -0.660744 -6.066393 0.000000 -0.705105 -0.004802 0.709087 0.000000 0.500000 2 19 0.625000 20 0.375000
19 -0.091110 -9.072940 0.504926 0.690116 -0.012388 0.723592 0.132812 0.250000 2 19 0.450000 20 0.550000
2efb_kyj02_body_mesh1
19 -0.660744 -6.066393 0.000000 -0.705105 -0.004802 0.709087 0.000000 0.500000 2 19 0.625000 20 0.375000
19 -0.660744 -9.193309 -0.038022 -0.686970 -0.012015 0.726587 0.000000 0.250000 2 19 0.450000 20 0.550000
19 -0.091110 -9.072940 0.504926 0.690116 -0.012388 0.723592 0.132812 0.250000 2 19 0.450000 20 0.550000
2efb_kyj02_body_mesh1
19 -0.091110 -9.072940 0.504926 0.690116 -0.012388 0.723592 0.132812 0.250000 2 19 0.450000 20 0.550000
19 -0.660744 -9.193309 -0.038022 -0.686970 -0.012015 0.726587 0.000000 0.250000 2 19 0.450000 20 0.550000
19 -0.091110 -12.079488 0.440219 0.672087 -0.009962 0.740405 0.132812 0.000000 2 19 0.310447 20 0.689553
2efb_kyj02_body_mesh1
19 -0.660744 -9.193309 -0.038022 -0.686970 -0.012015 0.726587 0.000000 0.250000 2 19 0.450000 20 0.550000
19 -0.660744 -12.320226 -0.076044 -0.669417 -0.009033 0.742832 0.000000 0.000000 2 19 0.300932 20 0.699068
19 -0.091110 -12.079488 0.440219 0.672087 -0.009962 0.740405 0.132812 0.000000 2 19 0.310447 20 0.689553
2efb_kyj02_body_mesh1
19 -7.422950 -39.731337 0.000000 0.000000 0.000000 1.000000 0.145386 0.083496 3 19 0.026400 20 0.295458 21 0.678142
19 -2.474314 -37.247797 0.000000 0.000000 0.000000 1.000000 0.431885 0.166992 3 19 0.041967 20 0.321425 21 0.636608
19 -7.422950 -37.247787 0.000000 0.000000 0.000000 1.000000 0.145386 0.166992 3 19 0.042585 20 0.334462 21 0.622953
2efb_kyj02_body_mesh1
19 -2.474314 -37.247797 0.000000 0.000000 0.000000 1.000000 0.431885 0.166992 3 19 0.041967 20 0.321425 21 0.636608
19 -7.422950 -34.764242 0.000000 0.000000 0.000000 1.000000 0.145386 0.250000 3 19 0.064125 20 0.387320 21 0.548555
19 -7.422950 -37.247787 0.000000 0.000000 0.000000 1.000000 0.145386 0.166992 3 19 0.042585 20 0.334462 21 0.622953
2efb_kyj02_body_mesh1
19 -2.474314 -37.247797 0.000000 0.000000 0.000000 1.000000 0.431885 0.166992 3 19 0.041967 20 0.321425 21 0.636608
19 -2.474314 -34.764242 0.000000 0.000000 0.000000 1.000000 0.431885 0.250000 3 19 0.063330 20 0.377260 21 0.559409
19 -7.422950 -34.764242 0.000000 0.000000 0.000000 1.000000 0.145386 0.250000 3 19 0.064125 20 0.387320 21 0.548555
2efb_kyj02_body_mesh1
19 -2.474314 -34.764242 0.000000 0.000000 0.000000 1.000000 0.431885 0.250000 3 19 0.063330 20 0.377260 21 0.559409
19 -2.474314 -32.280691 0.000000 0.000000 0.000000 1.000000 0.431885 0.333496 3 19 0.090803 20 0.445155 21 0.464041
19 -7.422950 -34.764242 0.000000 0.000000 0.000000 1.000000 0.145386 0.250000 3 19 0.064125 20 0.387320 21 0.548555
2efb_kyj02_body_mesh1
19 -7.422950 -34.764242 0.000000 0.000000 0.000000 1.000000 0.145386 0.250000 3 19 0.064125 20 0.387320 21 0.548555
19 -2.474314 -32.280691 0.000000 0.000000 0.000000 1.000000 0.431885 0.333496 3 19 0.090803 20 0.445155 21 0.464041
19 -7.422952 -32.280691 0.000000 0.000000 0.000000 1.000000 0.145386 0.333496 3 19 0.091740 20 0.451914 21 0.456346
2efb_kyj02_body_mesh1
19 -2.474314 -32.280691 0.000000 0.000000 0.000000 1.000000 0.431885 0.333496 3 19 0.090803 20 0.445155 21 0.464041
19 -7.422952 -29.797142 0.000000 0.000000 0.000000 1.000000 0.145386 0.416992 3 19 0.125151 20 0.523209 21 0.351640
19 -7.422952 -32.280691 0.000000 0.000000 0.000000 1.000000 0.145386 0.333496 3 19 0.091740 20 0.451914 21 0.456346
2efb_kyj02_body_mesh1
19 -2.474314 -34.764242 0.000000 0.000000 0.000000 1.000000 0.431885 0.250000 3 19 0.063330 20 0.377260 21 0.559409
19 2.474323 -32.280691 0.000000 0.000000 0.000000 1.000000 0.718262 0.333496 3 19 0.090803 20 0.445155 21 0.464041
19 -2.474314 -32.280691 0.000000 0.000000 0.000000 1.000000 0.431885 0.333496 3 19 0.090803 20 0.445155 21 0.464041
2efb_kyj02_body_mesh1
19 2.474323 -32.280691 0.000000 0.000000 0.000000 1.000000 0.718262 0.333496 3 19 0.090803 20 0.445155 21 0.464041
19 -2.474314 -29.797136 0.000000 0.000000 0.000000 1.000000 0.431885 0.416992 3 19 0.123989 20 0.520148 21 0.355863
19 -2.474314 -32.280691 0.000000 0.000000 0.000000 1.000000 0.431885 0.333496 3 19 0.090803 20 0.445155 21 0.464041
2efb_kyj02_body_mesh1
19 -2.474314 -32.280691 0.000000 0.000000 0.000000 1.000000 0.431885 0.333496 3 19 0.090803 20 0.445155 21 0.464041
19 -2.474314 -29.797136 0.000000 0.000000 0.000000 1.000000 0.431885 0.416992 3 19 0.123989 20 0.520148 21 0.355863
19 -7.422952 -29.797142 0.000000 0.000000 0.000000 1.000000 0.145386 0.416992 3 19 0.125151 20 0.523209 21 0.351640
2efb_kyj02_body_mesh1
19 -2.474314 -29.797136 0.000000 0.000000 0.000000 1.000000 0.431885 0.416992 3 19 0.123989 20 0.520148 21 0.355863
19 -2.474315 -27.313588 0.000000 0.000000 0.000000 1.000000 0.431885 0.500000 3 19 0.161159 20 0.595080 21 0.243762
19 -7.422952 -29.797142 0.000000 0.000000 0.000000 1.000000 0.145386 0.416992 3 19 0.125151 20 0.523209 21 0.351640
2efb_kyj02_body_mesh1
19 -7.422952 -29.797142 0.000000 0.000000 0.000000 1.000000 0.145386 0.416992 3 19 0.125151 20 0.523209 21 0.351640
19 -2.474315 -27.313588 0.000000 0.000000 0.000000 1.000000 0.431885 0.500000 3 19 0.161159 20 0.595080 21 0.243762
19 -7.422951 -27.313585 0.000000 0.000000 0.000000 1.000000 0.145386 0.500000 3 19 0.162864 20 0.594138 21 0.242998
2efb_kyj02_body_mesh1
19 2.474323 -32.280691 0.000000 0.000000 0.000000 1.000000 0.718262 0.333496 3 19 0.090803 20 0.445155 21 0.464041
19 2.474323 -29.797136 0.000000 0.000000 0.000000 1.000000 0.718262 0.416992 3 19 0.123989 20 0.520148 21 0.355863
19 -2.474314 -29.797136 0.000000 0.000000 0.000000 1.000000 0.431885 0.416992 3 19 0.123989 20 0.520148 21 0.355863
2efb_kyj02_body_mesh1
19 2.474323 -29.797136 0.000000 0.000000 0.000000 1.000000 0.718262 0.416992 3 19 0.123989 20 0.520148 21 0.355863
19 2.474323 -27.313588 0.000000 0.000000 0.000000 1.000000 0.718262 0.500000 3 19 0.161159 20 0.595080 21 0.243762
19 -2.474314 -29.797136 0.000000 0.000000 0.000000 1.000000 0.431885 0.416992 3 19 0.123989 20 0.520148 21 0.355863
2efb_kyj02_body_mesh1
19 -2.474314 -29.797136 0.000000 0.000000 0.000000 1.000000 0.431885 0.416992 3 19 0.123989 20 0.520148 21 0.355863
19 2.474323 -27.313588 0.000000 0.000000 0.000000 1.000000 0.718262 0.500000 3 19 0.161159 20 0.595080 21 0.243762
19 -2.474315 -27.313588 0.000000 0.000000 0.000000 1.000000 0.431885 0.500000 3 19 0.161159 20 0.595080 21 0.243762
2efb_kyj02_body_mesh1
19 -7.422954 -12.412279 -0.029690 0.000000 0.000000 -1.000000 1.004883 1.000000 2 19 0.355496 20 0.644504
19 -2.474317 -12.412279 -0.029690 0.000000 0.000000 -1.000000 0.718262 1.000000 2 19 0.305630 20 0.694370
19 -7.422952 -17.379389 -0.029690 0.000000 0.000000 -1.000000 1.004883 0.833374 3 19 0.288191 20 0.690337 21 0.021473
2efb_kyj02_body_mesh1
19 -2.474317 -12.412279 -0.029690 0.000000 0.000000 -1.000000 0.718262 1.000000 2 19 0.305630 20 0.694370
19 -2.474317 -17.379382 -0.029690 0.000000 0.000000 -1.000000 0.718262 0.833374 3 19 0.272491 20 0.713489 21 0.014019
19 -7.422952 -17.379389 -0.029690 0.000000 0.000000 -1.000000 1.004883 0.833374 3 19 0.288191 20 0.690337 21 0.021473
2efb_kyj02_body_mesh1
19 -7.422952 -17.379389 -0.029690 0.000000 0.000000 -1.000000 1.004883 0.833374 3 19 0.288191 20 0.690337 21 0.021473
19 -2.474317 -17.379382 -0.029690 0.000000 0.000000 -1.000000 0.718262 0.833374 3 19 0.272491 20 0.713489 21 0.014019
19 -7.422954 -22.346485 -0.029690 0.000000 0.000000 -1.000000 1.004883 0.666748 3 19 0.229347 20 0.670777 21 0.099876
2efb_kyj02_body_mesh1
19 -2.474317 -17.379382 -0.029690 0.000000 0.000000 -1.000000 0.718262 0.833374 3 19 0.272491 20 0.713489 21 0.014019
19 -2.474316 -22.346483 -0.029690 0.000000 0.000000 -1.000000 0.718262 0.666748 3 19 0.224374 20 0.680348 21 0.095278
19 -7.422954 -22.346485 -0.029690 0.000000 0.000000 -1.000000 1.004883 0.666748 3 19 0.229347 20 0.670777 21 0.099876
2efb_kyj02_body_mesh1
19 -7.422954 -22.346485 -0.029690 0.000000 0.000000 -1.000000 1.004883 0.666748 3 19 0.229347 20 0.670777 21 0.099876
19 -2.474316 -22.346483 -0.029690 0.000000 0.000000 -1.000000 0.718262 0.666748 3 19 0.224374 20 0.680348 21 0.095278
19 -7.422951 -27.313585 -0.029690 0.000000 0.000000 -1.000000 1.004883 0.500000 3 19 0.162418 20 0.593300 21 0.244281
2efb_kyj02_body_mesh1
19 -2.474316 -22.346483 -0.029690 0.000000 0.000000 -1.000000 0.718262 0.666748 3 19 0.224374 20 0.680348 21 0.095278
19 -2.474315 -27.313589 -0.029690 0.000000 0.000000 -1.000000 0.718262 0.500000 3 19 0.160720 20 0.594195 21 0.245086
19 -7.422951 -27.313585 -0.029690 0.000000 0.000000 -1.000000 1.004883 0.500000 3 19 0.162418 20 0.593300 21 0.244281
2efb_kyj02_body_mesh1
19 -7.422951 -27.313585 -0.029690 0.000000 0.000000 -1.000000 1.004883 0.500000 3 19 0.162418 20 0.593300 21 0.244281
19 -2.474315 -27.313589 -0.029690 0.000000 0.000000 -1.000000 0.718262 0.500000 3 19 0.160720 20 0.594195 21 0.245086
19 -7.422952 -29.797144 -0.029690 0.000000 0.000000 -1.000000 1.004883 0.416992 3 19 0.126233 20 0.523117 21 0.350650
2efb_kyj02_body_mesh1
19 -2.474315 -27.313589 -0.029690 0.000000 0.000000 -1.000000 0.718262 0.500000 3 19 0.160720 20 0.594195 21 0.245086
19 -2.474315 -29.797138 -0.029690 0.000000 0.000000 -1.000000 0.718262 0.416992 3 19 0.124991 20 0.520133 21 0.354876
19 -7.422952 -29.797144 -0.029690 0.000000 0.000000 -1.000000 1.004883 0.416992 3 19 0.126233 20 0.523117 21 0.350650
2efb_kyj02_body_mesh1
19 -7.422952 -29.797144 -0.029690 0.000000 0.000000 -1.000000 1.004883 0.416992 3 19 0.126233 20 0.523117 21 0.350650
19 -2.474315 -29.797138 -0.029690 0.000000 0.000000 -1.000000 0.718262 0.416992 3 19 0.124991 20 0.520133 21 0.354876
19 -2.474315 -32.280691 -0.029690 0.000000 0.000000 -1.000000 0.718262 0.333496 3 19 0.092240 20 0.446940 21 0.460820
2efb_kyj02_body_mesh1
19 -2.474315 -29.797138 -0.029690 0.000000 0.000000 -1.000000 0.718262 0.416992 3 19 0.124991 20 0.520133 21 0.354876
19 2.474323 -32.280691 -0.029690 0.000000 0.000000 -1.000000 0.431885 0.333496 3 19 0.092240 20 0.446940 21 0.460820
19 -2.474315 -32.280691 -0.029690 0.000000 0.000000 -1.000000 0.718262 0.333496 3 19 0.092240 20 0.446940 21 0.460820
2efb_kyj02_body_mesh1
19 -2.474315 -32.280691 -0.029690 0.000000 0.000000 -1.000000 0.718262 0.333496 3 19 0.092240 20 0.446940 21 0.460820
19 2.474323 -32.280691 -0.029690 0.000000 0.000000 -1.000000 0.431885 0.333496 3 19 0.092240 20 0.446940 21 0.460820
19 -2.474314 -34.764242 -0.029690 0.000000 0.000000 -1.000000 0.718262 0.250000 3 19 0.064867 20 0.380293 21 0.554840
2efb_kyj02_body_mesh1
19 2.474323 -32.280691 -0.029690 0.000000 0.000000 -1.000000 0.431885 0.333496 3 19 0.092240 20 0.446940 21 0.460820
19 2.474323 -34.764242 -0.029690 0.000000 0.000000 -1.000000 0.431885 0.250000 3 19 0.064867 20 0.380293 21 0.554840
19 -2.474314 -34.764242 -0.029690 0.000000 0.000000 -1.000000 0.718262 0.250000 3 19 0.064867 20 0.380293 21 0.554840
2efb_kyj02_body_mesh1
19 -2.474314 -34.764242 -0.029690 0.000000 0.000000 -1.000000 0.718262 0.250000 3 19 0.064867 20 0.380293 21 0.554840
19 2.474323 -34.764242 -0.029690 0.000000 0.000000 -1.000000 0.431885 0.250000 3 19 0.064867 20 0.380293 21 0.554840
19 2.474324 -37.247797 -0.029690 0.000000 0.000000 -1.000000 0.431885 0.166992 3 19 0.043333 20 0.324944 21 0.631724
2efb_kyj02_body_mesh1
19 2.474323 -34.764242 -0.029690 0.000000 0.000000 -1.000000 0.431885 0.250000 3 19 0.064867 20 0.380293 21 0.554840
19 7.422962 -37.247797 -0.029690 0.000000 0.000000 -1.000000 0.145386 0.166992 3 19 0.043932 20 0.337946 21 0.618122
19 2.474324 -37.247797 -0.029690 0.000000 0.000000 -1.000000 0.431885 0.166992 3 19 0.043333 20 0.324944 21 0.631724
2efb_kyj02_body_mesh1
19 2.474324 -37.247797 -0.029690 0.000000 0.000000 -1.000000 0.431885 0.166992 3 19 0.043333 20 0.324944 21 0.631724
19 7.422962 -37.247797 -0.029690 0.000000 0.000000 -1.000000 0.145386 0.166992 3 19 0.043932 20 0.337946 21 0.618122
19 2.474324 -39.731343 -0.029690 0.000000 0.000000 -1.000000 0.431885 0.083496 3 19 0.027151 20 0.283421 21 0.689428
2efb_kyj02_body_mesh1
19 7.422962 -37.247797 -0.029690 0.000000 0.000000 -1.000000 0.145386 0.166992 3 19 0.043932 20 0.337946 21 0.618122
19 7.422962 -39.731343 -0.029690 0.000000 0.000000 -1.000000 0.145386 0.083496 3 19 0.027468 20 0.298715 21 0.673817
19 2.474324 -39.731343 -0.029690 0.000000 0.000000 -1.000000 0.431885 0.083496 3 19 0.027151 20 0.283421 21 0.689428
2efb_kyj02_body_mesh1
19 2.474324 -39.731343 -0.029690 0.000000 0.000000 -1.000000 0.431885 0.083496 3 19 0.027151 20 0.283421 21 0.689428
19 7.422962 -39.731343 -0.029690 0.000000 0.000000 -1.000000 0.145386 0.083496 3 19 0.027468 20 0.298715 21 0.673817
19 7.422961 -42.214887 -0.029690 0.000000 0.000000 -1.000000 0.145386 0.000000 3 19 0.014603 20 0.269712 21 0.715686
2efb_kyj02_body_mesh1
19 -2.474317 -12.412279 -0.029690 0.000000 0.000000 -1.000000 0.718262 1.000000 2 19 0.305630 20 0.694370
19 2.474320 -12.412280 -0.029690 0.000000 0.000000 -1.000000 0.431885 1.000000 2 19 0.305636 20 0.694364
19 -2.474317 -17.379382 -0.029690 0.000000 0.000000 -1.000000 0.718262 0.833374 3 19 0.272491 20 0.713489 21 0.014019
2efb_kyj02_body_mesh1
19 2.474320 -12.412280 -0.029690 0.000000 0.000000 -1.000000 0.431885 1.000000 2 19 0.305636 20 0.694364
19 2.474321 -17.379382 -0.029690 0.000000 0.000000 -1.000000 0.431885 0.833374 3 19 0.272489 20 0.713490 21 0.014021
19 -2.474317 -17.379382 -0.029690 0.000000 0.000000 -1.000000 0.718262 0.833374 3 19 0.272491 20 0.713489 21 0.014019
2efb_kyj02_body_mesh1
19 -2.474317 -17.379382 -0.029690 0.000000 0.000000 -1.000000 0.718262 0.833374 3 19 0.272491 20 0.713489 21 0.014019
19 2.474321 -17.379382 -0.029690 0.000000 0.000000 -1.000000 0.431885 0.833374 3 19 0.272489 20 0.713490 21 0.014021
19 -2.474316 -22.346483 -0.029690 0.000000 0.000000 -1.000000 0.718262 0.666748 3 19 0.224374 20 0.680348 21 0.095278
2efb_kyj02_body_mesh1
19 2.474321 -17.379382 -0.029690 0.000000 0.000000 -1.000000 0.431885 0.833374 3 19 0.272489 20 0.713490 21 0.014021
19 2.474321 -22.346483 -0.029690 0.000000 0.000000 -1.000000 0.431885 0.666748 3 19 0.224374 20 0.680348 21 0.095278
19 -2.474316 -22.346483 -0.029690 0.000000 0.000000 -1.000000 0.718262 0.666748 3 19 0.224374 20 0.680348 21 0.095278
2efb_kyj02_body_mesh1
19 -2.474316 -22.346483 -0.029690 0.000000 0.000000 -1.000000 0.718262 0.666748 3 19 0.224374 20 0.680348 21 0.095278
19 2.474321 -22.346483 -0.029690 0.000000 0.000000 -1.000000 0.431885 0.666748 3 19 0.224374 20 0.680348 21 0.095278
19 -2.474315 -27.313589 -0.029690 0.000000 0.000000 -1.000000 0.718262 0.500000 3 19 0.160720 20 0.594195 21 0.245086
2efb_kyj02_body_mesh1
19 2.474321 -22.346483 -0.029690 0.000000 0.000000 -1.000000 0.431885 0.666748 3 19 0.224374 20 0.680348 21 0.095278
19 2.474322 -27.313589 -0.029690 0.000000 0.000000 -1.000000 0.431885 0.500000 3 19 0.160720 20 0.594195 21 0.245086
19 -2.474315 -27.313589 -0.029690 0.000000 0.000000 -1.000000 0.718262 0.500000 3 19 0.160720 20 0.594195 21 0.245086
2efb_kyj02_body_mesh1
19 -2.474315 -27.313589 -0.029690 0.000000 0.000000 -1.000000 0.718262 0.500000 3 19 0.160720 20 0.594195 21 0.245086
19 2.474322 -27.313589 -0.029690 0.000000 0.000000 -1.000000 0.431885 0.500000 3 19 0.160720 20 0.594195 21 0.245086
19 -2.474315 -29.797138 -0.029690 0.000000 0.000000 -1.000000 0.718262 0.416992 3 19 0.124991 20 0.520133 21 0.354876
2efb_kyj02_body_mesh1
19 2.474322 -27.313589 -0.029690 0.000000 0.000000 -1.000000 0.431885 0.500000 3 19 0.160720 20 0.594195 21 0.245086
19 2.474322 -29.797138 -0.029690 0.000000 0.000000 -1.000000 0.431885 0.416992 3 19 0.124991 20 0.520133 21 0.354876
19 -2.474315 -29.797138 -0.029690 0.000000 0.000000 -1.000000 0.718262 0.416992 3 19 0.124991 20 0.520133 21 0.354876
2efb_kyj02_body_mesh1
19 -2.474315 -29.797138 -0.029690 0.000000 0.000000 -1.000000 0.718262 0.416992 3 19 0.124991 20 0.520133 21 0.354876
19 2.474322 -29.797138 -0.029690 0.000000 0.000000 -1.000000 0.431885 0.416992 3 19 0.124991 20 0.520133 21 0.354876
19 2.474323 -32.280691 -0.029690 0.000000 0.000000 -1.000000 0.431885 0.333496 3 19 0.092240 20 0.446940 21 0.460820
2efb_kyj02_body_mesh1
19 2.474322 -29.797138 -0.029690 0.000000 0.000000 -1.000000 0.431885 0.416992 3 19 0.124991 20 0.520133 21 0.354876
19 7.422961 -32.280691 -0.029690 0.000000 0.000000 -1.000000 0.145386 0.333496 3 19 0.093198 20 0.453599 21 0.453203
19 2.474323 -32.280691 -0.029690 0.000000 0.000000 -1.000000 0.431885 0.333496 3 19 0.092240 20 0.446940 21 0.460820
2efb_kyj02_body_mesh1
19 2.474323 -32.280691 -0.029690 0.000000 0.000000 -1.000000 0.431885 0.333496 3 19 0.092240 20 0.446940 21 0.460820
19 7.422961 -32.280691 -0.029690 0.000000 0.000000 -1.000000 0.145386 0.333496 3 19 0.093198 20 0.453599 21 0.453203
19 2.474323 -34.764242 -0.029690 0.000000 0.000000 -1.000000 0.431885 0.250000 3 19 0.064867 20 0.380293 21 0.554840
2efb_kyj02_body_mesh1
19 7.422961 -32.280691 -0.029690 0.000000 0.000000 -1.000000 0.145386 0.333496 3 19 0.093198 20 0.453599 21 0.453203
19 7.422960 -34.764242 -0.029690 0.000000 0.000000 -1.000000 0.145386 0.250000 3 19 0.065653 20 0.390272 21 0.544076
19 2.474323 -34.764242 -0.029690 0.000000 0.000000 -1.000000 0.431885 0.250000 3 19 0.064867 20 0.380293 21 0.554840
2efb_kyj02_body_mesh1
19 2.474323 -34.764242 -0.029690 0.000000 0.000000 -1.000000 0.431885 0.250000 3 19 0.064867 20 0.380293 21 0.554840
19 7.422960 -34.764242 -0.029690 0.000000 0.000000 -1.000000 0.145386 0.250000 3 19 0.065653 20 0.390272 21 0.544076
19 7.422962 -37.247797 -0.029690 0.000000 0.000000 -1.000000 0.145386 0.166992 3 19 0.043932 20 0.337946 21 0.618122
2efb_kyj02_body_mesh1
19 2.474320 -12.412280 -0.029690 0.000000 0.000000 -1.000000 0.431885 1.000000 2 19 0.305636 20 0.694364
19 7.422958 -12.412281 -0.029690 0.000000 0.000000 -1.000000 0.145386 1.000000 2 19 0.355496 20 0.644504
19 2.474321 -17.379382 -0.029690 0.000000 0.000000 -1.000000 0.431885 0.833374 3 19 0.272489 20 0.713490 21 0.014021
2efb_kyj02_body_mesh1
19 7.422958 -12.412281 -0.029690 0.000000 0.000000 -1.000000 0.145386 1.000000 2 19 0.355496 20 0.644504
19 7.422959 -17.379380 -0.029690 0.000000 0.000000 -1.000000 0.145386 0.833374 3 19 0.288191 20 0.690337 21 0.021473
19 2.474321 -17.379382 -0.029690 0.000000 0.000000 -1.000000 0.431885 0.833374 3 19 0.272489 20 0.713490 21 0.014021
2efb_kyj02_body_mesh1
19 2.474321 -17.379382 -0.029690 0.000000 0.000000 -1.000000 0.431885 0.833374 3 19 0.272489 20 0.713490 21 0.014021
19 7.422959 -17.379380 -0.029690 0.000000 0.000000 -1.000000 0.145386 0.833374 3 19 0.288191 20 0.690337 21 0.021473
19 2.474321 -22.346483 -0.029690 0.000000 0.000000 -1.000000 0.431885 0.666748 3 19 0.224374 20 0.680348 21 0.095278
2efb_kyj02_body_mesh1
19 7.422959 -17.379380 -0.029690 0.000000 0.000000 -1.000000 0.145386 0.833374 3 19 0.288191 20 0.690337 21 0.021473
19 7.422960 -22.346481 -0.029690 0.000000 0.000000 -1.000000 0.145386 0.666748 3 19 0.229347 20 0.670777 21 0.099876
19 2.474321 -22.346483 -0.029690 0.000000 0.000000 -1.000000 0.431885 0.666748 3 19 0.224374 20 0.680348 21 0.095278
2efb_kyj02_body_mesh1
19 2.474321 -22.346483 -0.029690 0.000000 0.000000 -1.000000 0.431885 0.666748 3 19 0.224374 20 0.680348 21 0.095278
19 7.422960 -22.346481 -0.029690 0.000000 0.000000 -1.000000 0.145386 0.666748 3 19 0.229347 20 0.670777 21 0.099876
19 2.474322 -27.313589 -0.029690 0.000000 0.000000 -1.000000 0.431885 0.500000 3 19 0.160720 20 0.594195 21 0.245086
2efb_kyj02_body_mesh1
19 7.422960 -22.346481 -0.029690 0.000000 0.000000 -1.000000 0.145386 0.666748 3 19 0.229347 20 0.670777 21 0.099876
19 7.422960 -27.313581 -0.029690 0.000000 0.000000 -1.000000 0.145386 0.500000 3 19 0.162418 20 0.593300 21 0.244281
19 2.474322 -27.313589 -0.029690 0.000000 0.000000 -1.000000 0.431885 0.500000 3 19 0.160720 20 0.594195 21 0.245086
2efb_kyj02_body_mesh1
19 2.474322 -27.313589 -0.029690 0.000000 0.000000 -1.000000 0.431885 0.500000 3 19 0.160720 20 0.594195 21 0.245086
19 7.422960 -27.313581 -0.029690 0.000000 0.000000 -1.000000 0.145386 0.500000 3 19 0.162418 20 0.593300 21 0.244281
19 2.474322 -29.797138 -0.029690 0.000000 0.000000 -1.000000 0.431885 0.416992 3 19 0.124991 20 0.520133 21 0.354876
2efb_kyj02_body_mesh1
19 7.422960 -27.313581 -0.029690 0.000000 0.000000 -1.000000 0.145386 0.500000 3 19 0.162418 20 0.593300 21 0.244281
19 7.422960 -29.797138 -0.029690 0.000000 0.000000 -1.000000 0.145386 0.416992 3 19 0.126233 20 0.523117 21 0.350650
19 2.474322 -29.797138 -0.029690 0.000000 0.000000 -1.000000 0.431885 0.416992 3 19 0.124991 20 0.520133 21 0.354876
2efb_kyj02_body_mesh1
19 2.474322 -29.797138 -0.029690 0.000000 0.000000 -1.000000 0.431885 0.416992 3 19 0.124991 20 0.520133 21 0.354876
19 7.422960 -29.797138 -0.029690 0.000000 0.000000 -1.000000 0.145386 0.416992 3 19 0.126233 20 0.523117 21 0.350650
19 7.422961 -32.280691 -0.029690 0.000000 0.000000 -1.000000 0.145386 0.333496 3 19 0.093198 20 0.453599 21 0.453203
2efb_kyj02_body_mesh1
19 -7.422952 -29.797144 -0.029690 0.000000 0.000000 -1.000000 1.004883 0.416992 3 19 0.126233 20 0.523117 21 0.350650
19 -2.474315 -32.280691 -0.029690 0.000000 0.000000 -1.000000 0.718262 0.333496 3 19 0.092240 20 0.446940 21 0.460820
19 -7.422952 -32.280691 -0.029690 0.000000 0.000000 -1.000000 1.004883 0.333496 3 19 0.093198 20 0.453599 21 0.453203
2efb_kyj02_body_mesh1
19 -2.474315 -32.280691 -0.029690 0.000000 0.000000 -1.000000 0.718262 0.333496 3 19 0.092240 20 0.446940 21 0.460820
19 -7.422950 -34.764242 -0.029690 0.000000 0.000000 -1.000000 1.004883 0.250000 3 19 0.065653 20 0.390272 21 0.544076
19 -7.422952 -32.280691 -0.029690 0.000000 0.000000 -1.000000 1.004883 0.333496 3 19 0.093198 20 0.453599 21 0.453203
2efb_kyj02_body_mesh1
19 7.422961 -42.214887 -0.029690 0.000000 0.000000 -1.000000 0.145386 0.000000 3 19 0.014603 20 0.269712 21 0.715686
19 2.474325 -42.214887 -0.029690 0.000000 0.000000 -1.000000 0.431885 0.000000 3 19 0.014676 20 0.253322 21 0.732002
19 2.474324 -39.731343 -0.029690 0.000000 0.000000 -1.000000 0.431885 0.083496 3 19 0.027151 20 0.283421 21 0.689428
2efb_kyj02_body_mesh1
19 2.474325 -42.214887 -0.029690 0.000000 0.000000 -1.000000 0.431885 0.000000 3 19 0.014676 20 0.253322 21 0.732002
19 -2.474313 -39.731337 -0.029690 0.000000 0.000000 -1.000000 0.718262 0.083496 3 19 0.027151 20 0.283421 21 0.689428
19 2.474324 -39.731343 -0.029690 0.000000 0.000000 -1.000000 0.431885 0.083496 3 19 0.027151 20 0.283421 21 0.689428
2efb_kyj02_body_mesh1
19 2.474324 -39.731343 -0.029690 0.000000 0.000000 -1.000000 0.431885 0.083496 3 19 0.027151 20 0.283421 21 0.689428
19 -2.474313 -39.731337 -0.029690 0.000000 0.000000 -1.000000 0.718262 0.083496 3 19 0.027151 20 0.283421 21 0.689428
19 2.474324 -37.247797 -0.029690 0.000000 0.000000 -1.000000 0.431885 0.166992 3 19 0.043333 20 0.324944 21 0.631724
2efb_kyj02_body_mesh1
19 -2.474313 -39.731337 -0.029690 0.000000 0.000000 -1.000000 0.718262 0.083496 3 19 0.027151 20 0.283421 21 0.689428
19 -2.474314 -37.247797 -0.029690 0.000000 0.000000 -1.000000 0.718262 0.166992 3 19 0.043333 20 0.324944 21 0.631724
19 2.474324 -37.247797 -0.029690 0.000000 0.000000 -1.000000 0.431885 0.166992 3 19 0.043333 20 0.324944 21 0.631724
2efb_kyj02_body_mesh1
19 2.474324 -37.247797 -0.029690 0.000000 0.000000 -1.000000 0.431885 0.166992 3 19 0.043333 20 0.324944 21 0.631724
19 -2.474314 -37.247797 -0.029690 0.000000 0.000000 -1.000000 0.718262 0.166992 3 19 0.043333 20 0.324944 21 0.631724
19 -2.474314 -34.764242 -0.029690 0.000000 0.000000 -1.000000 0.718262 0.250000 3 19 0.064867 20 0.380293 21 0.554840
2efb_kyj02_body_mesh1
19 -2.474314 -37.247797 -0.029690 0.000000 0.000000 -1.000000 0.718262 0.166992 3 19 0.043333 20 0.324944 21 0.631724
19 -7.422950 -34.764242 -0.029690 0.000000 0.000000 -1.000000 1.004883 0.250000 3 19 0.065653 20 0.390272 21 0.544076
19 -2.474314 -34.764242 -0.029690 0.000000 0.000000 -1.000000 0.718262 0.250000 3 19 0.064867 20 0.380293 21 0.554840
2efb_kyj02_body_mesh1
19 -2.474314 -34.764242 -0.029690 0.000000 0.000000 -1.000000 0.718262 0.250000 3 19 0.064867 20 0.380293 21 0.554840
19 -7.422950 -34.764242 -0.029690 0.000000 0.000000 -1.000000 1.004883 0.250000 3 19 0.065653 20 0.390272 21 0.544076
19 -2.474315 -32.280691 -0.029690 0.000000 0.000000 -1.000000 0.718262 0.333496 3 19 0.092240 20 0.446940 21 0.460820
2efb_kyj02_body_mesh1
19 -7.422950 -34.764242 -0.029690 0.000000 0.000000 -1.000000 1.004883 0.250000 3 19 0.065653 20 0.390272 21 0.544076
19 -2.474314 -37.247797 -0.029690 0.000000 0.000000 -1.000000 0.718262 0.166992 3 19 0.043333 20 0.324944 21 0.631724
19 -7.422950 -37.247792 -0.029690 0.000000 0.000000 -1.000000 1.004883 0.166992 3 19 0.043932 20 0.337946 21 0.618122
2efb_kyj02_body_mesh1
19 -2.474314 -37.247797 -0.029690 0.000000 0.000000 -1.000000 0.718262 0.166992 3 19 0.043333 20 0.324944 21 0.631724
19 -7.422950 -39.731337 -0.029690 0.000000 0.000000 -1.000000 1.004883 0.083496 3 19 0.027468 20 0.298715 21 0.673817
19 -7.422950 -37.247792 -0.029690 0.000000 0.000000 -1.000000 1.004883 0.166992 3 19 0.043932 20 0.337946 21 0.618122
2efb_kyj02_body_mesh1
19 2.474325 -42.214887 -0.029690 0.000000 0.000000 -1.000000 0.431885 0.000000 3 19 0.014676 20 0.253322 21 0.732002
19 -2.474313 -42.214887 -0.029690 0.000000 0.000000 -1.000000 0.718262 0.000000 3 19 0.014676 20 0.253322 21 0.732002
19 -2.474313 -39.731337 -0.029690 0.000000 0.000000 -1.000000 0.718262 0.083496 3 19 0.027151 20 0.283421 21 0.689428
2efb_kyj02_body_mesh1
19 -2.474313 -42.214887 -0.029690 0.000000 0.000000 -1.000000 0.718262 0.000000 3 19 0.014676 20 0.253322 21 0.732002
19 -7.422950 -39.731337 -0.029690 0.000000 0.000000 -1.000000 1.004883 0.083496 3 19 0.027468 20 0.298715 21 0.673817
19 -2.474313 -39.731337 -0.029690 0.000000 0.000000 -1.000000 0.718262 0.083496 3 19 0.027151 20 0.283421 21 0.689428
2efb_kyj02_body_mesh1
19 -2.474313 -39.731337 -0.029690 0.000000 0.000000 -1.000000 0.718262 0.083496 3 19 0.027151 20 0.283421 21 0.689428
19 -7.422950 -39.731337 -0.029690 0.000000 0.000000 -1.000000 1.004883 0.083496 3 19 0.027468 20 0.298715 21 0.673817
19 -2.474314 -37.247797 -0.029690 0.000000 0.000000 -1.000000 0.718262 0.166992 3 19 0.043333 20 0.324944 21 0.631724
2efb_kyj02_body_mesh1
19 7.422959 -27.313581 0.000000 0.000000 0.000000 1.000000 1.004883 0.500000 3 19 0.162864 20 0.594138 21 0.242998
19 2.474323 -27.313588 0.000000 0.000000 0.000000 1.000000 0.718262 0.500000 3 19 0.161159 20 0.595080 21 0.243762
19 2.474323 -29.797136 0.000000 0.000000 0.000000 1.000000 0.718262 0.416992 3 19 0.123989 20 0.520148 21 0.355863
2efb_kyj02_body_mesh1
19 -2.474313 -42.214887 -0.029690 0.000000 0.000000 -1.000000 0.718262 0.000000 3 19 0.014676 20 0.253322 21 0.732002
19 -7.422950 -42.214883 -0.029690 0.000000 0.000000 -1.000000 1.004883 0.000000 3 19 0.014603 20 0.269712 21 0.715686
19 -7.422950 -39.731337 -0.029690 0.000000 0.000000 -1.000000 1.004883 0.083496 3 19 0.027468 20 0.298715 21 0.673817
end
