version 1
nodes
0 "root" -1
1 "draw1_0_2efb_kyj02_trall" 0
2 "draw1_1_2efb_kyj02_bone01" 0
3 "draw1_2_2efb_kyj02_bone02" 0
4 "draw1_3_2efb_kyj02_bone03" 0
5 "draw2_0_2efb_kyj02_trall" 0
6 "draw2_1_2efb_kyj02_bone01" 0
7 "draw2_2_2efb_kyj02_bone02" 0
8 "draw2_3_2efb_kyj02_bone03" 0
9 "draw3_0_2efb_kyj02_trall" 0
10 "draw3_1_2efb_kyj02_bone01" 0
11 "draw3_2_2efb_kyj02_bone02" 0
12 "draw3_3_2efb_kyj02_bone03" 0
13 "draw4_0_2efb_kyj02_trall" 0
14 "draw4_1_2efb_kyj02_bone01" 0
15 "draw4_2_2efb_kyj02_bone02" 0
16 "draw4_3_2efb_kyj02_bone03" 0
17 "draw5_0_2efb_kyj06_body_trall" 0
18 "draw5_1_2efb_kyj06_body" 0
19 "draw5_2_2efb_kyj06_bone01" 0
20 "draw5_3_2efb_kyj06_bone02" 0
21 "draw5_4_2efb_kyj06_bone03" 0
22 "draw5_5_2efb_kyj06_bone04" 0
23 "draw5_6_2efb_kyj06_bone05" 0
24 "draw5_7_2efb_kyj06_bone06" 0
25 "draw5_8_2efb_kyj06_bone07" 0
26 "draw5_9_2efb_kyj06_bone08" 0
27 "draw5_10_2efb_kyj06_bone09" 0
28 "draw5_11_2efb_kyj06_bone10" 0
29 "draw5_12_2efb_kyj06_bone11" 0
30 "draw5_13_2efb_kyj06_bone12" 0
31 "draw5_14_2efb_kyj06_bone13" 0
32 "draw5_15_2efb_kyj06_bone14" 0
end
skeleton
time 0
0 0.000000 0.000000 0.000000 0.000000 -0.000000 0.000000
1 -377.974487 61.921009 -0.892678 -1.432088 1.553254 1.728409
2 -377.974487 61.921009 -0.892678 -1.432088 1.553254 1.728409
3 -378.325103 80.484989 -0.570043 -1.432088 1.553254 1.728409
4 -379.166256 125.021313 0.203983 -1.432088 1.553254 1.728409
5 -220.507729 65.159172 -0.836251 -1.432088 1.553254 1.728409
6 -220.507729 65.159172 -0.836251 -1.432088 1.553254 1.728409
7 -220.858344 83.723152 -0.513615 -1.432088 1.553254 1.728409
8 -221.699497 128.259476 0.260411 -1.432088 1.553254 1.728409
9 -63.041061 68.397318 -0.779825 -1.432088 1.553254 1.728409
10 -63.041061 68.397318 -0.779825 -1.432088 1.553254 1.728409
11 -63.391677 86.961298 -0.457189 -1.432088 1.553254 1.728409
12 -64.232836 131.497616 0.316837 -1.432088 1.553254 1.728409
13 94.425621 71.635489 -0.723400 -1.432088 1.553254 1.728409
14 94.425621 71.635489 -0.723400 -1.432088 1.553254 1.728409
15 94.075005 90.199468 -0.400764 -1.432088 1.553254 1.728409
16 93.233841 134.735781 0.373262 -1.432088 1.553254 1.728409
17 333.005493 76.541782 -0.637937 -1.591049 1.553531 1.571088
18 0.007361 -0.002286 0.014054 -0.000172 -0.000001 -0.000000
19 327.273234 76.423835 -0.639943 -1.591049 1.553531 1.571088
20 290.988724 75.784736 -0.801915 -1.591415 1.553531 1.571088
21 251.819083 74.880372 -0.709533 -1.434619 1.553376 1.725833
22 212.455998 73.970742 -0.619268 -1.434619 1.553376 1.725833
23 172.543905 73.250616 -0.698975 -1.434619 1.553376 1.725833
24 94.433219 71.650030 -0.731251 -1.434619 1.553376 1.725833
25 15.702388 70.036713 -0.763783 -1.434619 1.553376 1.725833
26 -63.028482 68.423382 -0.796315 -1.434619 1.553376 1.725833
27 -141.759315 66.810082 -0.828848 -1.434619 1.553376 1.725833
28 -220.490129 65.196757 -0.861380 -1.434619 1.553376 1.725833
29 -299.220958 63.583440 -0.893914 -1.434619 1.553376 1.725833
30 -377.951811 61.970123 -0.926447 -1.434619 1.553376 1.725833
31 -422.940801 61.048214 -0.945036 -1.434619 1.553376 1.725833
32 -456.682583 60.356813 -0.958980 -1.434619 1.553376 1.725833
time 1
0 0.000000 0.000000 0.000000 0.000000 -0.000000 0.000000
1 -392.066208 58.700596 0.961110 -1.989128 1.545527 1.035804
2 -392.066208 58.700596 0.961110 -1.989128 1.545527 1.035804
3 -389.907278 77.141552 1.389891 -1.989128 1.545527 1.035804
4 -384.727850 121.382732 2.418567 -1.989128 1.545527 1.035804
5 -228.073105 37.728620 2.738747 -0.810185 1.531296 2.254021
6 -228.073105 37.728620 2.738747 -0.810185 1.531296 2.254021
7 -226.630696 56.236750 3.270034 -0.810185 1.531296 2.254021
8 -223.170255 100.639077 4.544630 -0.810185 1.531296 2.254021
9 -65.989906 35.821651 -2.604607 -0.797402 1.515105 2.385741
10 -65.989906 35.821651 -2.604607 -0.797402 1.515105 2.385741
11 -66.746369 54.363336 -1.864908 -0.797402 1.515105 2.385741
12 -68.561166 98.846177 -0.090318 -0.797402 1.515105 2.385741
13 94.598015 51.908615 0.277301 -2.462242 1.530163 0.739515
14 94.598015 51.908615 0.277301 -2.462242 1.530163 0.739515
15 93.474197 70.440375 0.751294 -2.462242 1.530163 0.739515
16 90.778078 114.899400 1.888439 -2.462242 1.530163 0.739515
17 333.005493 63.747330 -0.308636 -1.184007 1.550688 1.996046
18 0.295933 0.012763 -0.012186 -0.000130 -0.000003 -0.000000
19 327.269514 63.640171 -0.262992 -1.181630 1.550642 2.001660
20 291.005338 62.232461 -0.134625 -1.181996 1.550642 2.001660
21 251.867917 60.727506 0.260313 -1.063153 1.549476 2.118452
22 212.555399 58.874926 0.663105 -1.083541 1.549476 2.118452
23 172.564428 56.006101 0.913100 -1.849044 1.551156 1.346150
24 94.473409 51.930928 0.272609 -2.482817 1.530674 0.718922
25 14.712060 42.665791 -2.264538 -2.548724 1.513857 0.676469
26 -66.482107 36.093305 -2.361686 -0.816586 1.515046 2.365655
27 -147.046351 33.924722 1.644329 -0.892507 1.516777 2.239536
28 -228.787607 38.167713 2.551704 -0.895111 1.530233 2.168130
29 -312.151485 48.505970 2.584036 -1.846402 1.540455 1.165379
30 -394.420612 58.360597 0.248140 -1.971836 1.539353 1.052159
31 -439.770878 63.279755 -0.671212 -2.373488 1.529125 0.650251
32 -474.933997 65.891011 -2.357303 -2.373488 1.529125 0.650251
time 2
0 0.000000 0.000000 0.000000 0.000000 -0.000000 0.000000
1 -406.158021 55.480181 2.814898 -2.197533 1.533173 0.691812
2 -406.158021 55.480181 2.814898 -2.197533 1.533173 0.691811
3 -401.531253 73.456360 3.380604 -2.197533 1.533173 0.691811
4 -390.431301 116.582514 4.737772 -2.197533 1.533173 0.691811
5 -235.638458 10.298064 6.313744 -0.614792 1.505912 2.353064
6 -235.638458 10.298064 6.313744 -0.614792 1.505912 2.353064
7 -232.412612 28.571275 7.008075 -0.614792 1.505912 2.353064
8 -224.673574 72.410018 8.673826 -0.614792 1.505912 2.353064
9 -68.938751 3.245972 -4.429390 -0.700655 1.472857 2.505161
10 -68.938751 3.245972 -4.429390 -0.700655 1.472857 2.505161
11 -70.084458 21.742971 -3.258656 -0.700655 1.472857 2.505161
12 -72.833092 66.118607 -0.449980 -0.700655 1.472857 2.505161
13 94.770397 32.181746 1.278001 -2.686629 1.497369 0.556419
14 94.770397 32.181746 1.278001 -2.686629 1.497369 0.556419
15 92.870970 50.643039 1.876707 -2.686629 1.497369 0.556419
16 88.314108 94.933013 3.313046 -2.686629 1.497369 0.556419
17 333.005493 50.952873 0.020664 -0.914688 1.545396 2.283283
18 0.010118 -0.007771 0.006371 -0.000084 -0.000002 -0.000004
19 327.264221 50.855867 0.114187 -0.913569 1.545247 2.290874
20 291.041523 48.677490 0.531609 -0.913935 1.545247 2.290874
21 251.949280 46.569932 1.228136 -0.833890 1.543522 2.368871
22 212.714773 43.773302 1.941319 -0.874663 1.543522 2.368871
23 172.760344 38.746078 2.517155 -2.132627 1.545956 1.097276
24 94.776616 32.194981 1.262220 -2.688723 1.497444 0.554263
25 14.566664 15.223496 -3.953398 -2.712226 1.463633 0.577861
26 -68.931726 3.279186 -4.437659 -0.698059 1.473044 2.507736
27 -151.125042 0.214103 3.865135 -0.736776 1.478370 2.368373
28 -235.624158 10.344678 6.306778 -0.607935 1.506071 2.359743
29 -322.066037 33.331137 7.108883 -1.990703 1.536940 0.873973
30 -406.133560 55.527227 2.822744 -2.197122 1.533478 0.691976
31 -451.086535 66.295618 1.217453 -2.655625 1.506033 0.232937
32 -487.322204 72.536593 -2.054087 -2.655625 1.506033 0.232937
time 3
0 0.000000 0.000000 0.000000 0.000000 -0.000000 0.000000
1 -407.487305 40.588276 1.950054 2.863061 1.508440 -0.753537
2 -407.487305 40.588276 1.950054 2.863061 1.508440 -0.753537
3 -398.986343 57.097249 1.631854 2.863061 1.508440 -0.753537
4 -378.591925 96.703462 0.868469 2.863061 1.508440 -0.753537
5 -240.996282 -50.260205 11.731182 0.030493 1.477246 2.842630
6 -240.996282 -50.260205 11.731182 0.030493 1.477246 2.842630
7 -234.990122 -32.686448 11.678288 0.030493 1.477246 2.842630
8 -220.580911 9.474259 11.551391 0.030493 1.477246 2.842630
9 -67.441690 -63.172294 -11.140045 -0.484652 1.409253 2.784956
10 -67.441690 -63.172294 -11.140045 -0.484652 1.409253 2.784956
11 -69.707111 -44.791739 -9.748345 -0.484652 1.409253 2.784956
12 -75.142019 -0.695464 -6.409557 -0.484652 1.409253 2.784956
13 96.788457 -6.951569 2.923204 -2.767428 1.430629 0.561412
14 96.788457 -6.951569 2.923204 -2.767428 1.430629 0.561412
15 93.274858 11.260205 3.871534 -2.767428 1.430629 0.561412
16 84.845487 54.951558 6.146644 -2.767428 1.430629 0.561412
17 333.005493 27.094740 0.632223 -0.693150 1.532252 2.546842
18 1.343167 0.014767 -0.124484 -0.000041 -0.000046 0.000041
19 327.241168 27.038481 0.815210 -0.697658 1.531783 2.556929
20 291.182340 23.042318 1.751585 -0.698025 1.531783 2.556929
21 252.234021 19.397322 2.991599 -0.654022 1.529688 2.598891
22 213.257410 14.432683 4.259060 -0.732610 1.529688 2.598891
23 173.661644 4.951587 5.404547 -2.361125 1.530543 0.943778
24 96.210835 -6.989188 2.947231 -2.791127 1.431568 0.538042
25 17.035414 -39.012744 -7.798780 -2.828396 1.366775 0.591548
26 -69.902592 -62.738383 -10.102842 -0.507972 1.407749 2.760399
27 -154.864825 -69.335964 6.534791 -0.465927 1.421999 2.607624
28 -244.172352 -49.544361 12.354935 -0.082550 1.473566 2.727377
29 -332.825024 -3.315365 14.120260 -3.039410 1.532126 -0.425069
30 -415.980212 41.380505 4.822060 -3.122866 1.518035 -0.461126
31 -459.103810 62.087046 1.311791 -3.133417 1.449719 -0.471710
32 -497.427028 75.368971 -5.580432 -3.133417 1.449719 -0.471710
time 4
0 0.000000 0.000000 0.000000 0.000000 -0.000000 0.000000
1 -408.816589 25.696365 1.085207 2.667055 1.450049 -1.172721
2 -408.816589 25.696365 1.085207 2.667055 1.450049 -1.172721
3 -396.856151 39.861889 0.062469 2.667055 1.450049 -1.172721
4 -368.162200 73.846001 -2.391152 2.667055 1.450049 -1.172721
5 -246.354182 -110.818476 17.148624 0.367107 1.434461 3.023214
6 -246.354182 -110.818476 17.148624 0.367107 1.434461 3.023214
7 -237.750365 -94.388242 16.242394 0.367107 1.434461 3.023214
8 -217.109189 -54.970927 14.068286 0.367107 1.434461 3.023214
9 -65.944641 -129.590571 -17.850702 -0.411477 1.341568 2.922275
10 -65.944641 -129.590571 -17.850702 -0.411477 1.341568 2.922275
11 -69.301307 -111.406960 -16.162935 -0.411477 1.341568 2.922275
12 -77.354192 -67.783170 -12.113861 -0.411477 1.341568 2.922275
13 98.806495 -46.084892 4.568406 -2.824090 1.364082 0.590964
14 98.806495 -46.084892 4.568406 -2.824090 1.364082 0.590964
15 93.689375 -28.277410 5.758522 -2.824090 1.364082 0.590964
16 81.413033 14.444020 8.613695 -2.824090 1.364082 0.590964
17 333.005493 3.236607 1.243779 -0.598298 1.518025 2.683726
18 0.010993 -0.009413 -0.028702 0.000011 -0.000086 0.000083
19 327.206438 3.217763 1.518218 -0.610575 1.517222 2.694167
20 291.412244 -2.589243 2.962697 -0.610942 1.517222 2.694167
21 252.673787 -7.768069 4.738750 -0.581323 1.514999 2.721752
22 214.084023 -14.885840 6.545054 -0.697720 1.514999 2.721752
23 175.332499 -28.794055 8.218320 -2.442700 1.512554 0.936937
24 98.802399 -46.049651 4.516254 -2.824710 1.364013 0.590099
25 22.991455 -92.765058 -12.422627 -2.891902 1.268548 0.658082
26 -65.969742 -129.503757 -17.916476 -0.411355 1.341890 2.922193
27 -152.771732 -140.212659 7.491587 -0.273049 1.367090 2.771063
28 -246.375716 -110.685793 17.038429 0.366975 1.434563 3.022949
29 -332.429232 -40.670302 18.139185 2.660848 1.469513 -1.249794
30 -408.818245 25.830175 0.968050 2.666533 1.450238 -1.173316
31 -448.080898 55.560289 -5.600884 2.881534 1.355202 -0.955511
32 -486.983843 76.121862 -17.166949 2.881534 1.355202 -0.955511
time 5
0 0.000000 0.000000 0.000000 0.000000 -0.000000 0.000000
1 -397.951615 -9.107953 -10.971841 2.658049 1.384812 -1.258919
2 -397.951615 -9.107953 -10.971841 2.658049 1.384812 -1.258919
3 -384.905917 4.013569 -12.568464 2.658049 1.384812 -1.258919
4 -353.608347 35.493046 -16.398877 2.658049 1.384812 -1.258919
5 -240.134155 -162.596832 16.447670 0.643702 1.419487 -3.029905
6 -240.134155 -162.596832 16.447670 0.643702 1.419487 -3.029905
7 -230.839765 -146.606046 14.767591 0.643702 1.419487 -3.029905
8 -208.541853 -108.243000 10.736960 0.643702 1.419487 -3.029905
9 -55.166298 -177.727661 -24.206148 -0.339618 1.314863 3.064249
10 -55.166298 -177.727661 -24.206148 -0.339618 1.314863 3.064249
11 -59.780644 -159.806489 -22.639970 -0.339618 1.314863 3.064249
12 -70.850791 -116.812308 -18.882597 -0.339618 1.314863 3.064249
13 102.821686 -74.490387 4.993887 -2.818876 1.324372 0.672974
14 102.821686 -74.490387 4.993887 -2.818876 1.324372 0.672974
15 96.309816 -57.157046 6.430671 -2.818876 1.324372 0.672974
16 80.687371 -15.573114 9.877621 -2.818876 1.324372 0.672974
17 333.005492 -9.897375 1.573078 -0.618242 1.509665 2.712429
18 1.042799 -0.015620 -0.123662 0.000058 -0.000126 0.000083
19 327.139032 -9.837264 1.901300 -0.637016 1.508430 2.726950
20 291.761639 -17.757850 3.572647 -0.637382 1.508430 2.726950
21 253.372205 -25.000716 5.593138 -0.610610 1.506250 2.751696
22 215.325119 -34.500025 7.634565 -0.746710 1.506288 2.752433
23 177.472142 -52.096508 9.512122 -2.441305 1.498930 1.010623
24 102.277538 -74.585126 5.009488 -2.826075 1.324664 0.666013
25 31.000435 -131.152831 -15.763455 -2.917315 1.212506 0.733621
26 -56.894022 -178.031155 -23.824549 -0.344773 1.313880 3.059281
27 -145.058701 -194.258290 6.299361 -0.155974 1.345883 2.907655
28 -242.034960 -162.761073 16.977091 0.624088 1.417311 -3.049735
29 -327.669870 -83.086771 15.236808 2.676621 1.412312 -1.324914
30 -400.652927 -8.679353 -8.934259 2.651415 1.389562 -1.266668
31 -439.356153 24.977412 -18.588692 2.841932 1.279227 -1.071032
32 -480.898654 49.886689 -34.669070 2.841932 1.279227 -1.071032
time 6
0 0.000000 0.000000 0.000000 0.000000 -0.000000 0.000000
1 -387.086609 -43.912239 -23.028894 2.674193 1.319716 -1.320514
2 -387.086609 -43.912239 -23.028894 2.674193 1.319716 -1.320514
3 -373.033238 -31.956606 -25.108418 2.674193 1.319716 -1.320514
4 -339.318207 -3.274163 -30.097349 2.674193 1.319716 -1.320514
5 -233.914134 -214.375171 15.746717 0.864625 1.396910 -2.855631
6 -233.914134 -214.375171 15.746717 0.864625 1.396910 -2.855631
7 -223.963523 -198.891669 13.301764 0.864625 1.396910 -2.855631
8 -200.091292 -161.745635 7.436146 0.864625 1.396910 -2.855631
9 -44.387954 -225.864724 -30.561592 -0.288577 1.286134 -3.097500
10 -44.387954 -225.864724 -30.561592 -0.288577 1.286134 -3.097500
11 -50.239147 -208.306879 -29.077173 -0.288577 1.286134 -3.097500
12 -64.276579 -166.184343 -25.515944 -0.288577 1.286134 -3.097500
13 106.836888 -102.895892 5.419370 -2.825999 1.284703 0.743050
14 106.836888 -102.895892 5.419370 -2.825999 1.284703 0.743050
15 98.966162 -86.156750 7.046218 -2.825999 1.284703 0.743050
16 80.083724 -45.998344 10.949145 -2.825999 1.284703 0.743050
17 333.005493 -23.031361 1.902380 -0.639274 1.501332 2.740058
18 0.041786 -0.026143 -0.023218 0.000123 -0.000156 0.000070
19 327.051809 -22.900847 2.287446 -0.665210 1.499683 2.757993
20 292.221165 -32.911030 4.169842 -0.665576 1.499683 2.757993
21 254.295350 -42.201191 6.421073 -0.640928 1.497550 2.780625
22 216.942853 -54.047710 8.678366 -0.796939 1.497630 2.781881
23 180.335164 -75.277858 10.721474 -2.439513 1.484420 1.084556
24 106.844186 -102.879385 5.374891 -2.826666 1.284496 0.742341
25 41.283201 -168.704306 -19.484020 -2.941214 1.155717 0.810519
26 -44.388851 -225.826055 -30.620304 -0.289118 1.286413 -3.098037
27 -133.406552 -247.699591 4.238512 -0.047761 1.325670 3.035121
28 -233.899182 -214.352438 15.638263 0.864616 1.397036 -2.855518
29 -318.547640 -125.238735 9.603661 2.726975 1.346476 -1.363686
30 -387.061405 -43.941601 -23.129016 2.674455 1.319862 -1.320097
31 -424.740490 -6.696747 -36.675206 2.833706 1.192872 -1.153009
32 -468.189788 22.302492 -58.377602 2.833706 1.192872 -1.153009
time 7
0 0.000000 0.000000 0.000000 0.000000 -0.000000 0.000000
1 -402.244673 -123.610278 -12.235934 2.674431 1.390857 -1.104318
2 -402.244673 -123.610278 -12.235934 2.674431 1.390857 -1.104318
3 -391.135319 -108.803004 -13.732824 2.674431 1.390857 -1.104318
4 -364.483198 -73.279276 -17.323971 2.674431 1.390857 -1.104318
5 -224.798609 -254.713039 14.799264 0.574659 1.419372 -2.962688
6 -224.798609 -254.713039 14.799264 0.574659 1.419372 -2.962688
7 -217.752745 -237.597235 13.276512 0.574659 1.419372 -2.962688
8 -200.849209 -196.535190 9.623321 0.574659 1.419372 -2.962688
9 -33.839959 -242.525507 -27.231654 -0.381498 1.313906 -3.125592
10 -33.839959 -242.525507 -27.231654 -0.381498 1.313906 -3.125592
11 -40.802493 -225.398027 -25.474855 -0.381498 1.313906 -3.125592
12 -57.506111 -184.307970 -21.260169 -0.381498 1.313906 -3.125592
13 111.970950 -117.876433 4.098988 -2.805876 1.313808 0.818884
14 111.970950 -117.876433 4.098988 -2.805876 1.313808 0.818884
15 103.205486 -101.577290 5.654101 -2.805876 1.313808 0.818884
16 82.176507 -62.474474 9.384930 -2.805876 1.313808 0.818884
17 333.005493 -23.412352 1.583794 -0.757743 1.506183 2.685877
18 0.717408 -0.042168 -0.096501 0.000065 -0.000123 0.000082
19 326.934990 -23.313646 1.939594 -0.785568 1.504303 2.712499
20 292.931204 -35.899435 3.498524 -0.790371 1.504605 2.707931
21 255.857041 -48.204902 5.389748 -0.760341 1.502686 2.735948
22 219.418227 -62.709212 7.283436 -0.894578 1.502780 2.738431
23 182.999751 -85.780451 9.013945 -2.398063 1.488277 1.187207
24 111.464003 -118.007388 4.082837 -2.802313 1.313434 0.822258
25 47.568352 -183.646620 -17.811874 -2.904272 1.199455 0.878815
26 -34.296030 -242.707988 -27.143812 -0.381089 1.314221 -3.125139
27 -123.968449 -272.835734 4.129125 -0.199834 1.344485 2.998632
28 -226.689273 -254.882903 15.355794 0.560419 1.419469 -2.977232
29 -324.635298 -186.393620 14.313590 2.718823 1.419543 -1.145140
30 -408.504404 -120.887393 -9.953749 2.691224 1.395885 -1.089201
31 -456.583525 -88.647630 -20.650605 2.873802 1.280451 -0.901909
32 -511.843576 -61.431171 -40.424141 2.873802 1.280451 -0.901909
time 8
0 0.000000 0.000000 0.000000 0.000000 -0.000000 0.000000
1 -417.402710 -203.308288 -1.442980 2.812734 1.459318 -0.751489
2 -417.402710 -203.308288 -1.442980 2.812734 1.459318 -0.751489
3 -409.758923 -186.398709 -2.110472 2.812734 1.459318 -0.751489
4 -391.420928 -145.831410 -3.711835 2.812734 1.459318 -0.751489
5 -215.683060 -295.050903 13.851803 0.227306 1.435305 -3.127451
6 -215.683060 -295.050903 13.851803 0.227306 1.435305 -3.127451
7 -211.793045 -276.903604 13.286361 0.227306 1.435305 -3.127451
8 -202.460618 -233.366927 11.929826 0.227306 1.435305 -3.127451
9 -23.291951 -259.186310 -23.901716 -0.488487 1.340801 3.115235
10 -23.291951 -259.186310 -23.901716 -0.488487 1.340801 3.115235
11 -31.342117 -242.570807 -21.914712 -0.488487 1.340801 3.115235
12 -50.655047 -202.709022 -17.147748 -0.488487 1.340801 3.115235
13 117.105012 -132.857003 2.778605 -2.773759 1.342403 0.906546
14 117.105012 -132.857003 2.778605 -2.773759 1.342403 0.906546
15 107.471941 -117.056776 4.291007 -2.773759 1.342403 0.906546
16 84.361534 -79.150879 7.919369 -2.773759 1.342403 0.906546
17 333.005493 -23.793341 1.265208 -0.889452 1.510535 2.618444
18 0.024334 -0.028256 -0.039983 0.000030 -0.000082 0.000072
19 326.799532 -23.742815 1.591434 -0.916564 1.508549 2.656355
20 293.819495 -38.836729 2.819507 -0.927657 1.509066 2.645363
21 257.842754 -54.081085 4.340402 -0.891740 1.507417 2.679271
22 222.513749 -71.173069 5.863450 -1.004081 1.507544 2.683089
23 186.384140 -96.127026 7.266653 -2.356970 1.492239 1.289504
24 117.106522 -132.848753 2.746973 -2.774478 1.342381 0.905738
25 54.740308 -198.290220 -16.204799 -2.864701 1.243418 0.950114
26 -23.314582 -259.148881 -23.919046 -0.487347 1.340912 3.116101
27 -112.886343 -297.497752 3.477390 -0.361761 1.362648 2.951848
28 -215.706798 -294.965020 13.823503 0.229180 1.435354 -3.125762
29 -322.349592 -249.263922 15.968434 2.826823 1.480587 -0.808563
30 -417.393078 -203.213151 -1.497151 2.811547 1.459159 -0.752864
31 -475.122288 -179.200872 -9.599771 2.973443 1.353352 -0.588990
32 -542.841906 -158.141850 -26.837288 2.973443 1.353352 -0.588990
time 9
0 0.000000 0.000000 0.000000 0.000000 -0.000000 0.000000
1 -398.126802 -315.053062 -2.885026 -3.043093 1.506157 0.036082
2 -398.126802 -315.053062 -2.885026 -3.043093 1.506157 0.036082
3 -396.972149 -296.517505 -2.767052 -3.043093 1.506157 0.036082
4 -394.202054 -252.049369 -2.484024 -3.043093 1.506157 0.036082
5 -199.464171 -333.318840 7.877934 -0.213551 1.469241 3.002662
6 -199.464171 -333.318840 7.877934 -0.213551 1.469241 3.002662
7 -200.828644 -314.801472 8.276964 -0.213551 1.469241 3.002662
8 -204.102115 -270.376975 9.234265 -0.213551 1.469241 3.002662
9 -15.207701 -267.275330 -17.623367 -0.624353 1.402034 3.043964
10 -15.207701 -267.275330 -17.623367 -0.624353 1.402034 3.043964
11 -24.390343 -251.235764 -15.799872 -0.624353 1.402034 3.043964
12 -46.420163 -212.755691 -11.425177 -0.624353 1.402034 3.043964
13 123.569938 -146.381891 1.097516 -2.728863 1.401906 0.994581
14 123.569938 -146.381891 1.097516 -2.728863 1.401906 0.994581
15 113.305636 -130.954967 2.349672 -2.728863 1.401906 0.994581
16 88.680834 -93.944667 5.353686 -2.728863 1.401906 0.994581
17 333.005486 -23.967334 0.673548 -1.082094 1.519085 2.496809
18 0.877149 -0.072196 -0.091320 -0.000021 -0.000096 0.000125
19 326.681419 -24.101323 0.931379 -1.098616 1.517396 2.553443
20 294.978318 -41.749735 1.666491 -1.127381 1.518151 2.524515
21 260.483037 -60.149072 2.624806 -1.080307 1.516942 2.569577
22 226.461248 -79.802839 3.593423 -1.153759 1.517163 2.574111
23 189.969156 -105.820844 4.518825 -2.269149 1.505137 1.431343
24 123.103986 -146.615948 1.066856 -2.719962 1.401518 1.003480
25 59.365156 -208.009380 -12.177569 -2.794220 1.330896 1.019448
26 -15.447608 -267.381941 -17.164377 -0.626413 1.401617 3.040705
27 -103.961012 -314.463027 2.012288 -0.596894 1.411402 2.875029
28 -202.649574 -334.184979 8.587981 -0.295988 1.466237 2.918378
29 -312.176095 -326.768331 11.011640 -2.526018 1.518318 0.500805
30 -414.386836 -316.814252 0.478013 -2.720867 1.505168 0.353750
31 -482.064434 -312.269880 -4.833994 -2.955544 1.425484 0.117959
32 -563.852210 -311.193211 -17.196467 -2.955544 1.425484 0.117959
time 10
0 0.000000 0.000000 0.000000 0.000000 -0.000000 0.000000
1 -378.850898 -426.797738 -4.327060 -2.162614 1.497893 1.276457
2 -378.850898 -426.797738 -4.327060 -2.162614 1.497893 1.276457
3 -384.305434 -409.085271 -3.204238 -2.162614 1.497893 1.276457
4 -397.391209 -366.591797 -0.510505 -2.162614 1.497893 1.276457
5 -183.245285 -371.586731 1.904065 -0.863691 1.489112 2.639886
6 -183.245285 -371.586731 1.904065 -0.863691 1.489112 2.639886
7 -189.780047 -354.244180 3.056244 -0.863691 1.489112 2.639886
8 -205.457412 -312.638153 5.820403 -0.863691 1.489112 2.639886
9 -7.123451 -275.364380 -11.345019 -0.871488 1.459682 2.861131
10 -7.123451 -275.364380 -11.345019 -0.871488 1.459682 2.861131
11 -17.386446 -259.969908 -9.768761 -0.871488 1.459682 2.861131
12 -42.008108 -223.037463 -5.987206 -0.871488 1.459682 2.861131
13 130.034879 -159.906788 -0.583575 -2.613643 1.459991 1.152777
14 130.034879 -159.906788 -0.583575 -2.613643 1.459991 1.152777
15 119.149372 -144.899513 0.451387 -2.613643 1.459991 1.152777
16 93.034259 -108.895979 2.934335 -2.613643 1.459991 1.152777
17 333.005493 -24.141359 0.081887 -1.329429 1.525950 2.320466
18 0.022000 -0.052190 -0.016778 -0.000039 -0.000101 0.000146
19 326.560542 -24.477544 0.268364 -1.330284 1.524927 2.400890
20 296.340802 -44.571046 0.518414 -1.384829 1.525470 2.345921
21 263.609385 -65.981888 0.923358 -1.325279 1.524895 2.403457
22 231.089819 -88.096024 1.344852 -1.360669 1.525224 2.407866
23 194.272032 -115.247615 1.760294 -2.138959 1.517471 1.615404
24 130.064574 -159.942724 -0.609576 -2.615138 1.460058 1.151339
25 64.708413 -217.282003 -8.422974 -2.690911 1.418537 1.122207
26 -7.083143 -275.409480 -11.366156 -0.870518 1.460006 2.862209
27 -93.102561 -331.068014 -0.604939 -0.912643 1.460497 2.719193
28 -183.187492 -371.653112 1.879082 -0.861635 1.489353 2.642198
29 -283.082193 -400.487230 2.250709 -2.019477 1.502260 1.394808
30 -378.766048 -426.923472 -4.345316 -2.163075 1.498169 1.276307
31 -448.959658 -446.804453 -8.164479 -2.587392 1.456147 0.850270
32 -536.977638 -474.739752 -16.080448 -2.587392 1.456147 0.850270
time 11
0 0.000000 0.000000 0.000000 0.000000 -0.000000 0.000000
1 -344.600952 -474.784729 -6.374457 -2.106931 1.510345 1.530619
2 -344.600952 -474.784729 -6.374457 -2.106931 1.510345 1.530619
3 -353.439969 -458.479671 -5.409881 -2.106931 1.510345 1.530619
4 -374.645405 -419.362662 -3.095794 -2.106931 1.510345 1.530619
5 -170.873962 -387.440063 -1.246089 -1.069543 1.511319 2.588858
6 -170.873962 -387.440063 -1.246089 -1.069543 1.511319 2.588858
7 -180.025941 -371.308798 -0.277939 -1.069543 1.511319 2.588858
8 -201.982197 -332.608731 2.044724 -1.069543 1.511319 2.588858
9 -3.944643 -277.522698 -8.716564 -1.016006 1.497509 2.750315
10 -3.944643 -277.522698 -8.716564 -1.016006 1.497509 2.750315
11 -14.767728 -262.474819 -7.560668 -1.016006 1.497509 2.750315
12 -40.733089 -226.373872 -4.787590 -1.016006 1.497509 2.750315
13 133.497658 -165.674982 -1.244366 -2.495301 1.493003 1.287580
14 133.497658 -165.674982 -1.244366 -2.495301 1.493003 1.287580
15 122.378003 -150.825351 -0.375158 -2.495301 1.493003 1.287580
16 95.701149 -115.200019 1.710133 -2.495301 1.493003 1.287580
17 333.005493 -24.182821 -0.236699 -1.474479 1.529308 2.208827
18 0.195593 -0.025908 -0.023709 -0.000071 -0.000067 0.000125
19 326.512946 -24.637026 -0.090860 -1.464906 1.528725 2.302921
20 297.044833 -45.820053 -0.076128 -1.535300 1.528936 2.231793
21 265.219791 -68.616521 0.072262 -1.469383 1.528753 2.295691
22 233.435233 -91.817712 0.228259 -1.484691 1.529167 2.299554
23 196.273728 -119.266097 0.389455 -2.021923 1.524510 1.755169
24 133.414257 -165.751698 -1.263643 -2.491727 1.492889 1.291275
25 66.707987 -220.468863 -6.281913 -2.593731 1.468159 1.212399
26 -3.948845 -277.533429 -8.584080 -1.017904 1.497572 2.747722
27 -88.071130 -337.268084 -2.183812 -1.073959 1.496601 2.641369
28 -171.659374 -387.793207 -1.438085 -1.113885 1.509980 2.543923
29 -261.481957 -433.433937 -2.214281 -2.012098 1.505961 1.612359
30 -348.345353 -477.474951 -7.192843 -2.089416 1.504089 1.547597
31 -416.403209 -510.743732 -10.316639 -2.490213 1.475163 1.145551
32 -502.482173 -556.338716 -15.418090 -2.490213 1.475163 1.145551
time 12
0 0.000000 0.000000 0.000000 0.000000 -0.000000 0.000000
1 -310.351048 -522.771697 -8.421851 -1.977313 1.521279 1.858692
2 -310.351048 -522.771697 -8.421851 -1.977313 1.521279 1.858692
3 -322.227969 -508.524036 -7.576958 -1.977313 1.521279 1.858692
4 -350.721556 -474.342871 -5.549998 -1.977313 1.521279 1.858692
5 -158.502625 -403.293427 -4.396244 -1.418039 1.531803 2.395105
6 -158.502625 -403.293427 -4.396244 -1.418039 1.531803 2.395105
7 -170.047227 -388.764888 -3.680511 -1.418039 1.531803 2.395105
8 -197.743561 -353.909877 -1.963416 -1.418039 1.531803 2.395105
9 -0.765854 -279.681000 -6.088109 -1.403312 1.531848 2.396717
10 -0.765854 -279.681000 -6.088109 -1.403312 1.531848 2.396717
11 -12.117889 -265.003910 -5.374614 -1.403312 1.531848 2.396717
12 -39.352237 -229.792516 -3.662888 -1.403312 1.531848 2.396717
13 136.960419 -171.443190 -1.905160 -2.206816 1.523108 1.592568
14 136.960419 -171.443190 -1.905160 -2.206816 1.523108 1.592568
15 125.608523 -156.767366 -1.192338 -2.206816 1.523108 1.592568
16 98.374510 -121.559010 0.517771 -2.206816 1.523108 1.592568
17 333.005493 -24.224283 -0.555286 -1.639173 1.531880 2.077543
18 0.041379 -0.013797 -0.008078 -0.000056 -0.000016 0.000058
19 326.467580 -24.800671 -0.450881 -1.620017 1.531880 2.184454
20 297.795189 -47.046360 -0.667296 -1.706122 1.531565 2.097306
21 266.939010 -71.191809 -0.770156 -1.635727 1.531834 2.165678
22 235.930916 -95.457079 -0.876115 -1.631911 1.532329 2.168031
23 198.431637 -123.221121 -0.979035 -1.864708 1.530679 1.935055
24 136.976103 -171.452982 -1.909728 -2.206525 1.523072 1.592918
25 68.869407 -223.540289 -4.241918 -2.360112 1.516269 1.439132
26 -0.734093 -279.704518 -6.084890 -1.404669 1.531864 2.395442
27 -82.463216 -343.569924 -3.931656 -1.404669 1.531864 2.395442
28 -158.452530 -403.332131 -4.388404 -1.417730 1.531864 2.395442
29 -235.427961 -463.476900 -5.590609 -1.977703 1.521359 1.858293
30 -310.289687 -522.817200 -8.407100 -1.977703 1.521359 1.858293
31 -373.482902 -569.521153 -10.375487 -2.390043 1.504280 1.445294
32 -453.748723 -633.151247 -11.865242 -2.390043 1.504280 1.445294
time 13
0 0.000000 0.000000 0.000000 0.000000 -0.000000 0.000000
1 -318.924835 -512.343018 -6.649694 -1.922531 1.520206 1.913999
2 -318.924835 -512.343018 -6.649694 -1.922531 1.520206 1.913999
3 -330.809571 -498.099120 -5.768036 -1.922531 1.520206 1.913999
4 -359.321943 -463.926942 -3.652873 -1.922531 1.520206 1.913999
5 -165.972684 -394.222703 -3.063490 -1.374782 1.530785 2.438229
6 -165.972684 -394.222703 -3.063490 -1.374782 1.530785 2.438229
7 -177.515062 -379.691481 -2.334836 -1.374782 1.530785 2.438229
8 -205.206058 -344.830033 -0.586742 -1.374782 1.530785 2.438229
9 -2.932515 -277.800512 -5.601589 -1.366727 1.529445 2.433247
10 -2.932515 -277.800512 -5.601589 -1.366727 1.529445 2.433247
11 -14.283662 -263.120593 -4.849765 -1.366727 1.529445 2.433247
12 -41.515880 -227.902411 -3.046084 -1.366727 1.529445 2.433247
13 136.948897 -171.735827 -1.442097 -2.171098 1.523973 1.627921
14 136.948897 -171.735827 -1.442097 -2.171098 1.523973 1.627921
15 125.600929 -157.051720 -0.724793 -2.171098 1.523973 1.627921
16 98.376338 -121.823489 0.996071 -2.171098 1.523973 1.627921
17 333.047882 -24.193865 -0.481189 -1.639208 1.531882 2.077508
18 0.000536 0.008455 -0.008539 -0.000082 -0.000026 0.000083
19 326.509262 -24.769834 -0.376777 -1.620045 1.531883 2.184428
20 297.854967 -47.075358 -0.595621 -1.691933 1.531085 2.111324
21 266.883609 -71.319968 -0.651556 -1.622915 1.531500 2.178685
22 235.868879 -95.602083 -0.738348 -1.617411 1.532119 2.182605
23 198.407225 -123.208071 -0.781693 -1.835425 1.530828 1.964118
24 136.956566 -171.745884 -1.440853 -2.170483 1.524061 1.628753
25 68.672670 -223.998102 -3.780551 -2.305899 1.516764 1.494144
26 -2.907585 -277.829121 -5.589450 -1.364203 1.529595 2.436008
27 -87.144734 -338.467281 -3.028991 -1.377465 1.531571 2.422735
28 -165.926686 -394.282325 -3.042807 -1.373188 1.530938 2.440026
29 -244.315811 -452.317130 -3.847445 -1.947166 1.521031 1.889948
30 -318.862188 -512.426796 -6.618860 -1.923916 1.520424 1.912860
31 -382.969168 -558.401905 -8.490875 -2.357292 1.505128 1.478177
32 -462.773132 -622.501333 -9.643942 -2.357292 1.505128 1.478177
time 14
0 0.000000 0.000000 0.000000 0.000000 -0.000000 0.000000
1 -327.498672 -501.914350 -4.877538 -1.870153 1.519059 1.966972
2 -327.498672 -501.914350 -4.877538 -1.870153 1.519059 1.966972
3 -339.388394 -487.681777 -3.959299 -1.870153 1.519059 1.966972
4 -367.912677 -453.536828 -1.756379 -1.870153 1.519059 1.966972
5 -173.442780 -385.152008 -1.730736 -1.333273 1.529727 2.479639
6 -173.442780 -385.152008 -1.730736 -1.333273 1.529727 2.479639
7 -184.981555 -370.621973 -0.989251 -1.333273 1.529727 2.479639
8 -212.663909 -335.763372 0.789626 -1.333273 1.529727 2.479639
9 -5.099153 -275.920093 -5.115072 -1.333466 1.527045 2.466511
10 -5.099153 -275.920093 -5.115072 -1.333466 1.527045 2.466511
11 -16.447003 -261.244114 -4.325077 -1.333466 1.527045 2.466511
12 -43.671317 -226.035419 -2.429823 -1.333466 1.527045 2.466511
13 136.937303 -172.028393 -0.979030 -2.134507 1.524850 1.664219
14 136.937303 -172.028393 -0.979030 -2.134507 1.524850 1.664219
15 125.596118 -157.344336 -0.257434 -2.134507 1.524850 1.664219
16 98.387799 -122.116225 1.473724 -2.134507 1.524850 1.664219
17 333.090250 -24.163461 -0.407094 -1.639173 1.531880 2.077543
18 0.041422 -0.013816 -0.008056 -0.000056 -0.000016 0.000058
19 326.552380 -24.739821 -0.302689 -1.620017 1.531880 2.184454
20 297.920001 -47.107132 -0.523931 -1.678005 1.530594 2.125076
21 266.837501 -71.453009 -0.532796 -1.610272 1.531156 2.191520
22 235.820330 -95.754162 -0.600431 -1.603021 1.531897 2.197066
23 198.401541 -123.204835 -0.584327 -1.805833 1.530939 1.993487
24 136.964294 -172.052614 -0.971372 -2.132781 1.524986 1.666245
25 68.512067 -224.474731 -3.316715 -2.250668 1.517094 1.550170
26 -5.039783 -275.981165 -5.079595 -1.328080 1.527260 2.472224
27 -91.772375 -333.398748 -2.097287 -1.350752 1.531245 2.449532
28 -173.335825 -385.272474 -1.668054 -1.330818 1.529932 2.482432
29 -253.127277 -441.202406 -2.073010 -1.917018 1.520650 1.921201
30 -327.347499 -502.085210 -4.799455 -1.872197 1.519342 1.965347
31 -392.360753 -547.337216 -6.569262 -2.323640 1.505904 1.511953
32 -471.691626 -611.910325 -7.386732 -2.323640 1.505904 1.511953
time 15
0 0.000000 0.000000 0.000000 0.000000 -0.000000 0.000000
1 -324.975372 -504.661316 -4.111893 -1.847176 1.518822 1.990147
2 -324.975372 -504.661316 -4.111893 -1.847176 1.518822 1.990147
3 -336.869112 -490.427869 -3.183675 -1.847176 1.518822 1.990147
4 -365.403051 -456.280806 -0.956813 -1.847176 1.518822 1.990147
5 -171.241960 -387.581958 -1.231980 -1.315900 1.528860 2.497044
6 -171.241960 -387.581958 -1.231980 -1.315900 1.528860 2.497044
7 -182.781845 -373.050027 -0.478538 -1.315900 1.528860 2.497044
8 -210.466859 -338.186879 1.329024 -1.315900 1.528860 2.497044
9 -4.367416 -276.610657 -4.610120 -1.315619 1.526501 2.484055
10 -4.367416 -276.610657 -4.610120 -1.315619 1.526501 2.484055
11 -15.712012 -261.927988 -3.814378 -1.315619 1.526501 2.484055
12 -42.928513 -226.703208 -1.905336 -1.315619 1.526501 2.484055
13 137.060819 -172.160936 -0.765132 -2.120708 1.524824 1.677669
14 137.060819 -172.160936 -0.765132 -2.120708 1.524824 1.677669
15 125.723113 -157.469412 -0.037477 -2.120708 1.524824 1.677669
16 98.523139 -122.223388 1.708217 -2.120708 1.524824 1.677669
17 333.132629 -24.133028 -0.332997 -1.639208 1.531882 2.077508
18 0.000521 0.008425 -0.008536 -0.000082 -0.000026 0.000083
19 326.594000 -24.708983 -0.228585 -1.620045 1.531883 2.184428
20 297.979826 -47.136213 -0.452331 -1.665979 1.530093 2.136931
21 266.793801 -71.558126 -0.426312 -1.596379 1.530811 2.205610
22 235.773201 -95.881168 -0.471897 -1.588883 1.531610 2.211340
23 198.445877 -123.243420 -0.399763 -1.788192 1.530917 2.010899
24 137.069561 -172.171847 -0.762287 -2.119988 1.524993 1.678683
25 68.726861 -224.502178 -3.032883 -2.241013 1.517349 1.559404
26 -4.338390 -276.649225 -4.583564 -1.310906 1.526688 2.489052
27 -90.398317 -334.832190 -1.586885 -1.330177 1.530423 2.469886
28 -171.184803 -387.661061 -1.178078 -1.312117 1.529026 2.501096
29 -250.585864 -444.165454 -1.482561 -1.888958 1.520444 1.949097
30 -324.893921 -504.773031 -4.038629 -1.848275 1.519158 1.989405
31 -389.767412 -550.324286 -5.727479 -2.300914 1.506220 1.535119
32 -469.071481 -614.813047 -6.467590 -2.300914 1.506220 1.535119
time 16
0 0.000000 0.000000 0.000000 0.000000 -0.000000 0.000000
1 -322.452080 -507.408273 -3.346246 -1.824325 1.518630 2.013266
2 -322.452080 -507.408273 -3.346246 -1.824325 1.518630 2.013266
3 -334.347070 -493.181560 -2.408260 -1.824325 1.518630 2.013266
4 -362.884006 -459.050653 -0.157966 -1.824325 1.518630 2.013266
5 -169.041153 -390.011871 -0.733222 -1.298521 1.528027 2.514506
6 -169.041153 -390.011871 -0.733222 -1.298521 1.528027 2.514506
7 -180.580068 -375.483912 0.032044 -1.298521 1.528027 2.514506
8 -208.262817 -340.630339 1.867973 -1.298521 1.528027 2.514506
9 -3.635671 -277.301244 -4.105169 -1.297486 1.525993 2.501941
10 -3.635671 -277.301244 -4.105169 -1.297486 1.525993 2.501941
11 -14.974804 -262.618339 -3.303840 -1.297486 1.525993 2.501941
12 -42.178205 -227.393024 -1.381391 -1.297486 1.525993 2.501941
13 137.184310 -172.293457 -0.551233 -2.107335 1.524871 1.690772
14 137.184310 -172.293457 -0.551233 -2.107335 1.524871 1.690772
15 125.853189 -157.603561 0.182277 -2.107335 1.524871 1.690772
16 98.668989 -122.361431 1.942023 -2.107335 1.524871 1.690772
17 333.174988 -24.102610 -0.258902 -1.639173 1.531880 2.077543
18 0.041383 -0.013869 -0.008026 -0.000056 -0.000016 0.000058
19 326.637042 -24.678978 -0.154495 -1.620017 1.531880 2.184454
20 298.044795 -47.168028 -0.380713 -1.654177 1.529583 2.148556
21 266.759388 -71.668122 -0.319728 -1.582687 1.530454 2.219494
22 235.739458 -96.015225 -0.343297 -1.574915 1.531311 2.225441
23 198.508872 -123.291797 -0.215344 -1.770473 1.530878 2.028385
24 137.201442 -172.305115 -0.553254 -2.107046 1.524990 1.691266
25 68.977698 -224.548607 -2.748362 -2.231119 1.517601 1.568875
26 -3.591089 -277.342080 -4.086181 -1.294263 1.526101 2.505346
27 -88.966084 -336.297517 -1.077515 -1.310523 1.529582 2.489315
28 -168.964091 -390.088237 -0.691372 -1.294318 1.528102 2.518851
29 -247.963493 -447.173011 -0.896734 -1.861156 1.520194 1.976727
30 -322.349671 -507.510046 -3.282034 -1.824560 1.518941 2.013249
31 -387.074230 -553.364992 -4.889936 -2.277936 1.506497 1.558531
32 -466.341577 -617.774485 -5.552903 -2.277936 1.506497 1.558531
time 17
0 0.000000 0.000000 0.000000 0.000000 -0.000000 0.000000
1 -318.011169 -512.401794 -3.247962 -1.810101 1.518385 2.027960
2 -318.011169 -512.401794 -3.247962 -1.810101 1.518385 2.027960
3 -329.914315 -498.177322 -2.302751 -1.810101 1.518385 2.027960
4 -358.470847 -464.051754 -0.035123 -1.810101 1.518385 2.027960
5 -165.214844 -394.403900 -0.817847 -1.294408 1.527231 2.518782
6 -165.214844 -394.403900 -0.817847 -1.294408 1.527231 2.518783
7 -176.757175 -379.875211 -0.039712 -1.294408 1.527231 2.518783
8 -204.448059 -345.019840 1.827089 -1.294408 1.527231 2.518783
9 -2.510867 -278.411584 -3.887592 -1.292051 1.525799 2.506900
10 -2.510867 -278.411584 -3.887592 -1.292051 1.525799 2.506900
11 -13.844228 -263.720645 -3.084429 -1.292051 1.525799 2.506900
12 -41.033784 -228.475999 -1.157584 -1.292051 1.525799 2.506900
13 137.182244 -172.374212 -0.643749 -2.109670 1.524403 1.687875
14 137.182244 -172.374212 -0.643749 -2.109670 1.524403 1.687875
15 125.857016 -157.673654 0.095497 -2.109670 1.524403 1.687875
16 98.686978 -122.405959 1.869002 -2.109670 1.524403 1.687875
17 333.173025 -24.104014 -0.262352 -1.639208 1.531882 2.077508
18 0.000494 0.008402 -0.008535 -0.000082 -0.000026 0.000083
19 326.634396 -24.679970 -0.157939 -1.620045 1.531883 2.184428
20 298.041826 -47.163496 -0.387273 -1.654156 1.529645 2.148396
21 266.763032 -71.646526 -0.382686 -1.574782 1.530458 2.227041
22 235.728502 -96.001444 -0.392557 -1.568442 1.531374 2.231616
23 198.447193 -123.314227 -0.253761 -1.768066 1.530714 2.030735
24 137.195289 -172.390636 -0.639292 -2.108366 1.524525 1.689514
25 69.174822 -224.456121 -2.795361 -2.235911 1.517554 1.563646
26 -2.469002 -278.464932 -3.854683 -1.286891 1.525878 2.512417
27 -86.576147 -338.874739 -0.956002 -1.303431 1.528802 2.496411
28 -165.137428 -394.504121 -0.746198 -1.289645 1.527331 2.523834
29 -243.387020 -452.685151 -0.948625 -1.838857 1.519913 1.999095
30 -317.907269 -512.537273 -3.146242 -1.808863 1.518741 2.029496
31 -382.278126 -558.903287 -4.711065 -2.257562 1.506621 1.579948
32 -461.538687 -623.203657 -5.369126 -2.257562 1.506621 1.579948
time 18
0 0.000000 0.000000 0.000000 0.000000 -0.000000 0.000000
1 -313.570282 -517.395325 -3.149678 -1.795883 1.518200 2.042716
2 -313.570282 -517.395325 -3.149678 -1.795883 1.518200 2.042716
3 -325.478888 -503.180498 -2.197449 -1.795883 1.518200 2.042716
4 -354.048492 -469.078104 0.087018 -1.795883 1.518200 2.042716
5 -161.388536 -398.795947 -0.902473 -1.289619 1.526488 2.523796
6 -161.388536 -398.795947 -0.902473 -1.289619 1.526488 2.523796
7 -172.931824 -384.273492 -0.111634 -1.289619 1.526488 2.523796
8 -200.625013 -349.433028 1.785648 -1.289619 1.526488 2.523796
9 -1.386062 -279.521923 -3.670015 -1.285910 1.525654 2.512622
10 -1.386062 -279.521923 -3.670015 -1.285910 1.525654 2.512623
11 -12.711373 -264.829627 -2.865182 -1.285910 1.525654 2.512623
12 -39.881608 -229.581754 -0.934328 -1.285910 1.525654 2.512623
13 137.180190 -172.454972 -0.736265 -2.112227 1.523988 1.684808
14 137.180190 -172.454972 -0.736265 -2.112227 1.523988 1.684808
15 125.862923 -157.749826 0.008586 -2.112227 1.523988 1.684808
16 98.711976 -122.471129 1.795538 -2.112227 1.523988 1.684808
17 333.171082 -24.105444 -0.265804 -1.639173 1.531880 2.077543
18 0.041375 -0.013819 -0.008031 -0.000056 -0.000016 0.000058
19 326.633141 -24.681789 -0.161398 -1.620017 1.531880 2.184454
20 298.044054 -47.161718 -0.393813 -1.654070 1.529704 2.148296
21 266.775949 -71.629881 -0.445652 -1.566839 1.530455 2.234623
22 235.730984 -95.994753 -0.441868 -1.561912 1.531431 2.237844
23 198.404110 -123.346421 -0.292296 -1.765579 1.530546 2.033161
24 137.215764 -172.490110 -0.725356 -2.109514 1.524058 1.687931
25 69.407856 -224.382693 -2.841390 -2.240542 1.517506 1.558573
26 -1.302499 -279.612855 -3.621153 -1.279649 1.525649 2.519354
27 -84.130809 -341.484067 -0.834359 -1.296658 1.528016 2.503183
28 -161.244425 -398.957715 -0.804531 -1.285208 1.526555 2.528573
29 -238.732949 -458.240115 -1.006138 -1.816783 1.519604 2.021230
30 -313.377679 -517.612172 -3.015510 -1.793274 1.518524 2.045626
31 -377.385368 -564.493186 -4.537365 -2.237047 1.506716 1.601500
32 -456.629657 -628.689502 -5.190354 -2.237047 1.506716 1.601500
time 19
0 0.000000 0.000000 0.000000 0.000000 -0.000000 0.000000
1 -311.260742 -520.073608 -3.300489 -1.791869 1.517833 2.046848
2 -311.260742 -520.073608 -3.300489 -1.791869 1.517833 2.046848
3 -323.172531 -505.857311 -2.341250 -1.791869 1.517833 2.046848
4 -351.749769 -471.751391 -0.039966 -1.791869 1.517833 2.046848
5 -159.400102 -401.164569 -1.112157 -1.293394 1.525876 2.520042
6 -159.400102 -401.164569 -1.112157 -1.293394 1.525876 2.520042
7 -170.945138 -386.639328 -0.310065 -1.293394 1.525876 2.520042
8 -198.642512 -351.792232 1.614212 -1.293394 1.525876 2.520042
9 -0.847980 -280.118164 -3.675655 -1.287920 1.525364 2.510307
10 -0.847980 -280.118164 -3.675655 -1.287920 1.525364 2.510307
11 -12.170402 -265.419164 -2.865698 -1.287920 1.525364 2.510307
12 -39.333705 -230.155205 -0.922553 -1.287920 1.525364 2.510307
13 137.121487 -172.508625 -0.891141 -2.113970 1.523384 1.682755
14 137.121487 -172.508625 -0.891141 -2.113970 1.523384 1.682755
15 125.808309 -157.799509 -0.137615 -2.113970 1.523384 1.682755
16 98.667181 -122.511280 1.670147 -2.113970 1.523384 1.682755
17 333.165640 -24.109313 -0.275268 -1.639208 1.531882 2.077508
18 0.000507 0.008448 -0.008535 -0.000082 -0.000026 0.000083
19 326.627011 -24.685268 -0.170854 -1.620045 1.531883 2.184428
20 298.039856 -47.152281 -0.411036 -1.655600 1.529823 2.146524
21 266.785546 -71.589572 -0.570066 -1.560127 1.530515 2.240670
22 235.720505 -95.954243 -0.554272 -1.556621 1.531552 2.242530
23 198.300554 -123.379939 -0.397162 -1.768066 1.530155 2.030428
24 137.132964 -172.523170 -0.884486 -2.112342 1.523479 1.684666
25 69.420367 -224.302622 -2.988637 -2.245104 1.517154 1.553508
26 -0.809381 -280.167178 -3.643963 -1.283029 1.525501 2.515542
27 -82.976380 -342.798865 -0.954458 -1.299907 1.527481 2.499687
28 -159.328802 -401.254849 -1.047381 -1.290080 1.526041 2.523576
29 -236.433347 -461.102743 -1.280438 -1.810299 1.519238 2.027408
30 -311.172690 -520.185535 -3.217739 -1.791230 1.518231 2.047603
31 -375.001109 -567.310291 -4.736634 -2.229286 1.506412 1.609501
32 -454.297433 -631.392343 -5.424016 -2.229286 1.506412 1.609501
time 20
0 0.000000 0.000000 0.000000 0.000000 -0.000000 0.000000
1 -308.951248 -522.751936 -3.451296 -1.787744 1.517551 2.051174
2 -308.951248 -522.751936 -3.451296 -1.787744 1.517551 2.051174
3 -320.862986 -508.543067 -2.485308 -1.787744 1.517551 2.051174
4 -349.440104 -474.454969 -0.167835 -1.787744 1.517551 2.051174
5 -157.411667 -403.533142 -1.321842 -1.296113 1.525328 2.517420
6 -157.411667 -403.533142 -1.321842 -1.296113 1.525328 2.517420
7 -168.955523 -389.013508 -0.508702 -1.296113 1.525328 2.517420
8 -196.650034 -354.179864 1.442080 -1.296113 1.525328 2.517420
9 -0.309875 -280.714447 -3.681295 -1.289105 1.525128 2.508879
10 -0.309875 -280.714447 -3.681295 -1.289105 1.525128 2.508879
11 -11.626934 -266.016002 -2.866392 -1.289105 1.525128 2.508879
12 -38.777369 -230.753342 -0.911382 -1.289105 1.525128 2.508879
13 137.062762 -172.562254 -1.046016 -2.115881 1.522822 1.680577
14 137.062762 -172.562254 -1.046016 -2.115881 1.522822 1.680577
15 125.755310 -157.853992 -0.283923 -2.115881 1.522822 1.680577
16 98.627918 -122.567814 1.544392 -2.115881 1.522822 1.680577
17 333.160293 -24.113203 -0.284732 -1.639173 1.531880 2.077543
18 0.041455 -0.013790 -0.008032 -0.000056 -0.000016 0.000058
19 326.622370 -24.689577 -0.180328 -1.620017 1.531880 2.184454
20 298.040978 -47.145597 -0.428239 -1.657072 1.529938 2.144804
21 266.804660 -71.554193 -0.694432 -1.553364 1.530569 2.246765
22 235.723698 -95.920840 -0.666688 -1.551266 1.531668 2.247276
23 198.215757 -123.423204 -0.502097 -1.770412 1.529761 2.027833
24 137.076967 -172.570167 -1.043559 -2.114968 1.522899 1.681602
25 69.468878 -224.241498 -3.134903 -2.249461 1.516801 1.548646
26 -0.271846 -280.745889 -3.665469 -1.286412 1.525350 2.511725
27 -81.767006 -344.144423 -1.074754 -1.303099 1.526941 2.496243
28 -157.348514 -403.588460 -1.292077 -1.294868 1.525522 2.518657
29 -234.059042 -464.006991 -1.557586 -1.803833 1.518869 2.033559
30 -308.883372 -522.805450 -3.422038 -1.789145 1.517935 2.049611
31 -372.523879 -570.178376 -4.937701 -2.221505 1.506105 1.617512
32 -451.862534 -634.150964 -5.658889 -2.221505 1.506105 1.617512
time 21
0 0.000000 0.000000 0.000000 0.000000 -0.000000 0.000000
1 -309.029480 -522.728210 -3.682127 -1.792979 1.517362 2.045698
2 -309.029480 -522.728210 -3.682127 -1.792979 1.517362 2.045698
3 -320.940512 -508.511843 -2.714605 -1.792979 1.517362 2.045698
4 -349.515934 -474.405753 -0.393449 -1.792979 1.517362 2.045698
5 -157.464417 -403.534973 -1.496804 -1.302169 1.525154 2.511227
6 -157.464417 -403.534973 -1.496804 -1.302169 1.525154 2.511227
7 -169.008445 -389.009760 -0.679820 -1.302169 1.525154 2.511227
8 -196.703419 -354.162741 1.280182 -1.302169 1.525154 2.511227
9 -0.351051 -280.702026 -3.822615 -1.293631 1.525129 2.504242
10 -0.351051 -280.702026 -3.822615 -1.293631 1.525129 2.504242
11 -11.668140 -265.999230 -3.007140 -1.293631 1.525129 2.504242
12 -38.818650 -230.726164 -1.050758 -1.293631 1.525129 2.504242
13 137.036229 -172.577328 -1.154727 -2.116472 1.522558 1.679913
14 137.036229 -172.577328 -1.154727 -2.116472 1.522558 1.679913
15 125.728089 -157.864962 -0.389258 -2.116472 1.522558 1.679913
16 98.599047 -122.568936 1.447157 -2.116472 1.522558 1.679913
17 333.152161 -24.119017 -0.298872 -1.639208 1.531882 2.077508
18 0.000511 0.008440 -0.008535 -0.000082 -0.000026 0.000083
19 326.613541 -24.694986 -0.194460 -1.620045 1.531883 2.184428
20 298.035038 -47.133146 -0.452900 -1.658666 1.529995 2.143149
21 266.808177 -71.528382 -0.778149 -1.551595 1.530631 2.248292
22 235.718842 -95.907716 -0.746213 -1.549414 1.531790 2.248887
23 198.163403 -123.475399 -0.580198 -1.772429 1.529559 2.025755
24 137.039544 -172.581523 -1.150189 -2.115189 1.522681 1.681317
25 69.413178 -224.242869 -3.233134 -2.251309 1.516640 1.546609
26 -0.338131 -280.718648 -3.803095 -1.290562 1.525340 2.507449
27 -81.861287 -344.112695 -1.238918 -1.306783 1.526795 2.492434
28 -157.443474 -403.561426 -1.460582 -1.299799 1.525397 2.513600
29 -234.174996 -463.949839 -1.753526 -1.806433 1.518654 2.030712
30 -309.018229 -522.742123 -3.640627 -1.794258 1.517755 2.044249
31 -372.671948 -570.092310 -5.163855 -2.224156 1.505828 1.614610
32 -452.089576 -634.006848 -5.914771 -2.224156 1.505828 1.614610
time 22
0 0.000000 0.000000 0.000000 0.000000 -0.000000 0.000000
1 -309.107661 -522.704438 -3.912957 -1.798023 1.517258 2.040496
2 -309.107661 -522.704438 -3.912957 -1.798023 1.517258 2.040496
3 -321.014704 -508.489610 -2.944165 -1.798023 1.517258 2.040496
4 -349.580555 -474.387214 -0.619963 -1.798023 1.517258 2.040496
5 -157.517214 -403.536770 -1.671765 -1.307263 1.525042 2.506069
6 -157.517214 -403.536770 -1.671765 -1.307263 1.525042 2.506069
7 -169.058520 -389.014218 -0.851144 -1.307263 1.525042 2.506069
8 -196.747004 -354.173619 1.117590 -1.307263 1.525042 2.506069
9 -0.392227 -280.689575 -3.963935 -1.297192 1.525196 2.500646
10 -0.392227 -280.689575 -3.963935 -1.297192 1.525196 2.500646
11 -11.706330 -265.991295 -3.148105 -1.297192 1.525196 2.500646
12 -38.849678 -230.729063 -1.190871 -1.297192 1.525196 2.500646
13 137.009701 -172.592426 -1.263440 -2.117421 1.522367 1.678959
14 137.009701 -172.592426 -1.263440 -2.117422 1.522367 1.678959
15 125.703649 -157.884128 -0.494783 -2.117422 1.522367 1.678959
16 98.579619 -122.597865 1.349280 -2.117422 1.522367 1.678959
17 333.144043 -24.124823 -0.313012 -1.639173 1.531880 2.077543
18 0.041355 -0.013791 -0.008038 -0.000056 -0.000016 0.000058
19 326.606111 -24.701182 -0.208607 -1.620017 1.531880 2.184454
20 298.034315 -47.123444 -0.477531 -1.660197 1.530048 2.141554
21 266.821091 -71.507502 -0.861759 -1.549790 1.530688 2.249853
22 235.727502 -95.901682 -0.825700 -1.547519 1.531908 2.250537
23 198.129821 -123.537472 -0.658361 -1.774330 1.529355 2.023789
24 137.028830 -172.606970 -1.256682 -2.115277 1.522462 1.681163
25 69.393385 -224.263141 -3.330418 -2.253003 1.516480 1.544723
26 -0.359386 -280.715160 -3.939264 -1.294721 1.525326 2.503161
27 -81.899637 -344.110334 -1.402653 -1.310447 1.526644 2.488641
28 -157.472422 -403.569027 -1.628805 -1.304711 1.525266 2.508557
29 -234.214887 -463.932507 -1.949301 -1.808920 1.518437 2.027968
30 -309.067469 -522.723419 -3.858352 -1.799248 1.517571 2.038998
31 -372.725731 -570.055276 -5.388568 -2.226673 1.505552 1.611831
32 -452.212320 -633.916694 -6.168564 -2.226673 1.505552 1.611831
time 23
0 0.000000 0.000000 0.000000 0.000000 -0.000000 0.000000
1 -309.138092 -522.703918 -4.163872 -1.806317 1.517494 2.031921
2 -309.138092 -522.703918 -4.163872 -1.806317 1.517494 2.031921
3 -321.043283 -508.482298 -3.201735 -1.806317 1.517494 2.031921
4 -349.604679 -474.363624 -0.893501 -1.806317 1.517494 2.031921
5 -157.517716 -403.555316 -1.825601 -1.310964 1.525327 2.502240
6 -157.517716 -403.555316 -1.825601 -1.310964 1.525327 2.502240
7 -169.059138 -389.027968 -1.009773 -1.310964 1.525327 2.502240
8 -196.747839 -354.175815 0.947456 -1.310964 1.525327 2.502240
9 -0.366165 -280.668965 -4.087030 -1.301392 1.525528 2.496439
10 -0.366165 -280.668965 -4.087030 -1.301392 1.525528 2.496439
11 -11.682968 -265.965645 -3.276921 -1.301392 1.525528 2.496439
12 -38.832797 -230.691356 -1.333413 -1.301392 1.525528 2.496439
13 137.048783 -172.604522 -1.312274 -2.121136 1.522376 1.675289
14 137.048783 -172.604522 -1.312274 -2.121136 1.522376 1.675289
15 125.739962 -157.892709 -0.546094 -2.121136 1.522376 1.675289
16 98.609291 -122.598037 1.292027 -2.121136 1.522376 1.675289
17 333.134078 -24.131989 -0.330492 -1.639208 1.531882 2.077508
18 0.000514 0.008472 -0.008536 -0.000082 -0.000026 0.000083
19 326.595391 -24.707981 -0.226080 -1.620045 1.531883 2.184428
20 298.026241 -47.109894 -0.506401 -1.663554 1.530161 2.138258
21 266.818350 -71.509100 -0.890794 -1.552889 1.530753 2.246813
22 235.724591 -95.923467 -0.858326 -1.550715 1.531973 2.247401
23 198.138673 -123.606050 -0.683409 -1.777931 1.529450 2.020249
24 137.057585 -172.615837 -1.304811 -2.119631 1.522553 1.676992
25 69.400447 -224.274539 -3.376793 -2.259261 1.516596 1.538525
26 -0.344092 -280.697506 -4.060474 -1.299185 1.525764 2.498867
27 -81.914602 -344.124942 -1.560806 -1.313146 1.526930 2.486054
28 -157.479441 -403.604152 -1.785660 -1.309382 1.525646 2.503935
29 -234.243237 -463.927046 -2.160631 -1.817000 1.518661 2.019882
30 -309.098814 -522.753876 -4.119055 -1.808747 1.517904 2.029430
31 -372.755413 -570.067565 -5.665731 -2.236529 1.505608 1.601849
32 -452.325577 -633.913919 -6.495521 -2.236529 1.505608 1.601849
time 24
0 0.000000 0.000000 0.000000 0.000000 -0.000000 0.000000
1 -309.168523 -522.703398 -4.414788 -1.814616 1.517771 2.023384
2 -309.168523 -522.703398 -4.414788 -1.814616 1.517771 2.023384
3 -321.070167 -508.479639 -3.459440 -1.814616 1.517771 2.023384
4 -349.623069 -474.355816 -1.167492 -1.814616 1.517771 2.023384
5 -157.518280 -403.573792 -1.979434 -1.313945 1.525665 2.499193
6 -157.518280 -403.573792 -1.979434 -1.313945 1.525665 2.499193
7 -169.057399 -389.048516 -1.168571 -1.313945 1.525665 2.499193
8 -196.740565 -354.201384 0.776746 -1.313945 1.525665 2.499193
9 -0.340057 -280.648376 -4.210125 -1.304518 1.525939 2.493398
10 -0.340057 -280.648376 -4.210125 -1.304518 1.525939 2.493398
11 -11.656020 -265.950423 -3.405991 -1.304518 1.525939 2.493398
12 -38.803818 -230.688967 -1.476817 -1.304518 1.525939 2.493398
13 137.087859 -172.616639 -1.361110 -2.125172 1.522445 1.671357
14 137.087859 -172.616639 -1.361110 -2.125172 1.522445 1.671357
15 125.778638 -157.908275 -0.597566 -2.125172 1.522445 1.671357
16 98.647002 -122.621852 1.234229 -2.125172 1.522445 1.671357
17 333.124054 -24.139177 -0.347972 -1.639173 1.531880 2.077543
18 0.041407 -0.013822 -0.008046 -0.000056 -0.000016 0.000058
19 326.586150 -24.715580 -0.243568 -1.620017 1.531880 2.184454
20 298.023389 -47.099089 -0.535236 -1.666859 1.530268 2.135010
21 266.824973 -71.515640 -0.919697 -1.555966 1.530814 2.243793
22 235.735174 -95.952323 -0.890891 -1.553887 1.532034 2.244285
23 198.166236 -123.684525 -0.708515 -1.781450 1.529541 2.016787
24 137.112999 -172.638794 -1.352785 -2.123868 1.522641 1.672935
25 69.443299 -224.304918 -3.422213 -2.265401 1.516712 1.532441
26 -0.283939 -280.703731 -4.180187 -1.303750 1.526198 2.494470
27 -81.873645 -344.169202 -1.718507 -1.315889 1.527212 2.483419
28 -157.420607 -403.674231 -1.942211 -1.314145 1.526020 2.499216
29 -234.195526 -463.961830 -2.371803 -1.825061 1.518880 2.011806
30 -309.044675 -522.829408 -4.378894 -1.818281 1.518231 2.019816
31 -372.690889 -570.129232 -5.941451 -2.246293 1.505660 1.591949
32 -452.334621 -633.965523 -6.820501 -2.246293 1.505660 1.591949
time 25
0 0.000000 0.000000 0.000000 0.000000 -0.000000 0.000000
1 -309.194688 -522.737444 -4.753397 -1.826149 1.518125 2.011624
2 -309.194688 -522.737444 -4.753397 -1.826149 1.518125 2.011624
3 -321.094033 -508.509857 -3.807343 -1.826149 1.518125 2.011624
4 -349.641420 -474.376851 -1.537689 -1.826149 1.518125 2.011624
5 -157.514816 -403.618744 -2.178412 -1.321496 1.526167 2.491599
6 -157.514816 -403.618744 -2.178412 -1.321496 1.526167 2.491599
7 -169.055259 -389.089901 -1.375451 -1.321496 1.526167 2.491599
8 -196.741611 -354.234160 0.550914 -1.321496 1.526167 2.491599
9 -0.300480 -280.639476 -4.359252 -1.310995 1.526441 2.487000
10 -0.300480 -280.639476 -4.359252 -1.310995 1.526441 2.487000
11 -11.620337 -265.937732 -3.563402 -1.310995 1.526441 2.487000
12 -38.777489 -230.667190 -1.654099 -1.310995 1.526441 2.487000
13 137.139638 -172.638042 -1.395897 -2.131180 1.522531 1.665518
14 137.139638 -172.638042 -1.395897 -2.131180 1.522531 1.665518
15 125.826594 -157.929107 -0.636909 -2.131180 1.522531 1.665518
16 98.685787 -122.641314 1.183957 -2.131180 1.522531 1.665518
17 333.112915 -24.147173 -0.367456 -1.639208 1.531882 2.077508
18 0.000533 0.008462 -0.008540 -0.000082 -0.000026 0.000083
19 326.574257 -24.723147 -0.263044 -1.620045 1.531883 2.184428
20 298.012486 -47.086320 -0.565083 -1.670252 1.530380 2.131677
21 266.823131 -71.531029 -0.941575 -1.562142 1.530879 2.237675
22 235.733506 -95.984198 -0.921386 -1.560257 1.532100 2.237973
23 198.187780 -123.765204 -0.719329 -1.788297 1.529669 2.009997
24 137.146451 -172.646782 -1.392309 -2.131022 1.522717 1.665902
25 69.441952 -224.311505 -3.475117 -2.273389 1.516746 1.524450
26 -0.278496 -280.668113 -4.337055 -1.309265 1.526706 2.489004
27 -81.915643 -344.162347 -1.915574 -1.320872 1.527584 2.478363
28 -157.472638 -403.672882 -2.142865 -1.319778 1.526470 2.493449
29 -234.283652 -463.897839 -2.639485 -1.834544 1.519143 2.002133
30 -309.145673 -522.800469 -4.705495 -1.827781 1.518558 2.010006
31 -372.795478 -570.060766 -6.283017 -2.256159 1.505627 1.581714
32 -452.539435 -633.880117 -7.217662 -2.256159 1.505627 1.581714
time 26
0 0.000000 0.000000 0.000000 0.000000 -0.000000 0.000000
1 -309.220917 -522.771484 -5.092000 -1.837790 1.518517 1.999800
2 -309.220917 -522.771484 -5.092000 -1.837790 1.518517 1.999800
3 -321.116232 -508.544829 -4.155374 -1.837790 1.518517 1.999800
4 -349.653951 -474.414059 -1.908339 -1.837790 1.518517 1.999800
5 -157.511367 -403.663678 -2.377390 -1.328701 1.526703 2.484391
6 -157.511367 -403.663678 -2.377390 -1.328701 1.526703 2.484391
7 -169.051519 -389.135889 -1.582440 -1.328701 1.526703 2.484391
8 -196.737157 -354.282662 0.324701 -1.328701 1.526703 2.484391
9 -0.260953 -280.630529 -4.508377 -1.316732 1.527003 2.481412
10 -0.260953 -280.630529 -4.508377 -1.316732 1.527003 2.481412
11 -11.581959 -265.933049 -3.721002 -1.316732 1.527003 2.481412
12 -38.741868 -230.672737 -1.832034 -1.316732 1.527003 2.481412
13 137.191401 -172.659459 -1.430686 -2.137554 1.522677 1.659374
14 137.191401 -172.659459 -1.430686 -2.137554 1.522677 1.659374
15 125.876952 -157.957055 -0.676416 -2.137554 1.522677 1.659374
16 98.732776 -122.684930 1.133131 -2.137554 1.522677 1.659374
17 333.101776 -24.155172 -0.386941 -1.639173 1.531880 2.077543
18 0.041417 -0.013771 -0.008053 -0.000056 -0.000016 0.000058
19 326.563835 -24.731517 -0.282535 -1.620017 1.531880 2.184454
20 298.006865 -47.076301 -0.594889 -1.673592 1.530487 2.128394
21 266.830660 -71.551298 -0.963308 -1.568302 1.530939 2.231569
22 235.745399 -96.023170 -0.951809 -1.566611 1.532160 2.231673
23 198.228016 -123.855718 -0.730192 -1.795084 1.529791 2.003265
24 137.206612 -172.668802 -1.431645 -2.138061 1.522790 1.658980
25 69.476488 -224.337021 -3.527033 -2.281238 1.516778 1.516594
26 -0.228027 -280.656198 -4.492321 -1.314927 1.527209 2.483386
27 -81.901738 -344.185020 -2.112108 -1.325959 1.527951 2.473200
28 -157.458642 -403.706327 -2.343181 -1.325548 1.526915 2.487540
29 -234.295473 -463.873759 -2.906984 -1.844041 1.519401 1.992438
30 -309.160910 -522.816377 -5.031204 -1.837319 1.518877 2.000147
31 -372.805739 -570.041509 -6.623147 -2.265911 1.505588 1.571584
32 -452.639849 -633.848782 -7.612861 -2.265911 1.505588 1.571584
time 27
0 0.000000 0.000000 0.000000 0.000000 -0.000000 0.000000
1 -309.255234 -522.831316 -5.480372 -1.853774 1.518888 1.983590
2 -309.255234 -522.831316 -5.480372 -1.853774 1.518888 1.983590
3 -321.149743 -508.598313 -4.555103 -1.853774 1.518888 1.983590
4 -349.685524 -474.452312 -2.335317 -1.853774 1.518888 1.983590
5 -157.522476 -403.721832 -2.607065 -1.337513 1.527296 2.475541
6 -157.522476 -403.721832 -2.607065 -1.337513 1.527296 2.475541
7 -169.063154 -389.192235 -1.821309 -1.337513 1.527296 2.475541
8 -196.750102 -354.334682 0.063776 -1.337513 1.527296 2.475541
9 -0.233983 -280.628362 -4.672588 -1.325289 1.527623 2.473006
10 -0.233983 -280.628362 -4.672588 -1.325289 1.527623 2.473006
11 -11.559083 -265.929681 -3.895063 -1.325289 1.527623 2.473006
12 -38.728811 -230.666485 -2.029727 -1.325289 1.527623 2.473006
13 137.229059 -172.674979 -1.464533 -2.145500 1.522763 1.651622
14 137.229059 -172.674979 -1.464533 -2.145500 1.522763 1.651622
15 125.909498 -157.970516 -0.716067 -2.145500 1.522763 1.651622
16 98.753052 -122.693427 1.079558 -2.145500 1.522763 1.651622
17 333.090226 -24.163456 -0.407093 -1.639208 1.531882 2.077508
18 0.000506 0.008435 -0.008540 -0.000082 -0.000026 0.000083
19 326.551597 -24.739411 -0.302681 -1.620045 1.531883 2.184428
20 297.992762 -47.066337 -0.622489 -1.677245 1.530658 2.124862
21 266.826566 -71.570729 -0.977616 -1.574597 1.531124 2.225393
22 235.742993 -96.055852 -0.975142 -1.573105 1.532345 2.225297
23 198.249624 -123.929213 -0.733737 -1.802712 1.530033 1.995695
24 137.225810 -172.670845 -1.461504 -2.146711 1.522962 1.650512
25 69.460776 -224.347500 -3.574780 -2.291641 1.516856 1.506251
26 -0.234189 -280.628565 -4.650953 -1.322810 1.527864 2.475610
27 -81.950869 -344.190483 -2.322105 -1.331953 1.528455 2.467252
28 -157.518608 -403.726819 -2.563046 -1.333159 1.527571 2.479853
29 -234.384432 -463.843749 -3.205895 -1.857752 1.519728 1.978536
30 -309.262645 -522.822740 -5.406601 -1.852513 1.519310 1.984638
31 -372.904459 -570.002929 -7.034628 -2.281020 1.505577 1.556105
32 -452.829829 -633.793187 -8.104861 -2.281020 1.505577 1.556105
time 28
0 0.000000 0.000000 0.000000 0.000000 -0.000000 0.000000
1 -309.289596 -522.891157 -5.868743 -1.869952 1.519312 1.967247
2 -309.289596 -522.891157 -5.868743 -1.869952 1.519312 1.967247
3 -321.180830 -508.658583 -4.955021 -1.869952 1.519312 1.967247
4 -349.708758 -474.513614 -2.762937 -1.869952 1.519312 1.967247
5 -157.533618 -403.779982 -2.836739 -1.345765 1.527943 2.467314
6 -157.533618 -403.779982 -2.836739 -1.345765 1.527943 2.467314
7 -169.072302 -389.255783 -2.060349 -1.345765 1.527943 2.467314
8 -196.754436 -354.411183 -0.197733 -1.345765 1.527943 2.467314
9 -0.206999 -280.626214 -4.836798 -1.333423 1.528286 2.465076
10 -0.206999 -280.626214 -4.836798 -1.333423 1.528286 2.465076
11 -11.534143 -265.932332 -4.069266 -1.333423 1.528286 2.465076
12 -38.708774 -230.680652 -2.227901 -1.333423 1.528286 2.465076
13 137.266691 -172.690477 -1.498380 -2.153993 1.522935 1.643408
14 137.266691 -172.690477 -1.498380 -2.153993 1.522935 1.643408
15 125.945437 -157.993993 -0.755944 -2.153993 1.522935 1.643408
16 98.784933 -122.736071 1.025212 -2.153993 1.522935 1.643408
17 333.078705 -24.171721 -0.427246 -1.639173 1.531880 2.077543
18 0.041375 -0.013814 -0.008059 -0.000056 -0.000016 0.000058
19 326.540797 -24.748085 -0.322841 -1.620017 1.531880 2.184454
20 297.983852 -47.059115 -0.650042 -1.680855 1.530824 2.121370
21 266.831791 -71.595037 -0.991774 -1.580909 1.531303 2.219196
22 235.753961 -96.095587 -0.998382 -1.579619 1.532524 2.218898
23 198.289898 -124.012490 -0.737306 -1.810324 1.530269 1.988139
24 137.271652 -172.686900 -1.491149 -2.155280 1.523131 1.642122
25 69.480949 -224.376984 -3.621503 -2.301922 1.516929 1.496026
26 -0.195429 -280.624752 -4.807868 -1.330961 1.528512 2.467561
27 -81.944006 -344.225424 -2.531463 -1.338115 1.528954 2.461133
28 -157.512722 -403.782149 -2.782494 -1.341032 1.528220 2.471897
29 -234.397197 -463.853789 -3.504538 -1.871557 1.520043 1.964531
30 -309.278574 -522.873893 -5.781018 -1.867883 1.519729 1.968942
31 -372.908838 -570.013437 -7.444579 -2.296020 1.505551 1.540724
32 -452.915161 -633.791652 -8.594848 -2.296020 1.505551 1.540724
time 29
0 0.000000 0.000000 0.000000 0.000000 -0.000000 0.000000
1 -309.343948 -522.968305 -6.268726 -1.884671 1.519703 1.952269
2 -309.343948 -522.968305 -6.268726 -1.884671 1.519703 1.952269
3 -321.233465 -508.729646 -5.366577 -1.884671 1.519703 1.952269
4 -349.757271 -474.570078 -3.202255 -1.884671 1.519703 1.952269
5 -157.577608 -403.838314 -3.082535 -1.355917 1.528555 2.457082
6 -157.577608 -403.838314 -3.082535 -1.355917 1.528555 2.457082
7 -169.118386 -389.307752 -2.316308 -1.355917 1.528555 2.457082
8 -196.805545 -354.447887 -0.478075 -1.355917 1.528555 2.457082
9 -0.218451 -280.626020 -5.005106 -1.342473 1.528900 2.456177
10 -0.218451 -280.626020 -5.005106 -1.342473 1.528900 2.456177
11 -11.549655 -265.930997 -4.247431 -1.342473 1.528900 2.456177
12 -38.734027 -230.676581 -2.429714 -1.342473 1.528900 2.456177
13 137.263582 -172.685027 -1.544404 -2.162605 1.522955 1.635008
14 137.263582 -172.685027 -1.544404 -2.162605 1.522955 1.635008
15 125.936473 -157.985815 -0.807281 -2.162605 1.522955 1.635008
16 98.761922 -122.721348 0.961129 -2.162605 1.522955 1.635008
17 333.067611 -24.179711 -0.446729 -1.639208 1.531882 2.077508
18 0.000501 0.008422 -0.008541 -0.000082 -0.000026 0.000083
19 326.528967 -24.755675 -0.342317 -1.620045 1.531883 2.184428
20 297.965900 -47.053790 -0.672161 -1.684455 1.530934 2.117952
21 266.820517 -71.606622 -0.998035 -1.588871 1.531362 2.211412
22 235.745212 -96.115360 -1.016681 -1.587836 1.532582 2.210860
23 198.293895 -124.052770 -0.755788 -1.818964 1.530373 1.979677
24 137.257970 -172.677820 -1.540520 -2.163758 1.523159 1.633946
25 69.441645 -224.394739 -3.697714 -2.311677 1.516947 1.486449
26 -0.222336 -280.621590 -4.979965 -1.339431 1.529163 2.459317
27 -81.994026 -344.258114 -2.754392 -1.345543 1.529530 2.453810
28 -157.579326 -403.836147 -3.027309 -1.350626 1.528886 2.462346
29 -234.474831 -463.889973 -3.827092 -1.887269 1.520390 1.948808
30 -309.358557 -522.950406 -6.182753 -1.884862 1.520118 1.951829
31 -372.970491 -570.052845 -7.890969 -2.311148 1.505508 1.525347
32 -453.039828 -633.808107 -9.121074 -2.311148 1.505508 1.525347
time 30
0 0.000000 0.000000 0.000000 0.000000 -0.000000 0.000000
1 -309.398240 -523.045489 -6.668707 -1.899620 1.520142 1.937116
2 -309.398240 -523.045489 -6.668707 -1.899620 1.520142 1.937116
3 -321.283782 -508.806940 -5.778297 -1.899620 1.520142 1.937116
4 -349.798055 -474.647638 -3.642141 -1.899620 1.520142 1.937116
5 -157.621551 -403.896698 -3.328332 -1.365555 1.529221 2.447427
6 -157.621551 -403.896698 -3.328332 -1.365555 1.529221 2.447427
7 -169.161895 -389.367013 -2.572436 -1.365555 1.529221 2.447427
8 -196.848010 -354.509251 -0.758990 -1.365555 1.529221 2.447427
9 -0.229866 -280.625854 -5.173418 -1.351139 1.529557 2.447713
10 -0.229866 -280.625854 -5.173418 -1.351139 1.529557 2.447713
11 -11.563129 -265.935539 -4.425735 -1.351139 1.529557 2.447713
12 -38.752441 -230.692414 -2.631991 -1.351139 1.529557 2.447713
13 137.260454 -172.679577 -1.590428 -2.171681 1.523043 1.626216
14 137.260454 -172.679577 -1.590428 -2.171681 1.523043 1.626216
15 125.930322 -157.985948 -0.858805 -2.171681 1.523043 1.626216
16 98.748519 -122.734872 0.896414 -2.171681 1.523043 1.626216
17 333.056458 -24.187716 -0.466215 -1.639173 1.531880 2.077543
18 0.041405 -0.013810 -0.008067 -0.000056 -0.000016 0.000058
19 326.518573 -24.764085 -0.361810 -1.620017 1.531880 2.184454
20 297.953166 -47.051253 -0.694232 -1.687997 1.531038 2.114589
21 266.818505 -71.623139 -1.004158 -1.596810 1.531414 2.203648
22 235.749919 -96.142247 -1.034890 -1.596030 1.532634 2.202841
23 198.316429 -124.102833 -0.774305 -1.827534 1.530470 1.971283
24 137.270843 -172.682829 -1.589653 -2.172100 1.523183 1.625903
25 69.438096 -224.431466 -3.772848 -2.321284 1.516961 1.477017
26 -0.204367 -280.642205 -5.150213 -1.348202 1.529807 2.450768
27 -81.988152 -344.320359 -2.976538 -1.353216 1.530099 2.446238
28 -157.580115 -403.924928 -3.271607 -1.360565 1.529544 2.452444
29 -234.476337 -463.966224 -4.149238 -1.903118 1.520722 1.932939
30 -309.352855 -523.071825 -6.583357 -1.902024 1.520491 1.934524
31 -372.937732 -570.141490 -8.335655 -2.326157 1.505450 1.510079
32 -453.059881 -633.878834 -9.645082 -2.326157 1.505450 1.510079
time 31
0 0.000000 0.000000 0.000000 0.000000 -0.000000 0.000000
1 -309.517477 -523.088548 -7.033889 -1.915693 1.520465 1.920837
2 -309.517477 -523.088548 -7.033889 -1.915693 1.520465 1.920837
3 -321.402145 -508.844416 -6.154562 -1.915693 1.520465 1.920837
4 -349.914320 -474.671719 -4.044992 -1.915693 1.520465 1.920837
5 -157.733200 -403.898926 -3.556642 -1.374929 1.529837 2.438056
6 -157.733200 -403.898926 -3.556642 -1.374929 1.529837 2.438056
7 -169.274661 -389.367850 -2.810702 -1.374929 1.529837 2.438056
8 -196.963478 -354.506799 -1.021139 -1.374929 1.529837 2.438056
9 -0.298126 -280.571869 -5.341075 -1.361811 1.530090 2.437194
10 -0.298126 -280.571869 -5.341075 -1.361811 1.530090 2.437194
11 -11.635365 -265.880575 -4.601742 -1.361811 1.530090 2.437194
12 -38.834221 -230.635134 -2.828029 -1.361811 1.530090 2.437194
13 137.215272 -172.592498 -1.647127 -2.179838 1.523132 1.618266
14 137.215272 -172.592498 -1.647127 -2.179838 1.523132 1.618266
15 125.880619 -157.898524 -0.921353 -2.179838 1.523132 1.618266
16 98.687971 -122.646625 0.819831 -2.179838 1.523132 1.618266
17 333.046457 -24.194909 -0.483695 -1.639208 1.531882 2.077508
18 0.000487 0.008432 -0.008540 -0.000082 -0.000026 0.000083
19 326.507799 -24.770883 -0.379282 -1.620045 1.531883 2.184428
20 297.928350 -47.048936 -0.702432 -1.691636 1.531147 2.111132
21 266.816509 -71.590385 -0.987300 -1.604879 1.531468 2.195819
22 235.751589 -96.115604 -1.030450 -1.604358 1.532688 2.194752
23 198.314485 -124.065136 -0.807927 -1.836660 1.530626 1.962336
24 137.218192 -172.596220 -1.651964 -2.181332 1.523254 1.616973
25 69.350817 -224.390625 -3.865455 -2.331091 1.516883 1.467389
26 -0.284920 -280.589207 -5.331909 -1.359333 1.530346 2.439866
27 -82.073816 -344.298654 -3.195836 -1.363193 1.530563 2.436370
28 -157.711414 -403.926906 -3.525008 -1.371066 1.530142 2.441930
29 -234.620923 -463.970821 -4.470924 -1.918852 1.520986 1.917138
30 -309.503499 -523.107319 -6.980984 -1.918030 1.520814 1.918388
31 -373.047885 -570.125071 -8.777017 -2.340688 1.505330 1.495364
32 -453.209670 -633.834441 -10.149569 -2.340688 1.505330 1.495364
time 32
0 0.000000 0.000000 0.000000 0.000000 -0.000000 0.000000
1 -309.636627 -523.131531 -7.399066 -1.932027 1.520853 1.904371
2 -309.636627 -523.131531 -7.399066 -1.932027 1.520853 1.904371
3 -321.517456 -508.889971 -6.531038 -1.932027 1.520853 1.904371
4 -350.020421 -474.723445 -4.448576 -1.932027 1.520853 1.904371
5 -157.844849 -403.901123 -3.784952 -1.383882 1.530500 2.429161
6 -157.844849 -403.901123 -3.784952 -1.383882 1.530500 2.429161
7 -169.385220 -389.374963 -3.049110 -1.383882 1.530500 2.429161
8 -197.071402 -354.525660 -1.283772 -1.383882 1.530500 2.429161
9 -0.366377 -280.517876 -5.508733 -1.372154 1.530663 2.427051
10 -0.366377 -280.517876 -5.508733 -1.372154 1.530663 2.427051
11 -11.705711 -265.831094 -4.777873 -1.372154 1.530663 2.427051
12 -38.909588 -230.596447 -3.024487 -1.372154 1.530663 2.427051
13 137.170088 -172.505403 -1.703824 -2.188411 1.523275 1.609958
14 137.170088 -172.505403 -1.703824 -2.188411 1.523275 1.609958
15 125.833162 -157.817671 -0.984045 -2.188411 1.523275 1.609958
16 98.635061 -122.580745 0.742756 -2.188411 1.523275 1.609958
17 333.036433 -24.202094 -0.501176 -1.639173 1.531880 2.077543
18 0.041370 -0.013817 -0.008071 -0.000056 -0.000016 0.000058
19 326.498534 -24.778473 -0.396771 -1.620017 1.531880 2.184454
20 297.908832 -47.049421 -0.710587 -1.695215 1.531250 2.107732
21 266.823858 -71.562554 -0.970313 -1.612917 1.531515 2.188017
22 235.766677 -96.096031 -1.025911 -1.612655 1.532734 2.186692
23 198.331187 -124.037235 -0.841562 -1.845735 1.530775 1.953436
24 137.192233 -172.523699 -1.714017 -2.190441 1.523321 1.608164
25 69.299492 -224.368655 -3.956939 -2.340712 1.516801 1.457945
26 -0.320448 -280.559875 -5.511644 -1.370802 1.530874 2.428622
27 -82.103455 -344.306430 -3.414217 -1.373443 1.531018 2.426223
28 -157.776603 -403.963591 -3.777815 -1.381923 1.530732 2.431053
29 -234.689154 -464.015350 -4.792109 -1.934676 1.521236 1.901237
30 -309.567887 -523.187394 -7.377373 -1.934168 1.521121 1.902112
31 -373.063092 -570.157597 -9.216534 -2.355072 1.505197 1.480787
32 -453.254323 -633.844014 -10.651638 -2.355072 1.505197 1.480787
time 33
0 0.000000 0.000000 0.000000 0.000000 -0.000000 0.000000
1 -309.809998 -523.118042 -7.691564 -1.945896 1.521094 1.890306
2 -309.809998 -523.118042 -7.691564 -1.945896 1.521094 1.890306
3 -321.690870 -508.869474 -6.833027 -1.945896 1.521094 1.890306
4 -350.193938 -474.686134 -4.773336 -1.945896 1.521094 1.890306
5 -158.004120 -403.835358 -3.963589 -1.392841 1.531001 2.420103
6 -158.004120 -403.835358 -3.963589 -1.392841 1.531001 2.420103
7 -169.545772 -389.303486 -3.236372 -1.392841 1.531001 2.420103
8 -197.235026 -354.440481 -1.491727 -1.392841 1.531001 2.420103
9 -0.465569 -280.399963 -5.660866 -1.380542 1.531125 2.418831
10 -0.465569 -280.399963 -5.660866 -1.380542 1.531125 2.418831
11 -11.808933 -265.712594 -4.937575 -1.380542 1.531125 2.418831
12 -39.022481 -230.476536 -3.202347 -1.380542 1.531125 2.418831
13 137.112703 -172.340941 -1.755110 -2.196046 1.523266 1.602523
14 137.112703 -172.340941 -1.755110 -2.196046 1.523266 1.602523
15 125.770939 -157.651954 -1.039647 -2.196046 1.523266 1.602523
16 98.561233 -122.412016 0.676800 -2.196046 1.523266 1.602523
17 333.028351 -24.207876 -0.515315 -1.639208 1.531882 2.077508
18 0.000523 0.008445 -0.008540 -0.000082 -0.000026 0.000083
19 326.489712 -24.783879 -0.410903 -1.620045 1.531883 2.184428
20 297.880133 -47.047241 -0.704834 -1.697102 1.531305 2.105968
21 266.840404 -71.485279 -0.928584 -1.617797 1.531570 2.183257
22 235.783976 -96.021242 -0.991585 -1.617693 1.532789 2.181773
23 198.332770 -123.924863 -0.867427 -1.851578 1.530902 1.947712
24 137.119440 -172.349601 -1.755529 -2.196794 1.523410 1.601993
25 69.173644 -224.244943 -4.020201 -2.348031 1.516844 1.450747
26 -0.446874 -280.424454 -5.643681 -1.377901 1.531368 2.421693
27 -82.226412 -344.196887 -3.541360 -1.379309 1.531440 2.420468
28 -157.971591 -403.877228 -3.924293 -1.388858 1.531226 2.424167
29 -234.901522 -463.945955 -4.983900 -1.945699 1.521500 1.890209
30 -309.782574 -523.154382 -7.621070 -1.945490 1.521443 1.890663
31 -373.218499 -570.059329 -9.487583 -2.366144 1.505174 1.469530
32 -453.439893 -633.722918 -10.941226 -2.366144 1.505174 1.469530
time 34
0 0.000000 0.000000 0.000000 0.000000 -0.000000 0.000000
1 -309.983352 -523.104536 -7.984062 -1.959997 1.521401 1.876081
2 -309.983352 -523.104536 -7.984062 -1.959997 1.521401 1.876081
3 -321.861381 -508.856914 -7.135225 -1.959997 1.521401 1.876081
4 -350.357626 -474.675846 -5.098804 -1.959997 1.521401 1.876081
5 -158.163377 -403.769610 -4.142228 -1.401048 1.531571 2.411875
6 -158.163377 -403.769610 -4.142228 -1.401048 1.531571 2.411875
7 -169.703235 -389.240832 -3.423829 -1.401048 1.531571 2.411875
8 -197.388186 -354.385248 -1.700338 -1.401048 1.531571 2.411875
9 -0.564751 -280.282043 -5.813001 -1.388281 1.531645 2.411327
10 -0.564751 -280.282043 -5.813001 -1.388281 1.531645 2.411327
11 -11.909543 -265.601708 -5.097445 -1.388281 1.531645 2.411327
12 -39.126516 -230.382528 -3.380776 -1.388281 1.531645 2.411327
13 137.055307 -172.176472 -1.806395 -2.204194 1.523327 1.594646
14 137.055307 -172.176472 -1.806395 -2.204194 1.523327 1.594646
15 125.711573 -157.494629 -1.095431 -2.204194 1.523327 1.594646
16 98.497137 -122.271829 0.610224 -2.204194 1.523327 1.594646
17 333.020264 -24.213680 -0.529455 -1.639173 1.531880 2.077543
18 0.041407 -0.013809 -0.008076 -0.000056 -0.000016 0.000058
19 326.482336 -24.790078 -0.425051 -1.620017 1.531880 2.184454
20 297.856727 -47.047874 -0.699044 -1.698912 1.531356 2.104277
21 266.866283 -71.412898 -0.886753 -1.622634 1.531619 2.178537
22 235.814776 -95.953500 -0.957177 -1.622687 1.532838 2.176896
23 198.353078 -123.822260 -0.893287 -1.857332 1.531023 1.942075
24 137.073343 -172.189494 -1.796741 -2.203016 1.523495 1.595950
25 69.083695 -224.140177 -4.082267 -2.355201 1.516885 1.443694
26 -0.528263 -280.312674 -5.773637 -1.385229 1.531856 2.414532
27 -82.293330 -344.116655 -3.667474 -1.385351 1.531856 2.414532
28 -158.100556 -403.825477 -4.070087 -1.396018 1.531714 2.417051
29 -235.037763 -463.916295 -5.175089 -1.956768 1.521755 1.879126
30 -309.911352 -523.165793 -7.863408 -1.956890 1.521755 1.879126
31 -373.279427 -570.009805 -9.756674 -2.377121 1.505144 1.458359
32 -453.520912 -633.655653 -11.228302 -2.377121 1.505144 1.458359
time 35
0 0.000000 0.000000 0.000000 0.000000 -0.000000 0.000000
1 -310.139343 -523.070435 -8.178472 -1.968818 1.521524 1.867152
2 -310.139343 -523.070435 -8.178472 -1.968818 1.521524 1.867152
3 -322.017536 -508.818713 -7.335269 -1.968818 1.521524 1.867152
4 -350.514175 -474.627809 -5.312362 -1.968818 1.521524 1.867152
5 -158.305848 -403.690387 -4.258759 -1.408535 1.531935 2.404394
6 -158.305848 -403.690387 -4.258759 -1.408536 1.531935 2.404394
7 -169.847914 -389.158097 -3.546696 -1.408536 1.531935 2.404394
8 -197.538160 -354.294089 -1.838407 -1.408536 1.531935 2.404394
9 -0.653966 -280.164386 -5.923537 -1.395415 1.531946 2.404217
10 -0.653966 -280.164386 -5.923537 -1.395415 1.531946 2.404217
11 -12.001686 -265.479742 -5.213253 -1.395415 1.531946 2.404217
12 -39.225683 -230.250226 -3.509231 -1.395415 1.531946 2.404217
13 137.006044 -172.017241 -1.843595 -2.209137 1.523345 1.589801
14 137.006044 -172.017241 -1.843595 -2.209137 1.523345 1.589801
15 125.658641 -157.332230 -1.136135 -2.209137 1.523345 1.589801
16 98.435405 -122.101831 0.561110 -2.209137 1.523345 1.589801
17 333.014876 -24.217556 -0.538918 -1.639208 1.531882 2.077508
18 0.000523 0.008475 -0.008539 -0.000082 -0.000026 0.000083
19 326.476228 -24.793544 -0.434506 -1.620045 1.531883 2.184428
20 297.832386 -47.045920 -0.688714 -1.700749 1.531410 2.102501
21 266.885584 -71.333732 -0.845684 -1.625923 1.531676 2.175308
22 235.833384 -95.874964 -0.921005 -1.626084 1.532895 2.173559
23 198.354389 -123.703970 -0.914369 -1.861718 1.531164 1.937750
24 137.006064 -172.017287 -1.826909 -2.207567 1.523569 1.591522
25 68.968426 -224.010332 -4.128609 -2.360106 1.516881 1.438851
26 -0.648374 -280.172750 -5.871011 -1.390310 1.532142 2.409507
27 -82.411700 -343.989605 -3.746933 -1.390371 1.532142 2.409507
28 -158.292215 -403.708409 -4.166267 -1.402215 1.532071 2.410787
29 -235.253680 -463.807425 -5.305802 -1.965932 1.521914 1.869901
30 -310.133633 -523.079780 -8.037140 -1.965993 1.521914 1.869901
31 -373.450204 -569.865463 -9.955439 -2.384906 1.505063 1.450395
32 -453.714735 -633.491958 -11.433403 -2.384906 1.505063 1.450395
time 36
0 0.000000 0.000000 0.000000 0.000000 -0.000000 0.000000
1 -310.295319 -523.036316 -8.372880 -1.977816 1.521722 1.858119
2 -310.295319 -523.036316 -8.372880 -1.977816 1.521722 1.858119
3 -322.170721 -508.788655 -7.535519 -1.977816 1.521722 1.858119
4 -350.660630 -474.607462 -5.526628 -1.977816 1.521722 1.858119
5 -158.448348 -403.611158 -4.375289 -1.415353 1.532359 2.397648
6 -158.448348 -403.611158 -4.375289 -1.415353 1.532359 2.397648
7 -169.990067 -389.082676 -3.669720 -1.415353 1.532359 2.397648
8 -197.679471 -354.227854 -1.977011 -1.415353 1.532359 2.397648
9 -0.743210 -280.046722 -6.034071 -1.402019 1.532292 2.397688
10 -0.743210 -280.046722 -6.034071 -1.402019 1.532292 2.397688
11 -12.091859 -265.363624 -5.329185 -1.402019 1.532292 2.397688
12 -39.318085 -230.137816 -3.638114 -1.402019 1.532292 2.397688
13 136.956789 -171.858016 -1.880795 -2.214669 1.523442 1.584445
14 136.956789 -171.858016 -1.880795 -2.214669 1.523442 1.584445
15 125.608875 -157.179091 -1.177038 -2.214669 1.523442 1.584445
16 98.384413 -121.963296 0.511326 -2.214669 1.523442 1.584445
17 333.009430 -24.221449 -0.548383 -1.639173 1.531880 2.077543
18 0.041385 -0.013765 -0.008076 -0.000056 -0.000016 0.000058
19 326.471531 -24.797828 -0.443978 -1.620017 1.531880 2.184454
20 297.813311 -47.046743 -0.678358 -1.702507 1.531461 2.100801
21 266.914184 -71.259495 -0.804543 -1.629163 1.531727 2.172125
22 235.865413 -95.803551 -0.884775 -1.629430 1.532946 2.170269
23 198.374298 -123.595474 -0.935434 -1.866004 1.531302 1.933520
24 136.965453 -171.859142 -1.856743 -2.211976 1.523640 1.587232
25 68.889138 -223.899477 -4.173693 -2.364848 1.516878 1.434167
26 -0.723524 -280.056684 -5.966190 -1.395522 1.532423 2.404346
27 -82.474175 -343.892130 -3.825286 -1.395522 1.532423 2.404346
28 -158.417966 -403.626089 -4.261675 -1.408583 1.532423 2.404346
29 -235.393570 -463.738465 -5.435826 -1.975086 1.522067 1.860677
30 -310.270119 -523.038628 -8.209425 -1.975086 1.522067 1.860677
31 -373.526732 -569.770252 -10.152160 -2.392586 1.504979 1.442526
32 -453.804100 -633.382582 -11.635913 -2.392586 1.504979 1.442526
time 37
0 0.000000 0.000000 0.000000 0.000000 -0.000000 0.000000
1 -310.363363 -523.017015 -8.443350 -1.982222 1.521746 1.853653
2 -310.363363 -523.017015 -8.443350 -1.982222 1.521746 1.853653
3 -322.240537 -508.763955 -7.608741 -1.982222 1.521746 1.853653
4 -350.734732 -474.569838 -5.606454 -1.982222 1.521746 1.853653
5 -158.510268 -403.572675 -4.416917 -1.416661 1.532447 2.396309
6 -158.510268 -403.572675 -4.416917 -1.416661 1.532447 2.396309
7 -170.053257 -389.040703 -3.713315 -1.416661 1.532447 2.396309
8 -197.745718 -354.177456 -2.025323 -1.416661 1.532447 2.396309
9 -0.782085 -279.993256 -6.076720 -1.404051 1.532422 2.395744
10 -0.782085 -279.993256 -6.076720 -1.404051 1.532422 2.395744
11 -12.132514 -265.310349 -5.374098 -1.404051 1.532422 2.395744
12 -39.363015 -230.084973 -3.688459 -1.404051 1.532422 2.395744
13 136.935810 -171.786588 -1.895125 -2.216715 1.523458 1.582441
14 136.935810 -171.786588 -1.895125 -2.216715 1.523458 1.582441
15 125.585070 -157.103870 -1.193335 -2.216715 1.523458 1.582441
16 98.353813 -121.878956 0.490311 -2.216715 1.523458 1.582441
17 333.007470 -24.222869 -0.551834 -1.639208 1.531882 2.077508
18 0.000514 0.008445 -0.008541 -0.000082 -0.000026 0.000083
19 326.468827 -24.798834 -0.447421 -1.620045 1.531883 2.184428
20 297.801541 -47.045156 -0.672836 -1.704355 1.531515 2.099015
21 266.921919 -71.223182 -0.787374 -1.632471 1.531783 2.168878
22 235.872477 -95.767913 -0.872506 -1.632848 1.533001 2.166912
23 198.372896 -123.542174 -0.952400 -1.869540 1.531325 1.930045
24 136.933755 -171.784069 -1.882978 -2.214943 1.523614 1.584326
25 68.834960 -223.841641 -4.213243 -2.368142 1.516787 1.430933
26 -0.780759 -279.995971 -6.036058 -1.399991 1.532517 2.399936
27 -82.530827 -343.837732 -3.894360 -1.399991 1.532517 2.399936
28 -158.506163 -403.578417 -4.346191 -1.413053 1.532517 2.399936
29 -235.490230 -463.699740 -5.539921 -1.980277 1.522034 1.855547
30 -310.367231 -523.013498 -8.340564 -1.980277 1.522034 1.855547
31 -373.598899 -569.725626 -10.301659 -2.395907 1.504846 1.439267
32 -453.879300 -633.339445 -11.794279 -2.395907 1.504846 1.439267
time 38
0 0.000000 0.000000 0.000000 0.000000 -0.000000 0.000000
1 -310.431331 -522.997590 -8.513819 -1.986772 1.521844 1.849111
2 -310.431331 -522.997590 -8.513819 -1.986772 1.521844 1.849111
3 -322.307469 -508.746889 -7.682159 -1.986772 1.521844 1.849111
4 -350.799164 -474.558449 -5.686945 -1.986772 1.521844 1.849111
5 -158.572177 -403.534224 -4.458547 -1.417189 1.532594 2.395813
6 -158.572177 -403.534224 -4.458547 -1.417189 1.532594 2.395813
7 -170.113979 -389.005801 -3.757061 -1.417189 1.532594 2.395813
8 -197.803608 -354.151049 -2.074145 -1.417189 1.532594 2.395813
9 -0.820947 -279.939807 -6.119371 -1.405797 1.532575 2.394111
10 -0.820947 -279.939807 -6.119371 -1.405797 1.532575 2.394111
11 -12.172221 -265.259830 -5.419070 -1.405797 1.532575 2.394111
12 -39.404760 -230.041491 -3.738999 -1.405797 1.532575 2.394111
13 136.914822 -171.715151 -1.909457 -2.219244 1.523538 1.580018
14 136.914822 -171.715151 -1.909457 -2.219244 1.523538 1.580018
15 125.563826 -157.036180 -1.209792 -2.219244 1.523538 1.580018
16 98.331971 -121.820272 0.468755 -2.219244 1.523538 1.580018
17 333.005493 -24.224283 -0.555286 -1.639173 1.531880 2.077543
18 0.041392 -0.013849 -0.008083 -0.000056 -0.000016 0.000058
19 326.467580 -24.800671 -0.450881 -1.620017 1.531880 2.184454
20 297.795151 -47.046365 -0.667296 -1.706122 1.531565 2.097306
21 266.938943 -71.191832 -0.770156 -1.635727 1.531834 2.165678
22 235.892998 -95.739349 -0.860198 -1.636212 1.533052 2.163605
23 198.390204 -123.498640 -0.969332 -1.872946 1.531344 1.926695
24 136.928945 -171.723046 -1.908825 -2.217749 1.523588 1.581578
25 68.816814 -223.802802 -4.251460 -2.371261 1.516697 1.427870
26 -0.792905 -279.958984 -6.103622 -1.404538 1.532606 2.395444
27 -82.531358 -343.812779 -3.962231 -1.404538 1.532606 2.395444
28 -158.528178 -403.565450 -4.429795 -1.417599 1.532606 2.395444
29 -235.510667 -463.700979 -5.643160 -1.985392 1.521997 1.850485
30 -310.378447 -523.032968 -8.470073 -1.985392 1.521997 1.850485
31 -373.576623 -569.729806 -10.448973 -2.399132 1.504712 1.436096
32 -453.849761 -633.350437 -11.949900 -2.399132 1.504712 1.436096
time 39
0 0.000000 0.000000 0.000000 0.000000 -0.000000 0.000000
1 -310.431366 -522.997620 -8.513820 -1.986726 1.521818 1.849133
2 -310.431366 -522.997620 -8.513820 -1.986726 1.521818 1.849133
3 -322.308449 -508.744304 -7.682093 -1.986726 1.521818 1.849133
4 -350.802426 -474.549574 -5.686721 -1.986726 1.521818 1.849133
5 -158.572159 -403.534210 -4.458548 -1.417591 1.532564 2.395379
6 -158.572159 -403.534210 -4.458548 -1.417591 1.532564 2.395379
7 -170.115214 -389.002195 -3.756986 -1.417591 1.532564 2.395379
8 -197.807834 -354.138846 -2.073889 -1.417591 1.532564 2.395379
9 -0.820970 -279.939796 -6.119370 -1.406006 1.532559 2.393885
10 -0.820970 -279.939796 -6.119370 -1.406006 1.532559 2.393885
11 -12.172892 -265.257924 -5.419030 -1.406006 1.532559 2.393885
12 -39.406965 -230.035025 -3.738863 -1.406006 1.532559 2.393885
13 136.914825 -171.715149 -1.909457 -2.219061 1.523513 1.580177
14 136.914825 -171.715149 -1.909457 -2.219061 1.523513 1.580177
15 125.562846 -157.033295 -1.209732 -2.219061 1.523513 1.580177
16 98.328632 -121.810471 0.468960 -2.219061 1.523513 1.580177
17 333.005517 -24.224288 -0.555286 -1.639208 1.531882 2.077508
18 0.000544 0.008398 -0.008544 -0.000082 -0.000026 0.000083
19 326.466873 -24.800253 -0.450873 -1.620045 1.531883 2.184428
20 297.792514 -47.044984 -0.667304 -1.706165 1.531567 2.097265
21 266.934307 -71.189354 -0.770177 -1.635758 1.531836 2.165649
22 235.886298 -95.735814 -0.860215 -1.636244 1.533054 2.163575
23 198.380933 -123.493748 -0.969352 -1.873013 1.531346 1.926631
24 136.915530 -171.716006 -1.909027 -2.217828 1.523588 1.581500
25 68.798855 -223.793331 -4.252142 -2.371343 1.516696 1.427790
26 -0.815440 -279.947131 -6.104795 -1.404510 1.532608 2.395474
27 -82.559314 -343.798097 -3.962855 -1.404510 1.532608 2.395474
28 -158.561204 -403.548152 -4.430285 -1.417572 1.532608 2.395474
29 -235.548771 -463.681074 -5.643629 -1.985427 1.521999 1.850454
30 -310.421310 -523.010697 -8.470933 -1.985427 1.521999 1.850454
31 -373.623739 -569.705355 -10.450102 -2.399174 1.504712 1.436058
32 -453.901966 -633.323470 -11.951326 -2.399174 1.504712 1.436058
time 40
0 0.000000 0.000000 0.000000 0.000000 -0.000000 0.000000
1 -310.431331 -522.997590 -8.513819 -1.986772 1.521844 1.849111
2 -310.431331 -522.997590 -8.513819 -1.986772 1.521844 1.849111
3 -322.307469 -508.746889 -7.682159 -1.986772 1.521844 1.849111
4 -350.799164 -474.558449 -5.686945 -1.986772 1.521844 1.849111
5 -158.572177 -403.534224 -4.458547 -1.417189 1.532594 2.395813
6 -158.572177 -403.534224 -4.458547 -1.417189 1.532594 2.395813
7 -170.113979 -389.005801 -3.757061 -1.417189 1.532594 2.395813
8 -197.803608 -354.151049 -2.074145 -1.417189 1.532594 2.395813
9 -0.820947 -279.939807 -6.119371 -1.405797 1.532575 2.394111
10 -0.820947 -279.939807 -6.119371 -1.405797 1.532575 2.394111
11 -12.172221 -265.259830 -5.419070 -1.405797 1.532575 2.394111
12 -39.404760 -230.041491 -3.738999 -1.405797 1.532575 2.394111
13 136.914822 -171.715151 -1.909457 -2.219244 1.523538 1.580018
14 136.914822 -171.715151 -1.909457 -2.219244 1.523538 1.580018
15 125.563826 -157.036180 -1.209792 -2.219244 1.523538 1.580018
16 98.331971 -121.820272 0.468755 -2.219244 1.523538 1.580018
17 333.005493 -24.224283 -0.555286 -1.639173 1.531880 2.077543
18 0.041392 -0.013849 -0.008083 -0.000056 -0.000016 0.000058
19 326.467580 -24.800671 -0.450881 -1.620017 1.531880 2.184454
20 297.795151 -47.046365 -0.667296 -1.706122 1.531565 2.097306
21 266.938943 -71.191832 -0.770156 -1.635727 1.531834 2.165678
22 235.892998 -95.739349 -0.860198 -1.636212 1.533052 2.163605
23 198.390204 -123.498640 -0.969332 -1.872946 1.531344 1.926695
24 136.928945 -171.723046 -1.908825 -2.217749 1.523588 1.581578
25 68.816814 -223.802802 -4.251460 -2.371261 1.516697 1.427870
26 -0.792905 -279.958984 -6.103622 -1.404538 1.532606 2.395444
27 -82.531358 -343.812779 -3.962231 -1.404538 1.532606 2.395444
28 -158.528178 -403.565450 -4.429795 -1.417599 1.532606 2.395444
29 -235.510667 -463.700979 -5.643160 -1.985392 1.521997 1.850485
30 -310.378447 -523.032968 -8.470073 -1.985392 1.521997 1.850485
31 -373.576623 -569.729806 -10.448973 -2.399132 1.504712 1.436096
32 -453.849761 -633.350437 -11.949900 -2.399132 1.504712 1.436096
time 41
0 0.000000 0.000000 0.000000 0.000000 -0.000000 0.000000
1 -310.431335 -522.997559 -8.513820 -1.986726 1.521818 1.849133
2 -310.431335 -522.997559 -8.513820 -1.986726 1.521818 1.849133
3 -322.308419 -508.744243 -7.682094 -1.986726 1.521818 1.849133
4 -350.802396 -474.549513 -5.686722 -1.986726 1.521818 1.849133
5 -158.572129 -403.534198 -4.458548 -1.417591 1.532564 2.395379
6 -158.572129 -403.534198 -4.458548 -1.417591 1.532564 2.395379
7 -170.115185 -389.002183 -3.756986 -1.417591 1.532564 2.395379
8 -197.807823 -354.138848 -2.073889 -1.417591 1.532564 2.395379
9 -0.820961 -279.939758 -6.119370 -1.406006 1.532559 2.393885
10 -0.820961 -279.939758 -6.119370 -1.406006 1.532559 2.393885
11 -12.172883 -265.257887 -5.419030 -1.406006 1.532559 2.393885
12 -39.406960 -230.035020 -3.738863 -1.406006 1.532559 2.393885
13 136.914812 -171.715132 -1.909456 -2.219061 1.523513 1.580177
14 136.914812 -171.715132 -1.909456 -2.219061 1.523513 1.580177
15 125.562833 -157.033278 -1.209731 -2.219061 1.523513 1.580177
16 98.328619 -121.810454 0.468960 -2.219061 1.523513 1.580177
17 333.005517 -24.224284 -0.555286 -1.639208 1.531882 2.077508
18 0.000544 0.008402 -0.008544 -0.000082 -0.000026 0.000083
19 326.466864 -24.800235 -0.450872 -1.620045 1.531883 2.184428
20 297.792504 -47.044966 -0.667304 -1.706165 1.531567 2.097265
21 266.934298 -71.189336 -0.770177 -1.635758 1.531836 2.165649
22 235.886289 -95.735795 -0.860215 -1.636244 1.533054 2.163575
23 198.380923 -123.493730 -0.969351 -1.873013 1.531346 1.926631
24 136.915592 -171.716003 -1.909027 -2.217828 1.523588 1.581500
25 68.798869 -223.793318 -4.252142 -2.371343 1.516696 1.427790
26 -0.815373 -279.947104 -6.104795 -1.404510 1.532608 2.395474
27 -82.559256 -343.798056 -3.962855 -1.404510 1.532608 2.395474
28 -158.561146 -403.548111 -4.430284 -1.417572 1.532608 2.395474
29 -235.548704 -463.681048 -5.643627 -1.985427 1.521999 1.850454
30 -310.421248 -523.010694 -8.470933 -1.985427 1.521999 1.850454
31 -373.623639 -569.705348 -10.450104 -2.399174 1.504712 1.436058
32 -453.901879 -633.323410 -11.951321 -2.399174 1.504712 1.436058
time 42
0 0.000000 0.000000 0.000000 0.000000 -0.000000 0.000000
1 -310.431371 -522.997588 -8.513820 -1.986772 1.521844 1.849111
2 -310.431371 -522.997588 -8.513820 -1.986772 1.521844 1.849111
3 -322.307509 -508.746886 -7.682160 -1.986772 1.521844 1.849111
4 -350.799169 -474.558417 -5.686947 -1.986772 1.521844 1.849111
5 -158.572161 -403.534224 -4.458547 -1.417189 1.532594 2.395813
6 -158.572161 -403.534224 -4.458547 -1.417189 1.532594 2.395813
7 -170.113964 -389.005801 -3.757061 -1.417189 1.532594 2.395813
8 -197.803610 -354.151063 -2.074144 -1.417189 1.532594 2.395813
9 -0.820947 -279.939776 -6.119371 -1.405797 1.532575 2.394111
10 -0.820947 -279.939776 -6.119371 -1.405797 1.532575 2.394111
11 -12.172221 -265.259800 -5.419070 -1.405797 1.532575 2.394111
12 -39.404760 -230.041461 -3.738999 -1.405797 1.532575 2.394111
13 136.914793 -171.715133 -1.909456 -2.219244 1.523538 1.580018
14 136.914793 -171.715133 -1.909456 -2.219244 1.523538 1.580018
15 125.563798 -157.036162 -1.209791 -2.219244 1.523538 1.580018
16 98.331942 -121.820253 0.468756 -2.219244 1.523538 1.580018
17 333.005484 -24.224265 -0.555284 -1.639173 1.531880 2.077543
18 0.041383 -0.013831 -0.008082 -0.000056 -0.000016 0.000058
19 326.467585 -24.800644 -0.450879 -1.620017 1.531880 2.184454
20 297.795151 -47.046361 -0.667295 -1.706122 1.531565 2.097306
21 266.938948 -71.191804 -0.770155 -1.635727 1.531834 2.165678
22 235.892998 -95.739345 -0.860198 -1.636212 1.533052 2.163605
23 198.390194 -123.498622 -0.969331 -1.872946 1.531344 1.926695
24 136.928973 -171.723024 -1.908825 -2.217749 1.523588 1.581578
25 68.816838 -223.802803 -4.251459 -2.371261 1.516697 1.427870
26 -0.792871 -279.958938 -6.103620 -1.404538 1.532606 2.395444
27 -82.531377 -343.812746 -3.962230 -1.404538 1.532606 2.395444
28 -158.528135 -403.565418 -4.429796 -1.417599 1.532606 2.395444
29 -235.510648 -463.700943 -5.643159 -1.985392 1.521997 1.850485
30 -310.378418 -523.032946 -8.470072 -1.985392 1.521997 1.850485
31 -373.576594 -569.729783 -10.448972 -2.399132 1.504712 1.436096
32 -453.849723 -633.350429 -11.949899 -2.399132 1.504712 1.436096
time 43
0 0.000000 0.000000 0.000000 0.000000 -0.000000 0.000000
1 -310.431366 -522.997559 -8.513820 -1.986726 1.521818 1.849133
2 -310.431366 -522.997559 -8.513820 -1.986726 1.521818 1.849133
3 -322.308449 -508.744243 -7.682093 -1.986726 1.521818 1.849133
4 -350.802426 -474.549513 -5.686721 -1.986726 1.521818 1.849133
5 -158.572159 -403.534210 -4.458548 -1.417591 1.532564 2.395379
6 -158.572159 -403.534210 -4.458548 -1.417591 1.532564 2.395379
7 -170.115214 -389.002195 -3.756986 -1.417591 1.532564 2.395379
8 -197.807834 -354.138846 -2.073889 -1.417591 1.532564 2.395379
9 -0.820970 -279.939796 -6.119370 -1.406006 1.532559 2.393885
10 -0.820970 -279.939796 -6.119370 -1.406006 1.532559 2.393885
11 -12.172892 -265.257924 -5.419030 -1.406006 1.532559 2.393885
12 -39.406965 -230.035025 -3.738863 -1.406006 1.532559 2.393885
13 136.914825 -171.715149 -1.909457 -2.219061 1.523513 1.580177
14 136.914825 -171.715149 -1.909457 -2.219061 1.523513 1.580177
15 125.562846 -157.033295 -1.209732 -2.219061 1.523513 1.580177
16 98.328632 -121.810471 0.468960 -2.219061 1.523513 1.580177
17 333.005517 -24.224284 -0.555286 -1.639208 1.531882 2.077508
18 0.000535 0.008416 -0.008544 -0.000082 -0.000026 0.000083
19 326.466864 -24.800235 -0.450872 -1.620045 1.531883 2.184428
20 297.792504 -47.044966 -0.667304 -1.706165 1.531567 2.097265
21 266.934298 -71.189336 -0.770177 -1.635758 1.531836 2.165649
22 235.886298 -95.735810 -0.860216 -1.636244 1.533054 2.163575
23 198.380923 -123.493730 -0.969351 -1.873013 1.531346 1.926631
24 136.915530 -171.716003 -1.909027 -2.217828 1.523588 1.581500
25 68.798855 -223.793328 -4.252142 -2.371343 1.516696 1.427790
26 -0.815440 -279.947127 -6.104795 -1.404510 1.532608 2.395474
27 -82.559314 -343.798093 -3.962855 -1.404510 1.532608 2.395474
28 -158.561204 -403.548148 -4.430285 -1.417572 1.532608 2.395474
29 -235.548771 -463.681071 -5.643629 -1.985427 1.521999 1.850454
30 -310.421310 -523.010693 -8.470933 -1.985427 1.521999 1.850454
31 -373.623739 -569.705351 -10.450102 -2.399174 1.504712 1.436058
32 -453.901966 -633.323466 -11.951326 -2.399174 1.504712 1.436058
time 44
0 0.000000 0.000000 0.000000 0.000000 -0.000000 0.000000
1 -310.431331 -522.997590 -8.513819 -1.986772 1.521844 1.849111
2 -310.431331 -522.997590 -8.513819 -1.986772 1.521844 1.849111
3 -322.307469 -508.746889 -7.682159 -1.986772 1.521844 1.849111
4 -350.799164 -474.558449 -5.686945 -1.986772 1.521844 1.849111
5 -158.572177 -403.534224 -4.458547 -1.417189 1.532594 2.395813
6 -158.572177 -403.534224 -4.458547 -1.417189 1.532594 2.395813
7 -170.113979 -389.005801 -3.757061 -1.417189 1.532594 2.395813
8 -197.803608 -354.151049 -2.074145 -1.417189 1.532594 2.395813
9 -0.820947 -279.939807 -6.119371 -1.405797 1.532575 2.394111
10 -0.820947 -279.939807 -6.119371 -1.405797 1.532575 2.394111
11 -12.172221 -265.259830 -5.419070 -1.405797 1.532575 2.394111
12 -39.404760 -230.041491 -3.738999 -1.405797 1.532575 2.394111
13 136.914822 -171.715151 -1.909457 -2.219244 1.523538 1.580018
14 136.914822 -171.715151 -1.909457 -2.219244 1.523538 1.580018
15 125.563826 -157.036180 -1.209792 -2.219244 1.523538 1.580018
16 98.331971 -121.820272 0.468755 -2.219244 1.523538 1.580018
17 333.005493 -24.224283 -0.555286 -1.639173 1.531880 2.077543
18 0.041392 -0.013849 -0.008083 -0.000056 -0.000016 0.000058
19 326.467580 -24.800671 -0.450881 -1.620017 1.531880 2.184454
20 297.795151 -47.046365 -0.667296 -1.706122 1.531565 2.097306
21 266.938943 -71.191832 -0.770156 -1.635727 1.531834 2.165678
22 235.892998 -95.739349 -0.860198 -1.636212 1.533052 2.163605
23 198.390204 -123.498640 -0.969332 -1.872946 1.531344 1.926695
24 136.928945 -171.723046 -1.908825 -2.217749 1.523588 1.581578
25 68.816814 -223.802802 -4.251460 -2.371261 1.516697 1.427870
26 -0.792905 -279.958984 -6.103622 -1.404538 1.532606 2.395444
27 -82.531358 -343.812779 -3.962231 -1.404538 1.532606 2.395444
28 -158.528178 -403.565450 -4.429795 -1.417599 1.532606 2.395444
29 -235.510667 -463.700979 -5.643160 -1.985392 1.521997 1.850485
30 -310.378447 -523.032968 -8.470073 -1.985392 1.521997 1.850485
31 -373.576623 -569.729806 -10.448973 -2.399132 1.504712 1.436096
32 -453.849761 -633.350437 -11.949900 -2.399132 1.504712 1.436096
time 45
0 0.000000 0.000000 0.000000 0.000000 -0.000000 0.000000
1 -310.431366 -522.997620 -8.513820 -1.986726 1.521818 1.849133
2 -310.431366 -522.997620 -8.513820 -1.986726 1.521818 1.849133
3 -322.308449 -508.744304 -7.682093 -1.986726 1.521818 1.849133
4 -350.802426 -474.549574 -5.686721 -1.986726 1.521818 1.849133
5 -158.572159 -403.534210 -4.458548 -1.417591 1.532564 2.395379
6 -158.572159 -403.534210 -4.458548 -1.417591 1.532564 2.395379
7 -170.115214 -389.002195 -3.756986 -1.417591 1.532564 2.395379
8 -197.807834 -354.138846 -2.073889 -1.417591 1.532564 2.395379
9 -0.820970 -279.939796 -6.119370 -1.406006 1.532559 2.393885
10 -0.820970 -279.939796 -6.119370 -1.406006 1.532559 2.393885
11 -12.172892 -265.257924 -5.419030 -1.406006 1.532559 2.393885
12 -39.406965 -230.035025 -3.738863 -1.406006 1.532559 2.393885
13 136.914825 -171.715149 -1.909457 -2.219061 1.523513 1.580177
14 136.914825 -171.715149 -1.909457 -2.219061 1.523513 1.580177
15 125.562846 -157.033295 -1.209732 -2.219061 1.523513 1.580177
16 98.328632 -121.810471 0.468960 -2.219061 1.523513 1.580177
17 333.005517 -24.224288 -0.555286 -1.639208 1.531882 2.077508
18 0.000544 0.008398 -0.008544 -0.000082 -0.000026 0.000083
19 326.466873 -24.800253 -0.450873 -1.620045 1.531883 2.184428
20 297.792514 -47.044984 -0.667304 -1.706165 1.531567 2.097265
21 266.934307 -71.189354 -0.770177 -1.635758 1.531836 2.165649
22 235.886298 -95.735814 -0.860215 -1.636244 1.533054 2.163575
23 198.380933 -123.493748 -0.969352 -1.873013 1.531346 1.926631
24 136.915530 -171.716006 -1.909027 -2.217828 1.523588 1.581500
25 68.798855 -223.793331 -4.252142 -2.371343 1.516696 1.427790
26 -0.815440 -279.947131 -6.104795 -1.404510 1.532608 2.395474
27 -82.559314 -343.798097 -3.962855 -1.404510 1.532608 2.395474
28 -158.561204 -403.548152 -4.430285 -1.417572 1.532608 2.395474
29 -235.548771 -463.681074 -5.643629 -1.985427 1.521999 1.850454
30 -310.421310 -523.010697 -8.470933 -1.985427 1.521999 1.850454
31 -373.623739 -569.705355 -10.450102 -2.399174 1.504712 1.436058
32 -453.901966 -633.323470 -11.951326 -2.399174 1.504712 1.436058
time 46
0 0.000000 0.000000 0.000000 0.000000 -0.000000 0.000000
1 -310.431331 -522.997590 -8.513819 -1.986772 1.521844 1.849111
2 -310.431331 -522.997590 -8.513819 -1.986772 1.521844 1.849111
3 -322.307469 -508.746889 -7.682159 -1.986772 1.521844 1.849111
4 -350.799164 -474.558449 -5.686945 -1.986772 1.521844 1.849111
5 -158.572159 -403.534180 -4.458547 -1.417189 1.532594 2.395813
6 -158.572159 -403.534180 -4.458547 -1.417189 1.532594 2.395813
7 -170.113961 -389.005756 -3.757061 -1.417189 1.532594 2.395813
8 -197.803593 -354.151036 -2.074146 -1.417189 1.532594 2.395813
9 -0.820947 -279.939807 -6.119370 -1.405797 1.532575 2.394111
10 -0.820947 -279.939807 -6.119370 -1.405797 1.532575 2.394111
11 -12.172221 -265.259830 -5.419070 -1.405797 1.532575 2.394111
12 -39.404759 -230.041491 -3.738998 -1.405797 1.532575 2.394111
13 136.914822 -171.715151 -1.909456 -2.219244 1.523538 1.580018
14 136.914822 -171.715151 -1.909456 -2.219244 1.523538 1.580018
15 125.563826 -157.036180 -1.209791 -2.219244 1.523538 1.580018
16 98.331971 -121.820272 0.468755 -2.219244 1.523538 1.580018
17 333.005463 -24.224283 -0.555285 -1.639173 1.531880 2.077543
18 0.041391 -0.013831 -0.008082 -0.000056 -0.000016 0.000058
19 326.467564 -24.800662 -0.450880 -1.620017 1.531880 2.184454
20 297.795135 -47.046355 -0.667295 -1.706122 1.531565 2.097306
21 266.938927 -71.191822 -0.770156 -1.635727 1.531834 2.165678
22 235.892944 -95.739344 -0.860197 -1.636212 1.533052 2.163605
23 198.390188 -123.498631 -0.969332 -1.872946 1.531344 1.926695
24 136.928952 -171.723042 -1.908825 -2.217749 1.523588 1.581578
25 68.816784 -223.802802 -4.251459 -2.371261 1.516697 1.427870
26 -0.792921 -279.958975 -6.103621 -1.404538 1.532606 2.395444
27 -82.531412 -343.812774 -3.962230 -1.404538 1.532606 2.395444
28 -158.528185 -403.565455 -4.429796 -1.417599 1.532606 2.395444
29 -235.510698 -463.700980 -5.643159 -1.985392 1.521997 1.850485
30 -310.378463 -523.032959 -8.470072 -1.985392 1.521997 1.850485
31 -373.576639 -569.729797 -10.448973 -2.399132 1.504712 1.436096
32 -453.849791 -633.350437 -11.949900 -2.399132 1.504712 1.436096
time 47
0 0.000000 0.000000 0.000000 0.000000 -0.000000 0.000000
1 -310.431366 -522.997620 -8.513820 -1.986726 1.521818 1.849133
2 -310.431366 -522.997620 -8.513820 -1.986726 1.521818 1.849133
3 -322.308449 -508.744304 -7.682093 -1.986726 1.521818 1.849133
4 -350.802426 -474.549574 -5.686721 -1.986726 1.521818 1.849133
5 -158.572145 -403.534198 -4.458548 -1.417591 1.532564 2.395379
6 -158.572145 -403.534198 -4.458548 -1.417591 1.532564 2.395379
7 -170.115200 -389.002183 -3.756987 -1.417591 1.532564 2.395379
8 -197.807852 -354.138830 -2.073889 -1.417591 1.532564 2.395379
9 -0.820970 -279.939796 -6.119370 -1.406006 1.532559 2.393885
10 -0.820970 -279.939796 -6.119370 -1.406006 1.532559 2.393885
11 -12.172892 -265.257924 -5.419030 -1.406006 1.532559 2.393885
12 -39.406965 -230.035025 -3.738863 -1.406006 1.532559 2.393885
13 136.914825 -171.715149 -1.909457 -2.219061 1.523513 1.580177
14 136.914825 -171.715149 -1.909457 -2.219061 1.523513 1.580177
15 125.562846 -157.033295 -1.209732 -2.219061 1.523513 1.580177
16 98.328632 -121.810471 0.468960 -2.219061 1.523513 1.580177
17 333.005517 -24.224288 -0.555286 -1.639208 1.531882 2.077508
18 0.000544 0.008398 -0.008544 -0.000082 -0.000026 0.000083
19 326.466873 -24.800253 -0.450873 -1.620045 1.531883 2.184428
20 297.792514 -47.044984 -0.667304 -1.706165 1.531567 2.097265
21 266.934307 -71.189354 -0.770177 -1.635758 1.531836 2.165649
22 235.886298 -95.735814 -0.860215 -1.636244 1.533054 2.163575
23 198.380933 -123.493748 -0.969352 -1.873013 1.531346 1.926631
24 136.915530 -171.716006 -1.909027 -2.217828 1.523588 1.581500
25 68.798855 -223.793331 -4.252142 -2.371343 1.516696 1.427790
26 -0.815440 -279.947131 -6.104795 -1.404510 1.532608 2.395474
27 -82.559314 -343.798097 -3.962855 -1.404510 1.532608 2.395474
28 -158.561204 -403.548152 -4.430285 -1.417572 1.532608 2.395474
29 -235.548771 -463.681074 -5.643629 -1.985427 1.521999 1.850454
30 -310.421310 -523.010697 -8.470933 -1.985427 1.521999 1.850454
31 -373.623739 -569.705355 -10.450102 -2.399174 1.504712 1.436058
32 -453.901966 -633.323470 -11.951326 -2.399174 1.504712 1.436058
time 48
0 0.000000 0.000000 0.000000 0.000000 -0.000000 0.000000
1 -310.431331 -522.997590 -8.513819 -1.986772 1.521844 1.849111
2 -310.431331 -522.997590 -8.513819 -1.986772 1.521844 1.849111
3 -322.307469 -508.746889 -7.682159 -1.986772 1.521844 1.849111
4 -350.799164 -474.558449 -5.686945 -1.986772 1.521844 1.849111
5 -158.572177 -403.534224 -4.458547 -1.417189 1.532594 2.395813
6 -158.572177 -403.534224 -4.458547 -1.417189 1.532594 2.395813
7 -170.113979 -389.005801 -3.757061 -1.417189 1.532594 2.395813
8 -197.803608 -354.151049 -2.074145 -1.417189 1.532594 2.395813
9 -0.820947 -279.939807 -6.119370 -1.405797 1.532575 2.394111
10 -0.820947 -279.939807 -6.119370 -1.405797 1.532575 2.394111
11 -12.172221 -265.259830 -5.419070 -1.405797 1.532575 2.394111
12 -39.404760 -230.041491 -3.738998 -1.405797 1.532575 2.394111
13 136.914822 -171.715151 -1.909457 -2.219244 1.523538 1.580018
14 136.914822 -171.715151 -1.909457 -2.219244 1.523538 1.580018
15 125.563826 -157.036180 -1.209792 -2.219244 1.523538 1.580018
16 98.331971 -121.820272 0.468755 -2.219244 1.523538 1.580018
17 333.005493 -24.224283 -0.555286 -1.639173 1.531880 2.077543
18 0.041392 -0.013849 -0.008083 -0.000056 -0.000016 0.000058
19 326.467580 -24.800671 -0.450881 -1.620017 1.531880 2.184454
20 297.795151 -47.046365 -0.667296 -1.706122 1.531565 2.097306
21 266.938943 -71.191832 -0.770156 -1.635727 1.531834 2.165678
22 235.892998 -95.739349 -0.860198 -1.636212 1.533052 2.163605
23 198.390204 -123.498640 -0.969332 -1.872946 1.531344 1.926695
24 136.928945 -171.723046 -1.908825 -2.217749 1.523588 1.581578
25 68.816814 -223.802802 -4.251460 -2.371261 1.516697 1.427870
26 -0.792905 -279.958984 -6.103622 -1.404538 1.532606 2.395444
27 -82.531358 -343.812779 -3.962231 -1.404538 1.532606 2.395444
28 -158.528178 -403.565450 -4.429795 -1.417599 1.532606 2.395444
29 -235.510667 -463.700979 -5.643160 -1.985392 1.521997 1.850485
30 -310.378447 -523.032968 -8.470073 -1.985392 1.521997 1.850485
31 -373.576623 -569.729806 -10.448973 -2.399132 1.504712 1.436096
32 -453.849761 -633.350437 -11.949900 -2.399132 1.504712 1.436096
time 49
0 0.000000 0.000000 0.000000 0.000000 -0.000000 0.000000
1 -310.431366 -522.997620 -8.513820 -1.986726 1.521818 1.849133
2 -310.431366 -522.997620 -8.513820 -1.986726 1.521818 1.849133
3 -322.308449 -508.744304 -7.682093 -1.986726 1.521818 1.849133
4 -350.802426 -474.549574 -5.686721 -1.986726 1.521818 1.849133
5 -158.572159 -403.534210 -4.458548 -1.417591 1.532564 2.395379
6 -158.572159 -403.534210 -4.458548 -1.417591 1.532564 2.395379
7 -170.115214 -389.002195 -3.756986 -1.417591 1.532564 2.395379
8 -197.807834 -354.138846 -2.073889 -1.417591 1.532564 2.395379
9 -0.820970 -279.939796 -6.119370 -1.406006 1.532559 2.393885
10 -0.820970 -279.939796 -6.119370 -1.406006 1.532559 2.393885
11 -12.172892 -265.257924 -5.419030 -1.406006 1.532559 2.393885
12 -39.406965 -230.035025 -3.738863 -1.406006 1.532559 2.393885
13 136.914825 -171.715149 -1.909457 -2.219061 1.523513 1.580177
14 136.914825 -171.715149 -1.909457 -2.219061 1.523513 1.580177
15 125.562846 -157.033295 -1.209732 -2.219061 1.523513 1.580177
16 98.328632 -121.810471 0.468960 -2.219061 1.523513 1.580177
17 333.005517 -24.224288 -0.555286 -1.639208 1.531882 2.077508
18 0.000521 0.008403 -0.008544 -0.000082 -0.000026 0.000083
19 326.466873 -24.800253 -0.450873 -1.620045 1.531883 2.184428
20 297.792514 -47.044984 -0.667304 -1.706165 1.531567 2.097265
21 266.934307 -71.189354 -0.770177 -1.635758 1.531836 2.165649
22 235.886298 -95.735814 -0.860216 -1.636244 1.533054 2.163575
23 198.380933 -123.493748 -0.969352 -1.873013 1.531346 1.926631
24 136.915530 -171.716006 -1.909027 -2.217828 1.523588 1.581500
25 68.798855 -223.793331 -4.252142 -2.371343 1.516696 1.427790
26 -0.815440 -279.947131 -6.104796 -1.404510 1.532608 2.395474
27 -82.559314 -343.798097 -3.962855 -1.404510 1.532608 2.395474
28 -158.561204 -403.548152 -4.430285 -1.417572 1.532608 2.395474
29 -235.548771 -463.681074 -5.643629 -1.985427 1.521999 1.850454
30 -310.421310 -523.010697 -8.470933 -1.985427 1.521999 1.850454
31 -373.623739 -569.705355 -10.450102 -2.399174 1.504712 1.436058
32 -453.901966 -633.323470 -11.951326 -2.399174 1.504712 1.436058
time 50
0 0.000000 0.000000 0.000000 0.000000 -0.000000 0.000000
1 -310.431331 -522.997590 -8.513819 -1.986772 1.521844 1.849111
2 -310.431331 -522.997590 -8.513819 -1.986772 1.521844 1.849111
3 -322.307469 -508.746889 -7.682159 -1.986772 1.521844 1.849111
4 -350.799164 -474.558449 -5.686945 -1.986772 1.521844 1.849111
5 -158.572177 -403.534224 -4.458547 -1.417189 1.532594 2.395813
6 -158.572177 -403.534224 -4.458547 -1.417189 1.532594 2.395813
7 -170.113979 -389.005801 -3.757061 -1.417189 1.532594 2.395813
8 -197.803608 -354.151049 -2.074145 -1.417189 1.532594 2.395813
9 -0.820947 -279.939807 -6.119371 -1.405797 1.532575 2.394111
10 -0.820947 -279.939807 -6.119371 -1.405797 1.532575 2.394111
11 -12.172221 -265.259830 -5.419070 -1.405797 1.532575 2.394111
12 -39.404760 -230.041491 -3.738999 -1.405797 1.532575 2.394111
13 136.914830 -171.715161 -1.909457 -2.219244 1.523538 1.580018
14 136.914830 -171.715161 -1.909457 -2.219244 1.523538 1.580018
15 125.563834 -157.036190 -1.209792 -2.219244 1.523538 1.580018
16 98.331978 -121.820281 0.468755 -2.219244 1.523538 1.580018
17 333.005493 -24.224283 -0.555285 -1.639173 1.531880 2.077543
18 0.041383 -0.013835 -0.008082 -0.000056 -0.000016 0.000058
19 326.467580 -24.800671 -0.450880 -1.620017 1.531880 2.184454
20 297.795151 -47.046365 -0.667295 -1.706122 1.531565 2.097306
21 266.938943 -71.191832 -0.770156 -1.635727 1.531834 2.165678
22 235.892998 -95.739349 -0.860197 -1.636212 1.533052 2.163605
23 198.390204 -123.498640 -0.969332 -1.872946 1.531344 1.926695
24 136.928945 -171.723047 -1.908825 -2.217749 1.523588 1.581578
25 68.816814 -223.802802 -4.251459 -2.371261 1.516697 1.427870
26 -0.792929 -279.958979 -6.103621 -1.404538 1.532606 2.395444
27 -82.531382 -343.812774 -3.962230 -1.404538 1.532606 2.395444
28 -158.528193 -403.565460 -4.429796 -1.417599 1.532606 2.395444
29 -235.510705 -463.700984 -5.643160 -1.985392 1.521997 1.850485
30 -310.378470 -523.032963 -8.470073 -1.985392 1.521997 1.850485
31 -373.576647 -569.729801 -10.448972 -2.399132 1.504712 1.436096
32 -453.849799 -633.350441 -11.949900 -2.399132 1.504712 1.436096
end
