version 1
nodes
0 "root" -1
1 "draw1_0_2efb_kyj02_trall" 0
2 "draw1_1_2efb_kyj02_bone01" 0
3 "draw1_2_2efb_kyj02_bone02" 0
4 "draw1_3_2efb_kyj02_bone03" 0
5 "draw2_0_2efb_kyj02_trall" 0
6 "draw2_1_2efb_kyj02_bone01" 0
7 "draw2_2_2efb_kyj02_bone02" 0
8 "draw2_3_2efb_kyj02_bone03" 0
9 "draw3_0_2efb_kyj02_trall" 0
10 "draw3_1_2efb_kyj02_bone01" 0
11 "draw3_2_2efb_kyj02_bone02" 0
12 "draw3_3_2efb_kyj02_bone03" 0
13 "draw4_0_2efb_kyj02_trall" 0
14 "draw4_1_2efb_kyj02_bone01" 0
15 "draw4_2_2efb_kyj02_bone02" 0
16 "draw4_3_2efb_kyj02_bone03" 0
17 "draw5_0_2efb_kyj06_body_trall" 0
18 "draw5_1_2efb_kyj06_body" 0
19 "draw5_2_2efb_kyj06_bone01" 0
20 "draw5_3_2efb_kyj06_bone02" 0
21 "draw5_4_2efb_kyj06_bone03" 0
22 "draw5_5_2efb_kyj06_bone04" 0
23 "draw5_6_2efb_kyj06_bone05" 0
24 "draw5_7_2efb_kyj06_bone06" 0
25 "draw5_8_2efb_kyj06_bone07" 0
26 "draw5_9_2efb_kyj06_bone08" 0
27 "draw5_10_2efb_kyj06_bone09" 0
28 "draw5_11_2efb_kyj06_bone10" 0
29 "draw5_12_2efb_kyj06_bone11" 0
30 "draw5_13_2efb_kyj06_bone12" 0
31 "draw5_14_2efb_kyj06_bone13" 0
32 "draw5_15_2efb_kyj06_bone14" 0
end
skeleton
time 0
0 0.000000 0.000000 0.000000 0.000000 -0.000000 0.000000
1 0.000000 0.000000 0.000000 0.000000 -0.000000 0.000000
2 0.000000 0.000000 0.000000 0.000000 -0.000000 0.000000
3 0.000000 -18.570662 0.000000 0.000000 -0.000000 0.000000
4 0.000000 -63.123017 0.000000 0.000000 -0.000000 0.000000
5 0.000000 0.000000 0.000000 0.000000 -0.000000 0.000000
6 0.000000 0.000000 0.000000 0.000000 -0.000000 0.000000
7 0.000000 -18.570636 0.000000 0.000000 -0.000000 0.000000
8 0.000000 -63.122928 0.000000 0.000000 -0.000000 0.000000
9 0.000000 0.000000 0.000000 0.000000 -0.000000 0.000000
10 0.000000 0.000000 0.000000 0.000000 -0.000000 0.000000
11 0.000000 -18.570797 0.000000 0.000000 -0.000000 0.000000
12 0.000000 -63.123474 0.000000 0.000000 -0.000000 0.000000
13 0.000000 0.000000 0.000000 0.000000 -0.000000 0.000000
14 0.000000 0.000000 0.000000 0.000000 -0.000000 0.000000
15 0.000000 -18.570560 0.000000 0.000000 -0.000000 0.000000
16 0.000000 -63.122669 0.000000 0.000000 -0.000000 0.000000
17 0.000000 0.000000 0.000000 0.000000 -0.000000 0.000000
18 0.000000 0.000000 0.000000 -0.000000 -0.000000 0.000000
19 0.000000 -0.000001 0.000000 0.000000 -0.000000 0.000000
20 0.000000 -0.000009 36.352553 0.000000 -0.000000 0.000000
21 0.000000 -0.000034 75.725651 0.000000 -0.000000 0.000000
22 0.000000 -0.000061 115.098750 0.000000 -0.000000 0.000000
23 0.000000 -0.000089 154.471848 0.000000 -0.000000 0.000000
24 0.000000 -0.000122 233.218044 0.000000 -0.000000 0.000000
25 0.000000 -0.000176 311.964241 0.000000 -0.000000 0.000000
26 0.000000 -0.000231 390.710437 0.000000 -0.000000 0.000000
27 0.000000 -0.000285 469.456634 0.000000 -0.000000 0.000000
28 0.000000 -0.000340 548.202830 0.000000 -0.000000 0.000000
29 0.000000 -0.000394 626.949027 0.000000 -0.000000 0.000000
30 0.000000 -0.000449 705.695223 0.000000 -0.000000 0.000000
31 0.000000 -0.000498 750.693050 0.000000 -0.000000 0.000000
32 0.000000 -0.000503 784.441420 0.000000 -0.000000 0.000000
end
triangles
2efb_kyj06_body_mesh1
19 -0.603979 0.000000 -0.356698 -1.000000 0.000000 0.000000 0.500000 0.000000 3 19 0.743391 20 0.230989 21 0.025620
19 0.000000 0.605867 -0.356699 0.000000 1.000000 0.000000 0.500000 0.000000 3 19 0.743420 20 0.230964 21 0.025617
19 0.603979 0.000000 -0.356699 1.000000 0.000000 0.000000 0.500000 0.000000 3 19 0.743391 20 0.230989 21 0.025620
2efb_kyj06_body_mesh1
19 0.000000 0.605867 -0.356699 0.000000 1.000000 0.000000 0.500000 0.000000 3 19 0.743420 20 0.230964 21 0.025617
19 0.000000 0.605799 15.339455 0.000000 1.000000 0.000000 0.500000 0.020020 3 19 0.600583 20 0.337109 21 0.062308
19 0.603979 0.000000 -0.356699 1.000000 0.000000 0.000000 0.500000 0.000000 3 19 0.743391 20 0.230989 21 0.025620
2efb_kyj06_body_mesh1
19 0.603979 0.000000 -0.356699 1.000000 0.000000 0.000000 0.500000 0.000000 3 19 0.743391 20 0.230989 21 0.025620
19 0.000000 0.605799 15.339455 0.000000 1.000000 0.000000 0.500000 0.020020 3 19 0.600583 20 0.337109 21 0.062308
19 0.603983 0.000000 15.339451 1.000000 0.000000 0.000000 0.500000 0.020020 3 19 0.600523 20 0.337166 21 0.062311
2efb_kyj06_body_mesh1
19 0.000000 0.605799 15.339455 0.000000 1.000000 0.000000 0.500000 0.020020 3 19 0.600583 20 0.337109 21 0.062308
20 0.000000 0.605799 31.035606 0.000000 1.000000 0.000000 0.500000 0.040039 3 20 0.510951 19 0.359576 21 0.129474
19 0.603983 0.000000 15.339451 1.000000 0.000000 0.000000 0.500000 0.020020 3 19 0.600523 20 0.337166 21 0.062311
2efb_kyj06_body_mesh1
19 0.603983 0.000000 15.339451 1.000000 0.000000 0.000000 0.500000 0.020020 3 19 0.600523 20 0.337166 21 0.062311
20 0.000000 0.605799 31.035606 0.000000 1.000000 0.000000 0.500000 0.040039 3 20 0.510951 19 0.359576 21 0.129474
20 0.603988 0.000000 31.035606 1.000000 0.000000 0.000000 0.500000 0.040039 3 20 0.511179 19 0.359391 21 0.129430
2efb_kyj06_body_mesh1
20 0.000000 0.605799 31.035606 0.000000 1.000000 0.000000 0.500000 0.040039 3 20 0.510951 19 0.359576 21 0.129474
20 0.000000 0.605867 46.731764 0.000000 1.000000 0.000000 0.500000 0.060059 3 20 0.494800 21 0.270615 19 0.234584
20 0.603988 0.000000 31.035606 1.000000 0.000000 0.000000 0.500000 0.040039 3 20 0.511179 19 0.359391 21 0.129430
2efb_kyj06_body_mesh1
20 0.603988 0.000000 31.035606 1.000000 0.000000 0.000000 0.500000 0.040039 3 20 0.511179 19 0.359391 21 0.129430
20 0.000000 0.605867 46.731764 0.000000 1.000000 0.000000 0.500000 0.060059 3 20 0.494800 21 0.270615 19 0.234584
20 0.603993 0.000000 46.731750 1.000000 0.000000 0.000000 0.500000 0.060059 3 20 0.494900 21 0.270590 19 0.234510
2efb_kyj06_body_mesh1
20 0.000000 0.605867 46.731764 0.000000 1.000000 0.000000 0.500000 0.060059 3 20 0.494800 21 0.270615 19 0.234584
21 0.000000 0.605799 62.427910 0.000000 1.000000 0.000000 0.500000 0.080078 3 21 0.518417 20 0.342841 19 0.138742
20 0.603993 0.000000 46.731750 1.000000 0.000000 0.000000 0.500000 0.060059 3 20 0.494900 21 0.270590 19 0.234510
2efb_kyj06_body_mesh1
20 0.603993 0.000000 46.731750 1.000000 0.000000 0.000000 0.500000 0.060059 3 20 0.494900 21 0.270590 19 0.234510
21 0.000000 0.605799 62.427910 0.000000 1.000000 0.000000 0.500000 0.080078 3 21 0.518417 20 0.342841 19 0.138742
21 0.603998 0.000000 62.427910 1.000000 0.000000 0.000000 0.500000 0.080078 3 21 0.518478 20 0.342822 19 0.138700
2efb_kyj06_body_mesh1
21 0.000000 0.605799 62.427910 0.000000 1.000000 0.000000 0.500000 0.080078 3 21 0.518417 20 0.342841 19 0.138742
21 0.000000 0.605867 78.124057 0.000000 1.000000 0.000000 0.500000 0.100098 3 21 0.629359 22 0.203503 20 0.167138
21 0.603998 0.000000 62.427910 1.000000 0.000000 0.000000 0.500000 0.080078 3 21 0.518478 20 0.342822 19 0.138700
2efb_kyj06_body_mesh1
21 0.603998 0.000000 62.427910 1.000000 0.000000 0.000000 0.500000 0.080078 3 21 0.518478 20 0.342822 19 0.138700
21 0.000000 0.605867 78.124057 0.000000 1.000000 0.000000 0.500000 0.100098 3 21 0.629359 22 0.203503 20 0.167138
21 0.604002 0.000000 78.124057 1.000000 0.000000 0.000000 0.500000 0.100098 3 21 0.629793 22 0.203265 20 0.166942
2efb_kyj06_body_mesh1
21 0.000000 0.605867 78.124057 0.000000 1.000000 0.000000 0.500000 0.100098 3 21 0.629359 22 0.203503 20 0.167138
21 0.000000 0.605867 93.820212 0.000000 1.000000 0.000000 0.500000 0.120117 3 21 0.476119 22 0.429564 20 0.094317
21 0.604002 0.000000 78.124057 1.000000 0.000000 0.000000 0.500000 0.100098 3 21 0.629793 22 0.203265 20 0.166942
2efb_kyj06_body_mesh1
21 0.604002 0.000000 78.124057 1.000000 0.000000 0.000000 0.500000 0.100098 3 21 0.629793 22 0.203265 20 0.166942
21 0.000000 0.605867 93.820212 0.000000 1.000000 0.000000 0.500000 0.120117 3 21 0.476119 22 0.429564 20 0.094317
21 0.604007 0.000000 93.820205 1.000000 0.000000 0.000000 0.500000 0.120117 3 21 0.476134 22 0.429561 20 0.094306
2efb_kyj06_body_mesh1
21 0.000000 0.605867 93.820212 0.000000 1.000000 0.000000 0.500000 0.120117 3 21 0.476119 22 0.429564 20 0.094317
22 0.000000 0.605730 109.516367 0.000000 1.000000 0.000000 0.500000 0.140137 3 22 0.605504 21 0.241732 23 0.152764
21 0.604007 0.000000 93.820205 1.000000 0.000000 0.000000 0.500000 0.120117 3 21 0.476134 22 0.429561 20 0.094306
2efb_kyj06_body_mesh1
21 0.604007 0.000000 93.820205 1.000000 0.000000 0.000000 0.500000 0.120117 3 21 0.476134 22 0.429561 20 0.094306
22 0.000000 0.605730 109.516367 0.000000 1.000000 0.000000 0.500000 0.140137 3 22 0.605504 21 0.241732 23 0.152764
22 0.604012 0.000000 109.516376 1.000000 0.000000 0.000000 0.500000 0.140137 3 22 0.605677 21 0.241629 23 0.152695
2efb_kyj06_body_mesh1
22 0.000000 0.605730 109.516367 0.000000 1.000000 0.000000 0.500000 0.140137 3 22 0.605504 21 0.241732 23 0.152764
22 0.000000 0.605799 125.212532 0.000000 1.000000 0.000000 0.500000 0.160156 3 22 0.564750 23 0.303566 21 0.131685
22 0.604012 0.000000 109.516376 1.000000 0.000000 0.000000 0.500000 0.140137 3 22 0.605677 21 0.241629 23 0.152695
2efb_kyj06_body_mesh1
22 0.604012 0.000000 109.516376 1.000000 0.000000 0.000000 0.500000 0.140137 3 22 0.605677 21 0.241629 23 0.152695
22 0.000000 0.605799 125.212532 0.000000 1.000000 0.000000 0.500000 0.160156 3 22 0.564750 23 0.303566 21 0.131685
22 0.604017 0.000000 125.212516 1.000000 0.000000 0.000000 0.500000 0.160156 3 22 0.564828 23 0.303515 21 0.131656
2efb_kyj06_body_mesh1
22 0.000000 0.605799 125.212532 0.000000 1.000000 0.000000 0.500000 0.160156 3 22 0.564750 23 0.303566 21 0.131685
23 0.000000 0.605730 140.908662 0.000000 1.000000 0.000000 0.500000 0.180176 3 23 0.561100 22 0.377518 21 0.061382
22 0.604017 0.000000 125.212516 1.000000 0.000000 0.000000 0.500000 0.160156 3 22 0.564828 23 0.303515 21 0.131656
2efb_kyj06_body_mesh1
22 0.604017 0.000000 125.212516 1.000000 0.000000 0.000000 0.500000 0.160156 3 22 0.564828 23 0.303515 21 0.131656
23 0.000000 0.605730 140.908662 0.000000 1.000000 0.000000 0.500000 0.180176 3 23 0.561100 22 0.377518 21 0.061382
23 0.604021 0.000000 140.908705 1.000000 0.000000 0.000000 0.500000 0.180176 3 23 0.561143 22 0.377485 21 0.061373
2efb_kyj06_body_mesh1
23 0.000000 0.605730 140.908662 0.000000 1.000000 0.000000 0.500000 0.180176 3 23 0.561100 22 0.377518 21 0.061382
23 0.000000 0.605799 156.604811 0.000000 1.000000 0.000000 0.500000 0.200195 3 23 0.768556 22 0.204975 24 0.026469
23 0.604021 0.000000 140.908705 1.000000 0.000000 0.000000 0.500000 0.180176 3 23 0.561143 22 0.377485 21 0.061373
2efb_kyj06_body_mesh1
23 0.604021 0.000000 140.908705 1.000000 0.000000 0.000000 0.500000 0.180176 3 23 0.561143 22 0.377485 21 0.061373
23 0.000000 0.605799 156.604811 0.000000 1.000000 0.000000 0.500000 0.200195 3 23 0.768556 22 0.204975 24 0.026469
23 0.604026 0.000000 156.604811 1.000000 0.000000 0.000000 0.500000 0.200195 3 23 0.768931 22 0.204643 24 0.026426
2efb_kyj06_body_mesh1
23 0.000000 0.605799 156.604811 0.000000 1.000000 0.000000 0.500000 0.200195 3 23 0.768556 22 0.204975 24 0.026469
23 0.000000 0.605867 172.300975 0.000000 1.000000 0.000000 0.500000 0.220215 3 23 0.734727 22 0.146424 24 0.118848
23 0.604026 0.000000 156.604811 1.000000 0.000000 0.000000 0.500000 0.200195 3 23 0.768931 22 0.204643 24 0.026426
2efb_kyj06_body_mesh1
23 0.604026 0.000000 156.604811 1.000000 0.000000 0.000000 0.500000 0.200195 3 23 0.768931 22 0.204643 24 0.026426
23 0.000000 0.605867 172.300975 0.000000 1.000000 0.000000 0.500000 0.220215 3 23 0.734727 22 0.146424 24 0.118848
23 0.604031 0.000000 172.300975 1.000000 0.000000 0.000000 0.500000 0.220215 3 23 0.734757 22 0.146408 24 0.118835
2efb_kyj06_body_mesh1
23 0.000000 0.605867 172.300975 0.000000 1.000000 0.000000 0.500000 0.220215 3 23 0.734727 22 0.146424 24 0.118848
22 0.000000 0.605867 187.997140 0.000000 1.000000 0.000000 0.500000 0.240234 3 22 0.072272 23 0.573289 24 0.354439
23 0.604031 0.000000 172.300975 1.000000 0.000000 0.000000 0.500000 0.220215 3 23 0.734757 22 0.146408 24 0.118835
2efb_kyj06_body_mesh1
23 0.604031 0.000000 172.300975 1.000000 0.000000 0.000000 0.500000 0.220215 3 23 0.734757 22 0.146408 24 0.118835
22 0.000000 0.605867 187.997140 0.000000 1.000000 0.000000 0.500000 0.240234 3 22 0.072272 23 0.573289 24 0.354439
22 0.604035 0.000000 187.997104 1.000000 0.000000 0.000000 0.500000 0.240234 3 22 0.072271 23 0.573296 24 0.354433
2efb_kyj06_body_mesh1
22 0.000000 0.605867 187.997140 0.000000 1.000000 0.000000 0.500000 0.240234 3 22 0.072272 23 0.573289 24 0.354439
24 0.000000 0.605867 203.693250 0.000000 1.000000 0.000000 0.500000 0.260254 3 24 0.681462 23 0.302250 22 0.016288
22 0.604035 0.000000 187.997104 1.000000 0.000000 0.000000 0.500000 0.240234 3 22 0.072271 23 0.573296 24 0.354433
2efb_kyj06_body_mesh1
22 0.604035 0.000000 187.997104 1.000000 0.000000 0.000000 0.500000 0.240234 3 22 0.072271 23 0.573296 24 0.354433
24 0.000000 0.605867 203.693250 0.000000 1.000000 0.000000 0.500000 0.260254 3 24 0.681462 23 0.302250 22 0.016288
24 0.604040 0.000000 203.693281 1.000000 0.000000 0.000000 0.500000 0.260254 3 24 0.681472 23 0.302239 22 0.016289
2efb_kyj06_body_mesh1
24 0.000000 0.605867 203.693250 0.000000 1.000000 0.000000 0.500000 0.260254 3 24 0.681462 23 0.302250 22 0.016288
24 0.000000 0.605799 219.389414 0.000000 1.000000 0.000000 0.500000 0.280273 3 24 0.892556 23 0.100098 25 0.007346
24 0.604040 0.000000 203.693281 1.000000 0.000000 0.000000 0.500000 0.260254 3 24 0.681472 23 0.302239 22 0.016289
2efb_kyj06_body_mesh1
24 0.604040 0.000000 203.693281 1.000000 0.000000 0.000000 0.500000 0.260254 3 24 0.681472 23 0.302239 22 0.016289
24 0.000000 0.605799 219.389414 0.000000 1.000000 0.000000 0.500000 0.280273 3 24 0.892556 23 0.100098 25 0.007346
24 0.604045 0.000000 219.389446 1.000000 0.000000 0.000000 0.500000 0.280273 3 24 0.892577 23 0.100078 25 0.007345
2efb_kyj06_body_mesh1
24 0.000000 0.605799 219.389414 0.000000 1.000000 0.000000 0.500000 0.280273 3 24 0.892556 23 0.100098 25 0.007346
23 0.000000 0.605936 235.085588 0.000000 1.000000 0.000000 0.500000 0.300293 3 23 0.022688 24 0.945680 25 0.031632
24 0.604045 0.000000 219.389446 1.000000 0.000000 0.000000 0.500000 0.280273 3 24 0.892577 23 0.100078 25 0.007345
2efb_kyj06_body_mesh1
24 0.604045 0.000000 219.389446 1.000000 0.000000 0.000000 0.500000 0.280273 3 24 0.892577 23 0.100078 25 0.007345
23 0.000000 0.605936 235.085588 0.000000 1.000000 0.000000 0.500000 0.300293 3 23 0.022688 24 0.945680 25 0.031632
23 0.604049 0.000000 235.085588 1.000000 0.000000 0.000000 0.500000 0.300293 3 23 0.022636 24 0.945803 25 0.031560
2efb_kyj06_body_mesh1
23 0.000000 0.605936 235.085588 0.000000 1.000000 0.000000 0.500000 0.300293 3 23 0.022688 24 0.945680 25 0.031632
23 0.000000 0.605867 250.781743 0.000000 1.000000 0.000000 0.500000 0.320312 3 23 0.004261 24 0.859921 25 0.135817
23 0.604049 0.000000 235.085588 1.000000 0.000000 0.000000 0.500000 0.300293 3 23 0.022636 24 0.945803 25 0.031560
2efb_kyj06_body_mesh1
23 0.604049 0.000000 235.085588 1.000000 0.000000 0.000000 0.500000 0.300293 3 23 0.022636 24 0.945803 25 0.031560
23 0.000000 0.605867 250.781743 0.000000 1.000000 0.000000 0.500000 0.320312 3 23 0.004261 24 0.859921 25 0.135817
23 0.604054 0.000000 250.781743 1.000000 0.000000 0.000000 0.500000 0.320312 3 23 0.004262 24 0.859939 25 0.135799
2efb_kyj06_body_mesh1
23 0.000000 0.605867 250.781743 0.000000 1.000000 0.000000 0.500000 0.320312 3 23 0.004261 24 0.859921 25 0.135817
24 0.000000 0.605867 266.477894 0.000000 1.000000 0.000000 0.500000 0.340332 2 24 0.623113 25 0.376887
23 0.604054 0.000000 250.781743 1.000000 0.000000 0.000000 0.500000 0.320312 3 23 0.004262 24 0.859939 25 0.135799
2efb_kyj06_body_mesh1
23 0.604054 0.000000 250.781743 1.000000 0.000000 0.000000 0.500000 0.320312 3 23 0.004262 24 0.859939 25 0.135799
24 0.000000 0.605867 266.477894 0.000000 1.000000 0.000000 0.500000 0.340332 2 24 0.623113 25 0.376887
24 0.604059 0.000000 266.477894 1.000000 0.000000 0.000000 0.500000 0.340332 2 24 0.623120 25 0.376880
2efb_kyj06_body_mesh1
24 0.000000 0.605867 266.477894 0.000000 1.000000 0.000000 0.500000 0.340332 2 24 0.623113 25 0.376887
24 0.000000 0.605867 282.174103 0.000000 1.000000 0.000000 0.500000 0.360352 3 24 0.311969 25 0.687956 26 0.000075
24 0.604059 0.000000 266.477894 1.000000 0.000000 0.000000 0.500000 0.340332 2 24 0.623120 25 0.376880
2efb_kyj06_body_mesh1
24 0.604059 0.000000 266.477894 1.000000 0.000000 0.000000 0.500000 0.340332 2 24 0.623120 25 0.376880
24 0.000000 0.605867 282.174103 0.000000 1.000000 0.000000 0.500000 0.360352 3 24 0.311969 25 0.687956 26 0.000075
24 0.604064 0.000000 282.174058 1.000000 0.000000 0.000000 0.500000 0.360352 3 24 0.311959 25 0.687965 26 0.000075
2efb_kyj06_body_mesh1
24 0.000000 0.605867 282.174103 0.000000 1.000000 0.000000 0.500000 0.360352 3 24 0.311969 25 0.687956 26 0.000075
24 0.000000 0.605799 297.870223 0.000000 1.000000 0.000000 0.500000 0.380371 3 24 0.102376 25 0.890528 26 0.007097
24 0.604064 0.000000 282.174058 1.000000 0.000000 0.000000 0.500000 0.360352 3 24 0.311959 25 0.687965 26 0.000075
2efb_kyj06_body_mesh1
24 0.604064 0.000000 282.174058 1.000000 0.000000 0.000000 0.500000 0.360352 3 24 0.311959 25 0.687965 26 0.000075
24 0.000000 0.605799 297.870223 0.000000 1.000000 0.000000 0.500000 0.380371 3 24 0.102376 25 0.890528 26 0.007097
24 0.604068 0.000000 297.870178 1.000000 0.000000 0.000000 0.500000 0.380371 3 24 0.102355 25 0.890549 26 0.007096
2efb_kyj06_body_mesh1
24 0.000000 0.605799 297.870223 0.000000 1.000000 0.000000 0.500000 0.380371 3 24 0.102376 25 0.890528 26 0.007097
24 0.000000 0.605799 313.566320 0.000000 1.000000 0.000000 0.500000 0.400391 3 24 0.023113 25 0.946151 26 0.030736
24 0.604068 0.000000 297.870178 1.000000 0.000000 0.000000 0.500000 0.380371 3 24 0.102355 25 0.890549 26 0.007096
2efb_kyj06_body_mesh1
24 0.604068 0.000000 297.870178 1.000000 0.000000 0.000000 0.500000 0.380371 3 24 0.102355 25 0.890549 26 0.007096
24 0.000000 0.605799 313.566320 0.000000 1.000000 0.000000 0.500000 0.400391 3 24 0.023113 25 0.946151 26 0.030736
24 0.604073 0.000000 313.566275 1.000000 0.000000 0.000000 0.500000 0.400391 3 24 0.023052 25 0.946293 26 0.030654
2efb_kyj06_body_mesh1
24 0.000000 0.605799 313.566320 0.000000 1.000000 0.000000 0.500000 0.400391 3 24 0.023113 25 0.946151 26 0.030736
24 0.000000 0.605936 329.262484 0.000000 1.000000 0.000000 0.500000 0.420410 3 24 0.004451 25 0.862540 26 0.133009
24 0.604073 0.000000 313.566275 1.000000 0.000000 0.000000 0.500000 0.400391 3 24 0.023052 25 0.946293 26 0.030654
2efb_kyj06_body_mesh1
24 0.604073 0.000000 313.566275 1.000000 0.000000 0.000000 0.500000 0.400391 3 24 0.023052 25 0.946293 26 0.030654
24 0.000000 0.605936 329.262484 0.000000 1.000000 0.000000 0.500000 0.420410 3 24 0.004451 25 0.862540 26 0.133009
24 0.604078 0.000000 329.262416 1.000000 0.000000 0.000000 0.500000 0.420410 3 24 0.004451 25 0.862559 26 0.132990
2efb_kyj06_body_mesh1
24 0.000000 0.605936 329.262484 0.000000 1.000000 0.000000 0.500000 0.420410 3 24 0.004451 25 0.862540 26 0.133009
25 0.000000 0.605867 344.958648 0.000000 1.000000 0.000000 0.500000 0.440430 2 25 0.628252 26 0.371747
24 0.604078 0.000000 329.262416 1.000000 0.000000 0.000000 0.500000 0.420410 3 24 0.004451 25 0.862559 26 0.132990
2efb_kyj06_body_mesh1
24 0.604078 0.000000 329.262416 1.000000 0.000000 0.000000 0.500000 0.420410 3 24 0.004451 25 0.862559 26 0.132990
25 0.000000 0.605867 344.958648 0.000000 1.000000 0.000000 0.500000 0.440430 2 25 0.628252 26 0.371747
25 0.604082 0.000000 344.958648 1.000000 0.000000 0.000000 0.500000 0.440430 2 25 0.628259 26 0.371740
2efb_kyj06_body_mesh1
25 0.000000 0.605867 344.958648 0.000000 1.000000 0.000000 0.500000 0.440430 2 25 0.628252 26 0.371747
25 0.000000 0.605867 360.654813 0.000000 1.000000 0.000000 0.500000 0.460449 3 25 0.316749 26 0.683190 27 0.000061
25 0.604082 0.000000 344.958648 1.000000 0.000000 0.000000 0.500000 0.440430 2 25 0.628259 26 0.371740
2efb_kyj06_body_mesh1
25 0.604082 0.000000 344.958648 1.000000 0.000000 0.000000 0.500000 0.440430 2 25 0.628259 26 0.371740
25 0.000000 0.605867 360.654813 0.000000 1.000000 0.000000 0.500000 0.460449 3 25 0.316749 26 0.683190 27 0.000061
25 0.604087 0.000000 360.654768 1.000000 0.000000 0.000000 0.500000 0.460449 3 25 0.316740 26 0.683199 27 0.000061
2efb_kyj06_body_mesh1
25 0.000000 0.605867 360.654813 0.000000 1.000000 0.000000 0.500000 0.460449 3 25 0.316749 26 0.683190 27 0.000061
25 0.000000 0.605799 376.350977 0.000000 1.000000 0.000000 0.500000 0.480469 3 25 0.104692 26 0.888456 27 0.006852
25 0.604087 0.000000 360.654768 1.000000 0.000000 0.000000 0.500000 0.460449 3 25 0.316740 26 0.683199 27 0.000061
2efb_kyj06_body_mesh1
25 0.604087 0.000000 360.654768 1.000000 0.000000 0.000000 0.500000 0.460449 3 25 0.316740 26 0.683199 27 0.000061
25 0.000000 0.605799 376.350977 0.000000 1.000000 0.000000 0.500000 0.480469 3 25 0.104692 26 0.888456 27 0.006852
25 0.604092 0.000000 376.350977 1.000000 0.000000 0.000000 0.500000 0.480469 3 25 0.104672 26 0.888476 27 0.006852
2efb_kyj06_body_mesh1
25 0.000000 0.605799 376.350977 0.000000 1.000000 0.000000 0.500000 0.480469 3 25 0.104692 26 0.888456 27 0.006852
25 0.000000 0.605661 392.047074 0.000000 1.000000 0.000000 0.500000 0.500000 3 25 0.023545 26 0.946592 27 0.029863
25 0.604092 0.000000 376.350977 1.000000 0.000000 0.000000 0.500000 0.480469 3 25 0.104672 26 0.888476 27 0.006852
2efb_kyj06_body_mesh1
25 0.604092 0.000000 376.350977 1.000000 0.000000 0.000000 0.500000 0.480469 3 25 0.104672 26 0.888476 27 0.006852
25 0.000000 0.605661 392.047074 0.000000 1.000000 0.000000 0.500000 0.500000 3 25 0.023545 26 0.946592 27 0.029863
25 0.604096 0.000000 392.047096 1.000000 0.000000 0.000000 0.500000 0.500000 3 25 0.023471 26 0.946760 27 0.029769
2efb_kyj06_body_mesh1
25 0.000000 0.605661 392.047074 0.000000 1.000000 0.000000 0.500000 0.500000 3 25 0.023545 26 0.946592 27 0.029863
25 0.000000 0.605799 407.743238 0.000000 1.000000 0.000000 0.500000 0.520020 3 25 0.004645 26 0.865112 27 0.130243
25 0.604096 0.000000 392.047096 1.000000 0.000000 0.000000 0.500000 0.500000 3 25 0.023471 26 0.946760 27 0.029769
2efb_kyj06_body_mesh1
25 0.604096 0.000000 392.047096 1.000000 0.000000 0.000000 0.500000 0.500000 3 25 0.023471 26 0.946760 27 0.029769
25 0.000000 0.605799 407.743238 0.000000 1.000000 0.000000 0.500000 0.520020 3 25 0.004645 26 0.865112 27 0.130243
25 0.604101 0.000000 407.743261 1.000000 0.000000 0.000000 0.500000 0.520020 3 25 0.004645 26 0.865131 27 0.130224
2efb_kyj06_body_mesh1
25 0.000000 0.605799 407.743238 0.000000 1.000000 0.000000 0.500000 0.520020 3 25 0.004645 26 0.865112 27 0.130243
25 0.000000 0.605867 423.439403 0.000000 1.000000 0.000000 0.500000 0.540039 3 25 0.000001 26 0.633365 27 0.366633
25 0.604101 0.000000 407.743261 1.000000 0.000000 0.000000 0.500000 0.520020 3 25 0.004645 26 0.865131 27 0.130224
2efb_kyj06_body_mesh1
25 0.604101 0.000000 407.743261 1.000000 0.000000 0.000000 0.500000 0.520020 3 25 0.004645 26 0.865131 27 0.130224
25 0.000000 0.605867 423.439403 0.000000 1.000000 0.000000 0.500000 0.540039 3 25 0.000001 26 0.633365 27 0.366633
25 0.604106 0.000000 423.439403 1.000000 0.000000 0.000000 0.500000 0.540039 3 25 0.000001 26 0.633372 27 0.366626
2efb_kyj06_body_mesh1
25 0.000000 0.605867 423.439403 0.000000 1.000000 0.000000 0.500000 0.540039 3 25 0.000001 26 0.633365 27 0.366633
26 0.000000 0.605730 439.135522 0.000000 1.000000 0.000000 0.500000 0.560059 3 26 0.321562 27 0.678388 28 0.000049
25 0.604106 0.000000 423.439403 1.000000 0.000000 0.000000 0.500000 0.540039 3 25 0.000001 26 0.633372 27 0.366626
2efb_kyj06_body_mesh1
25 0.604106 0.000000 423.439403 1.000000 0.000000 0.000000 0.500000 0.540039 3 25 0.000001 26 0.633372 27 0.366626
26 0.000000 0.605730 439.135522 0.000000 1.000000 0.000000 0.500000 0.560059 3 26 0.321562 27 0.678388 28 0.000049
26 0.604111 0.000000 439.135522 1.000000 0.000000 0.000000 0.500000 0.560059 3 26 0.321554 27 0.678397 28 0.000049
2efb_kyj06_body_mesh1
26 0.000000 0.605730 439.135522 0.000000 1.000000 0.000000 0.500000 0.560059 3 26 0.321562 27 0.678388 28 0.000049
26 0.000000 0.605867 454.831731 0.000000 1.000000 0.000000 0.500000 0.580078 3 26 0.107047 27 0.886340 28 0.006613
26 0.604111 0.000000 439.135522 1.000000 0.000000 0.000000 0.500000 0.560059 3 26 0.321554 27 0.678397 28 0.000049
2efb_kyj06_body_mesh1
26 0.604111 0.000000 439.135522 1.000000 0.000000 0.000000 0.500000 0.560059 3 26 0.321554 27 0.678397 28 0.000049
26 0.000000 0.605867 454.831731 0.000000 1.000000 0.000000 0.500000 0.580078 3 26 0.107047 27 0.886340 28 0.006613
26 0.604115 0.000000 454.831664 1.000000 0.000000 0.000000 0.500000 0.580078 3 26 0.107027 27 0.886361 28 0.006612
2efb_kyj06_body_mesh1
26 0.000000 0.605867 454.831731 0.000000 1.000000 0.000000 0.500000 0.580078 3 26 0.107047 27 0.886340 28 0.006613
26 0.000000 0.605730 470.527828 0.000000 1.000000 0.000000 0.500000 0.600098 3 26 0.023985 27 0.946998 28 0.029017
26 0.604115 0.000000 454.831664 1.000000 0.000000 0.000000 0.500000 0.580078 3 26 0.107027 27 0.886361 28 0.006612
2efb_kyj06_body_mesh1
26 0.604115 0.000000 454.831664 1.000000 0.000000 0.000000 0.500000 0.580078 3 26 0.107027 27 0.886361 28 0.006612
26 0.000000 0.605730 470.527828 0.000000 1.000000 0.000000 0.500000 0.600098 3 26 0.023985 27 0.946998 28 0.029017
26 0.604120 0.000000 470.527828 1.000000 0.000000 0.000000 0.500000 0.600098 3 26 0.023892 27 0.947203 28 0.028905
2efb_kyj06_body_mesh1
26 0.000000 0.605730 470.527828 0.000000 1.000000 0.000000 0.500000 0.600098 3 26 0.023985 27 0.946998 28 0.029017
26 0.000000 0.605661 486.223880 0.000000 1.000000 0.000000 0.500000 0.620117 3 26 0.004843 27 0.867639 28 0.127517
26 0.604120 0.000000 470.527828 1.000000 0.000000 0.000000 0.500000 0.600098 3 26 0.023892 27 0.947203 28 0.028905
2efb_kyj06_body_mesh1
26 0.604120 0.000000 470.527828 1.000000 0.000000 0.000000 0.500000 0.600098 3 26 0.023892 27 0.947203 28 0.028905
26 0.000000 0.605661 486.223880 0.000000 1.000000 0.000000 0.500000 0.620117 3 26 0.004843 27 0.867639 28 0.127517
26 0.604125 0.000000 486.223948 1.000000 0.000000 0.000000 0.500000 0.620117 3 26 0.004843 27 0.867657 28 0.127499
2efb_kyj06_body_mesh1
26 0.000000 0.605661 486.223880 0.000000 1.000000 0.000000 0.500000 0.620117 3 26 0.004843 27 0.867639 28 0.127517
26 0.000000 0.605730 501.920157 0.000000 1.000000 0.000000 0.500000 0.640137 3 26 0.000003 27 0.638453 28 0.361545
26 0.604125 0.000000 486.223948 1.000000 0.000000 0.000000 0.500000 0.620117 3 26 0.004843 27 0.867657 28 0.127499
2efb_kyj06_body_mesh1
26 0.604125 0.000000 486.223948 1.000000 0.000000 0.000000 0.500000 0.620117 3 26 0.004843 27 0.867657 28 0.127499
26 0.000000 0.605730 501.920157 0.000000 1.000000 0.000000 0.500000 0.640137 3 26 0.000003 27 0.638453 28 0.361545
26 0.604130 0.000000 501.920157 1.000000 0.000000 0.000000 0.500000 0.640137 3 26 0.000003 27 0.638460 28 0.361537
2efb_kyj06_body_mesh1
26 0.000000 0.605730 501.920157 0.000000 1.000000 0.000000 0.500000 0.640137 3 26 0.000003 27 0.638453 28 0.361545
27 0.000000 0.605799 517.616344 0.000000 1.000000 0.000000 0.500000 0.660156 3 27 0.326408 28 0.673554 29 0.000039
26 0.604130 0.000000 501.920157 1.000000 0.000000 0.000000 0.500000 0.640137 3 26 0.000003 27 0.638460 28 0.361537
2efb_kyj06_body_mesh1
26 0.604130 0.000000 501.920157 1.000000 0.000000 0.000000 0.500000 0.640137 3 26 0.000003 27 0.638460 28 0.361537
27 0.000000 0.605799 517.616344 0.000000 1.000000 0.000000 0.500000 0.660156 3 27 0.326408 28 0.673554 29 0.000039
27 0.604134 0.000000 517.616389 1.000000 0.000000 0.000000 0.500000 0.660156 3 27 0.326398 28 0.673563 29 0.000039
2efb_kyj06_body_mesh1
27 0.000000 0.605799 517.616344 0.000000 1.000000 0.000000 0.500000 0.660156 3 27 0.326408 28 0.673554 29 0.000039
27 0.000000 0.605867 533.312486 0.000000 1.000000 0.000000 0.500000 0.680176 3 27 0.109441 28 0.884181 29 0.006377
27 0.604134 0.000000 517.616389 1.000000 0.000000 0.000000 0.500000 0.660156 3 27 0.326398 28 0.673563 29 0.000039
2efb_kyj06_body_mesh1
27 0.604134 0.000000 517.616389 1.000000 0.000000 0.000000 0.500000 0.660156 3 27 0.326398 28 0.673563 29 0.000039
27 0.000000 0.605867 533.312486 0.000000 1.000000 0.000000 0.500000 0.680176 3 27 0.109441 28 0.884181 29 0.006377
27 0.604139 0.000000 533.312441 1.000000 0.000000 0.000000 0.500000 0.680176 3 27 0.109422 28 0.884201 29 0.006377
2efb_kyj06_body_mesh1
27 0.000000 0.605867 533.312486 0.000000 1.000000 0.000000 0.500000 0.680176 3 27 0.109441 28 0.884181 29 0.006377
27 0.000000 0.605799 549.008627 0.000000 1.000000 0.000000 0.500000 0.700195 3 27 0.024437 28 0.947363 29 0.028200
27 0.604139 0.000000 533.312441 1.000000 0.000000 0.000000 0.500000 0.680176 3 27 0.109422 28 0.884201 29 0.006377
2efb_kyj06_body_mesh1
27 0.604139 0.000000 533.312441 1.000000 0.000000 0.000000 0.500000 0.680176 3 27 0.109422 28 0.884201 29 0.006377
27 0.000000 0.605799 549.008627 0.000000 1.000000 0.000000 0.500000 0.700195 3 27 0.024437 28 0.947363 29 0.028200
27 0.604144 0.000000 549.008672 1.000000 0.000000 0.000000 0.500000 0.700195 3 27 0.024316 28 0.947624 29 0.028060
2efb_kyj06_body_mesh1
27 0.000000 0.605799 549.008627 0.000000 1.000000 0.000000 0.500000 0.700195 3 27 0.024437 28 0.947363 29 0.028200
27 0.000000 0.605799 564.704837 0.000000 1.000000 0.000000 0.500000 0.720215 3 27 0.005046 28 0.870117 29 0.124837
27 0.604144 0.000000 549.008672 1.000000 0.000000 0.000000 0.500000 0.700195 3 27 0.024316 28 0.947624 29 0.028060
2efb_kyj06_body_mesh1
27 0.604144 0.000000 549.008672 1.000000 0.000000 0.000000 0.500000 0.700195 3 27 0.024316 28 0.947624 29 0.028060
27 0.000000 0.605799 564.704837 0.000000 1.000000 0.000000 0.500000 0.720215 3 27 0.005046 28 0.870117 29 0.124837
27 0.604148 0.000000 564.704792 1.000000 0.000000 0.000000 0.500000 0.720215 3 27 0.005046 28 0.870136 29 0.124818
2efb_kyj06_body_mesh1
27 0.000000 0.605799 564.704837 0.000000 1.000000 0.000000 0.500000 0.720215 3 27 0.005046 28 0.870117 29 0.124837
27 0.000000 0.605730 580.400821 0.000000 1.000000 0.000000 0.500000 0.740234 3 27 0.000005 28 0.643510 29 0.356485
27 0.604148 0.000000 564.704792 1.000000 0.000000 0.000000 0.500000 0.720215 3 27 0.005046 28 0.870136 29 0.124818
2efb_kyj06_body_mesh1
27 0.604148 0.000000 564.704792 1.000000 0.000000 0.000000 0.500000 0.720215 3 27 0.005046 28 0.870136 29 0.124818
27 0.000000 0.605730 580.400821 0.000000 1.000000 0.000000 0.500000 0.740234 3 27 0.000005 28 0.643510 29 0.356485
27 0.604153 0.000000 580.400866 1.000000 0.000000 0.000000 0.500000 0.740234 3 27 0.000005 28 0.643518 29 0.356478
2efb_kyj06_body_mesh1
27 0.000000 0.605730 580.400821 0.000000 1.000000 0.000000 0.500000 0.740234 3 27 0.000005 28 0.643510 29 0.356485
28 0.000000 0.605867 596.097053 0.000000 1.000000 0.000000 0.500000 0.760010 3 28 0.331287 29 0.668683 30 0.000030
27 0.604153 0.000000 580.400866 1.000000 0.000000 0.000000 0.500000 0.740234 3 27 0.000005 28 0.643518 29 0.356478
2efb_kyj06_body_mesh1
27 0.604153 0.000000 580.400866 1.000000 0.000000 0.000000 0.500000 0.740234 3 27 0.000005 28 0.643518 29 0.356478
28 0.000000 0.605867 596.097053 0.000000 1.000000 0.000000 0.500000 0.760010 3 28 0.331287 29 0.668683 30 0.000030
28 0.604158 0.000000 596.097053 1.000000 0.000000 0.000000 0.500000 0.760010 3 28 0.331278 29 0.668692 30 0.000030
2efb_kyj06_body_mesh1
28 0.000000 0.605867 596.097053 0.000000 1.000000 0.000000 0.500000 0.760010 3 28 0.331287 29 0.668683 30 0.000030
28 0.000000 0.605799 611.793217 0.000000 1.000000 0.000000 0.500000 0.780029 3 28 0.111876 29 0.881978 30 0.006146
28 0.604158 0.000000 596.097053 1.000000 0.000000 0.000000 0.500000 0.760010 3 28 0.331278 29 0.668692 30 0.000030
2efb_kyj06_body_mesh1
28 0.604158 0.000000 596.097053 1.000000 0.000000 0.000000 0.500000 0.760010 3 28 0.331278 29 0.668692 30 0.000030
28 0.000000 0.605799 611.793217 0.000000 1.000000 0.000000 0.500000 0.780029 3 28 0.111876 29 0.881978 30 0.006146
28 0.604163 0.000000 611.793150 1.000000 0.000000 0.000000 0.500000 0.780029 3 28 0.111858 29 0.881996 30 0.006146
2efb_kyj06_body_mesh1
28 0.000000 0.605799 611.793217 0.000000 1.000000 0.000000 0.500000 0.780029 3 28 0.111876 29 0.881978 30 0.006146
28 0.000000 0.605799 627.489292 0.000000 1.000000 0.000000 0.500000 0.800049 3 28 0.024909 29 0.947672 30 0.027419
28 0.604163 0.000000 611.793150 1.000000 0.000000 0.000000 0.500000 0.780029 3 28 0.111858 29 0.881996 30 0.006146
2efb_kyj06_body_mesh1
28 0.604163 0.000000 611.793150 1.000000 0.000000 0.000000 0.500000 0.780029 3 28 0.111858 29 0.881996 30 0.006146
28 0.000000 0.605799 627.489292 0.000000 1.000000 0.000000 0.500000 0.800049 3 28 0.024909 29 0.947672 30 0.027419
28 0.604167 0.000000 627.489382 1.000000 0.000000 0.000000 0.500000 0.800049 3 28 0.024742 29 0.948023 30 0.027235
2efb_kyj06_body_mesh1
28 0.000000 0.605799 627.489292 0.000000 1.000000 0.000000 0.500000 0.800049 3 28 0.024909 29 0.947672 30 0.027419
29 0.000000 0.605730 643.185546 0.000000 1.000000 0.000000 0.500000 0.820068 3 29 0.872549 30 0.122197 28 0.005254
28 0.604167 0.000000 627.489382 1.000000 0.000000 0.000000 0.500000 0.800049 3 28 0.024742 29 0.948023 30 0.027235
2efb_kyj06_body_mesh1
28 0.604167 0.000000 627.489382 1.000000 0.000000 0.000000 0.500000 0.800049 3 28 0.024742 29 0.948023 30 0.027235
29 0.000000 0.605730 643.185546 0.000000 1.000000 0.000000 0.500000 0.820068 3 29 0.872549 30 0.122197 28 0.005254
29 0.604172 0.000000 643.185479 1.000000 0.000000 0.000000 0.500000 0.820068 3 29 0.872569 30 0.122177 28 0.005254
2efb_kyj06_body_mesh1
29 0.000000 0.605730 643.185546 0.000000 1.000000 0.000000 0.500000 0.820068 3 29 0.872549 30 0.122197 28 0.005254
29 0.000000 0.605799 658.881643 0.000000 1.000000 0.000000 0.500000 0.840088 3 29 0.641504 30 0.347642 31 0.010854
29 0.604172 0.000000 643.185479 1.000000 0.000000 0.000000 0.500000 0.820068 3 29 0.872569 30 0.122177 28 0.005254
2efb_kyj06_body_mesh1
29 0.604172 0.000000 643.185479 1.000000 0.000000 0.000000 0.500000 0.820068 3 29 0.872569 30 0.122177 28 0.005254
29 0.000000 0.605799 658.881643 0.000000 1.000000 0.000000 0.500000 0.840088 3 29 0.641504 30 0.347642 31 0.010854
29 0.604177 0.000000 658.881576 1.000000 0.000000 0.000000 0.500000 0.840088 3 29 0.641514 30 0.347631 31 0.010855
2efb_kyj06_body_mesh1
29 0.000000 0.605799 658.881643 0.000000 1.000000 0.000000 0.500000 0.840088 3 29 0.641504 30 0.347642 31 0.010854
30 0.000000 0.605799 674.577807 0.000000 1.000000 0.000000 0.500000 0.860107 3 30 0.626632 29 0.317384 31 0.055984
29 0.604177 0.000000 658.881576 1.000000 0.000000 0.000000 0.500000 0.840088 3 29 0.641514 30 0.347631 31 0.010855
2efb_kyj06_body_mesh1
29 0.604177 0.000000 658.881576 1.000000 0.000000 0.000000 0.500000 0.840088 3 29 0.641514 30 0.347631 31 0.010855
30 0.000000 0.605799 674.577807 0.000000 1.000000 0.000000 0.500000 0.860107 3 30 0.626632 29 0.317384 31 0.055984
30 0.604181 0.000000 674.577875 1.000000 0.000000 0.000000 0.500000 0.860107 3 30 0.626642 29 0.317373 31 0.055984
2efb_kyj06_body_mesh1
30 0.000000 0.605799 674.577807 0.000000 1.000000 0.000000 0.500000 0.860107 3 30 0.626632 29 0.317384 31 0.055984
30 0.000000 0.605661 690.273904 0.000000 1.000000 0.000000 0.500000 0.880005 3 30 0.778577 31 0.120220 29 0.101203
30 0.604181 0.000000 674.577875 1.000000 0.000000 0.000000 0.500000 0.860107 3 30 0.626642 29 0.317373 31 0.055984
2efb_kyj06_body_mesh1
30 0.604181 0.000000 674.577875 1.000000 0.000000 0.000000 0.500000 0.860107 3 30 0.626642 29 0.317373 31 0.055984
30 0.000000 0.605661 690.273904 0.000000 1.000000 0.000000 0.500000 0.880005 3 30 0.778577 31 0.120220 29 0.101203
30 0.604186 0.000000 690.274039 1.000000 0.000000 0.000000 0.500000 0.880005 3 30 0.778610 31 0.120203 29 0.101187
2efb_kyj06_body_mesh1
30 0.000000 0.605661 690.273904 0.000000 1.000000 0.000000 0.500000 0.880005 3 30 0.778577 31 0.120220 29 0.101203
30 0.000000 0.605799 705.970136 0.000000 1.000000 0.000000 0.500000 0.900024 3 30 0.799560 31 0.177928 32 0.022512
30 0.604186 0.000000 690.274039 1.000000 0.000000 0.000000 0.500000 0.880005 3 30 0.778610 31 0.120203 29 0.101187
2efb_kyj06_body_mesh1
30 0.604186 0.000000 690.274039 1.000000 0.000000 0.000000 0.500000 0.880005 3 30 0.778610 31 0.120203 29 0.101187
30 0.000000 0.605799 705.970136 0.000000 1.000000 0.000000 0.500000 0.900024 3 30 0.799560 31 0.177928 32 0.022512
30 0.604191 0.000000 705.970069 1.000000 0.000000 0.000000 0.500000 0.900024 3 30 0.801205 31 0.176468 32 0.022327
2efb_kyj06_body_mesh1
30 0.000000 0.605799 705.970136 0.000000 1.000000 0.000000 0.500000 0.900024 3 30 0.799560 31 0.177928 32 0.022512
30 0.000000 0.605867 721.666300 0.000000 1.000000 0.000000 0.500000 0.920044 3 30 0.560731 31 0.362622 32 0.076647
30 0.604191 0.000000 705.970069 1.000000 0.000000 0.000000 0.500000 0.900024 3 30 0.801205 31 0.176468 32 0.022327
2efb_kyj06_body_mesh1
30 0.604191 0.000000 705.970069 1.000000 0.000000 0.000000 0.500000 0.900024 3 30 0.801205 31 0.176468 32 0.022327
30 0.000000 0.605867 721.666300 0.000000 1.000000 0.000000 0.500000 0.920044 3 30 0.560731 31 0.362622 32 0.076647
30 0.604196 0.000000 721.666233 1.000000 0.000000 0.000000 0.500000 0.920044 3 30 0.560765 31 0.362597 32 0.076637
2efb_kyj06_body_mesh1
30 0.000000 0.605867 721.666300 0.000000 1.000000 0.000000 0.500000 0.920044 3 30 0.560731 31 0.362622 32 0.076647
31 0.000000 0.605730 737.362465 0.000000 1.000000 0.000000 0.500000 0.940002 3 31 0.546813 30 0.296179 32 0.157008
30 0.604196 0.000000 721.666233 1.000000 0.000000 0.000000 0.500000 0.920044 3 30 0.560765 31 0.362597 32 0.076637
2efb_kyj06_body_mesh1
30 0.604196 0.000000 721.666233 1.000000 0.000000 0.000000 0.500000 0.920044 3 30 0.560765 31 0.362597 32 0.076637
31 0.000000 0.605730 737.362465 0.000000 1.000000 0.000000 0.500000 0.940002 3 31 0.546813 30 0.296179 32 0.157008
31 0.604200 0.000000 737.362465 1.000000 0.000000 0.000000 0.500000 0.940002 3 31 0.546866 30 0.296148 32 0.156986
2efb_kyj06_body_mesh1
31 0.000000 0.605730 737.362465 0.000000 1.000000 0.000000 0.500000 0.940002 3 31 0.546813 30 0.296179 32 0.157008
30 0.000000 0.605730 753.058562 0.000000 1.000000 0.000000 0.500000 0.960022 3 30 0.128925 31 0.622080 32 0.248994
31 0.604200 0.000000 737.362465 1.000000 0.000000 0.000000 0.500000 0.940002 3 31 0.546866 30 0.296148 32 0.156986
2efb_kyj06_body_mesh1
31 0.604200 0.000000 737.362465 1.000000 0.000000 0.000000 0.500000 0.940002 3 31 0.546866 30 0.296148 32 0.156986
30 0.000000 0.605730 753.058562 0.000000 1.000000 0.000000 0.500000 0.960022 3 30 0.128925 31 0.622080 32 0.248994
30 0.604205 0.000000 753.058562 1.000000 0.000000 0.000000 0.500000 0.960022 3 30 0.128771 31 0.622522 32 0.248706
2efb_kyj06_body_mesh1
30 0.000000 0.605730 753.058562 0.000000 1.000000 0.000000 0.500000 0.960022 3 30 0.128925 31 0.622080 32 0.248994
30 0.000000 0.605730 768.754794 0.000000 1.000000 0.000000 0.500000 0.980011 3 30 0.064610 31 0.450293 32 0.485097
30 0.604205 0.000000 753.058562 1.000000 0.000000 0.000000 0.500000 0.960022 3 30 0.128771 31 0.622522 32 0.248706
2efb_kyj06_body_mesh1
30 0.604205 0.000000 753.058562 1.000000 0.000000 0.000000 0.500000 0.960022 3 30 0.128771 31 0.622522 32 0.248706
30 0.000000 0.605730 768.754794 0.000000 1.000000 0.000000 0.500000 0.980011 3 30 0.064610 31 0.450293 32 0.485097
30 0.604210 0.000000 768.754794 1.000000 0.000000 0.000000 0.500000 0.980011 3 30 0.064600 31 0.450288 32 0.485112
2efb_kyj06_body_mesh1
30 0.000000 0.605730 768.754794 0.000000 1.000000 0.000000 0.500000 0.980011 3 30 0.064610 31 0.450293 32 0.485097
30 0.000000 0.605867 784.450890 0.000000 0.000000 1.000000 0.500000 1.000000 3 30 0.019925 31 0.253240 32 0.726834
30 0.604210 0.000000 768.754794 1.000000 0.000000 0.000000 0.500000 0.980011 3 30 0.064600 31 0.450288 32 0.485112
2efb_kyj06_body_mesh1
30 0.604210 0.000000 768.754794 1.000000 0.000000 0.000000 0.500000 0.980011 3 30 0.064600 31 0.450288 32 0.485112
30 0.000000 0.605867 784.450890 0.000000 0.000000 1.000000 0.500000 1.000000 3 30 0.019925 31 0.253240 32 0.726834
30 0.604215 0.000000 784.450890 0.000000 0.000000 1.000000 0.500000 1.000000 3 30 0.019698 31 0.250350 32 0.729952
2efb_kyj06_body_mesh1
30 0.000000 0.605867 784.450890 0.000000 0.000000 1.000000 0.500000 1.000000 3 30 0.019925 31 0.253240 32 0.726834
30 -0.603743 0.000000 784.450890 0.000000 0.000000 1.000000 0.500000 1.000000 3 30 0.019698 31 0.250350 32 0.729952
30 0.604215 0.000000 784.450890 0.000000 0.000000 1.000000 0.500000 1.000000 3 30 0.019698 31 0.250350 32 0.729952
2efb_kyj06_body_mesh1
30 0.604215 0.000000 784.450890 0.000000 0.000000 1.000000 0.500000 1.000000 3 30 0.019698 31 0.250350 32 0.729952
30 -0.603743 0.000000 784.450890 0.000000 0.000000 1.000000 0.500000 1.000000 3 30 0.019698 31 0.250350 32 0.729952
30 0.000000 -0.602159 784.450890 0.000000 0.000000 1.000000 0.500000 1.000000 3 30 0.019923 31 0.253218 32 0.726859
2efb_kyj06_body_mesh1
30 -0.603743 0.000000 784.450890 0.000000 0.000000 1.000000 0.500000 1.000000 3 30 0.019698 31 0.250350 32 0.729952
30 -0.603748 0.000000 768.754794 -1.000000 0.000000 0.000000 0.500000 0.980011 3 30 0.064600 31 0.450288 32 0.485112
30 0.000000 -0.602159 784.450890 0.000000 0.000000 1.000000 0.500000 1.000000 3 30 0.019923 31 0.253218 32 0.726859
2efb_kyj06_body_mesh1
30 0.000000 -0.602159 784.450890 0.000000 0.000000 1.000000 0.500000 1.000000 3 30 0.019923 31 0.253218 32 0.726859
30 -0.603748 0.000000 768.754794 -1.000000 0.000000 0.000000 0.500000 0.980011 3 30 0.064600 31 0.450288 32 0.485112
30 0.000000 -0.602297 768.754794 0.000000 -1.000000 0.000000 0.500000 0.980011 3 30 0.064610 31 0.450293 32 0.485098
2efb_kyj06_body_mesh1
30 -0.603748 0.000000 768.754794 -1.000000 0.000000 0.000000 0.500000 0.980011 3 30 0.064600 31 0.450288 32 0.485112
30 -0.603753 0.000000 753.058562 -1.000000 0.000000 0.000000 0.500000 0.960022 3 30 0.128771 31 0.622522 32 0.248706
30 0.000000 -0.602297 768.754794 0.000000 -1.000000 0.000000 0.500000 0.980011 3 30 0.064610 31 0.450293 32 0.485098
2efb_kyj06_body_mesh1
30 0.000000 -0.602297 768.754794 0.000000 -1.000000 0.000000 0.500000 0.980011 3 30 0.064610 31 0.450293 32 0.485098
30 -0.603753 0.000000 753.058562 -1.000000 0.000000 0.000000 0.500000 0.960022 3 30 0.128771 31 0.622522 32 0.248706
30 0.000000 -0.602297 753.058562 0.000000 -1.000000 0.000000 0.500000 0.960022 3 30 0.128923 31 0.622087 32 0.248990
2efb_kyj06_body_mesh1
30 -0.603753 0.000000 753.058562 -1.000000 0.000000 0.000000 0.500000 0.960022 3 30 0.128771 31 0.622522 32 0.248706
31 -0.603758 0.000000 737.362465 -1.000000 0.000000 0.000000 0.500000 0.940002 3 31 0.546866 30 0.296148 32 0.156986
30 0.000000 -0.602297 753.058562 0.000000 -1.000000 0.000000 0.500000 0.960022 3 30 0.128923 31 0.622087 32 0.248990
2efb_kyj06_body_mesh1
30 0.000000 -0.602297 753.058562 0.000000 -1.000000 0.000000 0.500000 0.960022 3 30 0.128923 31 0.622087 32 0.248990
31 -0.603758 0.000000 737.362465 -1.000000 0.000000 0.000000 0.500000 0.940002 3 31 0.546866 30 0.296148 32 0.156986
31 0.000000 -0.602297 737.362330 0.000000 -1.000000 0.000000 0.500000 0.940002 3 31 0.546814 30 0.296179 32 0.157007
2efb_kyj06_body_mesh1
31 -0.603758 0.000000 737.362465 -1.000000 0.000000 0.000000 0.500000 0.940002 3 31 0.546866 30 0.296148 32 0.156986
30 -0.603762 0.000000 721.666233 -1.000000 0.000000 0.000000 0.500000 0.920044 3 30 0.560765 31 0.362597 32 0.076637
31 0.000000 -0.602297 737.362330 0.000000 -1.000000 0.000000 0.500000 0.940002 3 31 0.546814 30 0.296179 32 0.157007
2efb_kyj06_body_mesh1
31 0.000000 -0.602297 737.362330 0.000000 -1.000000 0.000000 0.500000 0.940002 3 31 0.546814 30 0.296179 32 0.157007
30 -0.603762 0.000000 721.666233 -1.000000 0.000000 0.000000 0.500000 0.920044 3 30 0.560765 31 0.362597 32 0.076637
30 0.000000 -0.602159 721.666233 0.000000 -1.000000 0.000000 0.500000 0.920044 3 30 0.560732 31 0.362622 32 0.076646
2efb_kyj06_body_mesh1
30 -0.603762 0.000000 721.666233 -1.000000 0.000000 0.000000 0.500000 0.920044 3 30 0.560765 31 0.362597 32 0.076637
30 -0.603767 0.000000 705.970069 -1.000000 0.000000 0.000000 0.500000 0.900024 3 30 0.801205 31 0.176468 32 0.022327
30 0.000000 -0.602159 721.666233 0.000000 -1.000000 0.000000 0.500000 0.920044 3 30 0.560732 31 0.362622 32 0.076646
2efb_kyj06_body_mesh1
30 0.000000 -0.602159 721.666233 0.000000 -1.000000 0.000000 0.500000 0.920044 3 30 0.560732 31 0.362622 32 0.076646
30 -0.603767 0.000000 705.970069 -1.000000 0.000000 0.000000 0.500000 0.900024 3 30 0.801205 31 0.176468 32 0.022327
30 0.000000 -0.602159 705.970069 0.000000 -1.000000 0.000000 0.500000 0.900024 3 30 0.799579 31 0.177912 32 0.022510
2efb_kyj06_body_mesh1
30 -0.603767 0.000000 705.970069 -1.000000 0.000000 0.000000 0.500000 0.900024 3 30 0.801205 31 0.176468 32 0.022327
30 -0.603772 0.000000 690.274039 -1.000000 0.000000 0.000000 0.500000 0.880005 3 30 0.778610 31 0.120203 29 0.101187
30 0.000000 -0.602159 705.970069 0.000000 -1.000000 0.000000 0.500000 0.900024 3 30 0.799579 31 0.177912 32 0.022510
2efb_kyj06_body_mesh1
30 0.000000 -0.602159 705.970069 0.000000 -1.000000 0.000000 0.500000 0.900024 3 30 0.799579 31 0.177912 32 0.022510
30 -0.603772 0.000000 690.274039 -1.000000 0.000000 0.000000 0.500000 0.880005 3 30 0.778610 31 0.120203 29 0.101187
30 0.000000 -0.602228 690.273904 0.000000 -1.000000 0.000000 0.500000 0.880005 3 30 0.778577 31 0.120220 29 0.101203
2efb_kyj06_body_mesh1
30 -0.603772 0.000000 690.274039 -1.000000 0.000000 0.000000 0.500000 0.880005 3 30 0.778610 31 0.120203 29 0.101187
30 -0.603776 0.000000 674.577875 -1.000000 0.000000 0.000000 0.500000 0.860107 3 30 0.626642 29 0.317373 31 0.055984
30 0.000000 -0.602228 690.273904 0.000000 -1.000000 0.000000 0.500000 0.880005 3 30 0.778577 31 0.120220 29 0.101203
2efb_kyj06_body_mesh1
30 0.000000 -0.602228 690.273904 0.000000 -1.000000 0.000000 0.500000 0.880005 3 30 0.778577 31 0.120220 29 0.101203
30 -0.603776 0.000000 674.577875 -1.000000 0.000000 0.000000 0.500000 0.860107 3 30 0.626642 29 0.317373 31 0.055984
30 0.000000 -0.602228 674.577942 0.000000 -1.000000 0.000000 0.500000 0.860107 3 30 0.626634 29 0.317381 31 0.055985
2efb_kyj06_body_mesh1
30 -0.603776 0.000000 674.577875 -1.000000 0.000000 0.000000 0.500000 0.860107 3 30 0.626642 29 0.317373 31 0.055984
29 -0.603781 0.000000 658.881576 -1.000000 0.000000 0.000000 0.500000 0.840088 3 29 0.641514 30 0.347631 31 0.010855
30 0.000000 -0.602228 674.577942 0.000000 -1.000000 0.000000 0.500000 0.860107 3 30 0.626634 29 0.317381 31 0.055985
2efb_kyj06_body_mesh1
30 0.000000 -0.602228 674.577942 0.000000 -1.000000 0.000000 0.500000 0.860107 3 30 0.626634 29 0.317381 31 0.055985
29 -0.603781 0.000000 658.881576 -1.000000 0.000000 0.000000 0.500000 0.840088 3 29 0.641514 30 0.347631 31 0.010855
29 0.000000 -0.602297 658.881643 0.000000 -1.000000 0.000000 0.500000 0.840088 3 29 0.641505 30 0.347641 31 0.010854
2efb_kyj06_body_mesh1
29 -0.603781 0.000000 658.881576 -1.000000 0.000000 0.000000 0.500000 0.840088 3 29 0.641514 30 0.347631 31 0.010855
29 -0.603786 0.000000 643.185479 -1.000000 0.000000 0.000000 0.500000 0.820068 3 29 0.872569 30 0.122177 28 0.005254
29 0.000000 -0.602297 658.881643 0.000000 -1.000000 0.000000 0.500000 0.840088 3 29 0.641505 30 0.347641 31 0.010854
2efb_kyj06_body_mesh1
29 0.000000 -0.602297 658.881643 0.000000 -1.000000 0.000000 0.500000 0.840088 3 29 0.641505 30 0.347641 31 0.010854
29 -0.603786 0.000000 643.185479 -1.000000 0.000000 0.000000 0.500000 0.820068 3 29 0.872569 30 0.122177 28 0.005254
29 0.000000 -0.602159 643.185479 0.000000 -1.000000 0.000000 0.500000 0.820068 3 29 0.872550 30 0.122196 28 0.005254
2efb_kyj06_body_mesh1
29 -0.603786 0.000000 643.185479 -1.000000 0.000000 0.000000 0.500000 0.820068 3 29 0.872569 30 0.122177 28 0.005254
28 -0.603791 0.000000 627.489382 -1.000000 0.000000 0.000000 0.500000 0.800049 3 28 0.024742 29 0.948023 30 0.027235
29 0.000000 -0.602159 643.185479 0.000000 -1.000000 0.000000 0.500000 0.820068 3 29 0.872550 30 0.122196 28 0.005254
2efb_kyj06_body_mesh1
29 0.000000 -0.602159 643.185479 0.000000 -1.000000 0.000000 0.500000 0.820068 3 29 0.872550 30 0.122196 28 0.005254
28 -0.603791 0.000000 627.489382 -1.000000 0.000000 0.000000 0.500000 0.800049 3 28 0.024742 29 0.948023 30 0.027235
28 0.000000 -0.602091 627.489449 0.000000 -1.000000 0.000000 0.500000 0.800049 3 28 0.024907 29 0.947677 30 0.027417
2efb_kyj06_body_mesh1
28 -0.603791 0.000000 627.489382 -1.000000 0.000000 0.000000 0.500000 0.800049 3 28 0.024742 29 0.948023 30 0.027235
28 -0.603795 0.000000 611.793150 -1.000000 0.000000 0.000000 0.500000 0.780029 3 28 0.111858 29 0.881996 30 0.006146
28 0.000000 -0.602091 627.489449 0.000000 -1.000000 0.000000 0.500000 0.800049 3 28 0.024907 29 0.947677 30 0.027417
2efb_kyj06_body_mesh1
28 0.000000 -0.602091 627.489449 0.000000 -1.000000 0.000000 0.500000 0.800049 3 28 0.024907 29 0.947677 30 0.027417
28 -0.603795 0.000000 611.793150 -1.000000 0.000000 0.000000 0.500000 0.780029 3 28 0.111858 29 0.881996 30 0.006146
28 0.000000 -0.602297 611.793150 0.000000 -1.000000 0.000000 0.500000 0.780029 3 28 0.111876 29 0.881977 30 0.006146
2efb_kyj06_body_mesh1
28 -0.603795 0.000000 611.793150 -1.000000 0.000000 0.000000 0.500000 0.780029 3 28 0.111858 29 0.881996 30 0.006146
28 -0.603800 0.000000 596.097053 -1.000000 0.000000 0.000000 0.500000 0.760010 3 28 0.331278 29 0.668692 30 0.000030
28 0.000000 -0.602297 611.793150 0.000000 -1.000000 0.000000 0.500000 0.780029 3 28 0.111876 29 0.881977 30 0.006146
2efb_kyj06_body_mesh1
28 0.000000 -0.602297 611.793150 0.000000 -1.000000 0.000000 0.500000 0.780029 3 28 0.111876 29 0.881977 30 0.006146
28 -0.603800 0.000000 596.097053 -1.000000 0.000000 0.000000 0.500000 0.760010 3 28 0.331278 29 0.668692 30 0.000030
28 0.000000 -0.602297 596.097121 0.000000 -1.000000 0.000000 0.500000 0.760010 3 28 0.331287 29 0.668683 30 0.000030
2efb_kyj06_body_mesh1
28 -0.603800 0.000000 596.097053 -1.000000 0.000000 0.000000 0.500000 0.760010 3 28 0.331278 29 0.668692 30 0.000030
27 -0.603805 0.000000 580.400866 -1.000000 0.000000 0.000000 0.500000 0.740234 3 27 0.000005 28 0.643518 29 0.356478
28 0.000000 -0.602297 596.097121 0.000000 -1.000000 0.000000 0.500000 0.760010 3 28 0.331287 29 0.668683 30 0.000030
2efb_kyj06_body_mesh1
28 0.000000 -0.602297 596.097121 0.000000 -1.000000 0.000000 0.500000 0.760010 3 28 0.331287 29 0.668683 30 0.000030
27 -0.603805 0.000000 580.400866 -1.000000 0.000000 0.000000 0.500000 0.740234 3 27 0.000005 28 0.643518 29 0.356478
27 0.000000 -0.602297 580.400956 0.000000 -1.000000 0.000000 0.500000 0.740234 3 27 0.000005 28 0.643510 29 0.356485
2efb_kyj06_body_mesh1
27 -0.603805 0.000000 580.400866 -1.000000 0.000000 0.000000 0.500000 0.740234 3 27 0.000005 28 0.643518 29 0.356478
27 -0.603809 0.000000 564.704792 -1.000000 0.000000 0.000000 0.500000 0.720215 3 27 0.005046 28 0.870136 29 0.124818
27 0.000000 -0.602297 580.400956 0.000000 -1.000000 0.000000 0.500000 0.740234 3 27 0.000005 28 0.643510 29 0.356485
2efb_kyj06_body_mesh1
27 0.000000 -0.602297 580.400956 0.000000 -1.000000 0.000000 0.500000 0.740234 3 27 0.000005 28 0.643510 29 0.356485
27 -0.603809 0.000000 564.704792 -1.000000 0.000000 0.000000 0.500000 0.720215 3 27 0.005046 28 0.870136 29 0.124818
27 0.000000 -0.602365 564.704724 0.000000 -1.000000 0.000000 0.500000 0.720215 3 27 0.005046 28 0.870117 29 0.124836
2efb_kyj06_body_mesh1
27 -0.603809 0.000000 564.704792 -1.000000 0.000000 0.000000 0.500000 0.720215 3 27 0.005046 28 0.870136 29 0.124818
27 -0.603814 0.000000 549.008672 -1.000000 0.000000 0.000000 0.500000 0.700195 3 27 0.024316 28 0.947624 29 0.028060
27 0.000000 -0.602365 564.704724 0.000000 -1.000000 0.000000 0.500000 0.720215 3 27 0.005046 28 0.870117 29 0.124836
2efb_kyj06_body_mesh1
27 0.000000 -0.602365 564.704724 0.000000 -1.000000 0.000000 0.500000 0.720215 3 27 0.005046 28 0.870117 29 0.124836
27 -0.603814 0.000000 549.008672 -1.000000 0.000000 0.000000 0.500000 0.700195 3 27 0.024316 28 0.947624 29 0.028060
27 0.000000 -0.602297 549.008627 0.000000 -1.000000 0.000000 0.500000 0.700195 3 27 0.024435 28 0.947367 29 0.028198
2efb_kyj06_body_mesh1
27 -0.603814 0.000000 549.008672 -1.000000 0.000000 0.000000 0.500000 0.700195 3 27 0.024316 28 0.947624 29 0.028060
27 -0.603819 0.000000 533.312441 -1.000000 0.000000 0.000000 0.500000 0.680176 3 27 0.109422 28 0.884201 29 0.006377
27 0.000000 -0.602297 549.008627 0.000000 -1.000000 0.000000 0.500000 0.700195 3 27 0.024435 28 0.947367 29 0.028198
2efb_kyj06_body_mesh1
27 0.000000 -0.602297 549.008627 0.000000 -1.000000 0.000000 0.500000 0.700195 3 27 0.024435 28 0.947367 29 0.028198
27 -0.603819 0.000000 533.312441 -1.000000 0.000000 0.000000 0.500000 0.680176 3 27 0.109422 28 0.884201 29 0.006377
27 0.000000 -0.602091 533.312396 0.000000 -1.000000 0.000000 0.500000 0.680176 3 27 0.109442 28 0.884181 29 0.006377
2efb_kyj06_body_mesh1
27 -0.603819 0.000000 533.312441 -1.000000 0.000000 0.000000 0.500000 0.680176 3 27 0.109422 28 0.884201 29 0.006377
27 -0.603824 0.000000 517.616389 -1.000000 0.000000 0.000000 0.500000 0.660156 3 27 0.326398 28 0.673563 29 0.000039
27 0.000000 -0.602091 533.312396 0.000000 -1.000000 0.000000 0.500000 0.680176 3 27 0.109442 28 0.884181 29 0.006377
2efb_kyj06_body_mesh1
27 0.000000 -0.602091 533.312396 0.000000 -1.000000 0.000000 0.500000 0.680176 3 27 0.109442 28 0.884181 29 0.006377
27 -0.603824 0.000000 517.616389 -1.000000 0.000000 0.000000 0.500000 0.660156 3 27 0.326398 28 0.673563 29 0.000039
27 0.000000 -0.602297 517.616209 0.000000 -1.000000 0.000000 0.500000 0.660156 3 27 0.326409 28 0.673553 29 0.000039
2efb_kyj06_body_mesh1
27 -0.603824 0.000000 517.616389 -1.000000 0.000000 0.000000 0.500000 0.660156 3 27 0.326398 28 0.673563 29 0.000039
26 -0.603828 0.000000 501.920157 -1.000000 0.000000 0.000000 0.500000 0.640137 3 26 0.000003 27 0.638460 28 0.361537
27 0.000000 -0.602297 517.616209 0.000000 -1.000000 0.000000 0.500000 0.660156 3 27 0.326409 28 0.673553 29 0.000039
2efb_kyj06_body_mesh1
27 0.000000 -0.602297 517.616209 0.000000 -1.000000 0.000000 0.500000 0.660156 3 27 0.326409 28 0.673553 29 0.000039
26 -0.603828 0.000000 501.920157 -1.000000 0.000000 0.000000 0.500000 0.640137 3 26 0.000003 27 0.638460 28 0.361537
26 0.000000 -0.602365 501.920224 0.000000 -1.000000 0.000000 0.500000 0.640137 3 26 0.000003 27 0.638452 28 0.361546
2efb_kyj06_body_mesh1
26 -0.603828 0.000000 501.920157 -1.000000 0.000000 0.000000 0.500000 0.640137 3 26 0.000003 27 0.638460 28 0.361537
26 -0.603833 0.000000 486.223948 -1.000000 0.000000 0.000000 0.500000 0.620117 3 26 0.004843 27 0.867657 28 0.127499
26 0.000000 -0.602365 501.920224 0.000000 -1.000000 0.000000 0.500000 0.640137 3 26 0.000003 27 0.638452 28 0.361546
2efb_kyj06_body_mesh1
26 0.000000 -0.602365 501.920224 0.000000 -1.000000 0.000000 0.500000 0.640137 3 26 0.000003 27 0.638452 28 0.361546
26 -0.603833 0.000000 486.223948 -1.000000 0.000000 0.000000 0.500000 0.620117 3 26 0.004843 27 0.867657 28 0.127499
26 0.000000 -0.602228 486.223993 0.000000 -1.000000 0.000000 0.500000 0.620117 3 26 0.004843 27 0.867639 28 0.127518
2efb_kyj06_body_mesh1
26 -0.603833 0.000000 486.223948 -1.000000 0.000000 0.000000 0.500000 0.620117 3 26 0.004843 27 0.867657 28 0.127499
26 -0.603838 0.000000 470.527828 -1.000000 0.000000 0.000000 0.500000 0.600098 3 26 0.023892 27 0.947203 28 0.028905
26 0.000000 -0.602228 486.223993 0.000000 -1.000000 0.000000 0.500000 0.620117 3 26 0.004843 27 0.867639 28 0.127518
2efb_kyj06_body_mesh1
26 0.000000 -0.602228 486.223993 0.000000 -1.000000 0.000000 0.500000 0.620117 3 26 0.004843 27 0.867639 28 0.127518
26 -0.603838 0.000000 470.527828 -1.000000 0.000000 0.000000 0.500000 0.600098 3 26 0.023892 27 0.947203 28 0.028905
26 0.000000 -0.602159 470.527851 0.000000 -1.000000 0.000000 0.500000 0.600098 3 26 0.023984 27 0.947001 28 0.029016
2efb_kyj06_body_mesh1
26 -0.603838 0.000000 470.527828 -1.000000 0.000000 0.000000 0.500000 0.600098 3 26 0.023892 27 0.947203 28 0.028905
26 -0.603842 0.000000 454.831664 -1.000000 0.000000 0.000000 0.500000 0.580078 3 26 0.107027 27 0.886361 28 0.006612
26 0.000000 -0.602159 470.527851 0.000000 -1.000000 0.000000 0.500000 0.600098 3 26 0.023984 27 0.947001 28 0.029016
2efb_kyj06_body_mesh1
26 0.000000 -0.602159 470.527851 0.000000 -1.000000 0.000000 0.500000 0.600098 3 26 0.023984 27 0.947001 28 0.029016
26 -0.603842 0.000000 454.831664 -1.000000 0.000000 0.000000 0.500000 0.580078 3 26 0.107027 27 0.886361 28 0.006612
26 0.000000 -0.602228 454.831664 0.000000 -1.000000 0.000000 0.500000 0.580078 3 26 0.107047 27 0.886340 28 0.006612
2efb_kyj06_body_mesh1
26 -0.603842 0.000000 454.831664 -1.000000 0.000000 0.000000 0.500000 0.580078 3 26 0.107027 27 0.886361 28 0.006612
26 -0.603847 0.000000 439.135522 -1.000000 0.000000 0.000000 0.500000 0.560059 3 26 0.321554 27 0.678397 28 0.000049
26 0.000000 -0.602228 454.831664 0.000000 -1.000000 0.000000 0.500000 0.580078 3 26 0.107047 27 0.886340 28 0.006612
2efb_kyj06_body_mesh1
26 0.000000 -0.602228 454.831664 0.000000 -1.000000 0.000000 0.500000 0.580078 3 26 0.107047 27 0.886340 28 0.006612
26 -0.603847 0.000000 439.135522 -1.000000 0.000000 0.000000 0.500000 0.560059 3 26 0.321554 27 0.678397 28 0.000049
26 0.000000 -0.602159 439.135567 0.000000 -1.000000 0.000000 0.500000 0.560059 3 26 0.321562 27 0.678389 28 0.000049
2efb_kyj06_body_mesh1
26 -0.603847 0.000000 439.135522 -1.000000 0.000000 0.000000 0.500000 0.560059 3 26 0.321554 27 0.678397 28 0.000049
25 -0.603852 0.000000 423.439403 -1.000000 0.000000 0.000000 0.500000 0.540039 3 25 0.000001 26 0.633372 27 0.366626
26 0.000000 -0.602159 439.135567 0.000000 -1.000000 0.000000 0.500000 0.560059 3 26 0.321562 27 0.678389 28 0.000049
2efb_kyj06_body_mesh1
26 0.000000 -0.602159 439.135567 0.000000 -1.000000 0.000000 0.500000 0.560059 3 26 0.321562 27 0.678389 28 0.000049
25 -0.603852 0.000000 423.439403 -1.000000 0.000000 0.000000 0.500000 0.540039 3 25 0.000001 26 0.633372 27 0.366626
25 0.000000 -0.602159 423.439403 0.000000 -1.000000 0.000000 0.500000 0.540039 3 25 0.000001 26 0.633365 27 0.366634
2efb_kyj06_body_mesh1
25 -0.603852 0.000000 423.439403 -1.000000 0.000000 0.000000 0.500000 0.540039 3 25 0.000001 26 0.633372 27 0.366626
25 -0.603857 0.000000 407.743261 -1.000000 0.000000 0.000000 0.500000 0.520020 3 25 0.004645 26 0.865131 27 0.130224
25 0.000000 -0.602159 423.439403 0.000000 -1.000000 0.000000 0.500000 0.540039 3 25 0.000001 26 0.633365 27 0.366634
2efb_kyj06_body_mesh1
25 0.000000 -0.602159 423.439403 0.000000 -1.000000 0.000000 0.500000 0.540039 3 25 0.000001 26 0.633365 27 0.366634
25 -0.603857 0.000000 407.743261 -1.000000 0.000000 0.000000 0.500000 0.520020 3 25 0.004645 26 0.865131 27 0.130224
25 0.000000 -0.602091 407.743261 0.000000 -1.000000 0.000000 0.500000 0.520020 3 25 0.004645 26 0.865113 27 0.130242
2efb_kyj06_body_mesh1
25 -0.603857 0.000000 407.743261 -1.000000 0.000000 0.000000 0.500000 0.520020 3 25 0.004645 26 0.865131 27 0.130224
25 -0.603861 0.000000 392.047096 -1.000000 0.000000 0.000000 0.500000 0.500000 3 25 0.023471 26 0.946760 27 0.029769
25 0.000000 -0.602091 407.743261 0.000000 -1.000000 0.000000 0.500000 0.520020 3 25 0.004645 26 0.865113 27 0.130242
2efb_kyj06_body_mesh1
25 0.000000 -0.602091 407.743261 0.000000 -1.000000 0.000000 0.500000 0.520020 3 25 0.004645 26 0.865113 27 0.130242
25 -0.603861 0.000000 392.047096 -1.000000 0.000000 0.000000 0.500000 0.500000 3 25 0.023471 26 0.946760 27 0.029769
25 0.000000 -0.602297 392.047096 0.000000 -1.000000 0.000000 0.500000 0.500000 3 25 0.023544 26 0.946594 27 0.029862
2efb_kyj06_body_mesh1
25 -0.603861 0.000000 392.047096 -1.000000 0.000000 0.000000 0.500000 0.500000 3 25 0.023471 26 0.946760 27 0.029769
25 -0.603866 0.000000 376.350977 -1.000000 0.000000 0.000000 0.500000 0.480469 3 25 0.104672 26 0.888476 27 0.006852
25 0.000000 -0.602297 392.047096 0.000000 -1.000000 0.000000 0.500000 0.500000 3 25 0.023544 26 0.946594 27 0.029862
2efb_kyj06_body_mesh1
25 0.000000 -0.602297 392.047096 0.000000 -1.000000 0.000000 0.500000 0.500000 3 25 0.023544 26 0.946594 27 0.029862
25 -0.603866 0.000000 376.350977 -1.000000 0.000000 0.000000 0.500000 0.480469 3 25 0.104672 26 0.888476 27 0.006852
25 0.000000 -0.602228 376.350999 0.000000 -1.000000 0.000000 0.500000 0.480469 3 25 0.104691 26 0.888457 27 0.006852
2efb_kyj06_body_mesh1
25 -0.603866 0.000000 376.350977 -1.000000 0.000000 0.000000 0.500000 0.480469 3 25 0.104672 26 0.888476 27 0.006852
25 -0.603871 0.000000 360.654768 -1.000000 0.000000 0.000000 0.500000 0.460449 3 25 0.316740 26 0.683199 27 0.000061
25 0.000000 -0.602228 376.350999 0.000000 -1.000000 0.000000 0.500000 0.480469 3 25 0.104691 26 0.888457 27 0.006852
2efb_kyj06_body_mesh1
25 0.000000 -0.602228 376.350999 0.000000 -1.000000 0.000000 0.500000 0.480469 3 25 0.104691 26 0.888457 27 0.006852
25 -0.603871 0.000000 360.654768 -1.000000 0.000000 0.000000 0.500000 0.460449 3 25 0.316740 26 0.683199 27 0.000061
25 0.000000 -0.602228 360.654768 0.000000 -1.000000 0.000000 0.500000 0.460449 3 25 0.316750 26 0.683189 27 0.000061
2efb_kyj06_body_mesh1
25 -0.603871 0.000000 360.654768 -1.000000 0.000000 0.000000 0.500000 0.460449 3 25 0.316740 26 0.683199 27 0.000061
25 -0.603875 0.000000 344.958648 -1.000000 0.000000 0.000000 0.500000 0.440430 2 25 0.628259 26 0.371740
25 0.000000 -0.602228 360.654768 0.000000 -1.000000 0.000000 0.500000 0.460449 3 25 0.316750 26 0.683189 27 0.000061
2efb_kyj06_body_mesh1
25 0.000000 -0.602228 360.654768 0.000000 -1.000000 0.000000 0.500000 0.460449 3 25 0.316750 26 0.683189 27 0.000061
25 -0.603875 0.000000 344.958648 -1.000000 0.000000 0.000000 0.500000 0.440430 2 25 0.628259 26 0.371740
25 0.000000 -0.602159 344.958716 0.000000 -1.000000 0.000000 0.500000 0.440430 2 25 0.628252 26 0.371748
2efb_kyj06_body_mesh1
25 -0.603875 0.000000 344.958648 -1.000000 0.000000 0.000000 0.500000 0.440430 2 25 0.628259 26 0.371740
24 -0.603880 0.000000 329.262416 -1.000000 0.000000 0.000000 0.500000 0.420410 3 24 0.004451 25 0.862559 26 0.132990
25 0.000000 -0.602159 344.958716 0.000000 -1.000000 0.000000 0.500000 0.440430 2 25 0.628252 26 0.371748
2efb_kyj06_body_mesh1
25 0.000000 -0.602159 344.958716 0.000000 -1.000000 0.000000 0.500000 0.440430 2 25 0.628252 26 0.371748
24 -0.603880 0.000000 329.262416 -1.000000 0.000000 0.000000 0.500000 0.420410 3 24 0.004451 25 0.862559 26 0.132990
24 0.000000 -0.602297 329.262484 0.000000 -1.000000 0.000000 0.500000 0.420410 3 24 0.004451 25 0.862541 26 0.133008
2efb_kyj06_body_mesh1
24 -0.603880 0.000000 329.262416 -1.000000 0.000000 0.000000 0.500000 0.420410 3 24 0.004451 25 0.862559 26 0.132990
24 -0.603885 0.000000 313.566275 -1.000000 0.000000 0.000000 0.500000 0.400391 3 24 0.023052 25 0.946293 26 0.030654
24 0.000000 -0.602297 329.262484 0.000000 -1.000000 0.000000 0.500000 0.420410 3 24 0.004451 25 0.862541 26 0.133008
2efb_kyj06_body_mesh1
24 0.000000 -0.602297 329.262484 0.000000 -1.000000 0.000000 0.500000 0.420410 3 24 0.004451 25 0.862541 26 0.133008
24 -0.603885 0.000000 313.566275 -1.000000 0.000000 0.000000 0.500000 0.400391 3 24 0.023052 25 0.946293 26 0.030654
24 0.000000 -0.602297 313.566230 0.000000 -1.000000 0.000000 0.500000 0.400391 3 24 0.023113 25 0.946153 26 0.030735
2efb_kyj06_body_mesh1
24 -0.603885 0.000000 313.566275 -1.000000 0.000000 0.000000 0.500000 0.400391 3 24 0.023052 25 0.946293 26 0.030654
24 -0.603889 0.000000 297.870178 -1.000000 0.000000 0.000000 0.500000 0.380371 3 24 0.102355 25 0.890549 26 0.007096
24 0.000000 -0.602297 313.566230 0.000000 -1.000000 0.000000 0.500000 0.400391 3 24 0.023113 25 0.946153 26 0.030735
2efb_kyj06_body_mesh1
24 0.000000 -0.602297 313.566230 0.000000 -1.000000 0.000000 0.500000 0.400391 3 24 0.023113 25 0.946153 26 0.030735
24 -0.603889 0.000000 297.870178 -1.000000 0.000000 0.000000 0.500000 0.380371 3 24 0.102355 25 0.890549 26 0.007096
24 0.000000 -0.602297 297.870178 0.000000 -1.000000 0.000000 0.500000 0.380371 3 24 0.102375 25 0.890528 26 0.007097
2efb_kyj06_body_mesh1
24 -0.603889 0.000000 297.870178 -1.000000 0.000000 0.000000 0.500000 0.380371 3 24 0.102355 25 0.890549 26 0.007096
24 -0.603894 0.000000 282.174058 -1.000000 0.000000 0.000000 0.500000 0.360352 3 24 0.311959 25 0.687965 26 0.000075
24 0.000000 -0.602297 297.870178 0.000000 -1.000000 0.000000 0.500000 0.380371 3 24 0.102375 25 0.890528 26 0.007097
2efb_kyj06_body_mesh1
24 0.000000 -0.602297 297.870178 0.000000 -1.000000 0.000000 0.500000 0.380371 3 24 0.102375 25 0.890528 26 0.007097
24 -0.603894 0.000000 282.174058 -1.000000 0.000000 0.000000 0.500000 0.360352 3 24 0.311959 25 0.687965 26 0.000075
24 0.000000 -0.602228 282.174058 0.000000 -1.000000 0.000000 0.500000 0.360352 3 24 0.311969 25 0.687955 26 0.000075
2efb_kyj06_body_mesh1
24 -0.603894 0.000000 282.174058 -1.000000 0.000000 0.000000 0.500000 0.360352 3 24 0.311959 25 0.687965 26 0.000075
24 -0.603899 0.000000 266.477894 -1.000000 0.000000 0.000000 0.500000 0.340332 2 24 0.623120 25 0.376880
24 0.000000 -0.602228 282.174058 0.000000 -1.000000 0.000000 0.500000 0.360352 3 24 0.311969 25 0.687955 26 0.000075
2efb_kyj06_body_mesh1
24 0.000000 -0.602228 282.174058 0.000000 -1.000000 0.000000 0.500000 0.360352 3 24 0.311969 25 0.687955 26 0.000075
24 -0.603899 0.000000 266.477894 -1.000000 0.000000 0.000000 0.500000 0.340332 2 24 0.623120 25 0.376880
24 0.000000 -0.602159 266.477894 0.000000 -1.000000 0.000000 0.500000 0.340332 2 24 0.623113 25 0.376887
2efb_kyj06_body_mesh1
24 -0.603899 0.000000 266.477894 -1.000000 0.000000 0.000000 0.500000 0.340332 2 24 0.623120 25 0.376880
23 -0.603904 0.000000 250.781743 -1.000000 0.000000 0.000000 0.500000 0.320312 3 23 0.004262 24 0.859939 25 0.135799
24 0.000000 -0.602159 266.477894 0.000000 -1.000000 0.000000 0.500000 0.340332 2 24 0.623113 25 0.376887
2efb_kyj06_body_mesh1
24 0.000000 -0.602159 266.477894 0.000000 -1.000000 0.000000 0.500000 0.340332 2 24 0.623113 25 0.376887
23 -0.603904 0.000000 250.781743 -1.000000 0.000000 0.000000 0.500000 0.320312 3 23 0.004262 24 0.859939 25 0.135799
23 0.000000 -0.602091 250.781743 0.000000 -1.000000 0.000000 0.500000 0.320312 3 23 0.004261 24 0.859922 25 0.135817
2efb_kyj06_body_mesh1
23 -0.603904 0.000000 250.781743 -1.000000 0.000000 0.000000 0.500000 0.320312 3 23 0.004262 24 0.859939 25 0.135799
23 -0.603908 0.000000 235.085588 -1.000000 0.000000 0.000000 0.500000 0.300293 3 23 0.022636 24 0.945803 25 0.031560
23 0.000000 -0.602091 250.781743 0.000000 -1.000000 0.000000 0.500000 0.320312 3 23 0.004261 24 0.859922 25 0.135817
2efb_kyj06_body_mesh1
23 0.000000 -0.602091 250.781743 0.000000 -1.000000 0.000000 0.500000 0.320312 3 23 0.004261 24 0.859922 25 0.135817
23 -0.603908 0.000000 235.085588 -1.000000 0.000000 0.000000 0.500000 0.300293 3 23 0.022636 24 0.945803 25 0.031560
23 0.000000 -0.602297 235.085579 0.000000 -1.000000 0.000000 0.500000 0.300293 3 23 0.022687 24 0.945682 25 0.031631
2efb_kyj06_body_mesh1
23 -0.603908 0.000000 235.085588 -1.000000 0.000000 0.000000 0.500000 0.300293 3 23 0.022636 24 0.945803 25 0.031560
24 -0.603913 0.000000 219.389446 -1.000000 0.000000 0.000000 0.500000 0.280273 3 24 0.892577 23 0.100078 25 0.007345
23 0.000000 -0.602297 235.085579 0.000000 -1.000000 0.000000 0.500000 0.300293 3 23 0.022687 24 0.945682 25 0.031631
2efb_kyj06_body_mesh1
23 0.000000 -0.602297 235.085579 0.000000 -1.000000 0.000000 0.500000 0.300293 3 23 0.022687 24 0.945682 25 0.031631
24 -0.603913 0.000000 219.389446 -1.000000 0.000000 0.000000 0.500000 0.280273 3 24 0.892577 23 0.100078 25 0.007345
24 0.000000 -0.602228 219.389446 0.000000 -1.000000 0.000000 0.500000 0.280273 3 24 0.892556 23 0.100098 25 0.007346
2efb_kyj06_body_mesh1
24 -0.603913 0.000000 219.389446 -1.000000 0.000000 0.000000 0.500000 0.280273 3 24 0.892577 23 0.100078 25 0.007345
24 -0.603918 0.000000 203.693281 -1.000000 0.000000 0.000000 0.500000 0.260254 3 24 0.681472 23 0.302239 22 0.016289
24 0.000000 -0.602228 219.389446 0.000000 -1.000000 0.000000 0.500000 0.280273 3 24 0.892556 23 0.100098 25 0.007346
2efb_kyj06_body_mesh1
24 0.000000 -0.602228 219.389446 0.000000 -1.000000 0.000000 0.500000 0.280273 3 24 0.892556 23 0.100098 25 0.007346
24 -0.603918 0.000000 203.693281 -1.000000 0.000000 0.000000 0.500000 0.260254 3 24 0.681472 23 0.302239 22 0.016289
24 0.000000 -0.602297 203.693250 0.000000 -1.000000 0.000000 0.500000 0.260254 3 24 0.681463 23 0.302249 22 0.016288
2efb_kyj06_body_mesh1
24 -0.603918 0.000000 203.693281 -1.000000 0.000000 0.000000 0.500000 0.260254 3 24 0.681472 23 0.302239 22 0.016289
22 -0.603922 0.000000 187.997104 -1.000000 0.000000 0.000000 0.500000 0.240234 3 22 0.072271 23 0.573296 24 0.354433
24 0.000000 -0.602297 203.693250 0.000000 -1.000000 0.000000 0.500000 0.260254 3 24 0.681463 23 0.302249 22 0.016288
2efb_kyj06_body_mesh1
24 0.000000 -0.602297 203.693250 0.000000 -1.000000 0.000000 0.500000 0.260254 3 24 0.681463 23 0.302249 22 0.016288
22 -0.603922 0.000000 187.997104 -1.000000 0.000000 0.000000 0.500000 0.240234 3 22 0.072271 23 0.573296 24 0.354433
22 0.000000 -0.602159 187.997104 0.000000 -1.000000 0.000000 0.500000 0.240234 3 22 0.072272 23 0.573290 24 0.354439
2efb_kyj06_body_mesh1
22 -0.603922 0.000000 187.997104 -1.000000 0.000000 0.000000 0.500000 0.240234 3 22 0.072271 23 0.573296 24 0.354433
23 -0.603927 0.000000 172.300975 -1.000000 0.000000 0.000000 0.500000 0.220215 3 23 0.734757 22 0.146408 24 0.118835
22 0.000000 -0.602159 187.997104 0.000000 -1.000000 0.000000 0.500000 0.240234 3 22 0.072272 23 0.573290 24 0.354439
2efb_kyj06_body_mesh1
22 0.000000 -0.602159 187.997104 0.000000 -1.000000 0.000000 0.500000 0.240234 3 22 0.072272 23 0.573290 24 0.354439
23 -0.603927 0.000000 172.300975 -1.000000 0.000000 0.000000 0.500000 0.220215 3 23 0.734757 22 0.146408 24 0.118835
23 0.000000 -0.602159 172.300975 0.000000 -1.000000 0.000000 0.500000 0.220215 3 23 0.734728 22 0.146424 24 0.118848
2efb_kyj06_body_mesh1
23 -0.603927 0.000000 172.300975 -1.000000 0.000000 0.000000 0.500000 0.220215 3 23 0.734757 22 0.146408 24 0.118835
23 -0.603932 0.000000 156.604811 -1.000000 0.000000 0.000000 0.500000 0.200195 3 23 0.768931 22 0.204643 24 0.026426
23 0.000000 -0.602159 172.300975 0.000000 -1.000000 0.000000 0.500000 0.220215 3 23 0.734728 22 0.146424 24 0.118848
2efb_kyj06_body_mesh1
23 0.000000 -0.602159 172.300975 0.000000 -1.000000 0.000000 0.500000 0.220215 3 23 0.734728 22 0.146424 24 0.118848
23 -0.603932 0.000000 156.604811 -1.000000 0.000000 0.000000 0.500000 0.200195 3 23 0.768931 22 0.204643 24 0.026426
23 0.000000 -0.602297 156.604811 0.000000 -1.000000 0.000000 0.500000 0.200195 3 23 0.768561 22 0.204971 24 0.026468
2efb_kyj06_body_mesh1
23 -0.603932 0.000000 156.604811 -1.000000 0.000000 0.000000 0.500000 0.200195 3 23 0.768931 22 0.204643 24 0.026426
23 -0.603937 0.000000 140.908705 -1.000000 0.000000 0.000000 0.500000 0.180176 3 23 0.561143 22 0.377485 21 0.061373
23 0.000000 -0.602297 156.604811 0.000000 -1.000000 0.000000 0.500000 0.200195 3 23 0.768561 22 0.204971 24 0.026468
2efb_kyj06_body_mesh1
23 0.000000 -0.602297 156.604811 0.000000 -1.000000 0.000000 0.500000 0.200195 3 23 0.768561 22 0.204971 24 0.026468
23 -0.603937 0.000000 140.908705 -1.000000 0.000000 0.000000 0.500000 0.180176 3 23 0.561143 22 0.377485 21 0.061373
23 0.000000 -0.602297 140.908680 0.000000 -1.000000 0.000000 0.500000 0.180176 3 23 0.561100 22 0.377518 21 0.061382
2efb_kyj06_body_mesh1
23 -0.603937 0.000000 140.908705 -1.000000 0.000000 0.000000 0.500000 0.180176 3 23 0.561143 22 0.377485 21 0.061373
22 -0.603941 0.000000 125.212516 -1.000000 0.000000 0.000000 0.500000 0.160156 3 22 0.564828 23 0.303515 21 0.131656
23 0.000000 -0.602297 140.908680 0.000000 -1.000000 0.000000 0.500000 0.180176 3 23 0.561100 22 0.377518 21 0.061382
2efb_kyj06_body_mesh1
23 0.000000 -0.602297 140.908680 0.000000 -1.000000 0.000000 0.500000 0.180176 3 23 0.561100 22 0.377518 21 0.061382
22 -0.603941 0.000000 125.212516 -1.000000 0.000000 0.000000 0.500000 0.160156 3 22 0.564828 23 0.303515 21 0.131656
22 0.000000 -0.602159 125.212541 0.000000 -1.000000 0.000000 0.500000 0.160156 3 22 0.564751 23 0.303565 21 0.131684
2efb_kyj06_body_mesh1
22 -0.603941 0.000000 125.212516 -1.000000 0.000000 0.000000 0.500000 0.160156 3 22 0.564828 23 0.303515 21 0.131656
22 -0.603946 0.000000 109.516376 -1.000000 0.000000 0.000000 0.500000 0.140137 3 22 0.605677 21 0.241629 23 0.152695
22 0.000000 -0.602159 125.212541 0.000000 -1.000000 0.000000 0.500000 0.160156 3 22 0.564751 23 0.303565 21 0.131684
2efb_kyj06_body_mesh1
22 0.000000 -0.602159 125.212541 0.000000 -1.000000 0.000000 0.500000 0.160156 3 22 0.564751 23 0.303565 21 0.131684
22 -0.603946 0.000000 109.516376 -1.000000 0.000000 0.000000 0.500000 0.140137 3 22 0.605677 21 0.241629 23 0.152695
22 0.000000 -0.602297 109.516367 0.000000 -1.000000 0.000000 0.500000 0.140137 3 22 0.605506 21 0.241731 23 0.152763
2efb_kyj06_body_mesh1
22 -0.603946 0.000000 109.516376 -1.000000 0.000000 0.000000 0.500000 0.140137 3 22 0.605677 21 0.241629 23 0.152695
21 -0.603951 0.000000 93.820205 -1.000000 0.000000 0.000000 0.500000 0.120117 3 21 0.476134 22 0.429561 20 0.094306
22 0.000000 -0.602297 109.516367 0.000000 -1.000000 0.000000 0.500000 0.140137 3 22 0.605506 21 0.241731 23 0.152763
2efb_kyj06_body_mesh1
22 0.000000 -0.602297 109.516367 0.000000 -1.000000 0.000000 0.500000 0.140137 3 22 0.605506 21 0.241731 23 0.152763
21 -0.603951 0.000000 93.820205 -1.000000 0.000000 0.000000 0.500000 0.120117 3 21 0.476134 22 0.429561 20 0.094306
21 0.000000 -0.602297 93.820205 0.000000 -1.000000 0.000000 0.500000 0.120117 3 21 0.476119 22 0.429564 20 0.094317
2efb_kyj06_body_mesh1
21 -0.603951 0.000000 93.820205 -1.000000 0.000000 0.000000 0.500000 0.120117 3 21 0.476134 22 0.429561 20 0.094306
21 -0.603955 0.000000 78.124057 -1.000000 0.000000 0.000000 0.500000 0.100098 3 21 0.629793 22 0.203265 20 0.166942
21 0.000000 -0.602297 93.820205 0.000000 -1.000000 0.000000 0.500000 0.120117 3 21 0.476119 22 0.429564 20 0.094317
2efb_kyj06_body_mesh1
21 0.000000 -0.602297 93.820205 0.000000 -1.000000 0.000000 0.500000 0.120117 3 21 0.476119 22 0.429564 20 0.094317
21 -0.603955 0.000000 78.124057 -1.000000 0.000000 0.000000 0.500000 0.100098 3 21 0.629793 22 0.203265 20 0.166942
21 0.000000 -0.602091 78.124066 0.000000 -1.000000 0.000000 0.500000 0.100098 3 21 0.629364 22 0.203500 20 0.167136
2efb_kyj06_body_mesh1
21 -0.603955 0.000000 78.124057 -1.000000 0.000000 0.000000 0.500000 0.100098 3 21 0.629793 22 0.203265 20 0.166942
21 -0.603960 0.000000 62.427910 -1.000000 0.000000 0.000000 0.500000 0.080078 3 21 0.518478 20 0.342822 19 0.138700
21 0.000000 -0.602091 78.124066 0.000000 -1.000000 0.000000 0.500000 0.100098 3 21 0.629364 22 0.203500 20 0.167136
2efb_kyj06_body_mesh1
21 0.000000 -0.602091 78.124066 0.000000 -1.000000 0.000000 0.500000 0.100098 3 21 0.629364 22 0.203500 20 0.167136
21 -0.603960 0.000000 62.427910 -1.000000 0.000000 0.000000 0.500000 0.080078 3 21 0.518478 20 0.342822 19 0.138700
21 0.000000 -0.602297 62.427901 0.000000 -1.000000 0.000000 0.500000 0.080078 3 21 0.518417 20 0.342841 19 0.138742
2efb_kyj06_body_mesh1
21 -0.603960 0.000000 62.427910 -1.000000 0.000000 0.000000 0.500000 0.080078 3 21 0.518478 20 0.342822 19 0.138700
20 -0.603965 0.000000 46.731750 -1.000000 0.000000 0.000000 0.500000 0.060059 3 20 0.494900 21 0.270590 19 0.234510
21 0.000000 -0.602297 62.427901 0.000000 -1.000000 0.000000 0.500000 0.080078 3 21 0.518417 20 0.342841 19 0.138742
2efb_kyj06_body_mesh1
21 0.000000 -0.602297 62.427901 0.000000 -1.000000 0.000000 0.500000 0.080078 3 21 0.518417 20 0.342841 19 0.138742
20 -0.603965 0.000000 46.731750 -1.000000 0.000000 0.000000 0.500000 0.060059 3 20 0.494900 21 0.270590 19 0.234510
20 0.000000 -0.602091 46.731755 0.000000 -1.000000 0.000000 0.500000 0.060059 3 20 0.494801 21 0.270615 19 0.234584
2efb_kyj06_body_mesh1
20 -0.603965 0.000000 46.731750 -1.000000 0.000000 0.000000 0.500000 0.060059 3 20 0.494900 21 0.270590 19 0.234510
20 -0.603970 0.000000 31.035606 -1.000000 0.000000 0.000000 0.500000 0.040039 3 20 0.511179 19 0.359391 21 0.129430
20 0.000000 -0.602091 46.731755 0.000000 -1.000000 0.000000 0.500000 0.060059 3 20 0.494801 21 0.270615 19 0.234584
2efb_kyj06_body_mesh1
20 0.000000 -0.602091 46.731755 0.000000 -1.000000 0.000000 0.500000 0.060059 3 20 0.494801 21 0.270615 19 0.234584
20 -0.603970 0.000000 31.035606 -1.000000 0.000000 0.000000 0.500000 0.040039 3 20 0.511179 19 0.359391 21 0.129430
20 0.000000 -0.602228 31.035608 0.000000 -1.000000 0.000000 0.500000 0.040039 3 20 0.510953 19 0.359574 21 0.129473
2efb_kyj06_body_mesh1
20 -0.603970 0.000000 31.035606 -1.000000 0.000000 0.000000 0.500000 0.040039 3 20 0.511179 19 0.359391 21 0.129430
19 -0.603974 0.000000 15.339451 -1.000000 0.000000 0.000000 0.500000 0.020020 3 19 0.600523 20 0.337166 21 0.062311
20 0.000000 -0.602228 31.035608 0.000000 -1.000000 0.000000 0.500000 0.040039 3 20 0.510953 19 0.359574 21 0.129473
2efb_kyj06_body_mesh1
20 0.000000 -0.602228 31.035608 0.000000 -1.000000 0.000000 0.500000 0.040039 3 20 0.510953 19 0.359574 21 0.129473
19 -0.603974 0.000000 15.339451 -1.000000 0.000000 0.000000 0.500000 0.020020 3 19 0.600523 20 0.337166 21 0.062311
19 0.000000 -0.602228 15.339454 0.000000 -1.000000 0.000000 0.500000 0.020020 3 19 0.600591 20 0.337103 21 0.062306
2efb_kyj06_body_mesh1
19 -0.603974 0.000000 15.339451 -1.000000 0.000000 0.000000 0.500000 0.020020 3 19 0.600523 20 0.337166 21 0.062311
19 -0.603979 0.000000 -0.356698 -1.000000 0.000000 0.000000 0.500000 0.000000 3 19 0.743391 20 0.230989 21 0.025620
19 0.000000 -0.602228 15.339454 0.000000 -1.000000 0.000000 0.500000 0.020020 3 19 0.600591 20 0.337103 21 0.062306
2efb_kyj06_body_mesh1
19 0.000000 -0.602228 15.339454 0.000000 -1.000000 0.000000 0.500000 0.020020 3 19 0.600591 20 0.337103 21 0.062306
19 -0.603979 0.000000 -0.356698 -1.000000 0.000000 0.000000 0.500000 0.000000 3 19 0.743391 20 0.230989 21 0.025620
19 0.000000 -0.602228 -0.356699 0.000000 -1.000000 0.000000 0.500000 0.000000 3 19 0.743438 20 0.230947 21 0.025615
2efb_kyj06_body_mesh1
19 -0.603979 0.000000 -0.356698 -1.000000 0.000000 0.000000 0.500000 0.000000 3 19 0.743391 20 0.230989 21 0.025620
19 0.603979 0.000000 -0.356699 1.000000 0.000000 0.000000 0.500000 0.000000 3 19 0.743391 20 0.230989 21 0.025620
19 0.000000 -0.602228 -0.356699 0.000000 -1.000000 0.000000 0.500000 0.000000 3 19 0.743438 20 0.230947 21 0.025615
2efb_kyj06_body_mesh1
19 0.000000 -0.602228 -0.356699 0.000000 -1.000000 0.000000 0.500000 0.000000 3 19 0.743438 20 0.230947 21 0.025615
19 0.603979 0.000000 -0.356699 1.000000 0.000000 0.000000 0.500000 0.000000 3 19 0.743391 20 0.230989 21 0.025620
19 0.603983 0.000000 15.339451 1.000000 0.000000 0.000000 0.500000 0.020020 3 19 0.600523 20 0.337166 21 0.062311
2efb_kyj06_body_mesh1
19 -0.603979 0.000000 -0.356698 -1.000000 0.000000 0.000000 0.500000 0.000000 3 19 0.743391 20 0.230989 21 0.025620
19 -0.603974 0.000000 15.339451 -1.000000 0.000000 0.000000 0.500000 0.020020 3 19 0.600523 20 0.337166 21 0.062311
19 0.000000 0.605867 -0.356699 0.000000 1.000000 0.000000 0.500000 0.000000 3 19 0.743420 20 0.230964 21 0.025617
2efb_kyj06_body_mesh1
19 -0.603974 0.000000 15.339451 -1.000000 0.000000 0.000000 0.500000 0.020020 3 19 0.600523 20 0.337166 21 0.062311
19 0.000000 0.605799 15.339455 0.000000 1.000000 0.000000 0.500000 0.020020 3 19 0.600583 20 0.337109 21 0.062308
19 0.000000 0.605867 -0.356699 0.000000 1.000000 0.000000 0.500000 0.000000 3 19 0.743420 20 0.230964 21 0.025617
2efb_kyj06_body_mesh1
19 0.000000 -0.602228 -0.356699 0.000000 -1.000000 0.000000 0.500000 0.000000 3 19 0.743438 20 0.230947 21 0.025615
19 0.603983 0.000000 15.339451 1.000000 0.000000 0.000000 0.500000 0.020020 3 19 0.600523 20 0.337166 21 0.062311
19 0.000000 -0.602228 15.339454 0.000000 -1.000000 0.000000 0.500000 0.020020 3 19 0.600591 20 0.337103 21 0.062306
2efb_kyj06_body_mesh1
19 0.603983 0.000000 15.339451 1.000000 0.000000 0.000000 0.500000 0.020020 3 19 0.600523 20 0.337166 21 0.062311
20 0.603988 0.000000 31.035606 1.000000 0.000000 0.000000 0.500000 0.040039 3 20 0.511179 19 0.359391 21 0.129430
19 0.000000 -0.602228 15.339454 0.000000 -1.000000 0.000000 0.500000 0.020020 3 19 0.600591 20 0.337103 21 0.062306
2efb_kyj06_body_mesh1
19 0.000000 -0.602228 15.339454 0.000000 -1.000000 0.000000 0.500000 0.020020 3 19 0.600591 20 0.337103 21 0.062306
20 0.603988 0.000000 31.035606 1.000000 0.000000 0.000000 0.500000 0.040039 3 20 0.511179 19 0.359391 21 0.129430
20 0.000000 -0.602228 31.035608 0.000000 -1.000000 0.000000 0.500000 0.040039 3 20 0.510953 19 0.359574 21 0.129473
2efb_kyj06_body_mesh1
20 0.603988 0.000000 31.035606 1.000000 0.000000 0.000000 0.500000 0.040039 3 20 0.511179 19 0.359391 21 0.129430
20 0.603993 0.000000 46.731750 1.000000 0.000000 0.000000 0.500000 0.060059 3 20 0.494900 21 0.270590 19 0.234510
20 0.000000 -0.602228 31.035608 0.000000 -1.000000 0.000000 0.500000 0.040039 3 20 0.510953 19 0.359574 21 0.129473
2efb_kyj06_body_mesh1
20 0.000000 -0.602228 31.035608 0.000000 -1.000000 0.000000 0.500000 0.040039 3 20 0.510953 19 0.359574 21 0.129473
20 0.603993 0.000000 46.731750 1.000000 0.000000 0.000000 0.500000 0.060059 3 20 0.494900 21 0.270590 19 0.234510
20 0.000000 -0.602091 46.731755 0.000000 -1.000000 0.000000 0.500000 0.060059 3 20 0.494801 21 0.270615 19 0.234584
2efb_kyj06_body_mesh1
20 0.603993 0.000000 46.731750 1.000000 0.000000 0.000000 0.500000 0.060059 3 20 0.494900 21 0.270590 19 0.234510
21 0.603998 0.000000 62.427910 1.000000 0.000000 0.000000 0.500000 0.080078 3 21 0.518478 20 0.342822 19 0.138700
20 0.000000 -0.602091 46.731755 0.000000 -1.000000 0.000000 0.500000 0.060059 3 20 0.494801 21 0.270615 19 0.234584
2efb_kyj06_body_mesh1
20 0.000000 -0.602091 46.731755 0.000000 -1.000000 0.000000 0.500000 0.060059 3 20 0.494801 21 0.270615 19 0.234584
21 0.603998 0.000000 62.427910 1.000000 0.000000 0.000000 0.500000 0.080078 3 21 0.518478 20 0.342822 19 0.138700
21 0.000000 -0.602297 62.427901 0.000000 -1.000000 0.000000 0.500000 0.080078 3 21 0.518417 20 0.342841 19 0.138742
2efb_kyj06_body_mesh1
21 0.603998 0.000000 62.427910 1.000000 0.000000 0.000000 0.500000 0.080078 3 21 0.518478 20 0.342822 19 0.138700
21 0.604002 0.000000 78.124057 1.000000 0.000000 0.000000 0.500000 0.100098 3 21 0.629793 22 0.203265 20 0.166942
21 0.000000 -0.602297 62.427901 0.000000 -1.000000 0.000000 0.500000 0.080078 3 21 0.518417 20 0.342841 19 0.138742
2efb_kyj06_body_mesh1
21 0.000000 -0.602297 62.427901 0.000000 -1.000000 0.000000 0.500000 0.080078 3 21 0.518417 20 0.342841 19 0.138742
21 0.604002 0.000000 78.124057 1.000000 0.000000 0.000000 0.500000 0.100098 3 21 0.629793 22 0.203265 20 0.166942
21 0.000000 -0.602091 78.124066 0.000000 -1.000000 0.000000 0.500000 0.100098 3 21 0.629364 22 0.203500 20 0.167136
2efb_kyj06_body_mesh1
21 0.604002 0.000000 78.124057 1.000000 0.000000 0.000000 0.500000 0.100098 3 21 0.629793 22 0.203265 20 0.166942
21 0.604007 0.000000 93.820205 1.000000 0.000000 0.000000 0.500000 0.120117 3 21 0.476134 22 0.429561 20 0.094306
21 0.000000 -0.602091 78.124066 0.000000 -1.000000 0.000000 0.500000 0.100098 3 21 0.629364 22 0.203500 20 0.167136
2efb_kyj06_body_mesh1
21 0.000000 -0.602091 78.124066 0.000000 -1.000000 0.000000 0.500000 0.100098 3 21 0.629364 22 0.203500 20 0.167136
21 0.604007 0.000000 93.820205 1.000000 0.000000 0.000000 0.500000 0.120117 3 21 0.476134 22 0.429561 20 0.094306
21 0.000000 -0.602297 93.820205 0.000000 -1.000000 0.000000 0.500000 0.120117 3 21 0.476119 22 0.429564 20 0.094317
2efb_kyj06_body_mesh1
21 0.604007 0.000000 93.820205 1.000000 0.000000 0.000000 0.500000 0.120117 3 21 0.476134 22 0.429561 20 0.094306
22 0.604012 0.000000 109.516376 1.000000 0.000000 0.000000 0.500000 0.140137 3 22 0.605677 21 0.241629 23 0.152695
21 0.000000 -0.602297 93.820205 0.000000 -1.000000 0.000000 0.500000 0.120117 3 21 0.476119 22 0.429564 20 0.094317
2efb_kyj06_body_mesh1
21 0.000000 -0.602297 93.820205 0.000000 -1.000000 0.000000 0.500000 0.120117 3 21 0.476119 22 0.429564 20 0.094317
22 0.604012 0.000000 109.516376 1.000000 0.000000 0.000000 0.500000 0.140137 3 22 0.605677 21 0.241629 23 0.152695
22 0.000000 -0.602297 109.516367 0.000000 -1.000000 0.000000 0.500000 0.140137 3 22 0.605506 21 0.241731 23 0.152763
2efb_kyj06_body_mesh1
22 0.604012 0.000000 109.516376 1.000000 0.000000 0.000000 0.500000 0.140137 3 22 0.605677 21 0.241629 23 0.152695
22 0.604017 0.000000 125.212516 1.000000 0.000000 0.000000 0.500000 0.160156 3 22 0.564828 23 0.303515 21 0.131656
22 0.000000 -0.602297 109.516367 0.000000 -1.000000 0.000000 0.500000 0.140137 3 22 0.605506 21 0.241731 23 0.152763
2efb_kyj06_body_mesh1
22 0.000000 -0.602297 109.516367 0.000000 -1.000000 0.000000 0.500000 0.140137 3 22 0.605506 21 0.241731 23 0.152763
22 0.604017 0.000000 125.212516 1.000000 0.000000 0.000000 0.500000 0.160156 3 22 0.564828 23 0.303515 21 0.131656
22 0.000000 -0.602159 125.212541 0.000000 -1.000000 0.000000 0.500000 0.160156 3 22 0.564751 23 0.303565 21 0.131684
2efb_kyj06_body_mesh1
22 0.604017 0.000000 125.212516 1.000000 0.000000 0.000000 0.500000 0.160156 3 22 0.564828 23 0.303515 21 0.131656
23 0.604021 0.000000 140.908705 1.000000 0.000000 0.000000 0.500000 0.180176 3 23 0.561143 22 0.377485 21 0.061373
22 0.000000 -0.602159 125.212541 0.000000 -1.000000 0.000000 0.500000 0.160156 3 22 0.564751 23 0.303565 21 0.131684
2efb_kyj06_body_mesh1
22 0.000000 -0.602159 125.212541 0.000000 -1.000000 0.000000 0.500000 0.160156 3 22 0.564751 23 0.303565 21 0.131684
23 0.604021 0.000000 140.908705 1.000000 0.000000 0.000000 0.500000 0.180176 3 23 0.561143 22 0.377485 21 0.061373
23 0.000000 -0.602297 140.908680 0.000000 -1.000000 0.000000 0.500000 0.180176 3 23 0.561100 22 0.377518 21 0.061382
2efb_kyj06_body_mesh1
23 0.604021 0.000000 140.908705 1.000000 0.000000 0.000000 0.500000 0.180176 3 23 0.561143 22 0.377485 21 0.061373
23 0.604026 0.000000 156.604811 1.000000 0.000000 0.000000 0.500000 0.200195 3 23 0.768931 22 0.204643 24 0.026426
23 0.000000 -0.602297 140.908680 0.000000 -1.000000 0.000000 0.500000 0.180176 3 23 0.561100 22 0.377518 21 0.061382
2efb_kyj06_body_mesh1
23 0.000000 -0.602297 140.908680 0.000000 -1.000000 0.000000 0.500000 0.180176 3 23 0.561100 22 0.377518 21 0.061382
23 0.604026 0.000000 156.604811 1.000000 0.000000 0.000000 0.500000 0.200195 3 23 0.768931 22 0.204643 24 0.026426
23 0.000000 -0.602297 156.604811 0.000000 -1.000000 0.000000 0.500000 0.200195 3 23 0.768561 22 0.204971 24 0.026468
2efb_kyj06_body_mesh1
23 0.604026 0.000000 156.604811 1.000000 0.000000 0.000000 0.500000 0.200195 3 23 0.768931 22 0.204643 24 0.026426
23 0.604031 0.000000 172.300975 1.000000 0.000000 0.000000 0.500000 0.220215 3 23 0.734757 22 0.146408 24 0.118835
23 0.000000 -0.602297 156.604811 0.000000 -1.000000 0.000000 0.500000 0.200195 3 23 0.768561 22 0.204971 24 0.026468
2efb_kyj06_body_mesh1
23 0.000000 -0.602297 156.604811 0.000000 -1.000000 0.000000 0.500000 0.200195 3 23 0.768561 22 0.204971 24 0.026468
23 0.604031 0.000000 172.300975 1.000000 0.000000 0.000000 0.500000 0.220215 3 23 0.734757 22 0.146408 24 0.118835
23 0.000000 -0.602159 172.300975 0.000000 -1.000000 0.000000 0.500000 0.220215 3 23 0.734728 22 0.146424 24 0.118848
2efb_kyj06_body_mesh1
23 0.604031 0.000000 172.300975 1.000000 0.000000 0.000000 0.500000 0.220215 3 23 0.734757 22 0.146408 24 0.118835
22 0.604035 0.000000 187.997104 1.000000 0.000000 0.000000 0.500000 0.240234 3 22 0.072271 23 0.573296 24 0.354433
23 0.000000 -0.602159 172.300975 0.000000 -1.000000 0.000000 0.500000 0.220215 3 23 0.734728 22 0.146424 24 0.118848
2efb_kyj06_body_mesh1
23 0.000000 -0.602159 172.300975 0.000000 -1.000000 0.000000 0.500000 0.220215 3 23 0.734728 22 0.146424 24 0.118848
22 0.604035 0.000000 187.997104 1.000000 0.000000 0.000000 0.500000 0.240234 3 22 0.072271 23 0.573296 24 0.354433
22 0.000000 -0.602159 187.997104 0.000000 -1.000000 0.000000 0.500000 0.240234 3 22 0.072272 23 0.573290 24 0.354439
2efb_kyj06_body_mesh1
22 0.604035 0.000000 187.997104 1.000000 0.000000 0.000000 0.500000 0.240234 3 22 0.072271 23 0.573296 24 0.354433
24 0.604040 0.000000 203.693281 1.000000 0.000000 0.000000 0.500000 0.260254 3 24 0.681472 23 0.302239 22 0.016289
22 0.000000 -0.602159 187.997104 0.000000 -1.000000 0.000000 0.500000 0.240234 3 22 0.072272 23 0.573290 24 0.354439
2efb_kyj06_body_mesh1
22 0.000000 -0.602159 187.997104 0.000000 -1.000000 0.000000 0.500000 0.240234 3 22 0.072272 23 0.573290 24 0.354439
24 0.604040 0.000000 203.693281 1.000000 0.000000 0.000000 0.500000 0.260254 3 24 0.681472 23 0.302239 22 0.016289
24 0.000000 -0.602297 203.693250 0.000000 -1.000000 0.000000 0.500000 0.260254 3 24 0.681463 23 0.302249 22 0.016288
2efb_kyj06_body_mesh1
24 0.604040 0.000000 203.693281 1.000000 0.000000 0.000000 0.500000 0.260254 3 24 0.681472 23 0.302239 22 0.016289
24 0.604045 0.000000 219.389446 1.000000 0.000000 0.000000 0.500000 0.280273 3 24 0.892577 23 0.100078 25 0.007345
24 0.000000 -0.602297 203.693250 0.000000 -1.000000 0.000000 0.500000 0.260254 3 24 0.681463 23 0.302249 22 0.016288
2efb_kyj06_body_mesh1
24 0.000000 -0.602297 203.693250 0.000000 -1.000000 0.000000 0.500000 0.260254 3 24 0.681463 23 0.302249 22 0.016288
24 0.604045 0.000000 219.389446 1.000000 0.000000 0.000000 0.500000 0.280273 3 24 0.892577 23 0.100078 25 0.007345
24 0.000000 -0.602228 219.389446 0.000000 -1.000000 0.000000 0.500000 0.280273 3 24 0.892556 23 0.100098 25 0.007346
2efb_kyj06_body_mesh1
24 0.604045 0.000000 219.389446 1.000000 0.000000 0.000000 0.500000 0.280273 3 24 0.892577 23 0.100078 25 0.007345
23 0.604049 0.000000 235.085588 1.000000 0.000000 0.000000 0.500000 0.300293 3 23 0.022636 24 0.945803 25 0.031560
24 0.000000 -0.602228 219.389446 0.000000 -1.000000 0.000000 0.500000 0.280273 3 24 0.892556 23 0.100098 25 0.007346
2efb_kyj06_body_mesh1
24 0.000000 -0.602228 219.389446 0.000000 -1.000000 0.000000 0.500000 0.280273 3 24 0.892556 23 0.100098 25 0.007346
23 0.604049 0.000000 235.085588 1.000000 0.000000 0.000000 0.500000 0.300293 3 23 0.022636 24 0.945803 25 0.031560
23 0.000000 -0.602297 235.085579 0.000000 -1.000000 0.000000 0.500000 0.300293 3 23 0.022687 24 0.945682 25 0.031631
2efb_kyj06_body_mesh1
23 0.604049 0.000000 235.085588 1.000000 0.000000 0.000000 0.500000 0.300293 3 23 0.022636 24 0.945803 25 0.031560
23 0.604054 0.000000 250.781743 1.000000 0.000000 0.000000 0.500000 0.320312 3 23 0.004262 24 0.859939 25 0.135799
23 0.000000 -0.602297 235.085579 0.000000 -1.000000 0.000000 0.500000 0.300293 3 23 0.022687 24 0.945682 25 0.031631
2efb_kyj06_body_mesh1
23 0.000000 -0.602297 235.085579 0.000000 -1.000000 0.000000 0.500000 0.300293 3 23 0.022687 24 0.945682 25 0.031631
23 0.604054 0.000000 250.781743 1.000000 0.000000 0.000000 0.500000 0.320312 3 23 0.004262 24 0.859939 25 0.135799
23 0.000000 -0.602091 250.781743 0.000000 -1.000000 0.000000 0.500000 0.320312 3 23 0.004261 24 0.859922 25 0.135817
2efb_kyj06_body_mesh1
23 0.604054 0.000000 250.781743 1.000000 0.000000 0.000000 0.500000 0.320312 3 23 0.004262 24 0.859939 25 0.135799
24 0.604059 0.000000 266.477894 1.000000 0.000000 0.000000 0.500000 0.340332 2 24 0.623120 25 0.376880
23 0.000000 -0.602091 250.781743 0.000000 -1.000000 0.000000 0.500000 0.320312 3 23 0.004261 24 0.859922 25 0.135817
2efb_kyj06_body_mesh1
23 0.000000 -0.602091 250.781743 0.000000 -1.000000 0.000000 0.500000 0.320312 3 23 0.004261 24 0.859922 25 0.135817
24 0.604059 0.000000 266.477894 1.000000 0.000000 0.000000 0.500000 0.340332 2 24 0.623120 25 0.376880
24 0.000000 -0.602159 266.477894 0.000000 -1.000000 0.000000 0.500000 0.340332 2 24 0.623113 25 0.376887
2efb_kyj06_body_mesh1
24 0.604059 0.000000 266.477894 1.000000 0.000000 0.000000 0.500000 0.340332 2 24 0.623120 25 0.376880
24 0.604064 0.000000 282.174058 1.000000 0.000000 0.000000 0.500000 0.360352 3 24 0.311959 25 0.687965 26 0.000075
24 0.000000 -0.602159 266.477894 0.000000 -1.000000 0.000000 0.500000 0.340332 2 24 0.623113 25 0.376887
2efb_kyj06_body_mesh1
24 0.000000 -0.602159 266.477894 0.000000 -1.000000 0.000000 0.500000 0.340332 2 24 0.623113 25 0.376887
24 0.604064 0.000000 282.174058 1.000000 0.000000 0.000000 0.500000 0.360352 3 24 0.311959 25 0.687965 26 0.000075
24 0.000000 -0.602228 282.174058 0.000000 -1.000000 0.000000 0.500000 0.360352 3 24 0.311969 25 0.687955 26 0.000075
2efb_kyj06_body_mesh1
24 0.604064 0.000000 282.174058 1.000000 0.000000 0.000000 0.500000 0.360352 3 24 0.311959 25 0.687965 26 0.000075
24 0.604068 0.000000 297.870178 1.000000 0.000000 0.000000 0.500000 0.380371 3 24 0.102355 25 0.890549 26 0.007096
24 0.000000 -0.602228 282.174058 0.000000 -1.000000 0.000000 0.500000 0.360352 3 24 0.311969 25 0.687955 26 0.000075
2efb_kyj06_body_mesh1
24 0.000000 -0.602228 282.174058 0.000000 -1.000000 0.000000 0.500000 0.360352 3 24 0.311969 25 0.687955 26 0.000075
24 0.604068 0.000000 297.870178 1.000000 0.000000 0.000000 0.500000 0.380371 3 24 0.102355 25 0.890549 26 0.007096
24 0.000000 -0.602297 297.870178 0.000000 -1.000000 0.000000 0.500000 0.380371 3 24 0.102375 25 0.890528 26 0.007097
2efb_kyj06_body_mesh1
24 0.604068 0.000000 297.870178 1.000000 0.000000 0.000000 0.500000 0.380371 3 24 0.102355 25 0.890549 26 0.007096
24 0.604073 0.000000 313.566275 1.000000 0.000000 0.000000 0.500000 0.400391 3 24 0.023052 25 0.946293 26 0.030654
24 0.000000 -0.602297 297.870178 0.000000 -1.000000 0.000000 0.500000 0.380371 3 24 0.102375 25 0.890528 26 0.007097
2efb_kyj06_body_mesh1
24 0.000000 -0.602297 297.870178 0.000000 -1.000000 0.000000 0.500000 0.380371 3 24 0.102375 25 0.890528 26 0.007097
24 0.604073 0.000000 313.566275 1.000000 0.000000 0.000000 0.500000 0.400391 3 24 0.023052 25 0.946293 26 0.030654
24 0.000000 -0.602297 313.566230 0.000000 -1.000000 0.000000 0.500000 0.400391 3 24 0.023113 25 0.946153 26 0.030735
2efb_kyj06_body_mesh1
24 0.604073 0.000000 313.566275 1.000000 0.000000 0.000000 0.500000 0.400391 3 24 0.023052 25 0.946293 26 0.030654
24 0.604078 0.000000 329.262416 1.000000 0.000000 0.000000 0.500000 0.420410 3 24 0.004451 25 0.862559 26 0.132990
24 0.000000 -0.602297 313.566230 0.000000 -1.000000 0.000000 0.500000 0.400391 3 24 0.023113 25 0.946153 26 0.030735
2efb_kyj06_body_mesh1
24 0.000000 -0.602297 313.566230 0.000000 -1.000000 0.000000 0.500000 0.400391 3 24 0.023113 25 0.946153 26 0.030735
24 0.604078 0.000000 329.262416 1.000000 0.000000 0.000000 0.500000 0.420410 3 24 0.004451 25 0.862559 26 0.132990
24 0.000000 -0.602297 329.262484 0.000000 -1.000000 0.000000 0.500000 0.420410 3 24 0.004451 25 0.862541 26 0.133008
2efb_kyj06_body_mesh1
24 0.604078 0.000000 329.262416 1.000000 0.000000 0.000000 0.500000 0.420410 3 24 0.004451 25 0.862559 26 0.132990
25 0.604082 0.000000 344.958648 1.000000 0.000000 0.000000 0.500000 0.440430 2 25 0.628259 26 0.371740
24 0.000000 -0.602297 329.262484 0.000000 -1.000000 0.000000 0.500000 0.420410 3 24 0.004451 25 0.862541 26 0.133008
2efb_kyj06_body_mesh1
24 0.000000 -0.602297 329.262484 0.000000 -1.000000 0.000000 0.500000 0.420410 3 24 0.004451 25 0.862541 26 0.133008
25 0.604082 0.000000 344.958648 1.000000 0.000000 0.000000 0.500000 0.440430 2 25 0.628259 26 0.371740
25 0.000000 -0.602159 344.958716 0.000000 -1.000000 0.000000 0.500000 0.440430 2 25 0.628252 26 0.371748
2efb_kyj06_body_mesh1
25 0.604082 0.000000 344.958648 1.000000 0.000000 0.000000 0.500000 0.440430 2 25 0.628259 26 0.371740
25 0.604087 0.000000 360.654768 1.000000 0.000000 0.000000 0.500000 0.460449 3 25 0.316740 26 0.683199 27 0.000061
25 0.000000 -0.602159 344.958716 0.000000 -1.000000 0.000000 0.500000 0.440430 2 25 0.628252 26 0.371748
2efb_kyj06_body_mesh1
25 0.000000 -0.602159 344.958716 0.000000 -1.000000 0.000000 0.500000 0.440430 2 25 0.628252 26 0.371748
25 0.604087 0.000000 360.654768 1.000000 0.000000 0.000000 0.500000 0.460449 3 25 0.316740 26 0.683199 27 0.000061
25 0.000000 -0.602228 360.654768 0.000000 -1.000000 0.000000 0.500000 0.460449 3 25 0.316750 26 0.683189 27 0.000061
2efb_kyj06_body_mesh1
25 0.604087 0.000000 360.654768 1.000000 0.000000 0.000000 0.500000 0.460449 3 25 0.316740 26 0.683199 27 0.000061
25 0.604092 0.000000 376.350977 1.000000 0.000000 0.000000 0.500000 0.480469 3 25 0.104672 26 0.888476 27 0.006852
25 0.000000 -0.602228 360.654768 0.000000 -1.000000 0.000000 0.500000 0.460449 3 25 0.316750 26 0.683189 27 0.000061
2efb_kyj06_body_mesh1
25 0.000000 -0.602228 360.654768 0.000000 -1.000000 0.000000 0.500000 0.460449 3 25 0.316750 26 0.683189 27 0.000061
25 0.604092 0.000000 376.350977 1.000000 0.000000 0.000000 0.500000 0.480469 3 25 0.104672 26 0.888476 27 0.006852
25 0.000000 -0.602228 376.350999 0.000000 -1.000000 0.000000 0.500000 0.480469 3 25 0.104691 26 0.888457 27 0.006852
2efb_kyj06_body_mesh1
25 0.604092 0.000000 376.350977 1.000000 0.000000 0.000000 0.500000 0.480469 3 25 0.104672 26 0.888476 27 0.006852
25 0.604096 0.000000 392.047096 1.000000 0.000000 0.000000 0.500000 0.500000 3 25 0.023471 26 0.946760 27 0.029769
25 0.000000 -0.602228 376.350999 0.000000 -1.000000 0.000000 0.500000 0.480469 3 25 0.104691 26 0.888457 27 0.006852
2efb_kyj06_body_mesh1
25 0.000000 -0.602228 376.350999 0.000000 -1.000000 0.000000 0.500000 0.480469 3 25 0.104691 26 0.888457 27 0.006852
25 0.604096 0.000000 392.047096 1.000000 0.000000 0.000000 0.500000 0.500000 3 25 0.023471 26 0.946760 27 0.029769
25 0.000000 -0.602297 392.047096 0.000000 -1.000000 0.000000 0.500000 0.500000 3 25 0.023544 26 0.946594 27 0.029862
2efb_kyj06_body_mesh1
25 0.604096 0.000000 392.047096 1.000000 0.000000 0.000000 0.500000 0.500000 3 25 0.023471 26 0.946760 27 0.029769
25 0.604101 0.000000 407.743261 1.000000 0.000000 0.000000 0.500000 0.520020 3 25 0.004645 26 0.865131 27 0.130224
25 0.000000 -0.602297 392.047096 0.000000 -1.000000 0.000000 0.500000 0.500000 3 25 0.023544 26 0.946594 27 0.029862
2efb_kyj06_body_mesh1
25 0.000000 -0.602297 392.047096 0.000000 -1.000000 0.000000 0.500000 0.500000 3 25 0.023544 26 0.946594 27 0.029862
25 0.604101 0.000000 407.743261 1.000000 0.000000 0.000000 0.500000 0.520020 3 25 0.004645 26 0.865131 27 0.130224
25 0.000000 -0.602091 407.743261 0.000000 -1.000000 0.000000 0.500000 0.520020 3 25 0.004645 26 0.865113 27 0.130242
2efb_kyj06_body_mesh1
25 0.604101 0.000000 407.743261 1.000000 0.000000 0.000000 0.500000 0.520020 3 25 0.004645 26 0.865131 27 0.130224
25 0.604106 0.000000 423.439403 1.000000 0.000000 0.000000 0.500000 0.540039 3 25 0.000001 26 0.633372 27 0.366626
25 0.000000 -0.602091 407.743261 0.000000 -1.000000 0.000000 0.500000 0.520020 3 25 0.004645 26 0.865113 27 0.130242
2efb_kyj06_body_mesh1
25 0.000000 -0.602091 407.743261 0.000000 -1.000000 0.000000 0.500000 0.520020 3 25 0.004645 26 0.865113 27 0.130242
25 0.604106 0.000000 423.439403 1.000000 0.000000 0.000000 0.500000 0.540039 3 25 0.000001 26 0.633372 27 0.366626
25 0.000000 -0.602159 423.439403 0.000000 -1.000000 0.000000 0.500000 0.540039 3 25 0.000001 26 0.633365 27 0.366634
2efb_kyj06_body_mesh1
25 0.604106 0.000000 423.439403 1.000000 0.000000 0.000000 0.500000 0.540039 3 25 0.000001 26 0.633372 27 0.366626
26 0.604111 0.000000 439.135522 1.000000 0.000000 0.000000 0.500000 0.560059 3 26 0.321554 27 0.678397 28 0.000049
25 0.000000 -0.602159 423.439403 0.000000 -1.000000 0.000000 0.500000 0.540039 3 25 0.000001 26 0.633365 27 0.366634
2efb_kyj06_body_mesh1
25 0.000000 -0.602159 423.439403 0.000000 -1.000000 0.000000 0.500000 0.540039 3 25 0.000001 26 0.633365 27 0.366634
26 0.604111 0.000000 439.135522 1.000000 0.000000 0.000000 0.500000 0.560059 3 26 0.321554 27 0.678397 28 0.000049
26 0.000000 -0.602159 439.135567 0.000000 -1.000000 0.000000 0.500000 0.560059 3 26 0.321562 27 0.678389 28 0.000049
2efb_kyj06_body_mesh1
26 0.604111 0.000000 439.135522 1.000000 0.000000 0.000000 0.500000 0.560059 3 26 0.321554 27 0.678397 28 0.000049
26 0.604115 0.000000 454.831664 1.000000 0.000000 0.000000 0.500000 0.580078 3 26 0.107027 27 0.886361 28 0.006612
26 0.000000 -0.602159 439.135567 0.000000 -1.000000 0.000000 0.500000 0.560059 3 26 0.321562 27 0.678389 28 0.000049
2efb_kyj06_body_mesh1
26 0.000000 -0.602159 439.135567 0.000000 -1.000000 0.000000 0.500000 0.560059 3 26 0.321562 27 0.678389 28 0.000049
26 0.604115 0.000000 454.831664 1.000000 0.000000 0.000000 0.500000 0.580078 3 26 0.107027 27 0.886361 28 0.006612
26 0.000000 -0.602228 454.831664 0.000000 -1.000000 0.000000 0.500000 0.580078 3 26 0.107047 27 0.886340 28 0.006612
2efb_kyj06_body_mesh1
26 0.604115 0.000000 454.831664 1.000000 0.000000 0.000000 0.500000 0.580078 3 26 0.107027 27 0.886361 28 0.006612
26 0.604120 0.000000 470.527828 1.000000 0.000000 0.000000 0.500000 0.600098 3 26 0.023892 27 0.947203 28 0.028905
26 0.000000 -0.602228 454.831664 0.000000 -1.000000 0.000000 0.500000 0.580078 3 26 0.107047 27 0.886340 28 0.006612
2efb_kyj06_body_mesh1
26 0.000000 -0.602228 454.831664 0.000000 -1.000000 0.000000 0.500000 0.580078 3 26 0.107047 27 0.886340 28 0.006612
26 0.604120 0.000000 470.527828 1.000000 0.000000 0.000000 0.500000 0.600098 3 26 0.023892 27 0.947203 28 0.028905
26 0.000000 -0.602159 470.527851 0.000000 -1.000000 0.000000 0.500000 0.600098 3 26 0.023984 27 0.947001 28 0.029016
2efb_kyj06_body_mesh1
26 0.604120 0.000000 470.527828 1.000000 0.000000 0.000000 0.500000 0.600098 3 26 0.023892 27 0.947203 28 0.028905
26 0.604125 0.000000 486.223948 1.000000 0.000000 0.000000 0.500000 0.620117 3 26 0.004843 27 0.867657 28 0.127499
26 0.000000 -0.602159 470.527851 0.000000 -1.000000 0.000000 0.500000 0.600098 3 26 0.023984 27 0.947001 28 0.029016
2efb_kyj06_body_mesh1
26 0.000000 -0.602159 470.527851 0.000000 -1.000000 0.000000 0.500000 0.600098 3 26 0.023984 27 0.947001 28 0.029016
26 0.604125 0.000000 486.223948 1.000000 0.000000 0.000000 0.500000 0.620117 3 26 0.004843 27 0.867657 28 0.127499
26 0.000000 -0.602228 486.223993 0.000000 -1.000000 0.000000 0.500000 0.620117 3 26 0.004843 27 0.867639 28 0.127518
2efb_kyj06_body_mesh1
26 0.604125 0.000000 486.223948 1.000000 0.000000 0.000000 0.500000 0.620117 3 26 0.004843 27 0.867657 28 0.127499
26 0.604130 0.000000 501.920157 1.000000 0.000000 0.000000 0.500000 0.640137 3 26 0.000003 27 0.638460 28 0.361537
26 0.000000 -0.602228 486.223993 0.000000 -1.000000 0.000000 0.500000 0.620117 3 26 0.004843 27 0.867639 28 0.127518
2efb_kyj06_body_mesh1
26 0.000000 -0.602228 486.223993 0.000000 -1.000000 0.000000 0.500000 0.620117 3 26 0.004843 27 0.867639 28 0.127518
26 0.604130 0.000000 501.920157 1.000000 0.000000 0.000000 0.500000 0.640137 3 26 0.000003 27 0.638460 28 0.361537
26 0.000000 -0.602365 501.920224 0.000000 -1.000000 0.000000 0.500000 0.640137 3 26 0.000003 27 0.638452 28 0.361546
2efb_kyj06_body_mesh1
26 0.604130 0.000000 501.920157 1.000000 0.000000 0.000000 0.500000 0.640137 3 26 0.000003 27 0.638460 28 0.361537
27 0.604134 0.000000 517.616389 1.000000 0.000000 0.000000 0.500000 0.660156 3 27 0.326398 28 0.673563 29 0.000039
26 0.000000 -0.602365 501.920224 0.000000 -1.000000 0.000000 0.500000 0.640137 3 26 0.000003 27 0.638452 28 0.361546
2efb_kyj06_body_mesh1
26 0.000000 -0.602365 501.920224 0.000000 -1.000000 0.000000 0.500000 0.640137 3 26 0.000003 27 0.638452 28 0.361546
27 0.604134 0.000000 517.616389 1.000000 0.000000 0.000000 0.500000 0.660156 3 27 0.326398 28 0.673563 29 0.000039
27 0.000000 -0.602297 517.616209 0.000000 -1.000000 0.000000 0.500000 0.660156 3 27 0.326409 28 0.673553 29 0.000039
2efb_kyj06_body_mesh1
27 0.604134 0.000000 517.616389 1.000000 0.000000 0.000000 0.500000 0.660156 3 27 0.326398 28 0.673563 29 0.000039
27 0.604139 0.000000 533.312441 1.000000 0.000000 0.000000 0.500000 0.680176 3 27 0.109422 28 0.884201 29 0.006377
27 0.000000 -0.602297 517.616209 0.000000 -1.000000 0.000000 0.500000 0.660156 3 27 0.326409 28 0.673553 29 0.000039
2efb_kyj06_body_mesh1
27 0.000000 -0.602297 517.616209 0.000000 -1.000000 0.000000 0.500000 0.660156 3 27 0.326409 28 0.673553 29 0.000039
27 0.604139 0.000000 533.312441 1.000000 0.000000 0.000000 0.500000 0.680176 3 27 0.109422 28 0.884201 29 0.006377
27 0.000000 -0.602091 533.312396 0.000000 -1.000000 0.000000 0.500000 0.680176 3 27 0.109442 28 0.884181 29 0.006377
2efb_kyj06_body_mesh1
27 0.604139 0.000000 533.312441 1.000000 0.000000 0.000000 0.500000 0.680176 3 27 0.109422 28 0.884201 29 0.006377
27 0.604144 0.000000 549.008672 1.000000 0.000000 0.000000 0.500000 0.700195 3 27 0.024316 28 0.947624 29 0.028060
27 0.000000 -0.602091 533.312396 0.000000 -1.000000 0.000000 0.500000 0.680176 3 27 0.109442 28 0.884181 29 0.006377
2efb_kyj06_body_mesh1
27 0.000000 -0.602091 533.312396 0.000000 -1.000000 0.000000 0.500000 0.680176 3 27 0.109442 28 0.884181 29 0.006377
27 0.604144 0.000000 549.008672 1.000000 0.000000 0.000000 0.500000 0.700195 3 27 0.024316 28 0.947624 29 0.028060
27 0.000000 -0.602297 549.008627 0.000000 -1.000000 0.000000 0.500000 0.700195 3 27 0.024435 28 0.947367 29 0.028198
2efb_kyj06_body_mesh1
27 0.604144 0.000000 549.008672 1.000000 0.000000 0.000000 0.500000 0.700195 3 27 0.024316 28 0.947624 29 0.028060
27 0.604148 0.000000 564.704792 1.000000 0.000000 0.000000 0.500000 0.720215 3 27 0.005046 28 0.870136 29 0.124818
27 0.000000 -0.602297 549.008627 0.000000 -1.000000 0.000000 0.500000 0.700195 3 27 0.024435 28 0.947367 29 0.028198
2efb_kyj06_body_mesh1
27 0.000000 -0.602297 549.008627 0.000000 -1.000000 0.000000 0.500000 0.700195 3 27 0.024435 28 0.947367 29 0.028198
27 0.604148 0.000000 564.704792 1.000000 0.000000 0.000000 0.500000 0.720215 3 27 0.005046 28 0.870136 29 0.124818
27 0.000000 -0.602365 564.704724 0.000000 -1.000000 0.000000 0.500000 0.720215 3 27 0.005046 28 0.870117 29 0.124836
2efb_kyj06_body_mesh1
27 0.604148 0.000000 564.704792 1.000000 0.000000 0.000000 0.500000 0.720215 3 27 0.005046 28 0.870136 29 0.124818
27 0.604153 0.000000 580.400866 1.000000 0.000000 0.000000 0.500000 0.740234 3 27 0.000005 28 0.643518 29 0.356478
27 0.000000 -0.602365 564.704724 0.000000 -1.000000 0.000000 0.500000 0.720215 3 27 0.005046 28 0.870117 29 0.124836
2efb_kyj06_body_mesh1
27 0.000000 -0.602365 564.704724 0.000000 -1.000000 0.000000 0.500000 0.720215 3 27 0.005046 28 0.870117 29 0.124836
27 0.604153 0.000000 580.400866 1.000000 0.000000 0.000000 0.500000 0.740234 3 27 0.000005 28 0.643518 29 0.356478
27 0.000000 -0.602297 580.400956 0.000000 -1.000000 0.000000 0.500000 0.740234 3 27 0.000005 28 0.643510 29 0.356485
2efb_kyj06_body_mesh1
27 0.604153 0.000000 580.400866 1.000000 0.000000 0.000000 0.500000 0.740234 3 27 0.000005 28 0.643518 29 0.356478
28 0.604158 0.000000 596.097053 1.000000 0.000000 0.000000 0.500000 0.760010 3 28 0.331278 29 0.668692 30 0.000030
27 0.000000 -0.602297 580.400956 0.000000 -1.000000 0.000000 0.500000 0.740234 3 27 0.000005 28 0.643510 29 0.356485
2efb_kyj06_body_mesh1
27 0.000000 -0.602297 580.400956 0.000000 -1.000000 0.000000 0.500000 0.740234 3 27 0.000005 28 0.643510 29 0.356485
28 0.604158 0.000000 596.097053 1.000000 0.000000 0.000000 0.500000 0.760010 3 28 0.331278 29 0.668692 30 0.000030
28 0.000000 -0.602297 596.097121 0.000000 -1.000000 0.000000 0.500000 0.760010 3 28 0.331287 29 0.668683 30 0.000030
2efb_kyj06_body_mesh1
28 0.604158 0.000000 596.097053 1.000000 0.000000 0.000000 0.500000 0.760010 3 28 0.331278 29 0.668692 30 0.000030
28 0.604163 0.000000 611.793150 1.000000 0.000000 0.000000 0.500000 0.780029 3 28 0.111858 29 0.881996 30 0.006146
28 0.000000 -0.602297 596.097121 0.000000 -1.000000 0.000000 0.500000 0.760010 3 28 0.331287 29 0.668683 30 0.000030
2efb_kyj06_body_mesh1
28 0.000000 -0.602297 596.097121 0.000000 -1.000000 0.000000 0.500000 0.760010 3 28 0.331287 29 0.668683 30 0.000030
28 0.604163 0.000000 611.793150 1.000000 0.000000 0.000000 0.500000 0.780029 3 28 0.111858 29 0.881996 30 0.006146
28 0.000000 -0.602297 611.793150 0.000000 -1.000000 0.000000 0.500000 0.780029 3 28 0.111876 29 0.881977 30 0.006146
2efb_kyj06_body_mesh1
28 0.604163 0.000000 611.793150 1.000000 0.000000 0.000000 0.500000 0.780029 3 28 0.111858 29 0.881996 30 0.006146
28 0.604167 0.000000 627.489382 1.000000 0.000000 0.000000 0.500000 0.800049 3 28 0.024742 29 0.948023 30 0.027235
28 0.000000 -0.602297 611.793150 0.000000 -1.000000 0.000000 0.500000 0.780029 3 28 0.111876 29 0.881977 30 0.006146
2efb_kyj06_body_mesh1
28 0.000000 -0.602297 611.793150 0.000000 -1.000000 0.000000 0.500000 0.780029 3 28 0.111876 29 0.881977 30 0.006146
28 0.604167 0.000000 627.489382 1.000000 0.000000 0.000000 0.500000 0.800049 3 28 0.024742 29 0.948023 30 0.027235
28 0.000000 -0.602091 627.489449 0.000000 -1.000000 0.000000 0.500000 0.800049 3 28 0.024907 29 0.947677 30 0.027417
2efb_kyj06_body_mesh1
28 0.604167 0.000000 627.489382 1.000000 0.000000 0.000000 0.500000 0.800049 3 28 0.024742 29 0.948023 30 0.027235
29 0.604172 0.000000 643.185479 1.000000 0.000000 0.000000 0.500000 0.820068 3 29 0.872569 30 0.122177 28 0.005254
28 0.000000 -0.602091 627.489449 0.000000 -1.000000 0.000000 0.500000 0.800049 3 28 0.024907 29 0.947677 30 0.027417
2efb_kyj06_body_mesh1
28 0.000000 -0.602091 627.489449 0.000000 -1.000000 0.000000 0.500000 0.800049 3 28 0.024907 29 0.947677 30 0.027417
29 0.604172 0.000000 643.185479 1.000000 0.000000 0.000000 0.500000 0.820068 3 29 0.872569 30 0.122177 28 0.005254
29 0.000000 -0.602159 643.185479 0.000000 -1.000000 0.000000 0.500000 0.820068 3 29 0.872550 30 0.122196 28 0.005254
2efb_kyj06_body_mesh1
29 0.604172 0.000000 643.185479 1.000000 0.000000 0.000000 0.500000 0.820068 3 29 0.872569 30 0.122177 28 0.005254
29 0.604177 0.000000 658.881576 1.000000 0.000000 0.000000 0.500000 0.840088 3 29 0.641514 30 0.347631 31 0.010855
29 0.000000 -0.602159 643.185479 0.000000 -1.000000 0.000000 0.500000 0.820068 3 29 0.872550 30 0.122196 28 0.005254
2efb_kyj06_body_mesh1
29 0.000000 -0.602159 643.185479 0.000000 -1.000000 0.000000 0.500000 0.820068 3 29 0.872550 30 0.122196 28 0.005254
29 0.604177 0.000000 658.881576 1.000000 0.000000 0.000000 0.500000 0.840088 3 29 0.641514 30 0.347631 31 0.010855
29 0.000000 -0.602297 658.881643 0.000000 -1.000000 0.000000 0.500000 0.840088 3 29 0.641505 30 0.347641 31 0.010854
2efb_kyj06_body_mesh1
29 0.604177 0.000000 658.881576 1.000000 0.000000 0.000000 0.500000 0.840088 3 29 0.641514 30 0.347631 31 0.010855
30 0.604181 0.000000 674.577875 1.000000 0.000000 0.000000 0.500000 0.860107 3 30 0.626642 29 0.317373 31 0.055984
29 0.000000 -0.602297 658.881643 0.000000 -1.000000 0.000000 0.500000 0.840088 3 29 0.641505 30 0.347641 31 0.010854
2efb_kyj06_body_mesh1
29 0.000000 -0.602297 658.881643 0.000000 -1.000000 0.000000 0.500000 0.840088 3 29 0.641505 30 0.347641 31 0.010854
30 0.604181 0.000000 674.577875 1.000000 0.000000 0.000000 0.500000 0.860107 3 30 0.626642 29 0.317373 31 0.055984
30 0.000000 -0.602228 674.577942 0.000000 -1.000000 0.000000 0.500000 0.860107 3 30 0.626634 29 0.317381 31 0.055985
2efb_kyj06_body_mesh1
30 0.604181 0.000000 674.577875 1.000000 0.000000 0.000000 0.500000 0.860107 3 30 0.626642 29 0.317373 31 0.055984
30 0.604186 0.000000 690.274039 1.000000 0.000000 0.000000 0.500000 0.880005 3 30 0.778610 31 0.120203 29 0.101187
30 0.000000 -0.602228 674.577942 0.000000 -1.000000 0.000000 0.500000 0.860107 3 30 0.626634 29 0.317381 31 0.055985
2efb_kyj06_body_mesh1
30 0.000000 -0.602228 674.577942 0.000000 -1.000000 0.000000 0.500000 0.860107 3 30 0.626634 29 0.317381 31 0.055985
30 0.604186 0.000000 690.274039 1.000000 0.000000 0.000000 0.500000 0.880005 3 30 0.778610 31 0.120203 29 0.101187
30 0.000000 -0.602228 690.273904 0.000000 -1.000000 0.000000 0.500000 0.880005 3 30 0.778577 31 0.120220 29 0.101203
2efb_kyj06_body_mesh1
30 0.604186 0.000000 690.274039 1.000000 0.000000 0.000000 0.500000 0.880005 3 30 0.778610 31 0.120203 29 0.101187
30 0.604191 0.000000 705.970069 1.000000 0.000000 0.000000 0.500000 0.900024 3 30 0.801205 31 0.176468 32 0.022327
30 0.000000 -0.602228 690.273904 0.000000 -1.000000 0.000000 0.500000 0.880005 3 30 0.778577 31 0.120220 29 0.101203
2efb_kyj06_body_mesh1
30 0.000000 -0.602228 690.273904 0.000000 -1.000000 0.000000 0.500000 0.880005 3 30 0.778577 31 0.120220 29 0.101203
30 0.604191 0.000000 705.970069 1.000000 0.000000 0.000000 0.500000 0.900024 3 30 0.801205 31 0.176468 32 0.022327
30 0.000000 -0.602159 705.970069 0.000000 -1.000000 0.000000 0.500000 0.900024 3 30 0.799579 31 0.177912 32 0.022510
2efb_kyj06_body_mesh1
30 0.604191 0.000000 705.970069 1.000000 0.000000 0.000000 0.500000 0.900024 3 30 0.801205 31 0.176468 32 0.022327
30 0.604196 0.000000 721.666233 1.000000 0.000000 0.000000 0.500000 0.920044 3 30 0.560765 31 0.362597 32 0.076637
30 0.000000 -0.602159 705.970069 0.000000 -1.000000 0.000000 0.500000 0.900024 3 30 0.799579 31 0.177912 32 0.022510
2efb_kyj06_body_mesh1
30 0.000000 -0.602159 705.970069 0.000000 -1.000000 0.000000 0.500000 0.900024 3 30 0.799579 31 0.177912 32 0.022510
30 0.604196 0.000000 721.666233 1.000000 0.000000 0.000000 0.500000 0.920044 3 30 0.560765 31 0.362597 32 0.076637
30 0.000000 -0.602159 721.666233 0.000000 -1.000000 0.000000 0.500000 0.920044 3 30 0.560732 31 0.362622 32 0.076646
2efb_kyj06_body_mesh1
30 0.604196 0.000000 721.666233 1.000000 0.000000 0.000000 0.500000 0.920044 3 30 0.560765 31 0.362597 32 0.076637
31 0.604200 0.000000 737.362465 1.000000 0.000000 0.000000 0.500000 0.940002 3 31 0.546866 30 0.296148 32 0.156986
30 0.000000 -0.602159 721.666233 0.000000 -1.000000 0.000000 0.500000 0.920044 3 30 0.560732 31 0.362622 32 0.076646
2efb_kyj06_body_mesh1
30 0.000000 -0.602159 721.666233 0.000000 -1.000000 0.000000 0.500000 0.920044 3 30 0.560732 31 0.362622 32 0.076646
31 0.604200 0.000000 737.362465 1.000000 0.000000 0.000000 0.500000 0.940002 3 31 0.546866 30 0.296148 32 0.156986
31 0.000000 -0.602297 737.362330 0.000000 -1.000000 0.000000 0.500000 0.940002 3 31 0.546814 30 0.296179 32 0.157007
2efb_kyj06_body_mesh1
31 0.604200 0.000000 737.362465 1.000000 0.000000 0.000000 0.500000 0.940002 3 31 0.546866 30 0.296148 32 0.156986
30 0.604205 0.000000 753.058562 1.000000 0.000000 0.000000 0.500000 0.960022 3 30 0.128771 31 0.622522 32 0.248706
31 0.000000 -0.602297 737.362330 0.000000 -1.000000 0.000000 0.500000 0.940002 3 31 0.546814 30 0.296179 32 0.157007
2efb_kyj06_body_mesh1
31 0.000000 -0.602297 737.362330 0.000000 -1.000000 0.000000 0.500000 0.940002 3 31 0.546814 30 0.296179 32 0.157007
30 0.604205 0.000000 753.058562 1.000000 0.000000 0.000000 0.500000 0.960022 3 30 0.128771 31 0.622522 32 0.248706
30 0.000000 -0.602297 753.058562 0.000000 -1.000000 0.000000 0.500000 0.960022 3 30 0.128923 31 0.622087 32 0.248990
2efb_kyj06_body_mesh1
30 0.604205 0.000000 753.058562 1.000000 0.000000 0.000000 0.500000 0.960022 3 30 0.128771 31 0.622522 32 0.248706
30 0.604210 0.000000 768.754794 1.000000 0.000000 0.000000 0.500000 0.980011 3 30 0.064600 31 0.450288 32 0.485112
30 0.000000 -0.602297 753.058562 0.000000 -1.000000 0.000000 0.500000 0.960022 3 30 0.128923 31 0.622087 32 0.248990
2efb_kyj06_body_mesh1
30 0.000000 -0.602297 753.058562 0.000000 -1.000000 0.000000 0.500000 0.960022 3 30 0.128923 31 0.622087 32 0.248990
30 0.604210 0.000000 768.754794 1.000000 0.000000 0.000000 0.500000 0.980011 3 30 0.064600 31 0.450288 32 0.485112
30 0.000000 -0.602297 768.754794 0.000000 -1.000000 0.000000 0.500000 0.980011 3 30 0.064610 31 0.450293 32 0.485098
2efb_kyj06_body_mesh1
30 0.604210 0.000000 768.754794 1.000000 0.000000 0.000000 0.500000 0.980011 3 30 0.064600 31 0.450288 32 0.485112
30 0.604215 0.000000 784.450890 0.000000 0.000000 1.000000 0.500000 1.000000 3 30 0.019698 31 0.250350 32 0.729952
30 0.000000 -0.602297 768.754794 0.000000 -1.000000 0.000000 0.500000 0.980011 3 30 0.064610 31 0.450293 32 0.485098
2efb_kyj06_body_mesh1
30 0.000000 -0.602297 768.754794 0.000000 -1.000000 0.000000 0.500000 0.980011 3 30 0.064610 31 0.450293 32 0.485098
30 0.604215 0.000000 784.450890 0.000000 0.000000 1.000000 0.500000 1.000000 3 30 0.019698 31 0.250350 32 0.729952
30 0.000000 -0.602159 784.450890 0.000000 0.000000 1.000000 0.500000 1.000000 3 30 0.019923 31 0.253218 32 0.726859
2efb_kyj06_body_mesh1
19 -0.603974 0.000000 15.339451 -1.000000 0.000000 0.000000 0.500000 0.020020 3 19 0.600523 20 0.337166 21 0.062311
20 -0.603970 0.000000 31.035606 -1.000000 0.000000 0.000000 0.500000 0.040039 3 20 0.511179 19 0.359391 21 0.129430
19 0.000000 0.605799 15.339455 0.000000 1.000000 0.000000 0.500000 0.020020 3 19 0.600583 20 0.337109 21 0.062308
2efb_kyj06_body_mesh1
20 -0.603970 0.000000 31.035606 -1.000000 0.000000 0.000000 0.500000 0.040039 3 20 0.511179 19 0.359391 21 0.129430
20 0.000000 0.605799 31.035606 0.000000 1.000000 0.000000 0.500000 0.040039 3 20 0.510951 19 0.359576 21 0.129474
19 0.000000 0.605799 15.339455 0.000000 1.000000 0.000000 0.500000 0.020020 3 19 0.600583 20 0.337109 21 0.062308
2efb_kyj06_body_mesh1
20 -0.603970 0.000000 31.035606 -1.000000 0.000000 0.000000 0.500000 0.040039 3 20 0.511179 19 0.359391 21 0.129430
20 -0.603965 0.000000 46.731750 -1.000000 0.000000 0.000000 0.500000 0.060059 3 20 0.494900 21 0.270590 19 0.234510
20 0.000000 0.605799 31.035606 0.000000 1.000000 0.000000 0.500000 0.040039 3 20 0.510951 19 0.359576 21 0.129474
2efb_kyj06_body_mesh1
20 -0.603965 0.000000 46.731750 -1.000000 0.000000 0.000000 0.500000 0.060059 3 20 0.494900 21 0.270590 19 0.234510
20 0.000000 0.605867 46.731764 0.000000 1.000000 0.000000 0.500000 0.060059 3 20 0.494800 21 0.270615 19 0.234584
20 0.000000 0.605799 31.035606 0.000000 1.000000 0.000000 0.500000 0.040039 3 20 0.510951 19 0.359576 21 0.129474
2efb_kyj06_body_mesh1
20 -0.603965 0.000000 46.731750 -1.000000 0.000000 0.000000 0.500000 0.060059 3 20 0.494900 21 0.270590 19 0.234510
21 -0.603960 0.000000 62.427910 -1.000000 0.000000 0.000000 0.500000 0.080078 3 21 0.518478 20 0.342822 19 0.138700
20 0.000000 0.605867 46.731764 0.000000 1.000000 0.000000 0.500000 0.060059 3 20 0.494800 21 0.270615 19 0.234584
2efb_kyj06_body_mesh1
21 -0.603960 0.000000 62.427910 -1.000000 0.000000 0.000000 0.500000 0.080078 3 21 0.518478 20 0.342822 19 0.138700
21 0.000000 0.605799 62.427910 0.000000 1.000000 0.000000 0.500000 0.080078 3 21 0.518417 20 0.342841 19 0.138742
20 0.000000 0.605867 46.731764 0.000000 1.000000 0.000000 0.500000 0.060059 3 20 0.494800 21 0.270615 19 0.234584
2efb_kyj06_body_mesh1
21 -0.603960 0.000000 62.427910 -1.000000 0.000000 0.000000 0.500000 0.080078 3 21 0.518478 20 0.342822 19 0.138700
21 -0.603955 0.000000 78.124057 -1.000000 0.000000 0.000000 0.500000 0.100098 3 21 0.629793 22 0.203265 20 0.166942
21 0.000000 0.605799 62.427910 0.000000 1.000000 0.000000 0.500000 0.080078 3 21 0.518417 20 0.342841 19 0.138742
2efb_kyj06_body_mesh1
21 -0.603955 0.000000 78.124057 -1.000000 0.000000 0.000000 0.500000 0.100098 3 21 0.629793 22 0.203265 20 0.166942
21 0.000000 0.605867 78.124057 0.000000 1.000000 0.000000 0.500000 0.100098 3 21 0.629359 22 0.203503 20 0.167138
21 0.000000 0.605799 62.427910 0.000000 1.000000 0.000000 0.500000 0.080078 3 21 0.518417 20 0.342841 19 0.138742
2efb_kyj06_body_mesh1
21 -0.603955 0.000000 78.124057 -1.000000 0.000000 0.000000 0.500000 0.100098 3 21 0.629793 22 0.203265 20 0.166942
21 -0.603951 0.000000 93.820205 -1.000000 0.000000 0.000000 0.500000 0.120117 3 21 0.476134 22 0.429561 20 0.094306
21 0.000000 0.605867 78.124057 0.000000 1.000000 0.000000 0.500000 0.100098 3 21 0.629359 22 0.203503 20 0.167138
2efb_kyj06_body_mesh1
21 -0.603951 0.000000 93.820205 -1.000000 0.000000 0.000000 0.500000 0.120117 3 21 0.476134 22 0.429561 20 0.094306
21 0.000000 0.605867 93.820212 0.000000 1.000000 0.000000 0.500000 0.120117 3 21 0.476119 22 0.429564 20 0.094317
21 0.000000 0.605867 78.124057 0.000000 1.000000 0.000000 0.500000 0.100098 3 21 0.629359 22 0.203503 20 0.167138
2efb_kyj06_body_mesh1
21 -0.603951 0.000000 93.820205 -1.000000 0.000000 0.000000 0.500000 0.120117 3 21 0.476134 22 0.429561 20 0.094306
22 -0.603946 0.000000 109.516376 -1.000000 0.000000 0.000000 0.500000 0.140137 3 22 0.605677 21 0.241629 23 0.152695
21 0.000000 0.605867 93.820212 0.000000 1.000000 0.000000 0.500000 0.120117 3 21 0.476119 22 0.429564 20 0.094317
2efb_kyj06_body_mesh1
22 -0.603946 0.000000 109.516376 -1.000000 0.000000 0.000000 0.500000 0.140137 3 22 0.605677 21 0.241629 23 0.152695
22 0.000000 0.605730 109.516367 0.000000 1.000000 0.000000 0.500000 0.140137 3 22 0.605504 21 0.241732 23 0.152764
21 0.000000 0.605867 93.820212 0.000000 1.000000 0.000000 0.500000 0.120117 3 21 0.476119 22 0.429564 20 0.094317
2efb_kyj06_body_mesh1
22 -0.603946 0.000000 109.516376 -1.000000 0.000000 0.000000 0.500000 0.140137 3 22 0.605677 21 0.241629 23 0.152695
22 -0.603941 0.000000 125.212516 -1.000000 0.000000 0.000000 0.500000 0.160156 3 22 0.564828 23 0.303515 21 0.131656
22 0.000000 0.605730 109.516367 0.000000 1.000000 0.000000 0.500000 0.140137 3 22 0.605504 21 0.241732 23 0.152764
2efb_kyj06_body_mesh1
22 -0.603941 0.000000 125.212516 -1.000000 0.000000 0.000000 0.500000 0.160156 3 22 0.564828 23 0.303515 21 0.131656
22 0.000000 0.605799 125.212532 0.000000 1.000000 0.000000 0.500000 0.160156 3 22 0.564750 23 0.303566 21 0.131685
22 0.000000 0.605730 109.516367 0.000000 1.000000 0.000000 0.500000 0.140137 3 22 0.605504 21 0.241732 23 0.152764
2efb_kyj06_body_mesh1
22 -0.603941 0.000000 125.212516 -1.000000 0.000000 0.000000 0.500000 0.160156 3 22 0.564828 23 0.303515 21 0.131656
23 -0.603937 0.000000 140.908705 -1.000000 0.000000 0.000000 0.500000 0.180176 3 23 0.561143 22 0.377485 21 0.061373
22 0.000000 0.605799 125.212532 0.000000 1.000000 0.000000 0.500000 0.160156 3 22 0.564750 23 0.303566 21 0.131685
2efb_kyj06_body_mesh1
23 -0.603937 0.000000 140.908705 -1.000000 0.000000 0.000000 0.500000 0.180176 3 23 0.561143 22 0.377485 21 0.061373
23 0.000000 0.605730 140.908662 0.000000 1.000000 0.000000 0.500000 0.180176 3 23 0.561100 22 0.377518 21 0.061382
22 0.000000 0.605799 125.212532 0.000000 1.000000 0.000000 0.500000 0.160156 3 22 0.564750 23 0.303566 21 0.131685
2efb_kyj06_body_mesh1
23 -0.603937 0.000000 140.908705 -1.000000 0.000000 0.000000 0.500000 0.180176 3 23 0.561143 22 0.377485 21 0.061373
23 -0.603932 0.000000 156.604811 -1.000000 0.000000 0.000000 0.500000 0.200195 3 23 0.768931 22 0.204643 24 0.026426
23 0.000000 0.605730 140.908662 0.000000 1.000000 0.000000 0.500000 0.180176 3 23 0.561100 22 0.377518 21 0.061382
2efb_kyj06_body_mesh1
23 -0.603932 0.000000 156.604811 -1.000000 0.000000 0.000000 0.500000 0.200195 3 23 0.768931 22 0.204643 24 0.026426
23 0.000000 0.605799 156.604811 0.000000 1.000000 0.000000 0.500000 0.200195 3 23 0.768556 22 0.204975 24 0.026469
23 0.000000 0.605730 140.908662 0.000000 1.000000 0.000000 0.500000 0.180176 3 23 0.561100 22 0.377518 21 0.061382
2efb_kyj06_body_mesh1
23 -0.603932 0.000000 156.604811 -1.000000 0.000000 0.000000 0.500000 0.200195 3 23 0.768931 22 0.204643 24 0.026426
23 -0.603927 0.000000 172.300975 -1.000000 0.000000 0.000000 0.500000 0.220215 3 23 0.734757 22 0.146408 24 0.118835
23 0.000000 0.605799 156.604811 0.000000 1.000000 0.000000 0.500000 0.200195 3 23 0.768556 22 0.204975 24 0.026469
2efb_kyj06_body_mesh1
23 -0.603927 0.000000 172.300975 -1.000000 0.000000 0.000000 0.500000 0.220215 3 23 0.734757 22 0.146408 24 0.118835
23 0.000000 0.605867 172.300975 0.000000 1.000000 0.000000 0.500000 0.220215 3 23 0.734727 22 0.146424 24 0.118848
23 0.000000 0.605799 156.604811 0.000000 1.000000 0.000000 0.500000 0.200195 3 23 0.768556 22 0.204975 24 0.026469
2efb_kyj06_body_mesh1
23 -0.603927 0.000000 172.300975 -1.000000 0.000000 0.000000 0.500000 0.220215 3 23 0.734757 22 0.146408 24 0.118835
22 -0.603922 0.000000 187.997104 -1.000000 0.000000 0.000000 0.500000 0.240234 3 22 0.072271 23 0.573296 24 0.354433
23 0.000000 0.605867 172.300975 0.000000 1.000000 0.000000 0.500000 0.220215 3 23 0.734727 22 0.146424 24 0.118848
2efb_kyj06_body_mesh1
22 -0.603922 0.000000 187.997104 -1.000000 0.000000 0.000000 0.500000 0.240234 3 22 0.072271 23 0.573296 24 0.354433
22 0.000000 0.605867 187.997140 0.000000 1.000000 0.000000 0.500000 0.240234 3 22 0.072272 23 0.573289 24 0.354439
23 0.000000 0.605867 172.300975 0.000000 1.000000 0.000000 0.500000 0.220215 3 23 0.734727 22 0.146424 24 0.118848
2efb_kyj06_body_mesh1
22 -0.603922 0.000000 187.997104 -1.000000 0.000000 0.000000 0.500000 0.240234 3 22 0.072271 23 0.573296 24 0.354433
24 -0.603918 0.000000 203.693281 -1.000000 0.000000 0.000000 0.500000 0.260254 3 24 0.681472 23 0.302239 22 0.016289
22 0.000000 0.605867 187.997140 0.000000 1.000000 0.000000 0.500000 0.240234 3 22 0.072272 23 0.573289 24 0.354439
2efb_kyj06_body_mesh1
24 -0.603918 0.000000 203.693281 -1.000000 0.000000 0.000000 0.500000 0.260254 3 24 0.681472 23 0.302239 22 0.016289
24 0.000000 0.605867 203.693250 0.000000 1.000000 0.000000 0.500000 0.260254 3 24 0.681462 23 0.302250 22 0.016288
22 0.000000 0.605867 187.997140 0.000000 1.000000 0.000000 0.500000 0.240234 3 22 0.072272 23 0.573289 24 0.354439
2efb_kyj06_body_mesh1
24 -0.603918 0.000000 203.693281 -1.000000 0.000000 0.000000 0.500000 0.260254 3 24 0.681472 23 0.302239 22 0.016289
24 -0.603913 0.000000 219.389446 -1.000000 0.000000 0.000000 0.500000 0.280273 3 24 0.892577 23 0.100078 25 0.007345
24 0.000000 0.605867 203.693250 0.000000 1.000000 0.000000 0.500000 0.260254 3 24 0.681462 23 0.302250 22 0.016288
2efb_kyj06_body_mesh1
24 -0.603913 0.000000 219.389446 -1.000000 0.000000 0.000000 0.500000 0.280273 3 24 0.892577 23 0.100078 25 0.007345
24 0.000000 0.605799 219.389414 0.000000 1.000000 0.000000 0.500000 0.280273 3 24 0.892556 23 0.100098 25 0.007346
24 0.000000 0.605867 203.693250 0.000000 1.000000 0.000000 0.500000 0.260254 3 24 0.681462 23 0.302250 22 0.016288
2efb_kyj06_body_mesh1
24 -0.603913 0.000000 219.389446 -1.000000 0.000000 0.000000 0.500000 0.280273 3 24 0.892577 23 0.100078 25 0.007345
23 -0.603908 0.000000 235.085588 -1.000000 0.000000 0.000000 0.500000 0.300293 3 23 0.022636 24 0.945803 25 0.031560
24 0.000000 0.605799 219.389414 0.000000 1.000000 0.000000 0.500000 0.280273 3 24 0.892556 23 0.100098 25 0.007346
2efb_kyj06_body_mesh1
23 -0.603908 0.000000 235.085588 -1.000000 0.000000 0.000000 0.500000 0.300293 3 23 0.022636 24 0.945803 25 0.031560
23 0.000000 0.605936 235.085588 0.000000 1.000000 0.000000 0.500000 0.300293 3 23 0.022688 24 0.945680 25 0.031632
24 0.000000 0.605799 219.389414 0.000000 1.000000 0.000000 0.500000 0.280273 3 24 0.892556 23 0.100098 25 0.007346
2efb_kyj06_body_mesh1
23 -0.603908 0.000000 235.085588 -1.000000 0.000000 0.000000 0.500000 0.300293 3 23 0.022636 24 0.945803 25 0.031560
23 -0.603904 0.000000 250.781743 -1.000000 0.000000 0.000000 0.500000 0.320312 3 23 0.004262 24 0.859939 25 0.135799
23 0.000000 0.605936 235.085588 0.000000 1.000000 0.000000 0.500000 0.300293 3 23 0.022688 24 0.945680 25 0.031632
2efb_kyj06_body_mesh1
23 -0.603904 0.000000 250.781743 -1.000000 0.000000 0.000000 0.500000 0.320312 3 23 0.004262 24 0.859939 25 0.135799
23 0.000000 0.605867 250.781743 0.000000 1.000000 0.000000 0.500000 0.320312 3 23 0.004261 24 0.859921 25 0.135817
23 0.000000 0.605936 235.085588 0.000000 1.000000 0.000000 0.500000 0.300293 3 23 0.022688 24 0.945680 25 0.031632
2efb_kyj06_body_mesh1
23 -0.603904 0.000000 250.781743 -1.000000 0.000000 0.000000 0.500000 0.320312 3 23 0.004262 24 0.859939 25 0.135799
24 -0.603899 0.000000 266.477894 -1.000000 0.000000 0.000000 0.500000 0.340332 2 24 0.623120 25 0.376880
23 0.000000 0.605867 250.781743 0.000000 1.000000 0.000000 0.500000 0.320312 3 23 0.004261 24 0.859921 25 0.135817
2efb_kyj06_body_mesh1
24 -0.603899 0.000000 266.477894 -1.000000 0.000000 0.000000 0.500000 0.340332 2 24 0.623120 25 0.376880
24 0.000000 0.605867 266.477894 0.000000 1.000000 0.000000 0.500000 0.340332 2 24 0.623113 25 0.376887
23 0.000000 0.605867 250.781743 0.000000 1.000000 0.000000 0.500000 0.320312 3 23 0.004261 24 0.859921 25 0.135817
2efb_kyj06_body_mesh1
24 -0.603899 0.000000 266.477894 -1.000000 0.000000 0.000000 0.500000 0.340332 2 24 0.623120 25 0.376880
24 -0.603894 0.000000 282.174058 -1.000000 0.000000 0.000000 0.500000 0.360352 3 24 0.311959 25 0.687965 26 0.000075
24 0.000000 0.605867 266.477894 0.000000 1.000000 0.000000 0.500000 0.340332 2 24 0.623113 25 0.376887
2efb_kyj06_body_mesh1
24 -0.603894 0.000000 282.174058 -1.000000 0.000000 0.000000 0.500000 0.360352 3 24 0.311959 25 0.687965 26 0.000075
24 0.000000 0.605867 282.174103 0.000000 1.000000 0.000000 0.500000 0.360352 3 24 0.311969 25 0.687956 26 0.000075
24 0.000000 0.605867 266.477894 0.000000 1.000000 0.000000 0.500000 0.340332 2 24 0.623113 25 0.376887
2efb_kyj06_body_mesh1
24 -0.603894 0.000000 282.174058 -1.000000 0.000000 0.000000 0.500000 0.360352 3 24 0.311959 25 0.687965 26 0.000075
24 -0.603889 0.000000 297.870178 -1.000000 0.000000 0.000000 0.500000 0.380371 3 24 0.102355 25 0.890549 26 0.007096
24 0.000000 0.605867 282.174103 0.000000 1.000000 0.000000 0.500000 0.360352 3 24 0.311969 25 0.687956 26 0.000075
2efb_kyj06_body_mesh1
24 -0.603889 0.000000 297.870178 -1.000000 0.000000 0.000000 0.500000 0.380371 3 24 0.102355 25 0.890549 26 0.007096
24 0.000000 0.605799 297.870223 0.000000 1.000000 0.000000 0.500000 0.380371 3 24 0.102376 25 0.890528 26 0.007097
24 0.000000 0.605867 282.174103 0.000000 1.000000 0.000000 0.500000 0.360352 3 24 0.311969 25 0.687956 26 0.000075
2efb_kyj06_body_mesh1
24 -0.603889 0.000000 297.870178 -1.000000 0.000000 0.000000 0.500000 0.380371 3 24 0.102355 25 0.890549 26 0.007096
24 -0.603885 0.000000 313.566275 -1.000000 0.000000 0.000000 0.500000 0.400391 3 24 0.023052 25 0.946293 26 0.030654
24 0.000000 0.605799 297.870223 0.000000 1.000000 0.000000 0.500000 0.380371 3 24 0.102376 25 0.890528 26 0.007097
2efb_kyj06_body_mesh1
24 -0.603885 0.000000 313.566275 -1.000000 0.000000 0.000000 0.500000 0.400391 3 24 0.023052 25 0.946293 26 0.030654
24 0.000000 0.605799 313.566320 0.000000 1.000000 0.000000 0.500000 0.400391 3 24 0.023113 25 0.946151 26 0.030736
24 0.000000 0.605799 297.870223 0.000000 1.000000 0.000000 0.500000 0.380371 3 24 0.102376 25 0.890528 26 0.007097
2efb_kyj06_body_mesh1
24 -0.603885 0.000000 313.566275 -1.000000 0.000000 0.000000 0.500000 0.400391 3 24 0.023052 25 0.946293 26 0.030654
24 -0.603880 0.000000 329.262416 -1.000000 0.000000 0.000000 0.500000 0.420410 3 24 0.004451 25 0.862559 26 0.132990
24 0.000000 0.605799 313.566320 0.000000 1.000000 0.000000 0.500000 0.400391 3 24 0.023113 25 0.946151 26 0.030736
2efb_kyj06_body_mesh1
24 -0.603880 0.000000 329.262416 -1.000000 0.000000 0.000000 0.500000 0.420410 3 24 0.004451 25 0.862559 26 0.132990
24 0.000000 0.605936 329.262484 0.000000 1.000000 0.000000 0.500000 0.420410 3 24 0.004451 25 0.862540 26 0.133009
24 0.000000 0.605799 313.566320 0.000000 1.000000 0.000000 0.500000 0.400391 3 24 0.023113 25 0.946151 26 0.030736
2efb_kyj06_body_mesh1
24 -0.603880 0.000000 329.262416 -1.000000 0.000000 0.000000 0.500000 0.420410 3 24 0.004451 25 0.862559 26 0.132990
25 -0.603875 0.000000 344.958648 -1.000000 0.000000 0.000000 0.500000 0.440430 2 25 0.628259 26 0.371740
24 0.000000 0.605936 329.262484 0.000000 1.000000 0.000000 0.500000 0.420410 3 24 0.004451 25 0.862540 26 0.133009
2efb_kyj06_body_mesh1
25 -0.603875 0.000000 344.958648 -1.000000 0.000000 0.000000 0.500000 0.440430 2 25 0.628259 26 0.371740
25 0.000000 0.605867 344.958648 0.000000 1.000000 0.000000 0.500000 0.440430 2 25 0.628252 26 0.371747
24 0.000000 0.605936 329.262484 0.000000 1.000000 0.000000 0.500000 0.420410 3 24 0.004451 25 0.862540 26 0.133009
2efb_kyj06_body_mesh1
25 -0.603875 0.000000 344.958648 -1.000000 0.000000 0.000000 0.500000 0.440430 2 25 0.628259 26 0.371740
25 -0.603871 0.000000 360.654768 -1.000000 0.000000 0.000000 0.500000 0.460449 3 25 0.316740 26 0.683199 27 0.000061
25 0.000000 0.605867 344.958648 0.000000 1.000000 0.000000 0.500000 0.440430 2 25 0.628252 26 0.371747
2efb_kyj06_body_mesh1
25 -0.603871 0.000000 360.654768 -1.000000 0.000000 0.000000 0.500000 0.460449 3 25 0.316740 26 0.683199 27 0.000061
25 0.000000 0.605867 360.654813 0.000000 1.000000 0.000000 0.500000 0.460449 3 25 0.316749 26 0.683190 27 0.000061
25 0.000000 0.605867 344.958648 0.000000 1.000000 0.000000 0.500000 0.440430 2 25 0.628252 26 0.371747
2efb_kyj06_body_mesh1
25 -0.603871 0.000000 360.654768 -1.000000 0.000000 0.000000 0.500000 0.460449 3 25 0.316740 26 0.683199 27 0.000061
25 -0.603866 0.000000 376.350977 -1.000000 0.000000 0.000000 0.500000 0.480469 3 25 0.104672 26 0.888476 27 0.006852
25 0.000000 0.605867 360.654813 0.000000 1.000000 0.000000 0.500000 0.460449 3 25 0.316749 26 0.683190 27 0.000061
2efb_kyj06_body_mesh1
25 -0.603866 0.000000 376.350977 -1.000000 0.000000 0.000000 0.500000 0.480469 3 25 0.104672 26 0.888476 27 0.006852
25 0.000000 0.605799 376.350977 0.000000 1.000000 0.000000 0.500000 0.480469 3 25 0.104692 26 0.888456 27 0.006852
25 0.000000 0.605867 360.654813 0.000000 1.000000 0.000000 0.500000 0.460449 3 25 0.316749 26 0.683190 27 0.000061
2efb_kyj06_body_mesh1
25 -0.603866 0.000000 376.350977 -1.000000 0.000000 0.000000 0.500000 0.480469 3 25 0.104672 26 0.888476 27 0.006852
25 -0.603861 0.000000 392.047096 -1.000000 0.000000 0.000000 0.500000 0.500000 3 25 0.023471 26 0.946760 27 0.029769
25 0.000000 0.605799 376.350977 0.000000 1.000000 0.000000 0.500000 0.480469 3 25 0.104692 26 0.888456 27 0.006852
2efb_kyj06_body_mesh1
25 -0.603861 0.000000 392.047096 -1.000000 0.000000 0.000000 0.500000 0.500000 3 25 0.023471 26 0.946760 27 0.029769
25 0.000000 0.605661 392.047074 0.000000 1.000000 0.000000 0.500000 0.500000 3 25 0.023545 26 0.946592 27 0.029863
25 0.000000 0.605799 376.350977 0.000000 1.000000 0.000000 0.500000 0.480469 3 25 0.104692 26 0.888456 27 0.006852
2efb_kyj06_body_mesh1
25 -0.603861 0.000000 392.047096 -1.000000 0.000000 0.000000 0.500000 0.500000 3 25 0.023471 26 0.946760 27 0.029769
25 -0.603857 0.000000 407.743261 -1.000000 0.000000 0.000000 0.500000 0.520020 3 25 0.004645 26 0.865131 27 0.130224
25 0.000000 0.605661 392.047074 0.000000 1.000000 0.000000 0.500000 0.500000 3 25 0.023545 26 0.946592 27 0.029863
2efb_kyj06_body_mesh1
25 -0.603857 0.000000 407.743261 -1.000000 0.000000 0.000000 0.500000 0.520020 3 25 0.004645 26 0.865131 27 0.130224
25 0.000000 0.605799 407.743238 0.000000 1.000000 0.000000 0.500000 0.520020 3 25 0.004645 26 0.865112 27 0.130243
25 0.000000 0.605661 392.047074 0.000000 1.000000 0.000000 0.500000 0.500000 3 25 0.023545 26 0.946592 27 0.029863
2efb_kyj06_body_mesh1
25 -0.603857 0.000000 407.743261 -1.000000 0.000000 0.000000 0.500000 0.520020 3 25 0.004645 26 0.865131 27 0.130224
25 -0.603852 0.000000 423.439403 -1.000000 0.000000 0.000000 0.500000 0.540039 3 25 0.000001 26 0.633372 27 0.366626
25 0.000000 0.605799 407.743238 0.000000 1.000000 0.000000 0.500000 0.520020 3 25 0.004645 26 0.865112 27 0.130243
2efb_kyj06_body_mesh1
25 -0.603852 0.000000 423.439403 -1.000000 0.000000 0.000000 0.500000 0.540039 3 25 0.000001 26 0.633372 27 0.366626
25 0.000000 0.605867 423.439403 0.000000 1.000000 0.000000 0.500000 0.540039 3 25 0.000001 26 0.633365 27 0.366633
25 0.000000 0.605799 407.743238 0.000000 1.000000 0.000000 0.500000 0.520020 3 25 0.004645 26 0.865112 27 0.130243
2efb_kyj06_body_mesh1
25 -0.603852 0.000000 423.439403 -1.000000 0.000000 0.000000 0.500000 0.540039 3 25 0.000001 26 0.633372 27 0.366626
26 -0.603847 0.000000 439.135522 -1.000000 0.000000 0.000000 0.500000 0.560059 3 26 0.321554 27 0.678397 28 0.000049
25 0.000000 0.605867 423.439403 0.000000 1.000000 0.000000 0.500000 0.540039 3 25 0.000001 26 0.633365 27 0.366633
2efb_kyj06_body_mesh1
26 -0.603847 0.000000 439.135522 -1.000000 0.000000 0.000000 0.500000 0.560059 3 26 0.321554 27 0.678397 28 0.000049
26 0.000000 0.605730 439.135522 0.000000 1.000000 0.000000 0.500000 0.560059 3 26 0.321562 27 0.678388 28 0.000049
25 0.000000 0.605867 423.439403 0.000000 1.000000 0.000000 0.500000 0.540039 3 25 0.000001 26 0.633365 27 0.366633
2efb_kyj06_body_mesh1
26 -0.603847 0.000000 439.135522 -1.000000 0.000000 0.000000 0.500000 0.560059 3 26 0.321554 27 0.678397 28 0.000049
26 -0.603842 0.000000 454.831664 -1.000000 0.000000 0.000000 0.500000 0.580078 3 26 0.107027 27 0.886361 28 0.006612
26 0.000000 0.605730 439.135522 0.000000 1.000000 0.000000 0.500000 0.560059 3 26 0.321562 27 0.678388 28 0.000049
2efb_kyj06_body_mesh1
26 -0.603842 0.000000 454.831664 -1.000000 0.000000 0.000000 0.500000 0.580078 3 26 0.107027 27 0.886361 28 0.006612
26 0.000000 0.605867 454.831731 0.000000 1.000000 0.000000 0.500000 0.580078 3 26 0.107047 27 0.886340 28 0.006613
26 0.000000 0.605730 439.135522 0.000000 1.000000 0.000000 0.500000 0.560059 3 26 0.321562 27 0.678388 28 0.000049
2efb_kyj06_body_mesh1
26 -0.603842 0.000000 454.831664 -1.000000 0.000000 0.000000 0.500000 0.580078 3 26 0.107027 27 0.886361 28 0.006612
26 -0.603838 0.000000 470.527828 -1.000000 0.000000 0.000000 0.500000 0.600098 3 26 0.023892 27 0.947203 28 0.028905
26 0.000000 0.605867 454.831731 0.000000 1.000000 0.000000 0.500000 0.580078 3 26 0.107047 27 0.886340 28 0.006613
2efb_kyj06_body_mesh1
26 -0.603838 0.000000 470.527828 -1.000000 0.000000 0.000000 0.500000 0.600098 3 26 0.023892 27 0.947203 28 0.028905
26 0.000000 0.605730 470.527828 0.000000 1.000000 0.000000 0.500000 0.600098 3 26 0.023985 27 0.946998 28 0.029017
26 0.000000 0.605867 454.831731 0.000000 1.000000 0.000000 0.500000 0.580078 3 26 0.107047 27 0.886340 28 0.006613
2efb_kyj06_body_mesh1
26 -0.603838 0.000000 470.527828 -1.000000 0.000000 0.000000 0.500000 0.600098 3 26 0.023892 27 0.947203 28 0.028905
26 -0.603833 0.000000 486.223948 -1.000000 0.000000 0.000000 0.500000 0.620117 3 26 0.004843 27 0.867657 28 0.127499
26 0.000000 0.605730 470.527828 0.000000 1.000000 0.000000 0.500000 0.600098 3 26 0.023985 27 0.946998 28 0.029017
2efb_kyj06_body_mesh1
26 -0.603833 0.000000 486.223948 -1.000000 0.000000 0.000000 0.500000 0.620117 3 26 0.004843 27 0.867657 28 0.127499
26 0.000000 0.605661 486.223880 0.000000 1.000000 0.000000 0.500000 0.620117 3 26 0.004843 27 0.867639 28 0.127517
26 0.000000 0.605730 470.527828 0.000000 1.000000 0.000000 0.500000 0.600098 3 26 0.023985 27 0.946998 28 0.029017
2efb_kyj06_body_mesh1
26 -0.603833 0.000000 486.223948 -1.000000 0.000000 0.000000 0.500000 0.620117 3 26 0.004843 27 0.867657 28 0.127499
26 -0.603828 0.000000 501.920157 -1.000000 0.000000 0.000000 0.500000 0.640137 3 26 0.000003 27 0.638460 28 0.361537
26 0.000000 0.605661 486.223880 0.000000 1.000000 0.000000 0.500000 0.620117 3 26 0.004843 27 0.867639 28 0.127517
2efb_kyj06_body_mesh1
26 -0.603828 0.000000 501.920157 -1.000000 0.000000 0.000000 0.500000 0.640137 3 26 0.000003 27 0.638460 28 0.361537
26 0.000000 0.605730 501.920157 0.000000 1.000000 0.000000 0.500000 0.640137 3 26 0.000003 27 0.638453 28 0.361545
26 0.000000 0.605661 486.223880 0.000000 1.000000 0.000000 0.500000 0.620117 3 26 0.004843 27 0.867639 28 0.127517
2efb_kyj06_body_mesh1
26 -0.603828 0.000000 501.920157 -1.000000 0.000000 0.000000 0.500000 0.640137 3 26 0.000003 27 0.638460 28 0.361537
27 -0.603824 0.000000 517.616389 -1.000000 0.000000 0.000000 0.500000 0.660156 3 27 0.326398 28 0.673563 29 0.000039
26 0.000000 0.605730 501.920157 0.000000 1.000000 0.000000 0.500000 0.640137 3 26 0.000003 27 0.638453 28 0.361545
2efb_kyj06_body_mesh1
27 -0.603824 0.000000 517.616389 -1.000000 0.000000 0.000000 0.500000 0.660156 3 27 0.326398 28 0.673563 29 0.000039
27 0.000000 0.605799 517.616344 0.000000 1.000000 0.000000 0.500000 0.660156 3 27 0.326408 28 0.673554 29 0.000039
26 0.000000 0.605730 501.920157 0.000000 1.000000 0.000000 0.500000 0.640137 3 26 0.000003 27 0.638453 28 0.361545
2efb_kyj06_body_mesh1
27 -0.603824 0.000000 517.616389 -1.000000 0.000000 0.000000 0.500000 0.660156 3 27 0.326398 28 0.673563 29 0.000039
27 -0.603819 0.000000 533.312441 -1.000000 0.000000 0.000000 0.500000 0.680176 3 27 0.109422 28 0.884201 29 0.006377
27 0.000000 0.605799 517.616344 0.000000 1.000000 0.000000 0.500000 0.660156 3 27 0.326408 28 0.673554 29 0.000039
2efb_kyj06_body_mesh1
27 -0.603819 0.000000 533.312441 -1.000000 0.000000 0.000000 0.500000 0.680176 3 27 0.109422 28 0.884201 29 0.006377
27 0.000000 0.605867 533.312486 0.000000 1.000000 0.000000 0.500000 0.680176 3 27 0.109441 28 0.884181 29 0.006377
27 0.000000 0.605799 517.616344 0.000000 1.000000 0.000000 0.500000 0.660156 3 27 0.326408 28 0.673554 29 0.000039
2efb_kyj06_body_mesh1
27 -0.603819 0.000000 533.312441 -1.000000 0.000000 0.000000 0.500000 0.680176 3 27 0.109422 28 0.884201 29 0.006377
27 -0.603814 0.000000 549.008672 -1.000000 0.000000 0.000000 0.500000 0.700195 3 27 0.024316 28 0.947624 29 0.028060
27 0.000000 0.605867 533.312486 0.000000 1.000000 0.000000 0.500000 0.680176 3 27 0.109441 28 0.884181 29 0.006377
2efb_kyj06_body_mesh1
27 -0.603814 0.000000 549.008672 -1.000000 0.000000 0.000000 0.500000 0.700195 3 27 0.024316 28 0.947624 29 0.028060
27 0.000000 0.605799 549.008627 0.000000 1.000000 0.000000 0.500000 0.700195 3 27 0.024437 28 0.947363 29 0.028200
27 0.000000 0.605867 533.312486 0.000000 1.000000 0.000000 0.500000 0.680176 3 27 0.109441 28 0.884181 29 0.006377
2efb_kyj06_body_mesh1
27 -0.603814 0.000000 549.008672 -1.000000 0.000000 0.000000 0.500000 0.700195 3 27 0.024316 28 0.947624 29 0.028060
27 -0.603809 0.000000 564.704792 -1.000000 0.000000 0.000000 0.500000 0.720215 3 27 0.005046 28 0.870136 29 0.124818
27 0.000000 0.605799 549.008627 0.000000 1.000000 0.000000 0.500000 0.700195 3 27 0.024437 28 0.947363 29 0.028200
2efb_kyj06_body_mesh1
27 -0.603809 0.000000 564.704792 -1.000000 0.000000 0.000000 0.500000 0.720215 3 27 0.005046 28 0.870136 29 0.124818
27 0.000000 0.605799 564.704837 0.000000 1.000000 0.000000 0.500000 0.720215 3 27 0.005046 28 0.870117 29 0.124837
27 0.000000 0.605799 549.008627 0.000000 1.000000 0.000000 0.500000 0.700195 3 27 0.024437 28 0.947363 29 0.028200
2efb_kyj06_body_mesh1
27 -0.603809 0.000000 564.704792 -1.000000 0.000000 0.000000 0.500000 0.720215 3 27 0.005046 28 0.870136 29 0.124818
27 -0.603805 0.000000 580.400866 -1.000000 0.000000 0.000000 0.500000 0.740234 3 27 0.000005 28 0.643518 29 0.356478
27 0.000000 0.605799 564.704837 0.000000 1.000000 0.000000 0.500000 0.720215 3 27 0.005046 28 0.870117 29 0.124837
2efb_kyj06_body_mesh1
27 -0.603805 0.000000 580.400866 -1.000000 0.000000 0.000000 0.500000 0.740234 3 27 0.000005 28 0.643518 29 0.356478
27 0.000000 0.605730 580.400821 0.000000 1.000000 0.000000 0.500000 0.740234 3 27 0.000005 28 0.643510 29 0.356485
27 0.000000 0.605799 564.704837 0.000000 1.000000 0.000000 0.500000 0.720215 3 27 0.005046 28 0.870117 29 0.124837
2efb_kyj06_body_mesh1
27 -0.603805 0.000000 580.400866 -1.000000 0.000000 0.000000 0.500000 0.740234 3 27 0.000005 28 0.643518 29 0.356478
28 -0.603800 0.000000 596.097053 -1.000000 0.000000 0.000000 0.500000 0.760010 3 28 0.331278 29 0.668692 30 0.000030
27 0.000000 0.605730 580.400821 0.000000 1.000000 0.000000 0.500000 0.740234 3 27 0.000005 28 0.643510 29 0.356485
2efb_kyj06_body_mesh1
28 -0.603800 0.000000 596.097053 -1.000000 0.000000 0.000000 0.500000 0.760010 3 28 0.331278 29 0.668692 30 0.000030
28 0.000000 0.605867 596.097053 0.000000 1.000000 0.000000 0.500000 0.760010 3 28 0.331287 29 0.668683 30 0.000030
27 0.000000 0.605730 580.400821 0.000000 1.000000 0.000000 0.500000 0.740234 3 27 0.000005 28 0.643510 29 0.356485
2efb_kyj06_body_mesh1
28 -0.603800 0.000000 596.097053 -1.000000 0.000000 0.000000 0.500000 0.760010 3 28 0.331278 29 0.668692 30 0.000030
28 -0.603795 0.000000 611.793150 -1.000000 0.000000 0.000000 0.500000 0.780029 3 28 0.111858 29 0.881996 30 0.006146
28 0.000000 0.605867 596.097053 0.000000 1.000000 0.000000 0.500000 0.760010 3 28 0.331287 29 0.668683 30 0.000030
2efb_kyj06_body_mesh1
28 -0.603795 0.000000 611.793150 -1.000000 0.000000 0.000000 0.500000 0.780029 3 28 0.111858 29 0.881996 30 0.006146
28 0.000000 0.605799 611.793217 0.000000 1.000000 0.000000 0.500000 0.780029 3 28 0.111876 29 0.881978 30 0.006146
28 0.000000 0.605867 596.097053 0.000000 1.000000 0.000000 0.500000 0.760010 3 28 0.331287 29 0.668683 30 0.000030
2efb_kyj06_body_mesh1
28 -0.603795 0.000000 611.793150 -1.000000 0.000000 0.000000 0.500000 0.780029 3 28 0.111858 29 0.881996 30 0.006146
28 -0.603791 0.000000 627.489382 -1.000000 0.000000 0.000000 0.500000 0.800049 3 28 0.024742 29 0.948023 30 0.027235
28 0.000000 0.605799 611.793217 0.000000 1.000000 0.000000 0.500000 0.780029 3 28 0.111876 29 0.881978 30 0.006146
2efb_kyj06_body_mesh1
28 -0.603791 0.000000 627.489382 -1.000000 0.000000 0.000000 0.500000 0.800049 3 28 0.024742 29 0.948023 30 0.027235
28 0.000000 0.605799 627.489292 0.000000 1.000000 0.000000 0.500000 0.800049 3 28 0.024909 29 0.947672 30 0.027419
28 0.000000 0.605799 611.793217 0.000000 1.000000 0.000000 0.500000 0.780029 3 28 0.111876 29 0.881978 30 0.006146
2efb_kyj06_body_mesh1
28 -0.603791 0.000000 627.489382 -1.000000 0.000000 0.000000 0.500000 0.800049 3 28 0.024742 29 0.948023 30 0.027235
29 -0.603786 0.000000 643.185479 -1.000000 0.000000 0.000000 0.500000 0.820068 3 29 0.872569 30 0.122177 28 0.005254
28 0.000000 0.605799 627.489292 0.000000 1.000000 0.000000 0.500000 0.800049 3 28 0.024909 29 0.947672 30 0.027419
2efb_kyj06_body_mesh1
29 -0.603786 0.000000 643.185479 -1.000000 0.000000 0.000000 0.500000 0.820068 3 29 0.872569 30 0.122177 28 0.005254
29 0.000000 0.605730 643.185546 0.000000 1.000000 0.000000 0.500000 0.820068 3 29 0.872549 30 0.122197 28 0.005254
28 0.000000 0.605799 627.489292 0.000000 1.000000 0.000000 0.500000 0.800049 3 28 0.024909 29 0.947672 30 0.027419
2efb_kyj06_body_mesh1
29 -0.603786 0.000000 643.185479 -1.000000 0.000000 0.000000 0.500000 0.820068 3 29 0.872569 30 0.122177 28 0.005254
29 -0.603781 0.000000 658.881576 -1.000000 0.000000 0.000000 0.500000 0.840088 3 29 0.641514 30 0.347631 31 0.010855
29 0.000000 0.605730 643.185546 0.000000 1.000000 0.000000 0.500000 0.820068 3 29 0.872549 30 0.122197 28 0.005254
2efb_kyj06_body_mesh1
29 -0.603781 0.000000 658.881576 -1.000000 0.000000 0.000000 0.500000 0.840088 3 29 0.641514 30 0.347631 31 0.010855
29 0.000000 0.605799 658.881643 0.000000 1.000000 0.000000 0.500000 0.840088 3 29 0.641504 30 0.347642 31 0.010854
29 0.000000 0.605730 643.185546 0.000000 1.000000 0.000000 0.500000 0.820068 3 29 0.872549 30 0.122197 28 0.005254
2efb_kyj06_body_mesh1
29 -0.603781 0.000000 658.881576 -1.000000 0.000000 0.000000 0.500000 0.840088 3 29 0.641514 30 0.347631 31 0.010855
30 -0.603776 0.000000 674.577875 -1.000000 0.000000 0.000000 0.500000 0.860107 3 30 0.626642 29 0.317373 31 0.055984
29 0.000000 0.605799 658.881643 0.000000 1.000000 0.000000 0.500000 0.840088 3 29 0.641504 30 0.347642 31 0.010854
2efb_kyj06_body_mesh1
30 -0.603776 0.000000 674.577875 -1.000000 0.000000 0.000000 0.500000 0.860107 3 30 0.626642 29 0.317373 31 0.055984
30 0.000000 0.605799 674.577807 0.000000 1.000000 0.000000 0.500000 0.860107 3 30 0.626632 29 0.317384 31 0.055984
29 0.000000 0.605799 658.881643 0.000000 1.000000 0.000000 0.500000 0.840088 3 29 0.641504 30 0.347642 31 0.010854
2efb_kyj06_body_mesh1
30 -0.603776 0.000000 674.577875 -1.000000 0.000000 0.000000 0.500000 0.860107 3 30 0.626642 29 0.317373 31 0.055984
30 -0.603772 0.000000 690.274039 -1.000000 0.000000 0.000000 0.500000 0.880005 3 30 0.778610 31 0.120203 29 0.101187
30 0.000000 0.605799 674.577807 0.000000 1.000000 0.000000 0.500000 0.860107 3 30 0.626632 29 0.317384 31 0.055984
2efb_kyj06_body_mesh1
30 -0.603772 0.000000 690.274039 -1.000000 0.000000 0.000000 0.500000 0.880005 3 30 0.778610 31 0.120203 29 0.101187
30 0.000000 0.605661 690.273904 0.000000 1.000000 0.000000 0.500000 0.880005 3 30 0.778577 31 0.120220 29 0.101203
30 0.000000 0.605799 674.577807 0.000000 1.000000 0.000000 0.500000 0.860107 3 30 0.626632 29 0.317384 31 0.055984
2efb_kyj06_body_mesh1
30 -0.603772 0.000000 690.274039 -1.000000 0.000000 0.000000 0.500000 0.880005 3 30 0.778610 31 0.120203 29 0.101187
30 -0.603767 0.000000 705.970069 -1.000000 0.000000 0.000000 0.500000 0.900024 3 30 0.801205 31 0.176468 32 0.022327
30 0.000000 0.605661 690.273904 0.000000 1.000000 0.000000 0.500000 0.880005 3 30 0.778577 31 0.120220 29 0.101203
2efb_kyj06_body_mesh1
30 -0.603767 0.000000 705.970069 -1.000000 0.000000 0.000000 0.500000 0.900024 3 30 0.801205 31 0.176468 32 0.022327
30 0.000000 0.605799 705.970136 0.000000 1.000000 0.000000 0.500000 0.900024 3 30 0.799560 31 0.177928 32 0.022512
30 0.000000 0.605661 690.273904 0.000000 1.000000 0.000000 0.500000 0.880005 3 30 0.778577 31 0.120220 29 0.101203
2efb_kyj06_body_mesh1
30 -0.603767 0.000000 705.970069 -1.000000 0.000000 0.000000 0.500000 0.900024 3 30 0.801205 31 0.176468 32 0.022327
30 -0.603762 0.000000 721.666233 -1.000000 0.000000 0.000000 0.500000 0.920044 3 30 0.560765 31 0.362597 32 0.076637
30 0.000000 0.605799 705.970136 0.000000 1.000000 0.000000 0.500000 0.900024 3 30 0.799560 31 0.177928 32 0.022512
2efb_kyj06_body_mesh1
30 -0.603762 0.000000 721.666233 -1.000000 0.000000 0.000000 0.500000 0.920044 3 30 0.560765 31 0.362597 32 0.076637
30 0.000000 0.605867 721.666300 0.000000 1.000000 0.000000 0.500000 0.920044 3 30 0.560731 31 0.362622 32 0.076647
30 0.000000 0.605799 705.970136 0.000000 1.000000 0.000000 0.500000 0.900024 3 30 0.799560 31 0.177928 32 0.022512
2efb_kyj06_body_mesh1
30 -0.603762 0.000000 721.666233 -1.000000 0.000000 0.000000 0.500000 0.920044 3 30 0.560765 31 0.362597 32 0.076637
31 -0.603758 0.000000 737.362465 -1.000000 0.000000 0.000000 0.500000 0.940002 3 31 0.546866 30 0.296148 32 0.156986
30 0.000000 0.605867 721.666300 0.000000 1.000000 0.000000 0.500000 0.920044 3 30 0.560731 31 0.362622 32 0.076647
2efb_kyj06_body_mesh1
31 -0.603758 0.000000 737.362465 -1.000000 0.000000 0.000000 0.500000 0.940002 3 31 0.546866 30 0.296148 32 0.156986
31 0.000000 0.605730 737.362465 0.000000 1.000000 0.000000 0.500000 0.940002 3 31 0.546813 30 0.296179 32 0.157008
30 0.000000 0.605867 721.666300 0.000000 1.000000 0.000000 0.500000 0.920044 3 30 0.560731 31 0.362622 32 0.076647
2efb_kyj06_body_mesh1
31 -0.603758 0.000000 737.362465 -1.000000 0.000000 0.000000 0.500000 0.940002 3 31 0.546866 30 0.296148 32 0.156986
30 -0.603753 0.000000 753.058562 -1.000000 0.000000 0.000000 0.500000 0.960022 3 30 0.128771 31 0.622522 32 0.248706
31 0.000000 0.605730 737.362465 0.000000 1.000000 0.000000 0.500000 0.940002 3 31 0.546813 30 0.296179 32 0.157008
2efb_kyj06_body_mesh1
30 -0.603753 0.000000 753.058562 -1.000000 0.000000 0.000000 0.500000 0.960022 3 30 0.128771 31 0.622522 32 0.248706
30 0.000000 0.605730 753.058562 0.000000 1.000000 0.000000 0.500000 0.960022 3 30 0.128925 31 0.622080 32 0.248994
31 0.000000 0.605730 737.362465 0.000000 1.000000 0.000000 0.500000 0.940002 3 31 0.546813 30 0.296179 32 0.157008
2efb_kyj06_body_mesh1
30 -0.603753 0.000000 753.058562 -1.000000 0.000000 0.000000 0.500000 0.960022 3 30 0.128771 31 0.622522 32 0.248706
30 -0.603748 0.000000 768.754794 -1.000000 0.000000 0.000000 0.500000 0.980011 3 30 0.064600 31 0.450288 32 0.485112
30 0.000000 0.605730 753.058562 0.000000 1.000000 0.000000 0.500000 0.960022 3 30 0.128925 31 0.622080 32 0.248994
2efb_kyj06_body_mesh1
30 -0.603748 0.000000 768.754794 -1.000000 0.000000 0.000000 0.500000 0.980011 3 30 0.064600 31 0.450288 32 0.485112
30 0.000000 0.605730 768.754794 0.000000 1.000000 0.000000 0.500000 0.980011 3 30 0.064610 31 0.450293 32 0.485097
30 0.000000 0.605730 753.058562 0.000000 1.000000 0.000000 0.500000 0.960022 3 30 0.128925 31 0.622080 32 0.248994
2efb_kyj06_body_mesh1
30 -0.603748 0.000000 768.754794 -1.000000 0.000000 0.000000 0.500000 0.980011 3 30 0.064600 31 0.450288 32 0.485112
30 -0.603743 0.000000 784.450890 0.000000 0.000000 1.000000 0.500000 1.000000 3 30 0.019698 31 0.250350 32 0.729952
30 0.000000 0.605730 768.754794 0.000000 1.000000 0.000000 0.500000 0.980011 3 30 0.064610 31 0.450293 32 0.485097
2efb_kyj06_body_mesh1
30 -0.603743 0.000000 784.450890 0.000000 0.000000 1.000000 0.500000 1.000000 3 30 0.019698 31 0.250350 32 0.729952
30 0.000000 0.605867 784.450890 0.000000 0.000000 1.000000 0.500000 1.000000 3 30 0.019925 31 0.253240 32 0.726834
30 0.000000 0.605730 768.754794 0.000000 1.000000 0.000000 0.500000 0.980011 3 30 0.064610 31 0.450293 32 0.485097
end
