version 1
nodes
0 "root" -1
1 "draw1_4efb_gkk1_13" 0
end
skeleton
time 0
0 0.000000 0.000000 0.000000 0.000000 -0.000000 0.000000
1 0.000000 0.000000 0.000000 0.000000 -0.000000 0.000000
end
triangles
4efb_gkk1_13_mesh1
1 58.059105 0.889396 -3.242947 -0.999023 0.000000 0.041260 0.000000 1.000000 1 1 1.000000
1 58.059105 -0.889395 -3.242948 -0.999023 0.000000 0.041260 0.000000 0.000000 1 1 1.000000
1 58.125874 0.889396 -1.626951 -0.999512 0.000000 0.027512 0.250000 1.000000 1 1 1.000000
4efb_gkk1_13_mesh1
1 58.059105 -0.889395 -3.242948 -0.999023 0.000000 0.041260 0.000000 0.000000 1 1 1.000000
1 58.125874 -0.889395 -1.626951 -0.999512 0.000000 0.027512 0.250000 0.000000 1 1 1.000000
1 58.125874 0.889396 -1.626951 -0.999512 0.000000 0.027512 0.250000 1.000000 1 1 1.000000
4efb_gkk1_13_mesh1
1 58.125874 0.889396 -1.626951 -0.999512 0.000000 0.027512 0.250000 1.000000 1 1 1.000000
1 58.125874 -0.889395 -1.626951 -0.999512 0.000000 0.027512 0.250000 0.000000 1 1 1.000000
1 58.148262 0.889396 0.000000 -1.000000 0.000000 0.000000 0.500000 1.000000 1 1 1.000000
4efb_gkk1_13_mesh1
1 58.125874 -0.889395 -1.626951 -0.999512 0.000000 0.027512 0.250000 0.000000 1 1 1.000000
1 58.148262 -0.889396 0.000000 -1.000000 0.000000 0.000000 0.500000 0.000000 1 1 1.000000
1 58.148262 0.889396 0.000000 -1.000000 0.000000 0.000000 0.500000 1.000000 1 1 1.000000
4efb_gkk1_13_mesh1
1 58.148262 0.889396 0.000000 -1.000000 0.000000 0.000000 0.500000 1.000000 1 1 1.000000
1 58.148262 -0.889396 0.000000 -1.000000 0.000000 0.000000 0.500000 0.000000 1 1 1.000000
1 58.125877 0.889395 1.626957 -0.999512 0.000000 -0.027512 0.750000 1.000000 1 1 1.000000
4efb_gkk1_13_mesh1
1 58.148262 -0.889396 0.000000 -1.000000 0.000000 0.000000 0.500000 0.000000 1 1 1.000000
1 58.125877 -0.889396 1.626956 -0.999512 0.000000 -0.027512 0.750000 0.000000 1 1 1.000000
1 58.125877 0.889395 1.626957 -0.999512 0.000000 -0.027512 0.750000 1.000000 1 1 1.000000
4efb_gkk1_13_mesh1
1 58.125877 0.889395 1.626957 -0.999512 0.000000 -0.027512 0.750000 1.000000 1 1 1.000000
1 58.125877 -0.889396 1.626956 -0.999512 0.000000 -0.027512 0.750000 0.000000 1 1 1.000000
1 58.059113 0.889395 3.242937 -0.999023 0.000000 -0.041260 1.000000 1.000000 1 1 1.000000
4efb_gkk1_13_mesh1
1 58.125877 -0.889396 1.626956 -0.999512 0.000000 -0.027512 0.750000 0.000000 1 1 1.000000
1 58.059113 -0.889396 3.242936 -0.999023 0.000000 -0.041260 1.000000 0.000000 1 1 1.000000
1 58.059113 0.889395 3.242937 -0.999023 0.000000 -0.041260 1.000000 1.000000 1 1 1.000000
4efb_gkk1_13_mesh1
1 58.947150 0.000000 -3.291897 0.000000 1.000000 0.000000 0.000000 1.000000 1 1 1.000000
1 57.171060 0.000000 -3.193998 0.000000 1.000000 0.000000 0.000000 0.000000 1 1 1.000000
1 59.014930 0.000000 -1.651443 0.000000 1.000000 0.000000 0.250000 1.000000 1 1 1.000000
4efb_gkk1_13_mesh1
1 57.171060 0.000000 -3.193998 0.000000 1.000000 0.000000 0.000000 0.000000 1 1 1.000000
1 57.236816 0.000000 -1.602459 0.000000 1.000000 0.000000 0.250000 0.000000 1 1 1.000000
1 59.014930 0.000000 -1.651443 0.000000 1.000000 0.000000 0.250000 1.000000 1 1 1.000000
4efb_gkk1_13_mesh1
1 59.014930 0.000000 -1.651443 0.000000 1.000000 0.000000 0.250000 1.000000 1 1 1.000000
1 57.236816 0.000000 -1.602459 0.000000 1.000000 0.000000 0.250000 0.000000 1 1 1.000000
1 59.037660 0.000000 0.000000 0.000000 1.000000 0.000000 0.500000 1.000000 1 1 1.000000
4efb_gkk1_13_mesh1
1 57.236816 0.000000 -1.602459 0.000000 1.000000 0.000000 0.250000 0.000000 1 1 1.000000
1 57.258865 0.000000 0.000000 0.000000 1.000000 0.000000 0.500000 0.000000 1 1 1.000000
1 59.037660 0.000000 0.000000 0.000000 1.000000 0.000000 0.500000 1.000000 1 1 1.000000
4efb_gkk1_13_mesh1
1 59.037660 0.000000 0.000000 0.000000 1.000000 0.000000 0.500000 1.000000 1 1 1.000000
1 57.258865 0.000000 0.000000 0.000000 1.000000 0.000000 0.500000 0.000000 1 1 1.000000
1 59.014935 0.000000 1.651450 0.000000 1.000000 0.000000 0.750000 1.000000 1 1 1.000000
4efb_gkk1_13_mesh1
1 57.258865 0.000000 0.000000 0.000000 1.000000 0.000000 0.500000 0.000000 1 1 1.000000
1 57.236820 0.000000 1.602464 0.000000 1.000000 0.000000 0.750000 0.000000 1 1 1.000000
1 59.014935 0.000000 1.651450 0.000000 1.000000 0.000000 0.750000 1.000000 1 1 1.000000
4efb_gkk1_13_mesh1
1 59.014935 0.000000 1.651450 0.000000 1.000000 0.000000 0.750000 1.000000 1 1 1.000000
1 57.236820 0.000000 1.602464 0.000000 1.000000 0.000000 0.750000 0.000000 1 1 1.000000
1 58.947160 0.000000 3.291886 0.000000 1.000000 0.000000 1.000000 1.000000 1 1 1.000000
4efb_gkk1_13_mesh1
1 57.236820 0.000000 1.602464 0.000000 1.000000 0.000000 0.750000 0.000000 1 1 1.000000
1 57.171066 0.000000 3.193987 0.000000 1.000000 0.000000 1.000000 0.000000 1 1 1.000000
1 58.947160 0.000000 3.291886 0.000000 1.000000 0.000000 1.000000 1.000000 1 1 1.000000
4efb_gkk1_13_mesh1
1 25.278540 14.904839 -38.595020 -0.529785 -0.144165 0.835449 0.000000 1.000000 1 1 1.000000
1 25.175833 16.312970 -38.417126 -0.529785 -0.144165 0.835449 0.000000 0.000000 1 1 1.000000
1 24.185371 14.912548 -39.287197 -0.518066 -0.144287 0.842773 0.250000 1.000000 1 1 1.000000
4efb_gkk1_13_mesh1
1 25.175833 16.312970 -38.417126 -0.529785 -0.144165 0.835449 0.000000 0.000000 1 1 1.000000
1 24.082664 16.320679 -39.109303 -0.518066 -0.144287 0.842773 0.250000 0.000000 1 1 1.000000
1 24.185371 14.912548 -39.287197 -0.518066 -0.144287 0.842773 0.250000 1.000000 1 1 1.000000
4efb_gkk1_13_mesh1
1 24.185371 14.912548 -39.287197 -0.518066 -0.144287 0.842773 0.250000 1.000000 1 1 1.000000
1 24.082664 16.320679 -39.109303 -0.518066 -0.144287 0.842773 0.250000 0.000000 1 1 1.000000
1 23.067049 14.915133 -39.953323 -0.494629 -0.144287 0.856934 0.500000 1.000000 1 1 1.000000
4efb_gkk1_13_mesh1
1 24.082664 16.320679 -39.109303 -0.518066 -0.144287 0.842773 0.250000 0.000000 1 1 1.000000
1 22.964342 16.323263 -39.775430 -0.494629 -0.144287 0.856934 0.500000 0.000000 1 1 1.000000
1 23.067049 14.915133 -39.953323 -0.494629 -0.144287 0.856934 0.500000 1.000000 1 1 1.000000
4efb_gkk1_13_mesh1
1 23.067049 14.915133 -39.953323 -0.494629 -0.144287 0.856934 0.500000 1.000000 1 1 1.000000
1 22.964342 16.323263 -39.775430 -0.494629 -0.144287 0.856934 0.500000 0.000000 1 1 1.000000
1 21.931000 14.912547 -40.588764 -0.470703 -0.144287 0.870117 0.750000 1.000000 1 1 1.000000
4efb_gkk1_13_mesh1
1 22.964342 16.323263 -39.775430 -0.494629 -0.144287 0.856934 0.500000 0.000000 1 1 1.000000
1 21.828293 16.320677 -40.410870 -0.470703 -0.144287 0.870117 0.750000 0.000000 1 1 1.000000
1 21.931000 14.912547 -40.588764 -0.470703 -0.144287 0.870117 0.750000 1.000000 1 1 1.000000
4efb_gkk1_13_mesh1
1 21.931000 14.912547 -40.588764 -0.470703 -0.144287 0.870117 0.750000 1.000000 1 1 1.000000
1 21.828293 16.320677 -40.410870 -0.470703 -0.144287 0.870117 0.750000 0.000000 1 1 1.000000
1 20.784990 14.904838 -41.189380 -0.458496 -0.144165 0.876465 1.000000 1.000000 1 1 1.000000
4efb_gkk1_13_mesh1
1 21.828293 16.320677 -40.410870 -0.470703 -0.144287 0.870117 0.750000 0.000000 1 1 1.000000
1 20.682283 16.312965 -41.011486 -0.458496 -0.144165 0.876465 1.000000 0.000000 1 1 1.000000
1 20.784990 14.904838 -41.189380 -0.458496 -0.144165 0.876465 1.000000 1.000000 1 1 1.000000
4efb_gkk1_13_mesh1
1 25.612597 15.711453 -39.095310 0.072144 -0.989258 -0.125000 0.000000 1.000000 1 1 1.000000
1 24.841776 15.506352 -37.916843 0.072144 -0.989258 -0.125000 0.000000 0.000000 1 1 1.000000
1 24.502886 15.719280 -39.797960 0.072144 -0.989258 -0.125000 0.250000 1.000000 1 1 1.000000
4efb_gkk1_13_mesh1
1 24.841776 15.506352 -37.916843 0.072144 -0.989258 -0.125000 0.000000 0.000000 1 1 1.000000
1 23.765152 15.513946 -38.598540 0.072144 -0.989258 -0.125000 0.250000 0.000000 1 1 1.000000
1 24.502886 15.719280 -39.797960 0.072144 -0.989258 -0.125000 0.250000 1.000000 1 1 1.000000
4efb_gkk1_13_mesh1
1 24.502886 15.719280 -39.797960 0.072144 -0.989258 -0.125000 0.250000 1.000000 1 1 1.000000
1 23.765152 15.513946 -38.598540 0.072144 -0.989258 -0.125000 0.250000 0.000000 1 1 1.000000
1 23.367727 15.721905 -40.474117 0.072144 -0.989258 -0.125000 0.500000 1.000000 1 1 1.000000
4efb_gkk1_13_mesh1
1 23.765152 15.513946 -38.598540 0.072144 -0.989258 -0.125000 0.250000 0.000000 1 1 1.000000
1 22.663662 15.516491 -39.254640 0.072144 -0.989258 -0.125000 0.500000 0.000000 1 1 1.000000
1 23.367727 15.721905 -40.474117 0.072144 -0.989258 -0.125000 0.500000 1.000000 1 1 1.000000
4efb_gkk1_13_mesh1
1 23.367727 15.721905 -40.474117 0.072144 -0.989258 -0.125000 0.500000 1.000000 1 1 1.000000
1 22.663662 15.516491 -39.254640 0.072144 -0.989258 -0.125000 0.500000 0.000000 1 1 1.000000
1 22.214577 15.719280 -41.119118 0.072144 -0.989258 -0.125000 0.750000 1.000000 1 1 1.000000
4efb_gkk1_13_mesh1
1 22.663662 15.516491 -39.254640 0.072144 -0.989258 -0.125000 0.500000 0.000000 1 1 1.000000
1 21.544718 15.513945 -39.880510 0.072144 -0.989258 -0.125000 0.750000 0.000000 1 1 1.000000
1 22.214577 15.719280 -41.119118 0.072144 -0.989258 -0.125000 0.750000 1.000000 1 1 1.000000
4efb_gkk1_13_mesh1
1 22.214577 15.719280 -41.119118 0.072144 -0.989258 -0.125000 0.750000 1.000000 1 1 1.000000
1 21.544718 15.513945 -39.880510 0.072144 -0.989258 -0.125000 0.750000 0.000000 1 1 1.000000
1 21.051222 15.711453 -41.728830 0.072144 -0.989258 -0.125000 1.000000 1.000000 1 1 1.000000
4efb_gkk1_13_mesh1
1 21.544718 15.513945 -39.880510 0.072144 -0.989258 -0.125000 0.750000 0.000000 1 1 1.000000
1 20.416050 15.506352 -40.472042 0.072144 -0.989258 -0.125000 1.000000 0.000000 1 1 1.000000
1 21.051222 15.711453 -41.728830 0.072144 -0.989258 -0.125000 1.000000 1.000000 1 1 1.000000
4efb_gkk1_13_mesh1
1 -42.398250 -13.845140 -18.192553 0.914551 -0.144165 0.376709 0.000000 1.000000 1 1 1.000000
1 -42.205227 -12.437011 -18.122297 0.914551 -0.144165 0.376709 0.000000 0.000000 1 1 1.000000
1 -42.890080 -13.837430 -16.995798 0.919922 -0.144287 0.364014 0.250000 1.000000 1 1 1.000000
4efb_gkk1_13_mesh1
1 -42.205227 -12.437011 -18.122297 0.914551 -0.144165 0.376709 0.000000 0.000000 1 1 1.000000
1 -42.697056 -12.429301 -16.925543 0.919922 -0.144287 0.364014 0.250000 0.000000 1 1 1.000000
1 -42.890080 -13.837430 -16.995798 0.919922 -0.144287 0.364014 0.250000 1.000000 1 1 1.000000
4efb_gkk1_13_mesh1
1 -42.890080 -13.837430 -16.995798 0.919922 -0.144287 0.364014 0.250000 1.000000 1 1 1.000000
1 -42.697056 -12.429301 -16.925543 0.919922 -0.144287 0.364014 0.250000 0.000000 1 1 1.000000
1 -43.351894 -13.834846 -15.778792 0.929688 -0.144287 0.338379 0.500000 1.000000 1 1 1.000000
4efb_gkk1_13_mesh1
1 -42.697056 -12.429301 -16.925543 0.919922 -0.144287 0.364014 0.250000 0.000000 1 1 1.000000
1 -43.158870 -12.426716 -15.708536 0.929688 -0.144287 0.338379 0.500000 0.000000 1 1 1.000000
1 -43.351894 -13.834846 -15.778792 0.929688 -0.144287 0.338379 0.500000 1.000000 1 1 1.000000
4efb_gkk1_13_mesh1
1 -43.351894 -13.834846 -15.778792 0.929688 -0.144287 0.338379 0.500000 1.000000 1 1 1.000000
1 -43.158870 -12.426716 -15.708536 0.929688 -0.144287 0.338379 0.500000 0.000000 1 1 1.000000
1 -43.780403 -13.837431 -14.549661 0.938477 -0.144287 0.312256 0.750000 1.000000 1 1 1.000000
4efb_gkk1_13_mesh1
1 -43.158870 -12.426716 -15.708536 0.929688 -0.144287 0.338379 0.500000 0.000000 1 1 1.000000
1 -43.587380 -12.429302 -14.479404 0.938477 -0.144287 0.312256 0.750000 0.000000 1 1 1.000000
1 -43.780403 -13.837431 -14.549661 0.938477 -0.144287 0.312256 0.750000 1.000000 1 1 1.000000
4efb_gkk1_13_mesh1
1 -43.780403 -13.837431 -14.549661 0.938477 -0.144287 0.312256 0.750000 1.000000 1 1 1.000000
1 -43.587380 -12.429302 -14.479404 0.938477 -0.144287 0.312256 0.750000 0.000000 1 1 1.000000
1 -44.172897 -13.845141 -13.316764 0.942871 -0.144165 0.299316 1.000000 1.000000 1 1 1.000000
4efb_gkk1_13_mesh1
1 -43.587380 -12.429302 -14.479404 0.938477 -0.144287 0.312256 0.750000 0.000000 1 1 1.000000
1 -43.979874 -12.437013 -13.246508 0.942871 -0.144165 0.299316 1.000000 0.000000 1 1 1.000000
1 -44.172897 -13.845141 -13.316764 0.942871 -0.144165 0.299316 1.000000 1.000000 1 1 1.000000
4efb_gkk1_13_mesh1
1 -42.948948 -13.038525 -18.434662 -0.135620 -0.989258 -0.049347 0.000000 1.000000 1 1 1.000000
1 -41.654533 -13.243626 -17.880188 -0.135620 -0.989258 -0.049347 0.000000 0.000000 1 1 1.000000
1 -43.448220 -13.030698 -17.219795 -0.135620 -0.989258 -0.049347 0.250000 1.000000 1 1 1.000000
4efb_gkk1_13_mesh1
1 -41.654533 -13.243626 -17.880188 -0.135620 -0.989258 -0.049347 0.000000 0.000000 1 1 1.000000
1 -42.138920 -13.236033 -16.701546 -0.135620 -0.989258 -0.049347 0.250000 0.000000 1 1 1.000000
1 -43.448220 -13.030698 -17.219795 -0.135620 -0.989258 -0.049347 0.250000 1.000000 1 1 1.000000
4efb_gkk1_13_mesh1
1 -43.448220 -13.030698 -17.219795 -0.135620 -0.989258 -0.049347 0.250000 1.000000 1 1 1.000000
1 -42.138920 -13.236033 -16.701546 -0.135620 -0.989258 -0.049347 0.250000 0.000000 1 1 1.000000
1 -43.916990 -13.028073 -15.984468 -0.135620 -0.989258 -0.049347 0.500000 1.000000 1 1 1.000000
4efb_gkk1_13_mesh1
1 -42.138920 -13.236033 -16.701546 -0.135620 -0.989258 -0.049347 0.250000 0.000000 1 1 1.000000
1 -42.593777 -13.233487 -15.502859 -0.135620 -0.989258 -0.049347 0.500000 0.000000 1 1 1.000000
1 -43.916990 -13.028073 -15.984468 -0.135620 -0.989258 -0.049347 0.500000 1.000000 1 1 1.000000
4efb_gkk1_13_mesh1
1 -43.916990 -13.028073 -15.984468 -0.135620 -0.989258 -0.049347 0.500000 1.000000 1 1 1.000000
1 -42.593777 -13.233487 -15.502859 -0.135620 -0.989258 -0.049347 0.500000 0.000000 1 1 1.000000
1 -44.351948 -13.030699 -14.736832 -0.135620 -0.989258 -0.049347 0.750000 1.000000 1 1 1.000000
4efb_gkk1_13_mesh1
1 -42.593777 -13.233487 -15.502859 -0.135620 -0.989258 -0.049347 0.500000 0.000000 1 1 1.000000
1 -43.015840 -13.236033 -14.292232 -0.135620 -0.989258 -0.049347 0.750000 0.000000 1 1 1.000000
1 -44.351948 -13.030699 -14.736832 -0.135620 -0.989258 -0.049347 0.750000 1.000000 1 1 1.000000
4efb_gkk1_13_mesh1
1 -44.351948 -13.030699 -14.736832 -0.135620 -0.989258 -0.049347 0.750000 1.000000 1 1 1.000000
1 -43.015840 -13.236033 -14.292232 -0.135620 -0.989258 -0.049347 0.750000 0.000000 1 1 1.000000
1 -44.750380 -13.038527 -13.485275 -0.135620 -0.989258 -0.049347 1.000000 1.000000 1 1 1.000000
4efb_gkk1_13_mesh1
1 -43.015840 -13.236033 -14.292232 -0.135620 -0.989258 -0.049347 0.750000 0.000000 1 1 1.000000
1 -43.402390 -13.243628 -13.077994 -0.135620 -0.989258 -0.049347 1.000000 0.000000 1 1 1.000000
1 -44.750380 -13.038527 -13.485275 -0.135620 -0.989258 -0.049347 1.000000 1.000000 1 1 1.000000
4efb_gkk1_13_mesh1
1 18.552849 0.720419 43.293327 -0.380371 0.000000 -0.924316 0.000000 1.000000 1 1 1.000000
1 18.552849 -0.720402 43.293327 -0.380371 0.000000 -0.924316 0.000000 0.000000 1 1 1.000000
1 17.341330 0.720419 43.791840 -0.367676 0.000000 -0.929688 0.250000 1.000000 1 1 1.000000
4efb_gkk1_13_mesh1
1 18.552849 -0.720402 43.293327 -0.380371 0.000000 -0.924316 0.000000 0.000000 1 1 1.000000
1 17.341330 -0.720402 43.791840 -0.367676 0.000000 -0.929688 0.250000 0.000000 1 1 1.000000
1 17.341330 0.720419 43.791840 -0.367676 0.000000 -0.929688 0.250000 1.000000 1 1 1.000000
4efb_gkk1_13_mesh1
1 17.341330 0.720419 43.791840 -0.367676 0.000000 -0.929688 0.250000 1.000000 1 1 1.000000
1 17.341330 -0.720402 43.791840 -0.367676 0.000000 -0.929688 0.250000 0.000000 1 1 1.000000
1 16.109177 0.720418 44.259605 -0.341797 0.000000 -0.939453 0.500000 1.000000 1 1 1.000000
4efb_gkk1_13_mesh1
1 17.341330 -0.720402 43.791840 -0.367676 0.000000 -0.929688 0.250000 0.000000 1 1 1.000000
1 16.109177 -0.720403 44.259605 -0.341797 0.000000 -0.939453 0.500000 0.000000 1 1 1.000000
1 16.109177 0.720418 44.259605 -0.341797 0.000000 -0.939453 0.500000 1.000000 1 1 1.000000
4efb_gkk1_13_mesh1
1 16.109177 0.720418 44.259605 -0.341797 0.000000 -0.939453 0.500000 1.000000 1 1 1.000000
1 16.109177 -0.720403 44.259605 -0.341797 0.000000 -0.939453 0.500000 0.000000 1 1 1.000000
1 14.864616 0.720418 44.693295 -0.315918 0.000000 -0.948730 0.750000 1.000000 1 1 1.000000
4efb_gkk1_13_mesh1
1 16.109177 -0.720403 44.259605 -0.341797 0.000000 -0.939453 0.500000 0.000000 1 1 1.000000
1 14.864616 -0.720403 44.693295 -0.315918 0.000000 -0.948730 0.750000 0.000000 1 1 1.000000
1 14.864616 0.720418 44.693295 -0.315918 0.000000 -0.948730 0.750000 1.000000 1 1 1.000000
4efb_gkk1_13_mesh1
1 14.864616 0.720418 44.693295 -0.315918 0.000000 -0.948730 0.750000 1.000000 1 1 1.000000
1 14.864616 -0.720403 44.693295 -0.315918 0.000000 -0.948730 0.750000 0.000000 1 1 1.000000
1 13.616114 0.720417 45.090160 -0.302734 0.000000 -0.952637 1.000000 1.000000 1 1 1.000000
4efb_gkk1_13_mesh1
1 14.864616 -0.720403 44.693295 -0.315918 0.000000 -0.948730 0.750000 0.000000 1 1 1.000000
1 13.616114 -0.720404 45.090160 -0.302734 0.000000 -0.952637 1.000000 0.000000 1 1 1.000000
1 13.616114 0.720417 45.090160 -0.302734 0.000000 -0.952637 1.000000 1.000000 1 1 1.000000
4efb_gkk1_13_mesh1
1 18.836128 0.000000 43.955704 0.000000 1.000000 0.000000 0.000000 1.000000 1 1 1.000000
1 18.269571 0.000000 42.630950 0.000000 1.000000 0.000000 0.000000 0.000000 1 1 1.000000
1 17.606274 0.000000 44.461760 0.000000 1.000000 0.000000 0.250000 1.000000 1 1 1.000000
4efb_gkk1_13_mesh1
1 18.269571 0.000000 42.630950 0.000000 1.000000 0.000000 0.000000 0.000000 1 1 1.000000
1 17.076385 0.000000 43.121918 0.000000 1.000000 0.000000 0.250000 0.000000 1 1 1.000000
1 17.606274 0.000000 44.461760 0.000000 1.000000 0.000000 0.250000 1.000000 1 1 1.000000
4efb_gkk1_13_mesh1
1 17.606274 0.000000 44.461760 0.000000 1.000000 0.000000 0.250000 1.000000 1 1 1.000000
1 17.076385 0.000000 43.121918 0.000000 1.000000 0.000000 0.250000 0.000000 1 1 1.000000
1 16.355572 0.000000 44.936570 0.000000 1.000000 0.000000 0.500000 1.000000 1 1 1.000000
4efb_gkk1_13_mesh1
1 17.076385 0.000000 43.121918 0.000000 1.000000 0.000000 0.250000 0.000000 1 1 1.000000
1 15.862782 0.000000 43.582640 0.000000 1.000000 0.000000 0.500000 0.000000 1 1 1.000000
1 16.355572 0.000000 44.936570 0.000000 1.000000 0.000000 0.500000 1.000000 1 1 1.000000
4efb_gkk1_13_mesh1
1 16.355572 0.000000 44.936570 0.000000 1.000000 0.000000 0.500000 1.000000 1 1 1.000000
1 15.862782 0.000000 43.582640 0.000000 1.000000 0.000000 0.500000 0.000000 1 1 1.000000
1 15.092273 0.000000 45.376785 0.000000 1.000000 0.000000 0.750000 1.000000 1 1 1.000000
4efb_gkk1_13_mesh1
1 15.862782 0.000000 43.582640 0.000000 1.000000 0.000000 0.500000 0.000000 1 1 1.000000
1 14.636957 0.000000 44.009800 0.000000 1.000000 0.000000 0.750000 0.000000 1 1 1.000000
1 15.092273 0.000000 45.376785 0.000000 1.000000 0.000000 0.750000 1.000000 1 1 1.000000
4efb_gkk1_13_mesh1
1 15.092273 0.000000 45.376785 0.000000 1.000000 0.000000 0.750000 1.000000 1 1 1.000000
1 14.636957 0.000000 44.009800 0.000000 1.000000 0.000000 0.750000 0.000000 1 1 1.000000
1 13.824877 0.000000 45.779660 0.000000 1.000000 0.000000 1.000000 1.000000 1 1 1.000000
4efb_gkk1_13_mesh1
1 14.636957 0.000000 44.009800 0.000000 1.000000 0.000000 0.750000 0.000000 1 1 1.000000
1 13.407352 0.000000 44.400660 0.000000 1.000000 0.000000 1.000000 0.000000 1 1 1.000000
1 13.824877 0.000000 45.779660 0.000000 1.000000 0.000000 1.000000 1.000000 1 1 1.000000
4efb_gkk1_13_mesh1
1 36.379707 12.072926 8.548562 -0.966309 -0.144165 -0.212280 0.000000 1.000000 1 1 1.000000
1 36.215847 13.213511 8.519671 -0.966309 -0.144165 -0.212280 0.000000 0.000000 1 1 1.000000
1 36.603710 12.079170 7.524738 -0.969238 -0.144287 -0.198853 0.250000 1.000000 1 1 1.000000
4efb_gkk1_13_mesh1
1 36.215847 13.213511 8.519671 -0.966309 -0.144165 -0.212280 0.000000 0.000000 1 1 1.000000
1 36.439854 13.219755 7.495847 -0.969238 -0.144287 -0.198853 0.250000 0.000000 1 1 1.000000
1 36.603710 12.079170 7.524738 -0.969238 -0.144287 -0.198853 0.250000 1.000000 1 1 1.000000
4efb_gkk1_13_mesh1
1 36.603710 12.079170 7.524738 -0.969238 -0.144287 -0.198853 0.250000 1.000000 1 1 1.000000
1 36.439854 13.219755 7.495847 -0.969238 -0.144287 -0.198853 0.250000 0.000000 1 1 1.000000
1 36.800920 12.081264 6.488986 -0.974121 -0.144287 -0.171753 0.500000 1.000000 1 1 1.000000
4efb_gkk1_13_mesh1
1 36.439854 13.219755 7.495847 -0.969238 -0.144287 -0.198853 0.250000 0.000000 1 1 1.000000
1 36.637060 13.221849 6.460093 -0.974121 -0.144287 -0.171753 0.500000 0.000000 1 1 1.000000
1 36.800920 12.081264 6.488986 -0.974121 -0.144287 -0.171753 0.500000 1.000000 1 1 1.000000
4efb_gkk1_13_mesh1
1 36.800920 12.081264 6.488986 -0.974121 -0.144287 -0.171753 0.500000 1.000000 1 1 1.000000
1 36.637060 13.221849 6.460093 -0.974121 -0.144287 -0.171753 0.500000 0.000000 1 1 1.000000
1 36.969856 12.079169 5.448239 -0.978516 -0.144287 -0.144653 0.750000 1.000000 1 1 1.000000
4efb_gkk1_13_mesh1
1 36.637060 13.221849 6.460093 -0.974121 -0.144287 -0.171753 0.500000 0.000000 1 1 1.000000
1 36.806000 13.219754 5.419349 -0.978516 -0.144287 -0.144653 0.750000 0.000000 1 1 1.000000
1 36.969856 12.079169 5.448239 -0.978516 -0.144287 -0.144653 0.750000 1.000000 1 1 1.000000
4efb_gkk1_13_mesh1
1 36.969856 12.079169 5.448239 -0.978516 -0.144287 -0.144653 0.750000 1.000000 1 1 1.000000
1 36.806000 13.219754 5.419349 -0.978516 -0.144287 -0.144653 0.750000 0.000000 1 1 1.000000
1 37.109528 12.072925 4.409563 -0.980469 -0.144165 -0.130981 1.000000 1.000000 1 1 1.000000
4efb_gkk1_13_mesh1
1 36.806000 13.219754 5.419349 -0.978516 -0.144287 -0.144653 0.750000 0.000000 1 1 1.000000
1 36.945670 13.213508 4.380670 -0.980469 -0.144165 -0.130981 1.000000 0.000000 1 1 1.000000
1 37.109528 12.072925 4.409563 -0.980469 -0.144165 -0.130981 1.000000 1.000000 1 1 1.000000
4efb_gkk1_13_mesh1
1 36.853050 12.726284 8.664232 0.142090 -0.989258 0.025055 0.000000 1.000000 1 1 1.000000
1 35.742510 12.560151 8.404000 0.142090 -0.989258 0.025055 0.000000 0.000000 1 1 1.000000
1 37.080440 12.732623 7.624915 0.142090 -0.989258 0.025055 0.250000 1.000000 1 1 1.000000
4efb_gkk1_13_mesh1
1 35.742510 12.560151 8.404000 0.142090 -0.989258 0.025055 0.000000 0.000000 1 1 1.000000
1 35.963123 12.566301 7.395672 0.142090 -0.989258 0.025055 0.250000 0.000000 1 1 1.000000
1 37.080440 12.732623 7.624915 0.142090 -0.989258 0.025055 0.250000 1.000000 1 1 1.000000
4efb_gkk1_13_mesh1
1 37.080440 12.732623 7.624915 0.142090 -0.989258 0.025055 0.250000 1.000000 1 1 1.000000
1 35.963123 12.566301 7.395672 0.142090 -0.989258 0.025055 0.250000 0.000000 1 1 1.000000
1 37.280620 12.734749 6.573567 0.142090 -0.989258 0.025055 0.500000 1.000000 1 1 1.000000
4efb_gkk1_13_mesh1
1 35.963123 12.566301 7.395672 0.142090 -0.989258 0.025055 0.250000 0.000000 1 1 1.000000
1 36.157360 12.568363 6.375507 0.142090 -0.989258 0.025055 0.500000 0.000000 1 1 1.000000
1 37.280620 12.734749 6.573567 0.142090 -0.989258 0.025055 0.500000 1.000000 1 1 1.000000
4efb_gkk1_13_mesh1
1 37.280620 12.734749 6.573567 0.142090 -0.989258 0.025055 0.500000 1.000000 1 1 1.000000
1 36.157360 12.568363 6.375507 0.142090 -0.989258 0.025055 0.500000 0.000000 1 1 1.000000
1 37.452095 12.732623 5.517158 0.142090 -0.989258 0.025055 0.750000 1.000000 1 1 1.000000
4efb_gkk1_13_mesh1
1 36.157360 12.568363 6.375507 0.142090 -0.989258 0.025055 0.500000 0.000000 1 1 1.000000
1 36.323753 12.566301 5.350434 0.142090 -0.989258 0.025055 0.750000 0.000000 1 1 1.000000
1 37.452095 12.732623 5.517158 0.142090 -0.989258 0.025055 0.750000 1.000000 1 1 1.000000
4efb_gkk1_13_mesh1
1 37.452095 12.732623 5.517158 0.142090 -0.989258 0.025055 0.750000 1.000000 1 1 1.000000
1 36.323753 12.566301 5.350434 0.142090 -0.989258 0.025055 0.750000 0.000000 1 1 1.000000
1 37.593887 12.726282 4.462757 0.142090 -0.989258 0.025055 1.000000 1.000000 1 1 1.000000
4efb_gkk1_13_mesh1
1 36.323753 12.566301 5.350434 0.142090 -0.989258 0.025055 0.750000 0.000000 1 1 1.000000
1 36.461320 12.560151 4.327471 0.142090 -0.989258 0.025055 1.000000 0.000000 1 1 1.000000
1 37.593887 12.726282 4.462757 0.142090 -0.989258 0.025055 1.000000 1.000000 1 1 1.000000
4efb_gkk1_13_mesh1
1 2.101428 -11.214566 -37.311466 -0.041260 -0.144165 0.988281 0.000000 1.000000 1 1 1.000000
1 2.101428 -10.073982 -37.145084 -0.041260 -0.144165 0.988281 0.000000 0.000000 1 1 1.000000
1 1.054263 -11.208322 -37.354280 -0.027512 -0.144287 0.988770 0.250000 1.000000 1 1 1.000000
4efb_gkk1_13_mesh1
1 2.101428 -10.073982 -37.145084 -0.041260 -0.144165 0.988281 0.000000 0.000000 1 1 1.000000
1 1.054263 -10.067738 -37.187893 -0.027512 -0.144287 0.988770 0.250000 0.000000 1 1 1.000000
1 1.054263 -11.208322 -37.354280 -0.027512 -0.144287 0.988770 0.250000 1.000000 1 1 1.000000
4efb_gkk1_13_mesh1
1 1.054263 -11.208322 -37.354280 -0.027512 -0.144287 0.988770 0.250000 1.000000 1 1 1.000000
1 1.054263 -10.067738 -37.187893 -0.027512 -0.144287 0.988770 0.250000 0.000000 1 1 1.000000
1 0.000000 -11.206228 -37.368633 0.000000 -0.144287 0.989258 0.500000 1.000000 1 1 1.000000
4efb_gkk1_13_mesh1
1 1.054263 -10.067738 -37.187893 -0.027512 -0.144287 0.988770 0.250000 0.000000 1 1 1.000000
1 0.000000 -10.065643 -37.202248 0.000000 -0.144287 0.989258 0.500000 0.000000 1 1 1.000000
1 0.000000 -11.206228 -37.368633 0.000000 -0.144287 0.989258 0.500000 1.000000 1 1 1.000000
4efb_gkk1_13_mesh1
1 0.000000 -11.206228 -37.368633 0.000000 -0.144287 0.989258 0.500000 1.000000 1 1 1.000000
1 0.000000 -10.065643 -37.202248 0.000000 -0.144287 0.989258 0.500000 0.000000 1 1 1.000000
1 -1.054269 -11.208324 -37.354280 0.027512 -0.144287 0.988770 0.750000 1.000000 1 1 1.000000
4efb_gkk1_13_mesh1
1 0.000000 -10.065643 -37.202248 0.000000 -0.144287 0.989258 0.500000 0.000000 1 1 1.000000
1 -1.054270 -10.067739 -37.187897 0.027512 -0.144287 0.988770 0.750000 0.000000 1 1 1.000000
1 -1.054269 -11.208324 -37.354280 0.027512 -0.144287 0.988770 0.750000 1.000000 1 1 1.000000
4efb_gkk1_13_mesh1
1 -1.054269 -11.208324 -37.354280 0.027512 -0.144287 0.988770 0.750000 1.000000 1 1 1.000000
1 -1.054270 -10.067739 -37.187897 0.027512 -0.144287 0.988770 0.750000 0.000000 1 1 1.000000
1 -2.101424 -11.214568 -37.311470 0.041260 -0.144165 0.988281 1.000000 1.000000 1 1 1.000000
4efb_gkk1_13_mesh1
1 -1.054270 -10.067739 -37.187897 0.027512 -0.144287 0.988770 0.750000 0.000000 1 1 1.000000
1 -2.101425 -10.073984 -37.145084 0.041260 -0.144165 0.988281 1.000000 0.000000 1 1 1.000000
1 -2.101424 -11.214568 -37.311470 0.041260 -0.144165 0.988281 1.000000 1.000000 1 1 1.000000
4efb_gkk1_13_mesh1
1 2.133147 -10.561208 -37.797703 0.000000 -0.989258 -0.144287 0.000000 1.000000 1 1 1.000000
1 2.069708 -10.727340 -36.658844 0.000000 -0.989258 -0.144287 0.000000 0.000000 1 1 1.000000
1 1.070134 -10.554869 -37.841160 0.000000 -0.989258 -0.144287 0.250000 1.000000 1 1 1.000000
4efb_gkk1_13_mesh1
1 2.069708 -10.727340 -36.658844 0.000000 -0.989258 -0.144287 0.000000 0.000000 1 1 1.000000
1 1.038391 -10.721189 -36.701010 0.000000 -0.989258 -0.144287 0.250000 0.000000 1 1 1.000000
1 1.070134 -10.554869 -37.841160 0.000000 -0.989258 -0.144287 0.250000 1.000000 1 1 1.000000
4efb_gkk1_13_mesh1
1 1.070134 -10.554869 -37.841160 0.000000 -0.989258 -0.144287 0.250000 1.000000 1 1 1.000000
1 1.038391 -10.721189 -36.701010 0.000000 -0.989258 -0.144287 0.250000 0.000000 1 1 1.000000
1 0.000000 -10.552742 -37.855732 0.000000 -0.989258 -0.144287 0.500000 1.000000 1 1 1.000000
4efb_gkk1_13_mesh1
1 1.038391 -10.721189 -36.701010 0.000000 -0.989258 -0.144287 0.250000 0.000000 1 1 1.000000
1 0.000000 -10.719128 -36.715150 0.000000 -0.989258 -0.144287 0.500000 0.000000 1 1 1.000000
1 0.000000 -10.552742 -37.855732 0.000000 -0.989258 -0.144287 0.500000 1.000000 1 1 1.000000
4efb_gkk1_13_mesh1
1 0.000000 -10.552742 -37.855732 0.000000 -0.989258 -0.144287 0.500000 1.000000 1 1 1.000000
1 0.000000 -10.719128 -36.715150 0.000000 -0.989258 -0.144287 0.500000 0.000000 1 1 1.000000
1 -1.070142 -10.554870 -37.841164 0.000000 -0.989258 -0.144287 0.750000 1.000000 1 1 1.000000
4efb_gkk1_13_mesh1
1 0.000000 -10.719128 -36.715150 0.000000 -0.989258 -0.144287 0.500000 0.000000 1 1 1.000000
1 -1.038399 -10.721190 -36.701010 0.000000 -0.989258 -0.144287 0.750000 0.000000 1 1 1.000000
1 -1.070142 -10.554870 -37.841164 0.000000 -0.989258 -0.144287 0.750000 1.000000 1 1 1.000000
4efb_gkk1_13_mesh1
1 -1.070142 -10.554870 -37.841164 0.000000 -0.989258 -0.144287 0.750000 1.000000 1 1 1.000000
1 -1.038399 -10.721190 -36.701010 0.000000 -0.989258 -0.144287 0.750000 0.000000 1 1 1.000000
1 -2.133146 -10.561211 -37.797703 0.000000 -0.989258 -0.144287 1.000000 1.000000 1 1 1.000000
4efb_gkk1_13_mesh1
1 -1.038399 -10.721190 -36.701010 0.000000 -0.989258 -0.144287 0.750000 0.000000 1 1 1.000000
1 -2.069706 -10.727343 -36.658848 0.000000 -0.989258 -0.144287 1.000000 0.000000 1 1 1.000000
1 -2.133146 -10.561211 -37.797703 0.000000 -0.989258 -0.144287 1.000000 1.000000 1 1 1.000000
4efb_gkk1_13_mesh1
1 45.699158 11.709135 -35.957800 -0.794434 0.000000 0.606445 0.000000 1.000000 1 1 1.000000
1 45.699158 9.930344 -35.957800 -0.794434 0.000000 0.606445 0.000000 0.000000 1 1 1.000000
1 46.680748 11.709134 -34.672356 -0.802734 0.000000 0.595703 0.250000 1.000000 1 1 1.000000
4efb_gkk1_13_mesh1
1 45.699158 9.930344 -35.957800 -0.794434 0.000000 0.606445 0.000000 0.000000 1 1 1.000000
1 46.680748 9.930343 -34.672356 -0.802734 0.000000 0.595703 0.250000 0.000000 1 1 1.000000
1 46.680748 11.709134 -34.672356 -0.802734 0.000000 0.595703 0.250000 1.000000 1 1 1.000000
4efb_gkk1_13_mesh1
1 46.680748 11.709134 -34.672356 -0.802734 0.000000 0.595703 0.250000 1.000000 1 1 1.000000
1 46.680748 9.930343 -34.672356 -0.802734 0.000000 0.595703 0.250000 0.000000 1 1 1.000000
1 47.632267 11.709134 -33.352474 -0.818848 0.000000 0.573242 0.500000 1.000000 1 1 1.000000
4efb_gkk1_13_mesh1
1 46.680748 9.930343 -34.672356 -0.802734 0.000000 0.595703 0.250000 0.000000 1 1 1.000000
1 47.632267 9.930343 -33.352474 -0.818848 0.000000 0.573242 0.500000 0.000000 1 1 1.000000
1 47.632267 11.709134 -33.352474 -0.818848 0.000000 0.573242 0.500000 1.000000 1 1 1.000000
4efb_gkk1_13_mesh1
1 47.632267 11.709134 -33.352474 -0.818848 0.000000 0.573242 0.500000 1.000000 1 1 1.000000
1 47.632267 9.930343 -33.352474 -0.818848 0.000000 0.573242 0.500000 0.000000 1 1 1.000000
1 48.547120 11.709133 -32.006910 -0.834473 0.000000 0.550781 0.750000 1.000000 1 1 1.000000
4efb_gkk1_13_mesh1
1 47.632267 9.930343 -33.352474 -0.818848 0.000000 0.573242 0.500000 0.000000 1 1 1.000000
1 48.547120 9.930342 -32.006910 -0.834473 0.000000 0.550781 0.750000 0.000000 1 1 1.000000
1 48.547120 11.709133 -32.006910 -0.834473 0.000000 0.550781 0.750000 1.000000 1 1 1.000000
4efb_gkk1_13_mesh1
1 48.547120 11.709133 -32.006910 -0.834473 0.000000 0.550781 0.750000 1.000000 1 1 1.000000
1 48.547120 9.930342 -32.006910 -0.834473 0.000000 0.550781 0.750000 0.000000 1 1 1.000000
1 49.419315 11.709133 -30.644882 -0.841797 0.000000 0.539062 1.000000 1.000000 1 1 1.000000
4efb_gkk1_13_mesh1
1 48.547120 9.930342 -32.006910 -0.834473 0.000000 0.550781 0.750000 0.000000 1 1 1.000000
1 49.419315 9.930342 -30.644882 -0.841797 0.000000 0.539062 1.000000 0.000000 1 1 1.000000
1 49.419315 11.709133 -30.644882 -0.841797 0.000000 0.539062 1.000000 1.000000 1 1 1.000000
4efb_gkk1_13_mesh1
1 46.398525 10.819739 -36.507263 0.000000 1.000000 0.000000 0.000000 1.000000 1 1 1.000000
1 44.999790 10.819739 -35.408344 0.000000 1.000000 0.000000 0.000000 0.000000 1 1 1.000000
1 47.394974 10.819738 -35.202360 0.000000 1.000000 0.000000 0.250000 1.000000 1 1 1.000000
4efb_gkk1_13_mesh1
1 44.999790 10.819739 -35.408344 0.000000 1.000000 0.000000 0.000000 0.000000 1 1 1.000000
1 45.966522 10.819738 -34.142345 0.000000 1.000000 0.000000 0.250000 0.000000 1 1 1.000000
1 47.394974 10.819738 -35.202360 0.000000 1.000000 0.000000 0.250000 1.000000 1 1 1.000000
4efb_gkk1_13_mesh1
1 47.394974 10.819738 -35.202360 0.000000 1.000000 0.000000 0.250000 1.000000 1 1 1.000000
1 45.966522 10.819738 -34.142345 0.000000 1.000000 0.000000 0.250000 0.000000 1 1 1.000000
1 48.360820 10.819738 -33.862610 0.000000 1.000000 0.000000 0.500000 1.000000 1 1 1.000000
4efb_gkk1_13_mesh1
1 45.966522 10.819738 -34.142345 0.000000 1.000000 0.000000 0.250000 0.000000 1 1 1.000000
1 46.903717 10.819738 -32.842340 0.000000 1.000000 0.000000 0.500000 0.000000 1 1 1.000000
1 48.360820 10.819738 -33.862610 0.000000 1.000000 0.000000 0.500000 1.000000 1 1 1.000000
4efb_gkk1_13_mesh1
1 48.360820 10.819738 -33.862610 0.000000 1.000000 0.000000 0.500000 1.000000 1 1 1.000000
1 46.903717 10.819738 -32.842340 0.000000 1.000000 0.000000 0.500000 0.000000 1 1 1.000000
1 49.289436 10.819737 -32.496788 0.000000 1.000000 0.000000 0.750000 1.000000 1 1 1.000000
4efb_gkk1_13_mesh1
1 46.903717 10.819738 -32.842340 0.000000 1.000000 0.000000 0.500000 0.000000 1 1 1.000000
1 47.804794 10.819738 -31.517033 0.000000 1.000000 0.000000 0.750000 0.000000 1 1 1.000000
1 49.289436 10.819737 -32.496788 0.000000 1.000000 0.000000 0.750000 1.000000 1 1 1.000000
4efb_gkk1_13_mesh1
1 49.289436 10.819737 -32.496788 0.000000 1.000000 0.000000 0.750000 1.000000 1 1 1.000000
1 47.804794 10.819738 -31.517033 0.000000 1.000000 0.000000 0.750000 0.000000 1 1 1.000000
1 50.174835 10.819737 -31.114150 0.000000 1.000000 0.000000 1.000000 1.000000 1 1 1.000000
4efb_gkk1_13_mesh1
1 47.804794 10.819738 -31.517033 0.000000 1.000000 0.000000 0.750000 0.000000 1 1 1.000000
1 48.663790 10.819737 -30.175617 0.000000 1.000000 0.000000 1.000000 0.000000 1 1 1.000000
1 50.174835 10.819737 -31.114150 0.000000 1.000000 0.000000 1.000000 1.000000 1 1 1.000000
4efb_gkk1_13_mesh1
1 -1.430225 25.724580 -46.114365 0.045013 -0.144165 0.988281 0.000000 1.000000 1 1 1.000000
1 -1.412321 27.132713 -45.909733 0.045013 -0.144165 0.988281 0.000000 0.000000 1 1 1.000000
1 -2.722712 25.732290 -46.054348 0.058777 -0.144287 0.987305 0.250000 1.000000 1 1 1.000000
4efb_gkk1_13_mesh1
1 -1.412321 27.132713 -45.909733 0.045013 -0.144165 0.988281 0.000000 0.000000 1 1 1.000000
1 -2.704809 27.140423 -45.849716 0.058777 -0.144287 0.987305 0.250000 0.000000 1 1 1.000000
1 -2.722712 25.732290 -46.054348 0.058777 -0.144287 0.987305 0.250000 1.000000 1 1 1.000000
4efb_gkk1_13_mesh1
1 -2.722712 25.732290 -46.054348 0.058777 -0.144287 0.987305 0.250000 1.000000 1 1 1.000000
1 -2.704809 27.140423 -45.849716 0.058777 -0.144287 0.987305 0.250000 0.000000 1 1 1.000000
1 -4.020863 25.734875 -45.958565 0.086182 -0.144287 0.985352 0.500000 1.000000 1 1 1.000000
4efb_gkk1_13_mesh1
1 -2.704809 27.140423 -45.849716 0.058777 -0.144287 0.987305 0.250000 0.000000 1 1 1.000000
1 -4.002958 27.143007 -45.753930 0.086182 -0.144287 0.985352 0.500000 0.000000 1 1 1.000000
1 -4.020863 25.734875 -45.958565 0.086182 -0.144287 0.985352 0.500000 1.000000 1 1 1.000000
4efb_gkk1_13_mesh1
1 -4.020863 25.734875 -45.958565 0.086182 -0.144287 0.985352 0.500000 1.000000 1 1 1.000000
1 -4.002958 27.143007 -45.753930 0.086182 -0.144287 0.985352 0.500000 0.000000 1 1 1.000000
1 -5.315935 25.732290 -45.827477 0.113586 -0.144287 0.982910 0.750000 1.000000 1 1 1.000000
4efb_gkk1_13_mesh1
1 -4.002958 27.143007 -45.753930 0.086182 -0.144287 0.985352 0.500000 0.000000 1 1 1.000000
1 -5.298029 27.140420 -45.622840 0.113586 -0.144287 0.982910 0.750000 0.000000 1 1 1.000000
1 -5.315935 25.732290 -45.827477 0.113586 -0.144287 0.982910 0.750000 1.000000 1 1 1.000000
4efb_gkk1_13_mesh1
1 -5.315935 25.732290 -45.827477 0.113586 -0.144287 0.982910 0.750000 1.000000 1 1 1.000000
1 -5.298029 27.140420 -45.622840 0.113586 -0.144287 0.982910 0.750000 0.000000 1 1 1.000000
1 -6.599190 25.724580 -45.662144 0.127197 -0.144165 0.980957 1.000000 1.000000 1 1 1.000000
4efb_gkk1_13_mesh1
1 -5.298029 27.140420 -45.622840 0.113586 -0.144287 0.982910 0.750000 0.000000 1 1 1.000000
1 -6.581285 27.132710 -45.457516 0.127197 -0.144165 0.980957 1.000000 0.000000 1 1 1.000000
1 -6.599190 25.724580 -45.662144 0.127197 -0.144165 0.980957 1.000000 1.000000 1 1 1.000000
4efb_gkk1_13_mesh1
1 -1.443535 26.531197 -46.715790 -0.012573 -0.989258 -0.143799 0.000000 1.000000 1 1 1.000000
1 -1.399015 26.326096 -45.308320 -0.012573 -0.989258 -0.143799 0.000000 0.000000 1 1 1.000000
1 -2.755581 26.539022 -46.654858 -0.012581 -0.989258 -0.143799 0.250000 1.000000 1 1 1.000000
4efb_gkk1_13_mesh1
1 -1.399015 26.326096 -45.308320 -0.012573 -0.989258 -0.143799 0.000000 0.000000 1 1 1.000000
1 -2.671938 26.333689 -45.249207 -0.012581 -0.989258 -0.143799 0.250000 0.000000 1 1 1.000000
1 -2.755581 26.539022 -46.654858 -0.012581 -0.989258 -0.143799 0.250000 1.000000 1 1 1.000000
4efb_gkk1_13_mesh1
1 -2.755581 26.539022 -46.654858 -0.012581 -0.989258 -0.143799 0.250000 1.000000 1 1 1.000000
1 -2.671938 26.333689 -45.249207 -0.012581 -0.989258 -0.143799 0.250000 0.000000 1 1 1.000000
1 -4.073277 26.541649 -46.557636 -0.012581 -0.989258 -0.143799 0.500000 1.000000 1 1 1.000000
4efb_gkk1_13_mesh1
1 -2.671938 26.333689 -45.249207 -0.012581 -0.989258 -0.143799 0.250000 0.000000 1 1 1.000000
1 -3.950550 26.336235 -45.154860 -0.012573 -0.989258 -0.143799 0.500000 0.000000 1 1 1.000000
1 -4.073277 26.541649 -46.557636 -0.012581 -0.989258 -0.143799 0.500000 1.000000 1 1 1.000000
4efb_gkk1_13_mesh1
1 -4.073277 26.541649 -46.557636 -0.012581 -0.989258 -0.143799 0.500000 1.000000 1 1 1.000000
1 -3.950550 26.336235 -45.154860 -0.012573 -0.989258 -0.143799 0.500000 0.000000 1 1 1.000000
1 -5.387838 26.539024 -46.424572 -0.012573 -0.989258 -0.143799 0.750000 1.000000 1 1 1.000000
4efb_gkk1_13_mesh1
1 -3.950550 26.336235 -45.154860 -0.012573 -0.989258 -0.143799 0.500000 0.000000 1 1 1.000000
1 -5.226120 26.333687 -45.025745 -0.012573 -0.989258 -0.143799 0.750000 0.000000 1 1 1.000000
1 -5.387838 26.539024 -46.424572 -0.012573 -0.989258 -0.143799 0.750000 1.000000 1 1 1.000000
4efb_gkk1_13_mesh1
1 -5.387838 26.539024 -46.424572 -0.012573 -0.989258 -0.143799 0.750000 1.000000 1 1 1.000000
1 -5.226120 26.333687 -45.025745 -0.012573 -0.989258 -0.143799 0.750000 0.000000 1 1 1.000000
1 -6.690519 26.531197 -46.256740 -0.012581 -0.989258 -0.143799 1.000000 1.000000 1 1 1.000000
4efb_gkk1_13_mesh1
1 -5.226120 26.333687 -45.025745 -0.012573 -0.989258 -0.143799 0.750000 0.000000 1 1 1.000000
1 -6.489958 26.326096 -44.862923 -0.012581 -0.989258 -0.143799 1.000000 0.000000 1 1 1.000000
1 -6.690519 26.531197 -46.256740 -0.012581 -0.989258 -0.143799 1.000000 1.000000 1 1 1.000000
4efb_gkk1_13_mesh1
1 -45.165436 -3.025391 9.416169 0.965332 -0.144165 -0.215942 0.000000 1.000000 1 1 1.000000
1 -44.967022 -1.617262 9.363005 0.965332 -0.144165 -0.215942 0.000000 0.000000 1 1 1.000000
1 -44.881886 -3.017680 10.678596 0.962402 -0.144287 -0.229370 0.250000 1.000000 1 1 1.000000
4efb_gkk1_13_mesh1
1 -44.967022 -1.617262 9.363005 0.965332 -0.144165 -0.215942 0.000000 0.000000 1 1 1.000000
1 -44.683470 -1.609552 10.625431 0.962402 -0.144287 -0.229370 0.250000 0.000000 1 1 1.000000
1 -44.881886 -3.017680 10.678596 0.962402 -0.144287 -0.229370 0.250000 1.000000 1 1 1.000000
4efb_gkk1_13_mesh1
1 -44.881886 -3.017680 10.678596 0.962402 -0.144287 -0.229370 0.250000 1.000000 1 1 1.000000
1 -44.683470 -1.609552 10.625431 0.962402 -0.144287 -0.229370 0.250000 0.000000 1 1 1.000000
1 -44.562138 -3.015097 11.940393 0.955566 -0.144287 -0.256104 0.500000 1.000000 1 1 1.000000
4efb_gkk1_13_mesh1
1 -44.683470 -1.609552 10.625431 0.962402 -0.144287 -0.229370 0.250000 0.000000 1 1 1.000000
1 -44.363724 -1.606966 11.887230 0.955566 -0.144287 -0.256104 0.500000 0.000000 1 1 1.000000
1 -44.562138 -3.015097 11.940393 0.955566 -0.144287 -0.256104 0.500000 1.000000 1 1 1.000000
4efb_gkk1_13_mesh1
1 -44.562138 -3.015097 11.940393 0.955566 -0.144287 -0.256104 0.500000 1.000000 1 1 1.000000
1 -44.363724 -1.606966 11.887230 0.955566 -0.144287 -0.256104 0.500000 0.000000 1 1 1.000000
1 -44.208153 -3.017682 13.193022 0.948242 -0.144287 -0.282471 0.750000 1.000000 1 1 1.000000
4efb_gkk1_13_mesh1
1 -44.363724 -1.606966 11.887230 0.955566 -0.144287 -0.256104 0.500000 0.000000 1 1 1.000000
1 -44.009740 -1.609553 13.139858 0.948242 -0.144287 -0.282471 0.750000 0.000000 1 1 1.000000
1 -44.208153 -3.017682 13.193022 0.948242 -0.144287 -0.282471 0.750000 1.000000 1 1 1.000000
4efb_gkk1_13_mesh1
1 -44.208153 -3.017682 13.193022 0.948242 -0.144287 -0.282471 0.750000 1.000000 1 1 1.000000
1 -44.009740 -1.609553 13.139858 0.948242 -0.144287 -0.282471 0.750000 0.000000 1 1 1.000000
1 -43.822502 -3.025393 14.428078 0.943848 -0.144165 -0.295654 1.000000 1.000000 1 1 1.000000
4efb_gkk1_13_mesh1
1 -44.009740 -1.609553 13.139858 0.948242 -0.144287 -0.282471 0.750000 0.000000 1 1 1.000000
1 -43.624090 -1.617264 14.374915 0.943848 -0.144165 -0.295654 1.000000 0.000000 1 1 1.000000
1 -43.822502 -3.025393 14.428078 0.943848 -0.144165 -0.295654 1.000000 1.000000 1 1 1.000000
4efb_gkk1_13_mesh1
1 -45.755410 -2.218775 9.533711 -0.139404 -0.989258 0.037354 0.000000 1.000000 1 1 1.000000
1 -44.377050 -2.423877 9.245464 -0.139404 -0.989258 0.037354 0.000000 0.000000 1 1 1.000000
1 -45.467567 -2.210948 10.815243 -0.139404 -0.989258 0.037354 0.250000 1.000000 1 1 1.000000
4efb_gkk1_13_mesh1
1 -44.377050 -2.423877 9.245464 -0.139404 -0.989258 0.037354 0.000000 0.000000 1 1 1.000000
1 -44.097797 -2.416284 10.488784 -0.139404 -0.989258 0.037354 0.250000 0.000000 1 1 1.000000
1 -45.467567 -2.210948 10.815243 -0.139404 -0.989258 0.037354 0.250000 1.000000 1 1 1.000000
4efb_gkk1_13_mesh1
1 -45.467567 -2.210948 10.815243 -0.139404 -0.989258 0.037354 0.250000 1.000000 1 1 1.000000
1 -44.097797 -2.416284 10.488784 -0.139404 -0.989258 0.037354 0.250000 0.000000 1 1 1.000000
1 -45.143005 -2.208324 12.096039 -0.139404 -0.989258 0.037354 0.500000 1.000000 1 1 1.000000
4efb_gkk1_13_mesh1
1 -44.097797 -2.416284 10.488784 -0.139404 -0.989258 0.037354 0.250000 0.000000 1 1 1.000000
1 -43.782856 -2.413738 11.731587 -0.139404 -0.989258 0.037354 0.500000 0.000000 1 1 1.000000
1 -45.143005 -2.208324 12.096039 -0.139404 -0.989258 0.037354 0.500000 1.000000 1 1 1.000000
4efb_gkk1_13_mesh1
1 -45.143005 -2.208324 12.096039 -0.139404 -0.989258 0.037354 0.500000 1.000000 1 1 1.000000
1 -43.782856 -2.413738 11.731587 -0.139404 -0.989258 0.037354 0.500000 0.000000 1 1 1.000000
1 -44.783690 -2.210950 13.367524 -0.139404 -0.989258 0.037354 0.750000 1.000000 1 1 1.000000
4efb_gkk1_13_mesh1
1 -43.782856 -2.413738 11.731587 -0.139404 -0.989258 0.037354 0.500000 0.000000 1 1 1.000000
1 -43.434196 -2.416284 12.965360 -0.139404 -0.989258 0.037354 0.750000 0.000000 1 1 1.000000
1 -44.783690 -2.210950 13.367524 -0.139404 -0.989258 0.037354 0.750000 1.000000 1 1 1.000000
4efb_gkk1_13_mesh1
1 -44.783690 -2.210950 13.367524 -0.139404 -0.989258 0.037354 0.750000 1.000000 1 1 1.000000
1 -43.434196 -2.416284 12.965360 -0.139404 -0.989258 0.037354 0.750000 0.000000 1 1 1.000000
1 -44.392204 -2.218778 14.621272 -0.139404 -0.989258 0.037354 1.000000 1.000000 1 1 1.000000
4efb_gkk1_13_mesh1
1 -43.434196 -2.416284 12.965360 -0.139404 -0.989258 0.037354 0.750000 0.000000 1 1 1.000000
1 -43.054386 -2.423879 14.181721 -0.139404 -0.989258 0.037354 1.000000 0.000000 1 1 1.000000
1 -44.392204 -2.218778 14.621272 -0.139404 -0.989258 0.037354 1.000000 1.000000 1 1 1.000000
4efb_gkk1_13_mesh1
1 40.029636 11.540160 24.822338 -0.841797 0.000000 -0.539062 0.000000 1.000000 1 1 1.000000
1 40.029636 10.099339 24.822338 -0.841797 0.000000 -0.539062 0.000000 0.000000 1 1 1.000000
1 39.323154 11.540159 25.925596 -0.834473 0.000000 -0.550781 0.250000 1.000000 1 1 1.000000
4efb_gkk1_13_mesh1
1 40.029636 10.099339 24.822338 -0.841797 0.000000 -0.539062 0.000000 0.000000 1 1 1.000000
1 39.323154 10.099339 25.925596 -0.834473 0.000000 -0.550781 0.250000 0.000000 1 1 1.000000
1 39.323154 11.540159 25.925596 -0.834473 0.000000 -0.550781 0.250000 1.000000 1 1 1.000000
4efb_gkk1_13_mesh1
1 39.323154 11.540159 25.925596 -0.834473 0.000000 -0.550781 0.250000 1.000000 1 1 1.000000
1 39.323154 10.099339 25.925596 -0.834473 0.000000 -0.550781 0.250000 0.000000 1 1 1.000000
1 38.582130 11.540159 27.015501 -0.818848 0.000000 -0.573242 0.500000 1.000000 1 1 1.000000
4efb_gkk1_13_mesh1
1 39.323154 10.099339 25.925596 -0.834473 0.000000 -0.550781 0.250000 0.000000 1 1 1.000000
1 38.582130 10.099339 27.015501 -0.818848 0.000000 -0.573242 0.500000 0.000000 1 1 1.000000
1 38.582130 11.540159 27.015501 -0.818848 0.000000 -0.573242 0.500000 1.000000 1 1 1.000000
4efb_gkk1_13_mesh1
1 38.582130 11.540159 27.015501 -0.818848 0.000000 -0.573242 0.500000 1.000000 1 1 1.000000
1 38.582130 10.099339 27.015501 -0.818848 0.000000 -0.573242 0.500000 0.000000 1 1 1.000000
1 37.811400 11.540159 28.084608 -0.802734 0.000000 -0.595703 0.750000 1.000000 1 1 1.000000
4efb_gkk1_13_mesh1
1 38.582130 10.099339 27.015501 -0.818848 0.000000 -0.573242 0.500000 0.000000 1 1 1.000000
1 37.811400 10.099338 28.084608 -0.802734 0.000000 -0.595703 0.750000 0.000000 1 1 1.000000
1 37.811400 11.540159 28.084608 -0.802734 0.000000 -0.595703 0.750000 1.000000 1 1 1.000000
4efb_gkk1_13_mesh1
1 37.811400 11.540159 28.084608 -0.802734 0.000000 -0.595703 0.750000 1.000000 1 1 1.000000
1 37.811400 10.099338 28.084608 -0.802734 0.000000 -0.595703 0.750000 0.000000 1 1 1.000000
1 37.016320 11.540158 29.125814 -0.794434 0.000000 -0.606445 1.000000 1.000000 1 1 1.000000
4efb_gkk1_13_mesh1
1 37.811400 10.099338 28.084608 -0.802734 0.000000 -0.595703 0.750000 0.000000 1 1 1.000000
1 37.016320 10.099338 29.125814 -0.794434 0.000000 -0.606445 1.000000 0.000000 1 1 1.000000
1 37.016320 11.540158 29.125814 -0.794434 0.000000 -0.606445 1.000000 1.000000 1 1 1.000000
4efb_gkk1_13_mesh1
1 40.641610 10.819750 25.202444 0.000000 1.000000 0.000000 0.000000 1.000000 1 1 1.000000
1 39.417667 10.819750 24.442232 0.000000 1.000000 0.000000 0.000000 0.000000 1 1 1.000000
1 39.924435 10.819749 26.322397 0.000000 1.000000 0.000000 0.250000 1.000000 1 1 1.000000
4efb_gkk1_13_mesh1
1 39.417667 10.819750 24.442232 0.000000 1.000000 0.000000 0.000000 0.000000 1 1 1.000000
1 38.721874 10.819749 25.528791 0.000000 1.000000 0.000000 0.250000 0.000000 1 1 1.000000
1 39.924435 10.819749 26.322397 0.000000 1.000000 0.000000 0.250000 1.000000 1 1 1.000000
4efb_gkk1_13_mesh1
1 39.924435 10.819749 26.322397 0.000000 1.000000 0.000000 0.250000 1.000000 1 1 1.000000
1 38.721874 10.819749 25.528791 0.000000 1.000000 0.000000 0.250000 0.000000 1 1 1.000000
1 39.172256 10.819749 27.428709 0.000000 1.000000 0.000000 0.500000 1.000000 1 1 1.000000
4efb_gkk1_13_mesh1
1 38.721874 10.819749 25.528791 0.000000 1.000000 0.000000 0.250000 0.000000 1 1 1.000000
1 37.992004 10.819749 26.602290 0.000000 1.000000 0.000000 0.500000 0.000000 1 1 1.000000
1 39.172256 10.819749 27.428709 0.000000 1.000000 0.000000 0.500000 1.000000 1 1 1.000000
4efb_gkk1_13_mesh1
1 39.172256 10.819749 27.428709 0.000000 1.000000 0.000000 0.500000 1.000000 1 1 1.000000
1 37.992004 10.819749 26.602290 0.000000 1.000000 0.000000 0.500000 0.000000 1 1 1.000000
1 38.389923 10.819749 28.513912 0.000000 1.000000 0.000000 0.750000 1.000000 1 1 1.000000
4efb_gkk1_13_mesh1
1 37.992004 10.819749 26.602290 0.000000 1.000000 0.000000 0.500000 0.000000 1 1 1.000000
1 37.232880 10.819749 27.655300 0.000000 1.000000 0.000000 0.750000 0.000000 1 1 1.000000
1 38.389923 10.819749 28.513912 0.000000 1.000000 0.000000 0.750000 1.000000 1 1 1.000000
4efb_gkk1_13_mesh1
1 38.389923 10.819749 28.513912 0.000000 1.000000 0.000000 0.750000 1.000000 1 1 1.000000
1 37.232880 10.819749 27.655300 0.000000 1.000000 0.000000 0.750000 0.000000 1 1 1.000000
1 37.582810 10.819748 29.570879 0.000000 1.000000 0.000000 1.000000 1.000000 1 1 1.000000
4efb_gkk1_13_mesh1
1 37.232880 10.819749 27.655300 0.000000 1.000000 0.000000 0.750000 0.000000 1 1 1.000000
1 36.449837 10.819748 28.680748 0.000000 1.000000 0.000000 1.000000 0.000000 1 1 1.000000
1 37.582810 10.819748 29.570879 0.000000 1.000000 0.000000 1.000000 1.000000 1 1 1.000000
4efb_gkk1_13_mesh1
1 34.703770 22.892666 -13.863973 -0.913086 -0.144165 0.380371 0.000000 1.000000 1 1 1.000000
1 34.552970 24.033253 -13.793653 -0.913086 -0.144165 0.380371 0.000000 0.000000 1 1 1.000000
1 34.300020 22.898910 -14.831123 -0.907715 -0.144287 0.393066 0.250000 1.000000 1 1 1.000000
4efb_gkk1_13_mesh1
1 34.552970 24.033253 -13.793653 -0.913086 -0.144165 0.380371 0.000000 0.000000 1 1 1.000000
1 34.149223 24.039495 -14.760805 -0.907715 -0.144287 0.393066 0.250000 0.000000 1 1 1.000000
1 34.300020 22.898910 -14.831123 -0.907715 -0.144287 0.393066 0.250000 1.000000 1 1 1.000000
4efb_gkk1_13_mesh1
1 34.300020 22.898910 -14.831123 -0.907715 -0.144287 0.393066 0.250000 1.000000 1 1 1.000000
1 34.149223 24.039495 -14.760805 -0.907715 -0.144287 0.393066 0.250000 0.000000 1 1 1.000000
1 33.867477 22.901005 -15.792677 -0.896484 -0.144287 0.417969 0.500000 1.000000 1 1 1.000000
4efb_gkk1_13_mesh1
1 34.149223 24.039495 -14.760805 -0.907715 -0.144287 0.393066 0.250000 0.000000 1 1 1.000000
1 33.716682 24.041588 -15.722359 -0.896484 -0.144287 0.417969 0.500000 0.000000 1 1 1.000000
1 33.867477 22.901005 -15.792677 -0.896484 -0.144287 0.417969 0.500000 1.000000 1 1 1.000000
4efb_gkk1_13_mesh1
1 33.867477 22.901005 -15.792677 -0.896484 -0.144287 0.417969 0.500000 1.000000 1 1 1.000000
1 33.716682 24.041588 -15.722359 -0.896484 -0.144287 0.417969 0.500000 0.000000 1 1 1.000000
1 33.408916 22.898910 -16.742104 -0.884766 -0.144287 0.442871 0.750000 1.000000 1 1 1.000000
4efb_gkk1_13_mesh1
1 33.716682 24.041588 -15.722359 -0.896484 -0.144287 0.417969 0.500000 0.000000 1 1 1.000000
1 33.258120 24.039494 -16.671787 -0.884766 -0.144287 0.442871 0.750000 0.000000 1 1 1.000000
1 33.408916 22.898910 -16.742104 -0.884766 -0.144287 0.442871 0.750000 1.000000 1 1 1.000000
4efb_gkk1_13_mesh1
1 33.408916 22.898910 -16.742104 -0.884766 -0.144287 0.442871 0.750000 1.000000 1 1 1.000000
1 33.258120 24.039494 -16.671787 -0.884766 -0.144287 0.442871 0.750000 0.000000 1 1 1.000000
1 32.927570 22.892666 -17.673050 -0.878418 -0.144165 0.455078 1.000000 1.000000 1 1 1.000000
4efb_gkk1_13_mesh1
1 33.258120 24.039494 -16.671787 -0.884766 -0.144287 0.442871 0.750000 0.000000 1 1 1.000000
1 32.776770 24.033249 -17.602734 -0.878418 -0.144165 0.455078 1.000000 0.000000 1 1 1.000000
1 32.927570 22.892666 -17.673050 -0.878418 -0.144165 0.455078 1.000000 1.000000 1 1 1.000000
4efb_gkk1_13_mesh1
1 35.157852 23.546024 -14.040720 0.130737 -0.989258 -0.061005 0.000000 1.000000 1 1 1.000000
1 34.098890 23.379890 -13.616910 0.130737 -0.989258 -0.061005 0.000000 0.000000 1 1 1.000000
1 34.747993 23.552364 -15.022504 0.130737 -0.989258 -0.060974 0.250000 1.000000 1 1 1.000000
4efb_gkk1_13_mesh1
1 34.098890 23.379890 -13.616910 0.130737 -0.989258 -0.061005 0.000000 0.000000 1 1 1.000000
1 33.701252 23.386042 -14.569422 0.130737 -0.989258 -0.060974 0.250000 0.000000 1 1 1.000000
1 34.747993 23.552364 -15.022504 0.130737 -0.989258 -0.060974 0.250000 1.000000 1 1 1.000000
4efb_gkk1_13_mesh1
1 34.747993 23.552364 -15.022504 0.130737 -0.989258 -0.060974 0.250000 1.000000 1 1 1.000000
1 33.701252 23.386042 -14.569422 0.130737 -0.989258 -0.060974 0.250000 0.000000 1 1 1.000000
1 34.308945 23.554490 -15.998536 0.130737 -0.989258 -0.061005 0.500000 1.000000 1 1 1.000000
4efb_gkk1_13_mesh1
1 33.701252 23.386042 -14.569422 0.130737 -0.989258 -0.060974 0.250000 0.000000 1 1 1.000000
1 33.275220 23.388103 -15.516502 0.130737 -0.989258 -0.061005 0.500000 0.000000 1 1 1.000000
1 34.308945 23.554490 -15.998536 0.130737 -0.989258 -0.061005 0.500000 1.000000 1 1 1.000000
4efb_gkk1_13_mesh1
1 34.308945 23.554490 -15.998536 0.130737 -0.989258 -0.061005 0.500000 1.000000 1 1 1.000000
1 33.275220 23.388103 -15.516502 0.130737 -0.989258 -0.061005 0.500000 0.000000 1 1 1.000000
1 33.843475 23.552364 -16.962252 0.130737 -0.989258 -0.060974 0.750000 1.000000 1 1 1.000000
4efb_gkk1_13_mesh1
1 33.275220 23.388103 -15.516502 0.130737 -0.989258 -0.061005 0.500000 0.000000 1 1 1.000000
1 32.823563 23.386042 -16.451632 0.130737 -0.989258 -0.060974 0.750000 0.000000 1 1 1.000000
1 33.843475 23.552364 -16.962252 0.130737 -0.989258 -0.060974 0.750000 1.000000 1 1 1.000000
4efb_gkk1_13_mesh1
1 33.843475 23.552364 -16.962252 0.130737 -0.989258 -0.060974 0.750000 1.000000 1 1 1.000000
1 32.823563 23.386042 -16.451632 0.130737 -0.989258 -0.060974 0.750000 0.000000 1 1 1.000000
1 33.354843 23.546022 -17.907295 0.130737 -0.989258 -0.060974 1.000000 1.000000 1 1 1.000000
4efb_gkk1_13_mesh1
1 32.823563 23.386042 -16.451632 0.130737 -0.989258 -0.060974 0.750000 0.000000 1 1 1.000000
1 32.349503 23.379890 -17.368498 0.130737 -0.989258 -0.060974 1.000000 0.000000 1 1 1.000000
1 33.354843 23.546022 -17.907295 0.130737 -0.989258 -0.060974 1.000000 1.000000 1 1 1.000000
4efb_gkk1_13_mesh1
1 -19.679590 -0.394821 -31.769096 0.533203 -0.144165 0.833496 0.000000 1.000000 1 1 1.000000
1 -19.584158 0.745763 -31.632805 0.533203 -0.144165 0.833496 0.000000 0.000000 1 1 1.000000
1 -20.561935 -0.388576 -31.203537 0.544434 -0.144287 0.825684 0.250000 1.000000 1 1 1.000000
4efb_gkk1_13_mesh1
1 -19.584158 0.745763 -31.632805 0.533203 -0.144165 0.833496 0.000000 0.000000 1 1 1.000000
1 -20.466497 0.752008 -31.067242 0.544434 -0.144287 0.825684 0.250000 0.000000 1 1 1.000000
1 -20.561935 -0.388576 -31.203537 0.544434 -0.144287 0.825684 0.250000 1.000000 1 1 1.000000
4efb_gkk1_13_mesh1
1 -20.561935 -0.388576 -31.203537 0.544434 -0.144287 0.825684 0.250000 1.000000 1 1 1.000000
1 -20.466497 0.752008 -31.067242 0.544434 -0.144287 0.825684 0.250000 0.000000 1 1 1.000000
1 -21.433770 -0.386483 -30.610594 0.567383 -0.144287 0.810547 0.500000 1.000000 1 1 1.000000
4efb_gkk1_13_mesh1
1 -20.466497 0.752008 -31.067242 0.544434 -0.144287 0.825684 0.250000 0.000000 1 1 1.000000
1 -21.338335 0.754102 -30.474298 0.567383 -0.144287 0.810547 0.500000 0.000000 1 1 1.000000
1 -21.433770 -0.386483 -30.610594 0.567383 -0.144287 0.810547 0.500000 1.000000 1 1 1.000000
4efb_gkk1_13_mesh1
1 -21.433770 -0.386483 -30.610594 0.567383 -0.144287 0.810547 0.500000 1.000000 1 1 1.000000
1 -21.338335 0.754102 -30.474298 0.567383 -0.144287 0.810547 0.500000 0.000000 1 1 1.000000
1 -22.289143 -0.388578 -29.994133 0.589844 -0.144287 0.794434 0.750000 1.000000 1 1 1.000000
4efb_gkk1_13_mesh1
1 -21.338335 0.754102 -30.474298 0.567383 -0.144287 0.810547 0.500000 0.000000 1 1 1.000000
1 -22.193708 0.752007 -29.857840 0.589844 -0.144287 0.794434 0.750000 0.000000 1 1 1.000000
1 -22.289143 -0.388578 -29.994133 0.589844 -0.144287 0.794434 0.750000 1.000000 1 1 1.000000
4efb_gkk1_13_mesh1
1 -22.289143 -0.388578 -29.994133 0.589844 -0.144287 0.794434 0.750000 1.000000 1 1 1.000000
1 -22.193708 0.752007 -29.857840 0.589844 -0.144287 0.794434 0.750000 0.000000 1 1 1.000000
1 -23.122368 -0.394823 -29.358440 0.600586 -0.144165 0.786133 1.000000 1.000000 1 1 1.000000
4efb_gkk1_13_mesh1
1 -22.193708 0.752007 -29.857840 0.589844 -0.144287 0.794434 0.750000 0.000000 1 1 1.000000
1 -23.026934 0.745761 -29.222147 0.600586 -0.144165 0.786133 1.000000 0.000000 1 1 1.000000
1 -23.122368 -0.394823 -29.358440 0.600586 -0.144165 0.786133 1.000000 1.000000 1 1 1.000000
4efb_gkk1_13_mesh1
1 -19.932500 0.258537 -32.185590 -0.082764 -0.989258 -0.118225 0.000000 1.000000 1 1 1.000000
1 -19.331245 0.092405 -31.216305 -0.082764 -0.989258 -0.118225 0.000000 0.000000 1 1 1.000000
1 -20.828196 0.264876 -31.611470 -0.082764 -0.989258 -0.118225 0.250000 1.000000 1 1 1.000000
4efb_gkk1_13_mesh1
1 -19.331245 0.092405 -31.216305 -0.082764 -0.989258 -0.118225 0.000000 0.000000 1 1 1.000000
1 -20.200237 0.098556 -30.659307 -0.082764 -0.989258 -0.118225 0.250000 0.000000 1 1 1.000000
1 -20.828196 0.264876 -31.611470 -0.082764 -0.989258 -0.118225 0.250000 1.000000 1 1 1.000000
4efb_gkk1_13_mesh1
1 -20.828196 0.264876 -31.611470 -0.082764 -0.989258 -0.118225 0.250000 1.000000 1 1 1.000000
1 -20.200237 0.098556 -30.659307 -0.082764 -0.989258 -0.118225 0.250000 0.000000 1 1 1.000000
1 -21.713158 0.267003 -31.009602 -0.082764 -0.989258 -0.118225 0.500000 1.000000 1 1 1.000000
4efb_gkk1_13_mesh1
1 -20.200237 0.098556 -30.659307 -0.082764 -0.989258 -0.118225 0.250000 0.000000 1 1 1.000000
1 -21.058947 0.100617 -30.075290 -0.082764 -0.989258 -0.118225 0.500000 0.000000 1 1 1.000000
1 -21.713158 0.267003 -31.009602 -0.082764 -0.989258 -0.118225 0.500000 1.000000 1 1 1.000000
4efb_gkk1_13_mesh1
1 -21.713158 0.267003 -31.009602 -0.082764 -0.989258 -0.118225 0.500000 1.000000 1 1 1.000000
1 -21.058947 0.100617 -30.075290 -0.082764 -0.989258 -0.118225 0.500000 0.000000 1 1 1.000000
1 -22.581410 0.264875 -30.383862 -0.082764 -0.989258 -0.118225 0.750000 1.000000 1 1 1.000000
4efb_gkk1_13_mesh1
1 -21.058947 0.100617 -30.075290 -0.082764 -0.989258 -0.118225 0.500000 0.000000 1 1 1.000000
1 -21.901443 0.098555 -29.468110 -0.082764 -0.989258 -0.118225 0.750000 0.000000 1 1 1.000000
1 -22.581410 0.264875 -30.383862 -0.082764 -0.989258 -0.118225 0.750000 1.000000 1 1 1.000000
4efb_gkk1_13_mesh1
1 -22.581410 0.264875 -30.383862 -0.082764 -0.989258 -0.118225 0.750000 1.000000 1 1 1.000000
1 -21.901443 0.098555 -29.468110 -0.082764 -0.989258 -0.118225 0.750000 0.000000 1 1 1.000000
1 -23.427244 0.258534 -29.738546 -0.082764 -0.989258 -0.118225 1.000000 1.000000 1 1 1.000000
4efb_gkk1_13_mesh1
1 -21.901443 0.098555 -29.468110 -0.082764 -0.989258 -0.118225 0.750000 0.000000 1 1 1.000000
1 -22.722057 0.092402 -28.842037 -0.082764 -0.989258 -0.118225 1.000000 0.000000 1 1 1.000000
1 -23.427244 0.258534 -29.738546 -0.082764 -0.989258 -0.118225 1.000000 1.000000 1 1 1.000000
4efb_gkk1_13_mesh1
1 10.037912 -7.784849 -69.007040 -0.132812 0.000000 0.990723 0.000000 1.000000 1 1 1.000000
1 10.037912 -8.935371 -69.007040 -0.132812 0.000000 0.990723 0.000000 0.000000 1 1 1.000000
1 11.074757 -7.784850 -68.868060 -0.146362 0.000000 0.988770 0.250000 1.000000 1 1 1.000000
4efb_gkk1_13_mesh1
1 10.037912 -8.935371 -69.007040 -0.132812 0.000000 0.990723 0.000000 0.000000 1 1 1.000000
1 11.074757 -8.935371 -68.868060 -0.146362 0.000000 0.988770 0.250000 0.000000 1 1 1.000000
1 11.074757 -7.784850 -68.868060 -0.146362 0.000000 0.988770 0.250000 1.000000 1 1 1.000000
4efb_gkk1_13_mesh1
1 11.074757 -7.784850 -68.868060 -0.146362 0.000000 0.988770 0.250000 1.000000 1 1 1.000000
1 11.074757 -8.935371 -68.868060 -0.146362 0.000000 0.988770 0.250000 0.000000 1 1 1.000000
1 12.113598 -7.784850 -68.699600 -0.173584 0.000000 0.984375 0.500000 1.000000 1 1 1.000000
4efb_gkk1_13_mesh1
1 11.074757 -8.935371 -68.868060 -0.146362 0.000000 0.988770 0.250000 0.000000 1 1 1.000000
1 12.113598 -8.935371 -68.699600 -0.173584 0.000000 0.984375 0.500000 0.000000 1 1 1.000000
1 12.113598 -7.784850 -68.699600 -0.173584 0.000000 0.984375 0.500000 1.000000 1 1 1.000000
4efb_gkk1_13_mesh1
1 12.113598 -7.784850 -68.699600 -0.173584 0.000000 0.984375 0.500000 1.000000 1 1 1.000000
1 12.113598 -8.935371 -68.699600 -0.173584 0.000000 0.984375 0.500000 0.000000 1 1 1.000000
1 13.147413 -7.784850 -68.502610 -0.200684 0.000000 0.979492 0.750000 1.000000 1 1 1.000000
4efb_gkk1_13_mesh1
1 12.113598 -8.935371 -68.699600 -0.173584 0.000000 0.984375 0.500000 0.000000 1 1 1.000000
1 13.147412 -8.935372 -68.502610 -0.200684 0.000000 0.979492 0.750000 0.000000 1 1 1.000000
1 13.147413 -7.784850 -68.502610 -0.200684 0.000000 0.979492 0.750000 1.000000 1 1 1.000000
4efb_gkk1_13_mesh1
1 13.147413 -7.784850 -68.502610 -0.200684 0.000000 0.979492 0.750000 1.000000 1 1 1.000000
1 13.147412 -8.935372 -68.502610 -0.200684 0.000000 0.979492 0.750000 0.000000 1 1 1.000000
1 14.169250 -7.784851 -68.278570 -0.214111 0.000000 0.976562 1.000000 1.000000 1 1 1.000000
4efb_gkk1_13_mesh1
1 13.147412 -8.935372 -68.502610 -0.200684 0.000000 0.979492 0.750000 0.000000 1 1 1.000000
1 14.169250 -8.935372 -68.278570 -0.214111 0.000000 0.976562 1.000000 0.000000 1 1 1.000000
1 14.169250 -7.784851 -68.278570 -0.214111 0.000000 0.976562 1.000000 1.000000 1 1 1.000000
4efb_gkk1_13_mesh1
1 10.106471 -8.360110 -69.578190 0.000000 1.000000 0.000000 0.000000 1.000000 1 1 1.000000
1 9.969349 -8.360110 -68.435880 0.000000 1.000000 0.000000 0.000000 0.000000 1 1 1.000000
1 11.159010 -8.360110 -69.437126 0.000000 1.000000 0.000000 0.250000 1.000000 1 1 1.000000
4efb_gkk1_13_mesh1
1 9.969349 -8.360110 -68.435880 0.000000 1.000000 0.000000 0.000000 0.000000 1 1 1.000000
1 10.990502 -8.360110 -68.299000 0.000000 1.000000 0.000000 0.250000 0.000000 1 1 1.000000
1 11.159010 -8.360110 -69.437126 0.000000 1.000000 0.000000 0.250000 1.000000 1 1 1.000000
4efb_gkk1_13_mesh1
1 11.159010 -8.360110 -69.437126 0.000000 1.000000 0.000000 0.250000 1.000000 1 1 1.000000
1 10.990502 -8.360110 -68.299000 0.000000 1.000000 0.000000 0.250000 0.000000 1 1 1.000000
1 12.213489 -8.360111 -69.266120 0.000000 1.000000 0.000000 0.500000 1.000000 1 1 1.000000
4efb_gkk1_13_mesh1
1 10.990502 -8.360110 -68.299000 0.000000 1.000000 0.000000 0.250000 0.000000 1 1 1.000000
1 12.013701 -8.360110 -68.133070 0.000000 1.000000 0.000000 0.500000 0.000000 1 1 1.000000
1 12.213489 -8.360111 -69.266120 0.000000 1.000000 0.000000 0.500000 1.000000 1 1 1.000000
4efb_gkk1_13_mesh1
1 12.213489 -8.360111 -69.266120 0.000000 1.000000 0.000000 0.500000 1.000000 1 1 1.000000
1 12.013701 -8.360110 -68.133070 0.000000 1.000000 0.000000 0.500000 0.000000 1 1 1.000000
1 13.262865 -8.360111 -69.066154 0.000000 1.000000 0.000000 0.750000 1.000000 1 1 1.000000
4efb_gkk1_13_mesh1
1 12.013701 -8.360110 -68.133070 0.000000 1.000000 0.000000 0.500000 0.000000 1 1 1.000000
1 13.031953 -8.360111 -67.939040 0.000000 1.000000 0.000000 0.750000 0.000000 1 1 1.000000
1 13.262865 -8.360111 -69.066154 0.000000 1.000000 0.000000 0.750000 1.000000 1 1 1.000000
4efb_gkk1_13_mesh1
1 13.262865 -8.360111 -69.066154 0.000000 1.000000 0.000000 0.750000 1.000000 1 1 1.000000
1 13.031953 -8.360111 -67.939040 0.000000 1.000000 0.000000 0.750000 0.000000 1 1 1.000000
1 14.300167 -8.360112 -68.838740 0.000000 1.000000 0.000000 1.000000 1.000000 1 1 1.000000
4efb_gkk1_13_mesh1
1 13.031953 -8.360111 -67.939040 0.000000 1.000000 0.000000 0.750000 0.000000 1 1 1.000000
1 14.038325 -8.360111 -67.718414 0.000000 1.000000 0.000000 1.000000 0.000000 1 1 1.000000
1 14.300167 -8.360112 -68.838740 0.000000 1.000000 0.000000 1.000000 1.000000 1 1 1.000000
4efb_gkk1_13_mesh1
1 -41.240593 9.918750 -36.795470 0.730469 -0.144165 0.666992 0.000000 1.000000 1 1 1.000000
1 -41.138813 10.829528 -36.710068 0.730469 -0.144165 0.666992 0.000000 0.000000 1 1 1.000000
1 -41.804270 9.923738 -36.176895 0.739746 -0.144287 0.656738 0.250000 1.000000 1 1 1.000000
4efb_gkk1_13_mesh1
1 -41.138813 10.829528 -36.710068 0.730469 -0.144165 0.666992 0.000000 0.000000 1 1 1.000000
1 -41.702490 10.834516 -36.091490 0.739746 -0.144287 0.656738 0.250000 0.000000 1 1 1.000000
1 -41.804270 9.923738 -36.176895 0.739746 -0.144287 0.656738 0.250000 1.000000 1 1 1.000000
4efb_gkk1_13_mesh1
1 -41.804270 9.923738 -36.176895 0.739746 -0.144287 0.656738 0.250000 1.000000 1 1 1.000000
1 -41.702490 10.834516 -36.091490 0.739746 -0.144287 0.656738 0.250000 0.000000 1 1 1.000000
1 -42.354176 9.925414 -35.539370 0.757812 -0.144287 0.635742 0.500000 1.000000 1 1 1.000000
4efb_gkk1_13_mesh1
1 -41.702490 10.834516 -36.091490 0.739746 -0.144287 0.656738 0.250000 0.000000 1 1 1.000000
1 -42.252400 10.836188 -35.453970 0.757812 -0.144287 0.635742 0.500000 0.000000 1 1 1.000000
1 -42.354176 9.925414 -35.539370 0.757812 -0.144287 0.635742 0.500000 1.000000 1 1 1.000000
4efb_gkk1_13_mesh1
1 -42.354176 9.925414 -35.539370 0.757812 -0.144287 0.635742 0.500000 1.000000 1 1 1.000000
1 -42.252400 10.836188 -35.453970 0.757812 -0.144287 0.635742 0.500000 0.000000 1 1 1.000000
1 -42.886540 9.923738 -34.887108 0.775391 -0.144287 0.614258 0.750000 1.000000 1 1 1.000000
4efb_gkk1_13_mesh1
1 -42.252400 10.836188 -35.453970 0.757812 -0.144287 0.635742 0.500000 0.000000 1 1 1.000000
1 -42.784760 10.834518 -34.801700 0.775391 -0.144287 0.614258 0.750000 0.000000 1 1 1.000000
1 -42.886540 9.923738 -34.887108 0.775391 -0.144287 0.614258 0.750000 1.000000 1 1 1.000000
4efb_gkk1_13_mesh1
1 -42.886540 9.923738 -34.887108 0.775391 -0.144287 0.614258 0.750000 1.000000 1 1 1.000000
1 -42.784760 10.834518 -34.801700 0.775391 -0.144287 0.614258 0.750000 0.000000 1 1 1.000000
1 -43.397830 9.918754 -34.224586 0.783691 -0.144165 0.603516 1.000000 1.000000 1 1 1.000000
4efb_gkk1_13_mesh1
1 -42.784760 10.834518 -34.801700 0.775391 -0.144287 0.614258 0.750000 0.000000 1 1 1.000000
1 -43.296047 10.829526 -34.139183 0.783691 -0.144165 0.603516 1.000000 0.000000 1 1 1.000000
1 -43.397830 9.918754 -34.224586 0.783691 -0.144165 0.603516 1.000000 1.000000 1 1 1.000000
4efb_gkk1_13_mesh1
1 -41.521748 10.440473 -37.064457 -0.110535 -0.989258 -0.092773 0.000000 1.000000 1 1 1.000000
1 -40.857670 10.307811 -36.441105 -0.110535 -0.989258 -0.092773 0.000000 0.000000 1 1 1.000000
1 -42.093952 10.445533 -36.436512 -0.110535 -0.989258 -0.092773 0.250000 1.000000 1 1 1.000000
4efb_gkk1_13_mesh1
1 -40.857670 10.307811 -36.441105 -0.110535 -0.989258 -0.092773 0.000000 0.000000 1 1 1.000000
1 -41.412810 10.312722 -35.831886 -0.110535 -0.989258 -0.092773 0.250000 0.000000 1 1 1.000000
1 -42.093952 10.445533 -36.436512 -0.110535 -0.989258 -0.092773 0.250000 1.000000 1 1 1.000000
4efb_gkk1_13_mesh1
1 -42.093952 10.445533 -36.436512 -0.110535 -0.989258 -0.092773 0.250000 1.000000 1 1 1.000000
1 -41.412810 10.312722 -35.831886 -0.110535 -0.989258 -0.092773 0.250000 0.000000 1 1 1.000000
1 -42.652145 10.447234 -35.789400 -0.110535 -0.989258 -0.092773 0.500000 1.000000 1 1 1.000000
4efb_gkk1_13_mesh1
1 -41.412810 10.312722 -35.831886 -0.110535 -0.989258 -0.092773 0.250000 0.000000 1 1 1.000000
1 -41.954445 10.314372 -35.203960 -0.110535 -0.989258 -0.092773 0.500000 0.000000 1 1 1.000000
1 -42.652145 10.447234 -35.789400 -0.110535 -0.989258 -0.092773 0.500000 1.000000 1 1 1.000000
4efb_gkk1_13_mesh1
1 -42.652145 10.447234 -35.789400 -0.110535 -0.989258 -0.092773 0.500000 1.000000 1 1 1.000000
1 -41.954445 10.314372 -35.203960 -0.110535 -0.989258 -0.092773 0.500000 0.000000 1 1 1.000000
1 -43.192510 10.445538 -35.127310 -0.110535 -0.989258 -0.092773 0.750000 1.000000 1 1 1.000000
4efb_gkk1_13_mesh1
1 -41.954445 10.314372 -35.203960 -0.110535 -0.989258 -0.092773 0.500000 0.000000 1 1 1.000000
1 -42.478790 10.312728 -34.561516 -0.110535 -0.989258 -0.092773 0.750000 0.000000 1 1 1.000000
1 -43.192510 10.445538 -35.127310 -0.110535 -0.989258 -0.092773 0.750000 1.000000 1 1 1.000000
4efb_gkk1_13_mesh1
1 -43.192510 10.445538 -35.127310 -0.110535 -0.989258 -0.092773 0.750000 1.000000 1 1 1.000000
1 -42.478790 10.312728 -34.561516 -0.110535 -0.989258 -0.092773 0.750000 0.000000 1 1 1.000000
1 -43.711544 10.440473 -34.454765 -0.110535 -0.989258 -0.092773 1.000000 1.000000 1 1 1.000000
4efb_gkk1_13_mesh1
1 -42.478790 10.312728 -34.561516 -0.110535 -0.989258 -0.092773 0.750000 0.000000 1 1 1.000000
1 -42.982340 10.307816 -33.909020 -0.110535 -0.989258 -0.092773 1.000000 0.000000 1 1 1.000000
1 -43.711544 10.440473 -34.454765 -0.110535 -0.989258 -0.092773 1.000000 1.000000 1 1 1.000000
4efb_gkk1_13_mesh1
1 -29.075127 -24.581203 47.003548 0.529785 -0.144165 -0.835449 0.000000 1.000000 1 1 1.000000
1 -29.008690 -23.670427 46.888477 0.529785 -0.144165 -0.835449 0.000000 0.000000 1 1 1.000000
1 -28.368063 -24.576218 47.451244 0.518066 -0.144287 -0.842773 0.250000 1.000000 1 1 1.000000
4efb_gkk1_13_mesh1
1 -29.008690 -23.670427 46.888477 0.529785 -0.144165 -0.835449 0.000000 0.000000 1 1 1.000000
1 -28.301634 -23.665440 47.336190 0.518066 -0.144287 -0.842773 0.250000 0.000000 1 1 1.000000
1 -28.368063 -24.576218 47.451244 0.518066 -0.144287 -0.842773 0.250000 1.000000 1 1 1.000000
4efb_gkk1_13_mesh1
1 -28.368063 -24.576218 47.451244 0.518066 -0.144287 -0.842773 0.250000 1.000000 1 1 1.000000
1 -28.301634 -23.665440 47.336190 0.518066 -0.144287 -0.842773 0.250000 0.000000 1 1 1.000000
1 -27.644730 -24.574550 47.882090 0.494629 -0.144287 -0.856934 0.500000 1.000000 1 1 1.000000
4efb_gkk1_13_mesh1
1 -28.301634 -23.665440 47.336190 0.518066 -0.144287 -0.842773 0.250000 0.000000 1 1 1.000000
1 -27.578297 -23.663770 47.767036 0.494629 -0.144287 -0.856934 0.500000 0.000000 1 1 1.000000
1 -27.644730 -24.574550 47.882090 0.494629 -0.144287 -0.856934 0.500000 1.000000 1 1 1.000000
4efb_gkk1_13_mesh1
1 -27.644730 -24.574550 47.882090 0.494629 -0.144287 -0.856934 0.500000 1.000000 1 1 1.000000
1 -27.578297 -23.663770 47.767036 0.494629 -0.144287 -0.856934 0.500000 0.000000 1 1 1.000000
1 -26.909935 -24.576221 48.293095 0.470703 -0.144287 -0.870117 0.750000 1.000000 1 1 1.000000
4efb_gkk1_13_mesh1
1 -27.578297 -23.663770 47.767036 0.494629 -0.144287 -0.856934 0.500000 0.000000 1 1 1.000000
1 -26.843502 -23.665443 48.178024 0.470703 -0.144287 -0.870117 0.750000 0.000000 1 1 1.000000
1 -26.909935 -24.576221 48.293095 0.470703 -0.144287 -0.870117 0.750000 1.000000 1 1 1.000000
4efb_gkk1_13_mesh1
1 -26.909935 -24.576221 48.293095 0.470703 -0.144287 -0.870117 0.750000 1.000000 1 1 1.000000
1 -26.843502 -23.665443 48.178024 0.470703 -0.144287 -0.870117 0.750000 0.000000 1 1 1.000000
1 -26.168694 -24.581207 48.681576 0.458496 -0.144165 -0.876465 1.000000 1.000000 1 1 1.000000
4efb_gkk1_13_mesh1
1 -26.843502 -23.665443 48.178024 0.470703 -0.144287 -0.870117 0.750000 0.000000 1 1 1.000000
1 -26.102260 -23.670433 48.566510 0.458496 -0.144165 -0.876465 1.000000 0.000000 1 1 1.000000
1 -26.168694 -24.581207 48.681576 0.458496 -0.144165 -0.876465 1.000000 1.000000 1 1 1.000000
4efb_gkk1_13_mesh1
1 -29.291195 -24.059490 47.327137 -0.072144 -0.989258 0.125000 0.000000 1.000000 1 1 1.000000
1 -28.792627 -24.192156 46.564896 -0.072144 -0.989258 0.125000 0.000000 0.000000 1 1 1.000000
1 -28.573433 -24.054432 47.781600 -0.072144 -0.989258 0.125000 0.250000 1.000000 1 1 1.000000
4efb_gkk1_13_mesh1
1 -28.792627 -24.192156 46.564896 -0.072144 -0.989258 0.125000 0.000000 0.000000 1 1 1.000000
1 -28.096264 -24.187243 47.005820 -0.072144 -0.989258 0.125000 0.250000 0.000000 1 1 1.000000
1 -28.573433 -24.054432 47.781600 -0.072144 -0.989258 0.125000 0.250000 1.000000 1 1 1.000000
4efb_gkk1_13_mesh1
1 -28.573433 -24.054432 47.781600 -0.072144 -0.989258 0.125000 0.250000 1.000000 1 1 1.000000
1 -28.096264 -24.187243 47.005820 -0.072144 -0.989258 0.125000 0.250000 0.000000 1 1 1.000000
1 -27.839210 -24.052734 48.218940 -0.072144 -0.989258 0.125000 0.500000 1.000000 1 1 1.000000
4efb_gkk1_13_mesh1
1 -28.096264 -24.187243 47.005820 -0.072144 -0.989258 0.125000 0.250000 0.000000 1 1 1.000000
1 -27.383820 -24.185598 47.430183 -0.072144 -0.989258 0.125000 0.500000 0.000000 1 1 1.000000
1 -27.839210 -24.052734 48.218940 -0.072144 -0.989258 0.125000 0.500000 1.000000 1 1 1.000000
4efb_gkk1_13_mesh1
1 -27.839210 -24.052734 48.218940 -0.072144 -0.989258 0.125000 0.500000 1.000000 1 1 1.000000
1 -27.383820 -24.185598 47.430183 -0.072144 -0.989258 0.125000 0.500000 0.000000 1 1 1.000000
1 -27.093350 -24.054434 48.636116 -0.072144 -0.989258 0.125000 0.750000 1.000000 1 1 1.000000
4efb_gkk1_13_mesh1
1 -27.383820 -24.185598 47.430183 -0.072144 -0.989258 0.125000 0.500000 0.000000 1 1 1.000000
1 -26.660088 -24.187244 47.835000 -0.072144 -0.989258 0.125000 0.750000 0.000000 1 1 1.000000
1 -27.093350 -24.054434 48.636116 -0.072144 -0.989258 0.125000 0.750000 1.000000 1 1 1.000000
4efb_gkk1_13_mesh1
1 -27.093350 -24.054434 48.636116 -0.072144 -0.989258 0.125000 0.750000 1.000000 1 1 1.000000
1 -26.660088 -24.187244 47.835000 -0.072144 -0.989258 0.125000 0.750000 0.000000 1 1 1.000000
1 -26.340897 -24.059496 49.030490 -0.072144 -0.989258 0.125000 1.000000 1.000000 1 1 1.000000
4efb_gkk1_13_mesh1
1 -26.660088 -24.187244 47.835000 -0.072144 -0.989258 0.125000 0.750000 0.000000 1 1 1.000000
1 -25.930065 -24.192156 48.217598 -0.072144 -0.989258 0.125000 1.000000 0.000000 1 1 1.000000
1 -26.340897 -24.059496 49.030490 -0.072144 -0.989258 0.125000 1.000000 1.000000 1 1 1.000000
4efb_gkk1_13_mesh1
1 55.305637 -7.894139 -11.477084 -0.976562 0.000000 0.214111 0.000000 1.000000 1 1 1.000000
1 55.305637 -8.826061 -11.477084 -0.976562 0.000000 0.214111 0.000000 0.000000 1 1 1.000000
1 55.487106 -7.894139 -10.649385 -0.979492 0.000000 0.200684 0.250000 1.000000 1 1 1.000000
4efb_gkk1_13_mesh1
1 55.305637 -8.826061 -11.477084 -0.976562 0.000000 0.214111 0.000000 0.000000 1 1 1.000000
1 55.487106 -8.826061 -10.649385 -0.979492 0.000000 0.200684 0.250000 0.000000 1 1 1.000000
1 55.487106 -7.894139 -10.649385 -0.979492 0.000000 0.200684 0.250000 1.000000 1 1 1.000000
4efb_gkk1_13_mesh1
1 55.487106 -7.894139 -10.649385 -0.979492 0.000000 0.200684 0.250000 1.000000 1 1 1.000000
1 55.487106 -8.826061 -10.649385 -0.979492 0.000000 0.200684 0.250000 0.000000 1 1 1.000000
1 55.646664 -7.894139 -9.812000 -0.984375 0.000000 0.173584 0.500000 1.000000 1 1 1.000000
4efb_gkk1_13_mesh1
1 55.487106 -8.826061 -10.649385 -0.979492 0.000000 0.200684 0.250000 0.000000 1 1 1.000000
1 55.646664 -8.826062 -9.812000 -0.984375 0.000000 0.173584 0.500000 0.000000 1 1 1.000000
1 55.646664 -7.894139 -9.812000 -0.984375 0.000000 0.173584 0.500000 1.000000 1 1 1.000000
4efb_gkk1_13_mesh1
1 55.646664 -7.894139 -9.812000 -0.984375 0.000000 0.173584 0.500000 1.000000 1 1 1.000000
1 55.646664 -8.826062 -9.812000 -0.984375 0.000000 0.173584 0.500000 0.000000 1 1 1.000000
1 55.783140 -7.894139 -8.970541 -0.988770 0.000000 0.146362 0.750000 1.000000 1 1 1.000000
4efb_gkk1_13_mesh1
1 55.646664 -8.826062 -9.812000 -0.984375 0.000000 0.173584 0.500000 0.000000 1 1 1.000000
1 55.783140 -8.826062 -8.970541 -0.988770 0.000000 0.146362 0.750000 0.000000 1 1 1.000000
1 55.783140 -7.894139 -8.970541 -0.988770 0.000000 0.146362 0.750000 1.000000 1 1 1.000000
4efb_gkk1_13_mesh1
1 55.783140 -7.894139 -8.970541 -0.988770 0.000000 0.146362 0.750000 1.000000 1 1 1.000000
1 55.783140 -8.826062 -8.970541 -0.988770 0.000000 0.146362 0.750000 0.000000 1 1 1.000000
1 55.895702 -7.894140 -8.130700 -0.990723 0.000000 0.132812 1.000000 1.000000 1 1 1.000000
4efb_gkk1_13_mesh1
1 55.783140 -8.826062 -8.970541 -0.988770 0.000000 0.146362 0.750000 0.000000 1 1 1.000000
1 55.895702 -8.826062 -8.130700 -0.990723 0.000000 0.132812 1.000000 0.000000 1 1 1.000000
1 55.895702 -7.894140 -8.130700 -0.990723 0.000000 0.132812 1.000000 1.000000 1 1 1.000000
4efb_gkk1_13_mesh1
1 55.759365 -8.360100 -11.583132 0.000000 1.000000 0.000000 0.000000 1.000000 1 1 1.000000
1 54.851902 -8.360100 -11.371043 0.000000 1.000000 0.000000 0.000000 0.000000 1 1 1.000000
1 55.943577 -8.360101 -10.742910 0.000000 1.000000 0.000000 0.250000 1.000000 1 1 1.000000
4efb_gkk1_13_mesh1
1 54.851902 -8.360100 -11.371043 0.000000 1.000000 0.000000 0.000000 0.000000 1 1 1.000000
1 55.030617 -8.360101 -10.555872 0.000000 1.000000 0.000000 0.250000 0.000000 1 1 1.000000
1 55.943577 -8.360101 -10.742910 0.000000 1.000000 0.000000 0.250000 1.000000 1 1 1.000000
4efb_gkk1_13_mesh1
1 55.943577 -8.360101 -10.742910 0.000000 1.000000 0.000000 0.250000 1.000000 1 1 1.000000
1 55.030617 -8.360101 -10.555872 0.000000 1.000000 0.000000 0.250000 0.000000 1 1 1.000000
1 56.105540 -8.360101 -9.892920 0.000000 1.000000 0.000000 0.500000 1.000000 1 1 1.000000
4efb_gkk1_13_mesh1
1 55.030617 -8.360101 -10.555872 0.000000 1.000000 0.000000 0.250000 0.000000 1 1 1.000000
1 55.187780 -8.360101 -9.731091 0.000000 1.000000 0.000000 0.500000 0.000000 1 1 1.000000
1 56.105540 -8.360101 -9.892920 0.000000 1.000000 0.000000 0.500000 1.000000 1 1 1.000000
4efb_gkk1_13_mesh1
1 56.105540 -8.360101 -9.892920 0.000000 1.000000 0.000000 0.500000 1.000000 1 1 1.000000
1 55.187780 -8.360101 -9.731091 0.000000 1.000000 0.000000 0.500000 0.000000 1 1 1.000000
1 56.244060 -8.360101 -9.038787 0.000000 1.000000 0.000000 0.750000 1.000000 1 1 1.000000
4efb_gkk1_13_mesh1
1 55.187780 -8.360101 -9.731091 0.000000 1.000000 0.000000 0.500000 0.000000 1 1 1.000000
1 55.322190 -8.360101 -8.902298 0.000000 1.000000 0.000000 0.750000 0.000000 1 1 1.000000
1 56.244060 -8.360101 -9.038787 0.000000 1.000000 0.000000 0.750000 1.000000 1 1 1.000000
4efb_gkk1_13_mesh1
1 56.244060 -8.360101 -9.038787 0.000000 1.000000 0.000000 0.750000 1.000000 1 1 1.000000
1 55.322190 -8.360101 -8.902298 0.000000 1.000000 0.000000 0.750000 0.000000 1 1 1.000000
1 56.358334 -8.360101 -8.186239 0.000000 1.000000 0.000000 1.000000 1.000000 1 1 1.000000
4efb_gkk1_13_mesh1
1 55.322190 -8.360101 -8.902298 0.000000 1.000000 0.000000 0.750000 0.000000 1 1 1.000000
1 55.433060 -8.360101 -8.075170 0.000000 1.000000 0.000000 1.000000 0.000000 1 1 1.000000
1 56.358334 -8.360101 -8.186239 0.000000 1.000000 0.000000 1.000000 1.000000 1 1 1.000000
4efb_gkk1_13_mesh1
1 16.581768 6.445766 -41.584010 -0.376709 -0.144165 0.914551 0.000000 1.000000 1 1 1.000000
1 16.544960 7.183497 -41.482883 -0.376709 -0.144165 0.914551 0.000000 0.000000 1 1 1.000000
1 15.954775 6.449806 -41.841682 -0.364014 -0.144287 0.919922 0.250000 1.000000 1 1 1.000000
4efb_gkk1_13_mesh1
1 16.544960 7.183497 -41.482883 -0.376709 -0.144165 0.914551 0.000000 0.000000 1 1 1.000000
1 15.917968 7.187537 -41.740550 -0.364014 -0.144287 0.919922 0.250000 0.000000 1 1 1.000000
1 15.954775 6.449806 -41.841682 -0.364014 -0.144287 0.919922 0.250000 1.000000 1 1 1.000000
4efb_gkk1_13_mesh1
1 15.954775 6.449806 -41.841682 -0.364014 -0.144287 0.919922 0.250000 1.000000 1 1 1.000000
1 15.917968 7.187537 -41.740550 -0.364014 -0.144287 0.919922 0.250000 0.000000 1 1 1.000000
1 15.317180 6.451160 -42.083630 -0.338379 -0.144287 0.929688 0.500000 1.000000 1 1 1.000000
4efb_gkk1_13_mesh1
1 15.917968 7.187537 -41.740550 -0.364014 -0.144287 0.919922 0.250000 0.000000 1 1 1.000000
1 15.280369 7.188890 -41.982500 -0.338379 -0.144287 0.929688 0.500000 0.000000 1 1 1.000000
1 15.317180 6.451160 -42.083630 -0.338379 -0.144287 0.929688 0.500000 1.000000 1 1 1.000000
4efb_gkk1_13_mesh1
1 15.317180 6.451160 -42.083630 -0.338379 -0.144287 0.929688 0.500000 1.000000 1 1 1.000000
1 15.280369 7.188890 -41.982500 -0.338379 -0.144287 0.929688 0.500000 0.000000 1 1 1.000000
1 14.673224 6.449806 -42.308125 -0.312256 -0.144287 0.938477 0.750000 1.000000 1 1 1.000000
4efb_gkk1_13_mesh1
1 15.280369 7.188890 -41.982500 -0.338379 -0.144287 0.929688 0.500000 0.000000 1 1 1.000000
1 14.636419 7.187536 -42.207005 -0.312256 -0.144165 0.938477 0.750000 0.000000 1 1 1.000000
1 14.673224 6.449806 -42.308125 -0.312256 -0.144287 0.938477 0.750000 1.000000 1 1 1.000000
4efb_gkk1_13_mesh1
1 14.673224 6.449806 -42.308125 -0.312256 -0.144287 0.938477 0.750000 1.000000 1 1 1.000000
1 14.636419 7.187536 -42.207005 -0.312256 -0.144165 0.938477 0.750000 0.000000 1 1 1.000000
1 14.027303 6.445767 -42.513756 -0.299316 -0.144165 0.942871 1.000000 1.000000 1 1 1.000000
4efb_gkk1_13_mesh1
1 14.636419 7.187536 -42.207005 -0.312256 -0.144165 0.938477 0.750000 0.000000 1 1 1.000000
1 13.990498 7.183497 -42.412632 -0.299316 -0.144165 0.942871 1.000000 0.000000 1 1 1.000000
1 14.027303 6.445767 -42.513756 -0.299316 -0.144165 0.942871 1.000000 1.000000 1 1 1.000000
4efb_gkk1_13_mesh1
1 16.708609 6.868362 -41.872530 0.049347 -0.989258 -0.135620 0.000000 1.000000 1 1 1.000000
1 16.418118 6.760907 -41.194374 0.049347 -0.989258 -0.135620 0.000000 0.000000 1 1 1.000000
1 16.072132 6.872462 -42.134106 0.049347 -0.989258 -0.135620 0.250000 1.000000 1 1 1.000000
4efb_gkk1_13_mesh1
1 16.418118 6.760907 -41.194374 0.049347 -0.989258 -0.135620 0.000000 0.000000 1 1 1.000000
1 15.800615 6.764885 -41.448147 0.049347 -0.989258 -0.135620 0.250000 0.000000 1 1 1.000000
1 16.072132 6.872462 -42.134106 0.049347 -0.989258 -0.135620 0.250000 1.000000 1 1 1.000000
4efb_gkk1_13_mesh1
1 16.072132 6.872462 -42.134106 0.049347 -0.989258 -0.135620 0.250000 1.000000 1 1 1.000000
1 15.800615 6.764885 -41.448147 0.049347 -0.989258 -0.135620 0.250000 0.000000 1 1 1.000000
1 15.424934 6.873839 -42.379700 0.049347 -0.989258 -0.135620 0.500000 1.000000 1 1 1.000000
4efb_gkk1_13_mesh1
1 15.800615 6.764885 -41.448147 0.049347 -0.989258 -0.135620 0.250000 0.000000 1 1 1.000000
1 15.172617 6.766217 -41.686460 0.049347 -0.989258 -0.135620 0.500000 0.000000 1 1 1.000000
1 15.424934 6.873839 -42.379700 0.049347 -0.989258 -0.135620 0.500000 1.000000 1 1 1.000000
4efb_gkk1_13_mesh1
1 15.424934 6.873839 -42.379700 0.049347 -0.989258 -0.135620 0.500000 1.000000 1 1 1.000000
1 15.172617 6.766217 -41.686460 0.049347 -0.989258 -0.135620 0.500000 0.000000 1 1 1.000000
1 14.771290 6.872463 -42.607574 0.049347 -0.989258 -0.135620 0.750000 1.000000 1 1 1.000000
4efb_gkk1_13_mesh1
1 15.172617 6.766217 -41.686460 0.049347 -0.989258 -0.135620 0.500000 0.000000 1 1 1.000000
1 14.538359 6.764885 -41.907578 0.049347 -0.989258 -0.135620 0.750000 0.000000 1 1 1.000000
1 14.771290 6.872463 -42.607574 0.049347 -0.989258 -0.135620 0.750000 1.000000 1 1 1.000000
4efb_gkk1_13_mesh1
1 14.771290 6.872463 -42.607574 0.049347 -0.989258 -0.135620 0.750000 1.000000 1 1 1.000000
1 14.538359 6.764885 -41.907578 0.049347 -0.989258 -0.135620 0.750000 0.000000 1 1 1.000000
1 14.115589 6.868360 -42.816320 0.049347 -0.989258 -0.135620 1.000000 1.000000 1 1 1.000000
4efb_gkk1_13_mesh1
1 14.538359 6.764885 -41.907578 0.049347 -0.989258 -0.135620 0.750000 0.000000 1 1 1.000000
1 13.902209 6.760908 -42.110090 0.049347 -0.989258 -0.135620 1.000000 0.000000 1 1 1.000000
1 14.115589 6.868360 -42.816320 0.049347 -0.989258 -0.135620 1.000000 1.000000 1 1 1.000000
4efb_gkk1_13_mesh1
1 -43.831657 -21.499207 -9.108871 0.966309 -0.144165 0.212280 0.000000 1.000000 1 1 1.000000
1 -43.725680 -20.761475 -9.090185 0.966309 -0.144165 0.212280 0.000000 0.000000 1 1 1.000000
1 -43.976532 -21.495167 -8.446663 0.969238 -0.144287 0.198853 0.250000 1.000000 1 1 1.000000
4efb_gkk1_13_mesh1
1 -43.725680 -20.761475 -9.090185 0.966309 -0.144165 0.212280 0.000000 0.000000 1 1 1.000000
1 -43.870552 -20.757439 -8.427976 0.969238 -0.144287 0.198853 0.250000 0.000000 1 1 1.000000
1 -43.976532 -21.495167 -8.446663 0.969238 -0.144287 0.198853 0.250000 1.000000 1 1 1.000000
4efb_gkk1_13_mesh1
1 -43.976532 -21.495167 -8.446663 0.969238 -0.144287 0.198853 0.250000 1.000000 1 1 1.000000
1 -43.870552 -20.757439 -8.427976 0.969238 -0.144287 0.198853 0.250000 0.000000 1 1 1.000000
1 -44.104088 -21.493814 -7.776737 0.974121 -0.144287 0.171753 0.500000 1.000000 1 1 1.000000
4efb_gkk1_13_mesh1
1 -43.870552 -20.757439 -8.427976 0.969238 -0.144287 0.198853 0.250000 0.000000 1 1 1.000000
1 -43.998108 -20.756084 -7.758049 0.974121 -0.144287 0.171753 0.500000 0.000000 1 1 1.000000
1 -44.104088 -21.493814 -7.776737 0.974121 -0.144287 0.171753 0.500000 1.000000 1 1 1.000000
4efb_gkk1_13_mesh1
1 -44.104088 -21.493814 -7.776737 0.974121 -0.144287 0.171753 0.500000 1.000000 1 1 1.000000
1 -43.998108 -20.756084 -7.758049 0.974121 -0.144287 0.171753 0.500000 0.000000 1 1 1.000000
1 -44.213352 -21.495167 -7.103584 0.978516 -0.144287 0.144653 0.750000 1.000000 1 1 1.000000
4efb_gkk1_13_mesh1
1 -43.998108 -20.756084 -7.758049 0.974121 -0.144287 0.171753 0.500000 0.000000 1 1 1.000000
1 -44.107376 -20.757439 -7.084897 0.978516 -0.144287 0.144653 0.750000 0.000000 1 1 1.000000
1 -44.213352 -21.495167 -7.103584 0.978516 -0.144287 0.144653 0.750000 1.000000 1 1 1.000000
4efb_gkk1_13_mesh1
1 -44.213352 -21.495167 -7.103584 0.978516 -0.144287 0.144653 0.750000 1.000000 1 1 1.000000
1 -44.107376 -20.757439 -7.084897 0.978516 -0.144287 0.144653 0.750000 0.000000 1 1 1.000000
1 -44.303703 -21.499208 -6.431767 0.980469 -0.144165 0.130981 1.000000 1.000000 1 1 1.000000
4efb_gkk1_13_mesh1
1 -44.107376 -20.757439 -7.084897 0.978516 -0.144287 0.144653 0.750000 0.000000 1 1 1.000000
1 -44.197716 -20.761480 -6.413078 0.980469 -0.144165 0.130981 1.000000 0.000000 1 1 1.000000
1 -44.303703 -21.499208 -6.431767 0.980469 -0.144165 0.130981 1.000000 1.000000 1 1 1.000000
4efb_gkk1_13_mesh1
1 -44.137810 -21.076610 -9.183686 -0.142090 -0.989258 -0.025055 0.000000 1.000000 1 1 1.000000
1 -43.419506 -21.184063 -9.015364 -0.142090 -0.989258 -0.025055 0.000000 0.000000 1 1 1.000000
1 -44.284878 -21.072510 -8.511455 -0.142090 -0.989258 -0.025055 0.250000 1.000000 1 1 1.000000
4efb_gkk1_13_mesh1
1 -43.419506 -21.184063 -9.015364 -0.142090 -0.989258 -0.025055 0.000000 0.000000 1 1 1.000000
1 -43.562195 -21.180088 -8.363179 -0.142090 -0.989258 -0.025055 0.250000 0.000000 1 1 1.000000
1 -44.284878 -21.072510 -8.511455 -0.142090 -0.989258 -0.025055 0.250000 1.000000 1 1 1.000000
4efb_gkk1_13_mesh1
1 -44.284878 -21.072510 -8.511455 -0.142090 -0.989258 -0.025055 0.250000 1.000000 1 1 1.000000
1 -43.562195 -21.180088 -8.363179 -0.142090 -0.989258 -0.025055 0.250000 0.000000 1 1 1.000000
1 -44.414356 -21.071136 -7.831444 -0.142090 -0.989258 -0.025055 0.500000 1.000000 1 1 1.000000
4efb_gkk1_13_mesh1
1 -43.562195 -21.180088 -8.363179 -0.142090 -0.989258 -0.025055 0.250000 0.000000 1 1 1.000000
1 -43.687830 -21.178753 -7.703339 -0.142090 -0.989258 -0.025055 0.500000 0.000000 1 1 1.000000
1 -44.414356 -21.071136 -7.831444 -0.142090 -0.989258 -0.025055 0.500000 1.000000 1 1 1.000000
4efb_gkk1_13_mesh1
1 -44.414356 -21.071136 -7.831444 -0.142090 -0.989258 -0.025055 0.500000 1.000000 1 1 1.000000
1 -43.687830 -21.178753 -7.703339 -0.142090 -0.989258 -0.025055 0.500000 0.000000 1 1 1.000000
1 -44.525270 -21.072510 -7.148158 -0.142090 -0.989258 -0.025055 0.750000 1.000000 1 1 1.000000
4efb_gkk1_13_mesh1
1 -43.687830 -21.178753 -7.703339 -0.142090 -0.989258 -0.025055 0.500000 0.000000 1 1 1.000000
1 -43.795452 -21.180086 -7.040319 -0.142090 -0.989258 -0.025055 0.750000 0.000000 1 1 1.000000
1 -44.525270 -21.072510 -7.148158 -0.142090 -0.989258 -0.025055 0.750000 1.000000 1 1 1.000000
4efb_gkk1_13_mesh1
1 -44.525270 -21.072510 -7.148158 -0.142090 -0.989258 -0.025055 0.750000 1.000000 1 1 1.000000
1 -43.795452 -21.180086 -7.040319 -0.142090 -0.989258 -0.025055 0.750000 0.000000 1 1 1.000000
1 -44.616980 -21.076610 -6.466171 -0.142090 -0.989258 -0.025055 1.000000 1.000000 1 1 1.000000
4efb_gkk1_13_mesh1
1 -43.795452 -21.180086 -7.040319 -0.142090 -0.989258 -0.025055 0.750000 0.000000 1 1 1.000000
1 -43.884430 -21.184069 -6.378669 -0.142090 -0.989258 -0.025070 1.000000 0.000000 1 1 1.000000
1 -44.616980 -21.076610 -6.466171 -0.142090 -0.989258 -0.025055 1.000000 1.000000 1 1 1.000000
4efb_gkk1_13_mesh1
1 43.196606 0.575252 -54.742893 -0.610352 0.000000 0.791504 0.000000 1.000000 1 1 1.000000
1 43.196606 -0.575270 -54.742893 -0.610352 0.000000 0.791504 0.000000 0.000000 1 1 1.000000
1 44.025050 0.575252 -54.104110 -0.621094 0.000000 0.783203 0.250000 1.000000 1 1 1.000000
4efb_gkk1_13_mesh1
1 43.196606 -0.575270 -54.742893 -0.610352 0.000000 0.791504 0.000000 0.000000 1 1 1.000000
1 44.025050 -0.575270 -54.104110 -0.621094 0.000000 0.783203 0.250000 0.000000 1 1 1.000000
1 44.025050 0.575252 -54.104110 -0.621094 0.000000 0.783203 0.250000 1.000000 1 1 1.000000
4efb_gkk1_13_mesh1
1 44.025050 0.575252 -54.104110 -0.621094 0.000000 0.783203 0.250000 1.000000 1 1 1.000000
1 44.025050 -0.575270 -54.104110 -0.621094 0.000000 0.783203 0.250000 0.000000 1 1 1.000000
1 44.840485 0.575252 -53.438805 -0.642578 0.000000 0.765625 0.500000 1.000000 1 1 1.000000
4efb_gkk1_13_mesh1
1 44.025050 -0.575270 -54.104110 -0.621094 0.000000 0.783203 0.250000 0.000000 1 1 1.000000
1 44.840485 -0.575270 -53.438805 -0.642578 0.000000 0.765625 0.500000 0.000000 1 1 1.000000
1 44.840485 0.575252 -53.438805 -0.642578 0.000000 0.765625 0.500000 1.000000 1 1 1.000000
4efb_gkk1_13_mesh1
1 44.840485 0.575252 -53.438805 -0.642578 0.000000 0.765625 0.500000 1.000000 1 1 1.000000
1 44.840485 -0.575270 -53.438805 -0.642578 0.000000 0.765625 0.500000 0.000000 1 1 1.000000
1 45.637300 0.575251 -52.751293 -0.663574 0.000000 0.748047 0.750000 1.000000 1 1 1.000000
4efb_gkk1_13_mesh1
1 44.840485 -0.575270 -53.438805 -0.642578 0.000000 0.765625 0.500000 0.000000 1 1 1.000000
1 45.637300 -0.575271 -52.751293 -0.663574 0.000000 0.748047 0.750000 0.000000 1 1 1.000000
1 45.637300 0.575251 -52.751293 -0.663574 0.000000 0.748047 0.750000 1.000000 1 1 1.000000
4efb_gkk1_13_mesh1
1 45.637300 0.575251 -52.751293 -0.663574 0.000000 0.748047 0.750000 1.000000 1 1 1.000000
1 45.637300 -0.575271 -52.751293 -0.663574 0.000000 0.748047 0.750000 0.000000 1 1 1.000000
1 46.410217 0.575251 -52.046356 -0.673828 0.000000 0.738770 1.000000 1.000000 1 1 1.000000
4efb_gkk1_13_mesh1
1 45.637300 -0.575271 -52.751293 -0.663574 0.000000 0.748047 0.750000 0.000000 1 1 1.000000
1 46.410217 -0.575271 -52.046356 -0.673828 0.000000 0.738770 1.000000 0.000000 1 1 1.000000
1 46.410217 0.575251 -52.046356 -0.673828 0.000000 0.738770 1.000000 1.000000 1 1 1.000000
4efb_gkk1_13_mesh1
1 43.541557 0.000000 -55.203250 0.000000 1.000000 0.000000 0.000000 1.000000 1 1 1.000000
1 42.851650 0.000000 -54.282540 0.000000 1.000000 0.000000 0.000000 0.000000 1 1 1.000000
1 44.382550 0.000000 -54.554810 0.000000 1.000000 0.000000 0.250000 1.000000 1 1 1.000000
4efb_gkk1_13_mesh1
1 42.851650 0.000000 -54.282540 0.000000 1.000000 0.000000 0.000000 0.000000 1 1 1.000000
1 43.667557 0.000000 -53.653427 0.000000 1.000000 0.000000 0.250000 0.000000 1 1 1.000000
1 44.382550 0.000000 -54.554810 0.000000 1.000000 0.000000 0.250000 1.000000 1 1 1.000000
4efb_gkk1_13_mesh1
1 44.382550 0.000000 -54.554810 0.000000 1.000000 0.000000 0.250000 1.000000 1 1 1.000000
1 43.667557 0.000000 -53.653427 0.000000 1.000000 0.000000 0.250000 0.000000 1 1 1.000000
1 45.210250 0.000000 -53.879480 0.000000 1.000000 0.000000 0.500000 1.000000 1 1 1.000000
4efb_gkk1_13_mesh1
1 43.667557 0.000000 -53.653427 0.000000 1.000000 0.000000 0.250000 0.000000 1 1 1.000000
1 44.470707 0.000000 -52.998120 0.000000 1.000000 0.000000 0.500000 0.000000 1 1 1.000000
1 45.210250 0.000000 -53.879480 0.000000 1.000000 0.000000 0.500000 1.000000 1 1 1.000000
4efb_gkk1_13_mesh1
1 45.210250 0.000000 -53.879480 0.000000 1.000000 0.000000 0.500000 1.000000 1 1 1.000000
1 44.470707 0.000000 -52.998120 0.000000 1.000000 0.000000 0.500000 0.000000 1 1 1.000000
1 46.019060 0.000000 -53.181614 0.000000 1.000000 0.000000 0.750000 1.000000 1 1 1.000000
4efb_gkk1_13_mesh1
1 44.470707 0.000000 -52.998120 0.000000 1.000000 0.000000 0.500000 0.000000 1 1 1.000000
1 45.255524 0.000000 -52.320965 0.000000 1.000000 0.000000 0.750000 0.000000 1 1 1.000000
1 46.019060 0.000000 -53.181614 0.000000 1.000000 0.000000 0.750000 1.000000 1 1 1.000000
4efb_gkk1_13_mesh1
1 46.019060 0.000000 -53.181614 0.000000 1.000000 0.000000 0.750000 1.000000 1 1 1.000000
1 45.255524 0.000000 -52.320965 0.000000 1.000000 0.000000 0.750000 0.000000 1 1 1.000000
1 46.803673 0.000000 -52.466010 0.000000 1.000000 0.000000 1.000000 1.000000 1 1 1.000000
4efb_gkk1_13_mesh1
1 45.255524 0.000000 -52.320965 0.000000 1.000000 0.000000 0.750000 0.000000 1 1 1.000000
1 46.016754 0.000000 -51.626705 0.000000 1.000000 0.000000 1.000000 0.000000 1 1 1.000000
1 46.803673 0.000000 -52.466010 0.000000 1.000000 0.000000 1.000000 1.000000 1 1 1.000000
4efb_gkk1_13_mesh1
1 -17.317669 18.278847 -52.486115 0.299316 -0.144165 0.942871 0.000000 1.000000 1 1 1.000000
1 -17.272223 19.189625 -52.361260 0.299316 -0.144165 0.942871 0.000000 0.000000 1 1 1.000000
1 -18.115116 18.283834 -52.232246 0.312256 -0.144287 0.938477 0.250000 1.000000 1 1 1.000000
4efb_gkk1_13_mesh1
1 -17.272223 19.189625 -52.361260 0.299316 -0.144165 0.942871 0.000000 0.000000 1 1 1.000000
1 -18.069674 19.194613 -52.107400 0.312256 -0.144287 0.938477 0.250000 0.000000 1 1 1.000000
1 -18.115116 18.283834 -52.232246 0.312256 -0.144287 0.938477 0.250000 1.000000 1 1 1.000000
4efb_gkk1_13_mesh1
1 -18.115116 18.283834 -52.232246 0.312256 -0.144287 0.938477 0.250000 1.000000 1 1 1.000000
1 -18.069674 19.194613 -52.107400 0.312256 -0.144287 0.938477 0.250000 0.000000 1 1 1.000000
1 -18.910109 18.285510 -51.955090 0.338379 -0.144287 0.929688 0.500000 1.000000 1 1 1.000000
4efb_gkk1_13_mesh1
1 -18.069674 19.194613 -52.107400 0.312256 -0.144287 0.938477 0.250000 0.000000 1 1 1.000000
1 -18.864672 19.196283 -51.830242 0.338379 -0.144287 0.929688 0.500000 0.000000 1 1 1.000000
1 -18.910109 18.285510 -51.955090 0.338379 -0.144287 0.929688 0.500000 1.000000 1 1 1.000000
4efb_gkk1_13_mesh1
1 -18.910109 18.285510 -51.955090 0.338379 -0.144287 0.929688 0.500000 1.000000 1 1 1.000000
1 -18.864672 19.196283 -51.830242 0.338379 -0.144287 0.929688 0.500000 0.000000 1 1 1.000000
1 -19.697283 18.283833 -51.656395 0.364014 -0.144287 0.919922 0.750000 1.000000 1 1 1.000000
4efb_gkk1_13_mesh1
1 -18.864672 19.196283 -51.830242 0.338379 -0.144287 0.929688 0.500000 0.000000 1 1 1.000000
1 -19.651840 19.194613 -51.531540 0.364014 -0.144287 0.919922 0.750000 0.000000 1 1 1.000000
1 -19.697283 18.283833 -51.656395 0.364014 -0.144287 0.919922 0.750000 1.000000 1 1 1.000000
4efb_gkk1_13_mesh1
1 -19.697283 18.283833 -51.656395 0.364014 -0.144287 0.919922 0.750000 1.000000 1 1 1.000000
1 -19.651840 19.194613 -51.531540 0.364014 -0.144287 0.919922 0.750000 0.000000 1 1 1.000000
1 -20.471333 18.278849 -51.338280 0.376709 -0.144165 0.914551 1.000000 1.000000 1 1 1.000000
4efb_gkk1_13_mesh1
1 -19.651840 19.194613 -51.531540 0.364014 -0.144287 0.919922 0.750000 0.000000 1 1 1.000000
1 -20.425890 19.189621 -51.213430 0.376709 -0.144165 0.914551 1.000000 0.000000 1 1 1.000000
1 -20.471333 18.278849 -51.338280 0.376709 -0.144165 0.914551 1.000000 1.000000 1 1 1.000000
4efb_gkk1_13_mesh1
1 -17.426664 18.800570 -52.859634 -0.049347 -0.989258 -0.135620 0.000000 1.000000 1 1 1.000000
1 -17.163233 18.667908 -51.987762 -0.049347 -0.989258 -0.135620 0.000000 0.000000 1 1 1.000000
1 -18.236180 18.805630 -52.601925 -0.049347 -0.989258 -0.135620 0.250000 1.000000 1 1 1.000000
4efb_gkk1_13_mesh1
1 -17.163233 18.667908 -51.987762 -0.049347 -0.989258 -0.135620 0.000000 0.000000 1 1 1.000000
1 -17.948605 18.672820 -51.737732 -0.049347 -0.989258 -0.135620 0.250000 0.000000 1 1 1.000000
1 -18.236180 18.805630 -52.601925 -0.049347 -0.989258 -0.135620 0.250000 1.000000 1 1 1.000000
4efb_gkk1_13_mesh1
1 -18.236180 18.805630 -52.601925 -0.049347 -0.989258 -0.135620 0.250000 1.000000 1 1 1.000000
1 -17.948605 18.672820 -51.737732 -0.049347 -0.989258 -0.135620 0.250000 0.000000 1 1 1.000000
1 -19.043148 18.807331 -52.320602 -0.049347 -0.989258 -0.135620 0.500000 1.000000 1 1 1.000000
4efb_gkk1_13_mesh1
1 -17.948605 18.672820 -51.737732 -0.049347 -0.989258 -0.135620 0.250000 0.000000 1 1 1.000000
1 -18.731638 18.674467 -51.464745 -0.049347 -0.989258 -0.135620 0.500000 0.000000 1 1 1.000000
1 -19.043148 18.807331 -52.320602 -0.049347 -0.989258 -0.135620 0.500000 1.000000 1 1 1.000000
4efb_gkk1_13_mesh1
1 -19.043148 18.807331 -52.320602 -0.049347 -0.989258 -0.135620 0.500000 1.000000 1 1 1.000000
1 -18.731638 18.674467 -51.464745 -0.049347 -0.989258 -0.135620 0.500000 0.000000 1 1 1.000000
1 -19.842160 18.805634 -52.017403 -0.049347 -0.989258 -0.135620 0.750000 1.000000 1 1 1.000000
4efb_gkk1_13_mesh1
1 -18.731638 18.674467 -51.464745 -0.049347 -0.989258 -0.135620 0.500000 0.000000 1 1 1.000000
1 -19.506954 18.672823 -51.170547 -0.049347 -0.989258 -0.135620 0.750000 0.000000 1 1 1.000000
1 -19.842160 18.805634 -52.017403 -0.049347 -0.989258 -0.135620 0.750000 1.000000 1 1 1.000000
4efb_gkk1_13_mesh1
1 -19.842160 18.805634 -52.017403 -0.049347 -0.989258 -0.135620 0.750000 1.000000 1 1 1.000000
1 -19.506954 18.672823 -51.170547 -0.049347 -0.989258 -0.135620 0.750000 0.000000 1 1 1.000000
1 -20.627926 18.800568 -51.694480 -0.049347 -0.989258 -0.135620 1.000000 1.000000 1 1 1.000000
4efb_gkk1_13_mesh1
1 -19.506954 18.672823 -51.170547 -0.049347 -0.989258 -0.135620 0.750000 0.000000 1 1 1.000000
1 -20.269290 18.667912 -50.857246 -0.049347 -0.989258 -0.135620 1.000000 0.000000 1 1 1.000000
1 -20.627926 18.800568 -51.694480 -0.049347 -0.989258 -0.135620 1.000000 1.000000 1 1 1.000000
4efb_gkk1_13_mesh1
1 -48.681570 -16.221107 26.168705 0.876465 -0.144165 -0.458496 0.000000 1.000000 1 1 1.000000
1 -48.566498 -15.310332 26.102268 0.876465 -0.144165 -0.458496 0.000000 0.000000 1 1 1.000000
1 -48.293087 -16.216122 26.909950 0.870117 -0.144287 -0.470703 0.250000 1.000000 1 1 1.000000
4efb_gkk1_13_mesh1
1 -48.566498 -15.310332 26.102268 0.876465 -0.144165 -0.458496 0.000000 0.000000 1 1 1.000000
1 -48.178030 -15.305345 26.843525 0.870117 -0.144287 -0.470703 0.250000 0.000000 1 1 1.000000
1 -48.293087 -16.216122 26.909950 0.870117 -0.144287 -0.470703 0.250000 1.000000 1 1 1.000000
4efb_gkk1_13_mesh1
1 -48.293087 -16.216122 26.909950 0.870117 -0.144287 -0.470703 0.250000 1.000000 1 1 1.000000
1 -48.178030 -15.305345 26.843525 0.870117 -0.144287 -0.470703 0.250000 0.000000 1 1 1.000000
1 -47.882084 -16.214453 27.644745 0.856934 -0.144287 -0.494629 0.500000 1.000000 1 1 1.000000
4efb_gkk1_13_mesh1
1 -48.178030 -15.305345 26.843525 0.870117 -0.144287 -0.470703 0.250000 0.000000 1 1 1.000000
1 -47.767020 -15.303676 27.578320 0.856934 -0.144287 -0.494629 0.500000 0.000000 1 1 1.000000
1 -47.882084 -16.214453 27.644745 0.856934 -0.144287 -0.494629 0.500000 1.000000 1 1 1.000000
4efb_gkk1_13_mesh1
1 -47.882084 -16.214453 27.644745 0.856934 -0.144287 -0.494629 0.500000 1.000000 1 1 1.000000
1 -47.767020 -15.303676 27.578320 0.856934 -0.144287 -0.494629 0.500000 0.000000 1 1 1.000000
1 -47.451237 -16.216124 28.368082 0.842773 -0.144287 -0.518066 0.750000 1.000000 1 1 1.000000
4efb_gkk1_13_mesh1
1 -47.767020 -15.303676 27.578320 0.856934 -0.144287 -0.494629 0.500000 0.000000 1 1 1.000000
1 -47.336166 -15.305348 28.301643 0.842773 -0.144287 -0.518066 0.750000 0.000000 1 1 1.000000
1 -47.451237 -16.216124 28.368082 0.842773 -0.144287 -0.518066 0.750000 1.000000 1 1 1.000000
4efb_gkk1_13_mesh1
1 -47.451237 -16.216124 28.368082 0.842773 -0.144287 -0.518066 0.750000 1.000000 1 1 1.000000
1 -47.336166 -15.305348 28.301643 0.842773 -0.144287 -0.518066 0.750000 0.000000 1 1 1.000000
1 -47.003540 -16.221111 29.075132 0.835449 -0.144165 -0.529785 1.000000 1.000000 1 1 1.000000
4efb_gkk1_13_mesh1
1 -47.336166 -15.305348 28.301643 0.842773 -0.144287 -0.518066 0.750000 0.000000 1 1 1.000000
1 -46.888474 -15.310337 29.008701 0.835449 -0.144165 -0.529785 1.000000 0.000000 1 1 1.000000
1 -47.003540 -16.221111 29.075132 0.835449 -0.144165 -0.529785 1.000000 1.000000 1 1 1.000000
4efb_gkk1_13_mesh1
1 -49.030487 -15.699396 26.340904 -0.125000 -0.989258 0.072144 0.000000 1.000000 1 1 1.000000
1 -48.217594 -15.832061 25.930067 -0.125000 -0.989258 0.072144 0.000000 0.000000 1 1 1.000000
1 -48.636120 -15.694337 27.093363 -0.125000 -0.989258 0.072144 0.250000 1.000000 1 1 1.000000
4efb_gkk1_13_mesh1
1 -48.217594 -15.832061 25.930067 -0.125000 -0.989258 0.072144 0.000000 0.000000 1 1 1.000000
1 -47.834988 -15.827148 26.660100 -0.125000 -0.989258 0.072144 0.250000 0.000000 1 1 1.000000
1 -48.636120 -15.694337 27.093363 -0.125000 -0.989258 0.072144 0.250000 1.000000 1 1 1.000000
4efb_gkk1_13_mesh1
1 -48.636120 -15.694337 27.093363 -0.125000 -0.989258 0.072144 0.250000 1.000000 1 1 1.000000
1 -47.834988 -15.827148 26.660100 -0.125000 -0.989258 0.072144 0.250000 0.000000 1 1 1.000000
1 -48.218933 -15.692639 27.839218 -0.125000 -0.989258 0.072144 0.500000 1.000000 1 1 1.000000
4efb_gkk1_13_mesh1
1 -47.834988 -15.827148 26.660100 -0.125000 -0.989258 0.072144 0.250000 0.000000 1 1 1.000000
1 -47.430180 -15.825503 27.383833 -0.125000 -0.989258 0.072144 0.500000 0.000000 1 1 1.000000
1 -48.218933 -15.692639 27.839218 -0.125000 -0.989258 0.072144 0.500000 1.000000 1 1 1.000000
4efb_gkk1_13_mesh1
1 -48.218933 -15.692639 27.839218 -0.125000 -0.989258 0.072144 0.500000 1.000000 1 1 1.000000
1 -47.430180 -15.825503 27.383833 -0.125000 -0.989258 0.072144 0.500000 0.000000 1 1 1.000000
1 -47.781586 -15.694339 28.573437 -0.125000 -0.989258 0.072144 0.750000 1.000000 1 1 1.000000
4efb_gkk1_13_mesh1
1 -47.430180 -15.825503 27.383833 -0.125000 -0.989258 0.072144 0.500000 0.000000 1 1 1.000000
1 -47.005814 -15.827149 28.096280 -0.125000 -0.989258 0.072144 0.750000 0.000000 1 1 1.000000
1 -47.781586 -15.694339 28.573437 -0.125000 -0.989258 0.072144 0.750000 1.000000 1 1 1.000000
4efb_gkk1_13_mesh1
1 -47.781586 -15.694339 28.573437 -0.125000 -0.989258 0.072144 0.750000 1.000000 1 1 1.000000
1 -47.005814 -15.827149 28.096280 -0.125000 -0.989258 0.072144 0.750000 0.000000 1 1 1.000000
1 -47.327133 -15.699402 29.291203 -0.125000 -0.989258 0.072144 1.000000 1.000000 1 1 1.000000
4efb_gkk1_13_mesh1
1 -47.005814 -15.827149 28.096280 -0.125000 -0.989258 0.072144 0.750000 0.000000 1 1 1.000000
1 -46.564896 -15.832061 28.792633 -0.125000 -0.989258 0.072144 1.000000 0.000000 1 1 1.000000
1 -47.327133 -15.699402 29.291203 -0.125000 -0.989258 0.072144 1.000000 1.000000 1 1 1.000000
4efb_gkk1_13_mesh1
1 53.634632 0.465965 17.713370 -0.952637 0.000000 -0.302734 0.000000 1.000000 1 1 1.000000
1 53.634632 -0.465958 17.713370 -0.952637 0.000000 -0.302734 0.000000 0.000000 1 1 1.000000
1 53.377940 0.465965 18.520910 -0.948730 0.000000 -0.315918 0.250000 1.000000 1 1 1.000000
4efb_gkk1_13_mesh1
1 53.634632 -0.465958 17.713370 -0.952637 0.000000 -0.302734 0.000000 0.000000 1 1 1.000000
1 53.377940 -0.465958 18.520910 -0.948730 0.000000 -0.315918 0.250000 0.000000 1 1 1.000000
1 53.377940 0.465965 18.520910 -0.948730 0.000000 -0.315918 0.250000 1.000000 1 1 1.000000
4efb_gkk1_13_mesh1
1 53.377940 0.465965 18.520910 -0.948730 0.000000 -0.315918 0.250000 1.000000 1 1 1.000000
1 53.377940 -0.465958 18.520910 -0.948730 0.000000 -0.315918 0.250000 0.000000 1 1 1.000000
1 53.097427 0.465965 19.325890 -0.939453 0.000000 -0.341797 0.500000 1.000000 1 1 1.000000
4efb_gkk1_13_mesh1
1 53.377940 -0.465958 18.520910 -0.948730 0.000000 -0.315918 0.250000 0.000000 1 1 1.000000
1 53.097427 -0.465958 19.325890 -0.939453 0.000000 -0.341797 0.500000 0.000000 1 1 1.000000
1 53.097427 0.465965 19.325890 -0.939453 0.000000 -0.341797 0.500000 1.000000 1 1 1.000000
4efb_gkk1_13_mesh1
1 53.097427 0.465965 19.325890 -0.939453 0.000000 -0.341797 0.500000 1.000000 1 1 1.000000
1 53.097427 -0.465958 19.325890 -0.939453 0.000000 -0.341797 0.500000 0.000000 1 1 1.000000
1 52.794888 0.465965 20.122850 -0.929688 0.000000 -0.367676 0.750000 1.000000 1 1 1.000000
4efb_gkk1_13_mesh1
1 53.097427 -0.465958 19.325890 -0.939453 0.000000 -0.341797 0.500000 0.000000 1 1 1.000000
1 52.794888 -0.465958 20.122850 -0.929688 0.000000 -0.367676 0.750000 0.000000 1 1 1.000000
1 52.794888 0.465965 20.122850 -0.929688 0.000000 -0.367676 0.750000 1.000000 1 1 1.000000
4efb_gkk1_13_mesh1
1 52.794888 0.465965 20.122850 -0.929688 0.000000 -0.367676 0.750000 1.000000 1 1 1.000000
1 52.794888 -0.465958 20.122850 -0.929688 0.000000 -0.367676 0.750000 0.000000 1 1 1.000000
1 52.472450 0.465964 20.906454 -0.924316 0.000000 -0.380371 1.000000 1.000000 1 1 1.000000
4efb_gkk1_13_mesh1
1 52.794888 -0.465958 20.122850 -0.929688 0.000000 -0.367676 0.750000 0.000000 1 1 1.000000
1 52.472450 -0.465958 20.906454 -0.924316 0.000000 -0.380371 1.000000 0.000000 1 1 1.000000
1 52.472450 0.465964 20.906454 -0.924316 0.000000 -0.380371 1.000000 1.000000 1 1 1.000000
4efb_gkk1_13_mesh1
1 54.080590 0.000000 17.848394 0.000000 1.000000 0.000000 0.000000 1.000000 1 1 1.000000
1 53.188660 0.000000 17.578337 0.000000 1.000000 0.000000 0.000000 0.000000 1 1 1.000000
1 53.820015 0.000000 18.668154 0.000000 1.000000 0.000000 0.250000 1.000000 1 1 1.000000
4efb_gkk1_13_mesh1
1 53.188660 0.000000 17.578337 0.000000 1.000000 0.000000 0.000000 0.000000 1 1 1.000000
1 52.935852 0.000000 18.373653 0.000000 1.000000 0.000000 0.250000 0.000000 1 1 1.000000
1 53.820015 0.000000 18.668154 0.000000 1.000000 0.000000 0.250000 1.000000 1 1 1.000000
4efb_gkk1_13_mesh1
1 53.820015 0.000000 18.668154 0.000000 1.000000 0.000000 0.250000 1.000000 1 1 1.000000
1 52.935852 0.000000 18.373653 0.000000 1.000000 0.000000 0.250000 0.000000 1 1 1.000000
1 53.535286 0.000000 19.485250 0.000000 1.000000 0.000000 0.500000 1.000000 1 1 1.000000
4efb_gkk1_13_mesh1
1 52.935852 0.000000 18.373653 0.000000 1.000000 0.000000 0.250000 0.000000 1 1 1.000000
1 52.659565 0.000000 19.166515 0.000000 1.000000 0.000000 0.500000 0.000000 1 1 1.000000
1 53.535286 0.000000 19.485250 0.000000 1.000000 0.000000 0.500000 1.000000 1 1 1.000000
4efb_gkk1_13_mesh1
1 53.535286 0.000000 19.485250 0.000000 1.000000 0.000000 0.500000 1.000000 1 1 1.000000
1 52.659565 0.000000 19.166515 0.000000 1.000000 0.000000 0.500000 0.000000 1 1 1.000000
1 53.228180 0.000000 20.294209 0.000000 1.000000 0.000000 0.750000 1.000000 1 1 1.000000
4efb_gkk1_13_mesh1
1 52.659565 0.000000 19.166515 0.000000 1.000000 0.000000 0.500000 0.000000 1 1 1.000000
1 52.361572 0.000000 19.951477 0.000000 1.000000 0.000000 0.750000 0.000000 1 1 1.000000
1 53.228180 0.000000 20.294209 0.000000 1.000000 0.000000 0.750000 1.000000 1 1 1.000000
4efb_gkk1_13_mesh1
1 53.228180 0.000000 20.294209 0.000000 1.000000 0.000000 0.750000 1.000000 1 1 1.000000
1 52.361572 0.000000 19.951477 0.000000 1.000000 0.000000 0.750000 0.000000 1 1 1.000000
1 52.900867 0.000000 21.089674 0.000000 1.000000 0.000000 1.000000 1.000000 1 1 1.000000
4efb_gkk1_13_mesh1
1 52.361572 0.000000 19.951477 0.000000 1.000000 0.000000 0.750000 0.000000 1 1 1.000000
1 52.044020 0.000000 20.723225 0.000000 1.000000 0.000000 1.000000 0.000000 1 1 1.000000
1 52.900867 0.000000 21.089674 0.000000 1.000000 0.000000 1.000000 1.000000 1 1 1.000000
4efb_gkk1_13_mesh1
1 35.152237 14.805867 -27.721928 -0.783691 -0.144165 0.603516 0.000000 1.000000 1 1 1.000000
1 35.069794 15.543598 -27.652748 -0.783691 -0.144165 0.603516 0.000000 0.000000 1 1 1.000000
1 34.738083 14.809907 -28.258575 -0.775391 -0.144287 0.614258 0.250000 1.000000 1 1 1.000000
4efb_gkk1_13_mesh1
1 35.069794 15.543598 -27.652748 -0.783691 -0.144165 0.603516 0.000000 0.000000 1 1 1.000000
1 34.655636 15.547638 -28.189390 -0.775391 -0.144287 0.614258 0.250000 0.000000 1 1 1.000000
1 34.738083 14.809907 -28.258575 -0.775391 -0.144287 0.614258 0.250000 1.000000 1 1 1.000000
4efb_gkk1_13_mesh1
1 34.738083 14.809907 -28.258575 -0.775391 -0.144287 0.614258 0.250000 1.000000 1 1 1.000000
1 34.655636 15.547638 -28.189390 -0.775391 -0.144287 0.614258 0.250000 0.000000 1 1 1.000000
1 34.306877 14.811261 -28.786901 -0.757812 -0.144287 0.635742 0.500000 1.000000 1 1 1.000000
4efb_gkk1_13_mesh1
1 34.655636 15.547638 -28.189390 -0.775391 -0.144287 0.614258 0.250000 0.000000 1 1 1.000000
1 34.224434 15.548990 -28.717724 -0.757812 -0.144287 0.635742 0.500000 0.000000 1 1 1.000000
1 34.306877 14.811261 -28.786901 -0.757812 -0.144287 0.635742 0.500000 1.000000 1 1 1.000000
4efb_gkk1_13_mesh1
1 34.306877 14.811261 -28.786901 -0.757812 -0.144287 0.635742 0.500000 1.000000 1 1 1.000000
1 34.224434 15.548990 -28.717724 -0.757812 -0.144287 0.635742 0.500000 0.000000 1 1 1.000000
1 33.861446 14.809908 -29.303300 -0.739746 -0.144287 0.656738 0.750000 1.000000 1 1 1.000000
4efb_gkk1_13_mesh1
1 34.224434 15.548990 -28.717724 -0.757812 -0.144287 0.635742 0.500000 0.000000 1 1 1.000000
1 33.779010 15.547638 -29.234127 -0.739746 -0.144287 0.656738 0.750000 0.000000 1 1 1.000000
1 33.861446 14.809908 -29.303300 -0.739746 -0.144287 0.656738 0.750000 1.000000 1 1 1.000000
4efb_gkk1_13_mesh1
1 33.861446 14.809908 -29.303300 -0.739746 -0.144287 0.656738 0.750000 1.000000 1 1 1.000000
1 33.779010 15.547638 -29.234127 -0.739746 -0.144287 0.656738 0.750000 0.000000 1 1 1.000000
1 33.404877 14.805869 -29.804340 -0.730469 -0.144165 0.666992 1.000000 1.000000 1 1 1.000000
4efb_gkk1_13_mesh1
1 33.779010 15.547638 -29.234127 -0.739746 -0.144287 0.656738 0.750000 0.000000 1 1 1.000000
1 33.322437 15.543599 -29.735165 -0.730469 -0.144165 0.666992 1.000000 0.000000 1 1 1.000000
1 33.404877 14.805869 -29.804340 -0.730469 -0.144165 0.666992 1.000000 1.000000 1 1 1.000000
4efb_gkk1_13_mesh1
1 35.406345 15.228463 -27.908371 0.110535 -0.989258 -0.092773 0.000000 1.000000 1 1 1.000000
1 34.815693 15.121008 -27.466316 0.110535 -0.989258 -0.092773 0.000000 0.000000 1 1 1.000000
1 34.985924 15.232563 -28.453138 0.110535 -0.989258 -0.092773 0.250000 1.000000 1 1 1.000000
4efb_gkk1_13_mesh1
1 34.815693 15.121008 -27.466316 0.110535 -0.989258 -0.092773 0.000000 0.000000 1 1 1.000000
1 34.407806 15.124986 -27.994840 0.110535 -0.989258 -0.092773 0.250000 0.000000 1 1 1.000000
1 34.985924 15.232563 -28.453138 0.110535 -0.989258 -0.092773 0.250000 1.000000 1 1 1.000000
4efb_gkk1_13_mesh1
1 34.985924 15.232563 -28.453138 0.110535 -0.989258 -0.092773 0.250000 1.000000 1 1 1.000000
1 34.407806 15.124986 -27.994840 0.110535 -0.989258 -0.092773 0.250000 0.000000 1 1 1.000000
1 34.548233 15.233940 -28.989428 0.110535 -0.989258 -0.092773 0.500000 1.000000 1 1 1.000000
4efb_gkk1_13_mesh1
1 34.407806 15.124986 -27.994840 0.110535 -0.989258 -0.092773 0.250000 0.000000 1 1 1.000000
1 33.983100 15.126318 -28.515223 0.110535 -0.989258 -0.092773 0.500000 0.000000 1 1 1.000000
1 34.548233 15.233940 -28.989428 0.110535 -0.989258 -0.092773 0.500000 1.000000 1 1 1.000000
4efb_gkk1_13_mesh1
1 34.548233 15.233940 -28.989428 0.110535 -0.989258 -0.092773 0.500000 1.000000 1 1 1.000000
1 33.983100 15.126318 -28.515223 0.110535 -0.989258 -0.092773 0.500000 0.000000 1 1 1.000000
1 34.096100 15.232565 -29.513596 0.110535 -0.989258 -0.092773 0.750000 1.000000 1 1 1.000000
4efb_gkk1_13_mesh1
1 33.983100 15.126318 -28.515223 0.110535 -0.989258 -0.092773 0.500000 0.000000 1 1 1.000000
1 33.544376 15.124987 -29.023846 0.110535 -0.989258 -0.092773 0.750000 0.000000 1 1 1.000000
1 34.096100 15.232565 -29.513596 0.110535 -0.989258 -0.092773 0.750000 1.000000 1 1 1.000000
4efb_gkk1_13_mesh1
1 34.096100 15.232565 -29.513596 0.110535 -0.989258 -0.092773 0.750000 1.000000 1 1 1.000000
1 33.544376 15.124987 -29.023846 0.110535 -0.989258 -0.092773 0.750000 0.000000 1 1 1.000000
1 33.632614 15.228462 -30.022223 0.110535 -0.989258 -0.092773 1.000000 1.000000 1 1 1.000000
4efb_gkk1_13_mesh1
1 33.544376 15.124987 -29.023846 0.110535 -0.989258 -0.092773 0.750000 0.000000 1 1 1.000000
1 33.094707 15.121010 -29.517300 0.110535 -0.989258 -0.092773 1.000000 0.000000 1 1 1.000000
1 33.632614 15.228462 -30.022223 0.110535 -0.989258 -0.092773 1.000000 1.000000 1 1 1.000000
4efb_gkk1_13_mesh1
1 -33.404892 -13.139112 -29.804342 0.730469 -0.144165 0.666992 0.000000 1.000000 1 1 1.000000
1 -33.322456 -12.401381 -29.735172 0.730469 -0.144165 0.666992 0.000000 0.000000 1 1 1.000000
1 -33.861460 -13.135072 -29.303291 0.739746 -0.144287 0.656738 0.250000 1.000000 1 1 1.000000
4efb_gkk1_13_mesh1
1 -33.322456 -12.401381 -29.735172 0.730469 -0.144165 0.666992 0.000000 0.000000 1 1 1.000000
1 -33.779026 -12.397345 -29.234118 0.739746 -0.144287 0.656738 0.250000 0.000000 1 1 1.000000
1 -33.861460 -13.135072 -29.303291 0.739746 -0.144287 0.656738 0.250000 1.000000 1 1 1.000000
4efb_gkk1_13_mesh1
1 -33.861460 -13.135072 -29.303291 0.739746 -0.144287 0.656738 0.250000 1.000000 1 1 1.000000
1 -33.779026 -12.397345 -29.234118 0.739746 -0.144287 0.656738 0.250000 0.000000 1 1 1.000000
1 -34.306890 -13.133719 -28.786896 0.757812 -0.144287 0.635742 0.500000 1.000000 1 1 1.000000
4efb_gkk1_13_mesh1
1 -33.779026 -12.397345 -29.234118 0.739746 -0.144287 0.656738 0.250000 0.000000 1 1 1.000000
1 -34.224453 -12.395988 -28.717722 0.757812 -0.144287 0.635742 0.500000 0.000000 1 1 1.000000
1 -34.306890 -13.133719 -28.786896 0.757812 -0.144287 0.635742 0.500000 1.000000 1 1 1.000000
4efb_gkk1_13_mesh1
1 -34.306890 -13.133719 -28.786896 0.757812 -0.144287 0.635742 0.500000 1.000000 1 1 1.000000
1 -34.224453 -12.395988 -28.717722 0.757812 -0.144287 0.635742 0.500000 0.000000 1 1 1.000000
1 -34.738094 -13.135072 -28.258562 0.775391 -0.144165 0.614258 0.750000 1.000000 1 1 1.000000
4efb_gkk1_13_mesh1
1 -34.224453 -12.395988 -28.717722 0.757812 -0.144287 0.635742 0.500000 0.000000 1 1 1.000000
1 -34.655660 -12.397344 -28.189392 0.775391 -0.144287 0.614258 0.750000 0.000000 1 1 1.000000
1 -34.738094 -13.135072 -28.258562 0.775391 -0.144165 0.614258 0.750000 1.000000 1 1 1.000000
4efb_gkk1_13_mesh1
1 -34.738094 -13.135072 -28.258562 0.775391 -0.144165 0.614258 0.750000 1.000000 1 1 1.000000
1 -34.655660 -12.397344 -28.189392 0.775391 -0.144287 0.614258 0.750000 0.000000 1 1 1.000000
1 -35.152250 -13.139113 -27.721924 0.783691 -0.144165 0.603516 1.000000 1.000000 1 1 1.000000
4efb_gkk1_13_mesh1
1 -34.655660 -12.397344 -28.189392 0.775391 -0.144287 0.614258 0.750000 0.000000 1 1 1.000000
1 -35.069805 -12.401385 -27.652748 0.783691 -0.144165 0.603516 1.000000 0.000000 1 1 1.000000
1 -35.152250 -13.139113 -27.721924 0.783691 -0.144165 0.603516 1.000000 1.000000 1 1 1.000000
4efb_gkk1_13_mesh1
1 -33.632618 -12.716516 -30.022211 -0.110535 -0.989258 -0.092773 0.000000 1.000000 1 1 1.000000
1 -33.094710 -12.823968 -29.517288 -0.110535 -0.989258 -0.092773 0.000000 0.000000 1 1 1.000000
1 -34.096096 -12.712414 -29.513577 -0.110535 -0.989258 -0.092773 0.250000 1.000000 1 1 1.000000
4efb_gkk1_13_mesh1
1 -33.094710 -12.823968 -29.517288 -0.110535 -0.989258 -0.092773 0.000000 0.000000 1 1 1.000000
1 -33.544380 -12.819993 -29.023825 -0.110535 -0.989258 -0.092773 0.250000 0.000000 1 1 1.000000
1 -34.096096 -12.712414 -29.513577 -0.110535 -0.989258 -0.092773 0.250000 1.000000 1 1 1.000000
4efb_gkk1_13_mesh1
1 -34.096096 -12.712414 -29.513577 -0.110535 -0.989258 -0.092773 0.250000 1.000000 1 1 1.000000
1 -33.544380 -12.819993 -29.023825 -0.110535 -0.989258 -0.092773 0.250000 0.000000 1 1 1.000000
1 -34.548237 -12.711040 -28.989408 -0.110535 -0.989258 -0.092773 0.500000 1.000000 1 1 1.000000
4efb_gkk1_13_mesh1
1 -33.544380 -12.819993 -29.023825 -0.110535 -0.989258 -0.092773 0.250000 0.000000 1 1 1.000000
1 -33.983100 -12.818658 -28.515203 -0.110535 -0.989258 -0.092773 0.500000 0.000000 1 1 1.000000
1 -34.548237 -12.711040 -28.989408 -0.110535 -0.989258 -0.092773 0.500000 1.000000 1 1 1.000000
4efb_gkk1_13_mesh1
1 -34.548237 -12.711040 -28.989408 -0.110535 -0.989258 -0.092773 0.500000 1.000000 1 1 1.000000
1 -33.983100 -12.818658 -28.515203 -0.110535 -0.989258 -0.092773 0.500000 0.000000 1 1 1.000000
1 -34.985930 -12.712414 -28.453120 -0.110535 -0.989258 -0.092773 0.750000 1.000000 1 1 1.000000
4efb_gkk1_13_mesh1
1 -33.983100 -12.818658 -28.515203 -0.110535 -0.989258 -0.092773 0.500000 0.000000 1 1 1.000000
1 -34.407814 -12.819991 -27.994822 -0.110535 -0.989258 -0.092773 0.750000 0.000000 1 1 1.000000
1 -34.985930 -12.712414 -28.453120 -0.110535 -0.989258 -0.092773 0.750000 1.000000 1 1 1.000000
4efb_gkk1_13_mesh1
1 -34.985930 -12.712414 -28.453120 -0.110535 -0.989258 -0.092773 0.750000 1.000000 1 1 1.000000
1 -34.407814 -12.819991 -27.994822 -0.110535 -0.989258 -0.092773 0.750000 0.000000 1 1 1.000000
1 -35.406350 -12.716516 -27.908358 -0.110535 -0.989258 -0.092773 1.000000 1.000000 1 1 1.000000
4efb_gkk1_13_mesh1
1 -34.407814 -12.819991 -27.994822 -0.110535 -0.989258 -0.092773 0.750000 0.000000 1 1 1.000000
1 -34.815697 -12.823974 -27.466307 -0.110535 -0.989258 -0.092773 1.000000 0.000000 1 1 1.000000
1 -35.406350 -12.716516 -27.908358 -0.110535 -0.989258 -0.092773 1.000000 1.000000 1 1 1.000000
end
